n,prime,chi5,S_n,is_tie,gap_to_next_tie
1,7,-1,-1,False,
2,13,-1,-2,False,
3,19,1,-1,False,
4,31,1,0,True,22
5,37,-1,-1,False,
6,43,-1,-2,False,
7,61,1,-1,False,
8,67,-1,-2,False,
9,73,-1,-3,False,
10,79,1,-2,False,
11,97,-1,-3,False,
12,103,-1,-4,False,
13,109,1,-3,False,
14,127,-1,-4,False,
15,139,1,-3,False,
16,151,1,-2,False,
17,157,-1,-3,False,
18,163,-1,-4,False,
19,181,1,-3,False,
20,193,-1,-4,False,
21,199,1,-3,False,
22,211,1,-2,False,
23,223,-1,-3,False,
24,229,1,-2,False,
25,241,1,-1,False,
26,271,1,0,True,
27,277,-1,-1,False,
28,283,-1,-2,False,
29,307,-1,-3,False,
30,313,-1,-4,False,
31,331,1,-3,False,
32,337,-1,-4,False,
33,349,1,-3,False,
34,367,-1,-4,False,
35,373,-1,-5,False,
36,379,1,-4,False,
37,397,-1,-5,False,
38,409,1,-4,False,
39,421,1,-3,False,
40,433,-1,-4,False,
41,439,1,-3,False,
42,457,-1,-4,False,
43,463,-1,-5,False,
44,487,-1,-6,False,
45,499,1,-5,False,
46,523,-1,-6,False,
47,541,1,-5,False,
48,547,-1,-6,False,
49,571,1,-5,False,
50,577,-1,-6,False,
51,601,1,-5,False,
52,607,-1,-6,False,
53,613,-1,-7,False,
54,619,1,-6,False,
55,631,1,-5,False,
56,643,-1,-6,False,
57,661,1,-5,False,
58,673,-1,-6,False,
59,691,1,-5,False,
60,709,1,-4,False,
61,727,-1,-5,False,
62,733,-1,-6,False,
63,739,1,-5,False,
64,751,1,-4,False,
65,757,-1,-5,False,
66,769,1,-4,False,
67,787,-1,-5,False,
68,811,1,-4,False,
69,823,-1,-5,False,
70,829,1,-4,False,
71,853,-1,-5,False,
72,859,1,-4,False,
73,877,-1,-5,False,
74,883,-1,-6,False,
75,907,-1,-7,False,
76,919,1,-6,False,
77,937,-1,-7,False,
78,967,-1,-8,False,
79,991,1,-7,False,
80,997,-1,-8,False,
81,1009,1,-7,False,
82,1021,1,-6,False,
83,1033,-1,-7,False,
84,1039,1,-6,False,
85,1051,1,-5,False,
86,1063,-1,-6,False,
87,1069,1,-5,False,
88,1087,-1,-6,False,
89,1093,-1,-7,False,
90,1117,-1,-8,False,
91,1123,-1,-9,False,
92,1129,1,-8,False,
93,1153,-1,-9,False,
94,1171,1,-8,False,
95,1201,1,-7,False,
96,1213,-1,-8,False,
97,1231,1,-7,False,
98,1237,-1,-8,False,
99,1249,1,-7,False,
100,1279,1,-6,False,
101,1291,1,-5,False,
102,1297,-1,-6,False,
103,1303,-1,-7,False,
104,1321,1,-6,False,
105,1327,-1,-7,False,
106,1381,1,-6,False,
107,1399,1,-5,False,
108,1423,-1,-6,False,
109,1429,1,-5,False,
110,1447,-1,-6,False,
111,1453,-1,-7,False,
112,1459,1,-6,False,
113,1471,1,-5,False,
114,1483,-1,-6,False,
115,1489,1,-5,False,
116,1531,1,-4,False,
117,1543,-1,-5,False,
118,1549,1,-4,False,
119,1567,-1,-5,False,
120,1579,1,-4,False,
121,1597,-1,-5,False,
122,1609,1,-4,False,
123,1621,1,-3,False,
124,1627,-1,-4,False,
125,1657,-1,-5,False,
126,1663,-1,-6,False,
127,1669,1,-5,False,
128,1693,-1,-6,False,
129,1699,1,-5,False,
130,1723,-1,-6,False,
131,1741,1,-5,False,
132,1747,-1,-6,False,
133,1753,-1,-7,False,
134,1759,1,-6,False,
135,1777,-1,-7,False,
136,1783,-1,-8,False,
137,1789,1,-7,False,
138,1801,1,-6,False,
139,1831,1,-5,False,
140,1861,1,-4,False,
141,1867,-1,-5,False,
142,1873,-1,-6,False,
143,1879,1,-5,False,
144,1933,-1,-6,False,
145,1951,1,-5,False,
146,1987,-1,-6,False,
147,1993,-1,-7,False,
148,1999,1,-6,False,
149,2011,1,-5,False,
150,2017,-1,-6,False,
151,2029,1,-5,False,
152,2053,-1,-6,False,
153,2083,-1,-7,False,
154,2089,1,-6,False,
155,2113,-1,-7,False,
156,2131,1,-6,False,
157,2137,-1,-7,False,
158,2143,-1,-8,False,
159,2161,1,-7,False,
160,2179,1,-6,False,
161,2203,-1,-7,False,
162,2221,1,-6,False,
163,2239,1,-5,False,
164,2251,1,-4,False,
165,2269,1,-3,False,
166,2281,1,-2,False,
167,2287,-1,-3,False,
168,2293,-1,-4,False,
169,2311,1,-3,False,
170,2341,1,-2,False,
171,2347,-1,-3,False,
172,2371,1,-2,False,
173,2377,-1,-3,False,
174,2383,-1,-4,False,
175,2389,1,-3,False,
176,2437,-1,-4,False,
177,2467,-1,-5,False,
178,2473,-1,-6,False,
179,2503,-1,-7,False,
180,2521,1,-6,False,
181,2539,1,-5,False,
182,2551,1,-4,False,
183,2557,-1,-5,False,
184,2593,-1,-6,False,
185,2617,-1,-7,False,
186,2647,-1,-8,False,
187,2659,1,-7,False,
188,2671,1,-6,False,
189,2677,-1,-7,False,
190,2683,-1,-8,False,
191,2689,1,-7,False,
192,2707,-1,-8,False,
193,2713,-1,-9,False,
194,2719,1,-8,False,
195,2731,1,-7,False,
196,2749,1,-6,False,
197,2767,-1,-7,False,
198,2791,1,-6,False,
199,2797,-1,-7,False,
200,2803,-1,-8,False,
201,2833,-1,-9,False,
202,2851,1,-8,False,
203,2857,-1,-9,False,
204,2887,-1,-10,False,
205,2917,-1,-11,False,
206,2953,-1,-12,False,
207,2971,1,-11,False,
208,3001,1,-10,False,
209,3019,1,-9,False,
210,3037,-1,-10,False,
211,3049,1,-9,False,
212,3061,1,-8,False,
213,3067,-1,-9,False,
214,3079,1,-8,False,
215,3109,1,-7,False,
216,3121,1,-6,False,
217,3163,-1,-7,False,
218,3169,1,-6,False,
219,3181,1,-5,False,
220,3187,-1,-6,False,
221,3217,-1,-7,False,
222,3229,1,-6,False,
223,3253,-1,-7,False,
224,3259,1,-6,False,
225,3271,1,-5,False,
226,3301,1,-4,False,
227,3307,-1,-5,False,
228,3313,-1,-6,False,
229,3319,1,-5,False,
230,3331,1,-4,False,
231,3343,-1,-5,False,
232,3361,1,-4,False,
233,3373,-1,-5,False,
234,3391,1,-4,False,
235,3433,-1,-5,False,
236,3457,-1,-6,False,
237,3463,-1,-7,False,
238,3469,1,-6,False,
239,3499,1,-5,False,
240,3511,1,-4,False,
241,3517,-1,-5,False,
242,3529,1,-4,False,
243,3541,1,-3,False,
244,3547,-1,-4,False,
245,3559,1,-3,False,
246,3571,1,-2,False,
247,3583,-1,-3,False,
248,3607,-1,-4,False,
249,3613,-1,-5,False,
250,3631,1,-4,False,
251,3637,-1,-5,False,
252,3643,-1,-6,False,
253,3673,-1,-7,False,
254,3691,1,-6,False,
255,3697,-1,-7,False,
256,3709,1,-6,False,
257,3727,-1,-7,False,
258,3733,-1,-8,False,
259,3739,1,-7,False,
260,3769,1,-6,False,
261,3793,-1,-7,False,
262,3823,-1,-8,False,
263,3847,-1,-9,False,
264,3853,-1,-10,False,
265,3877,-1,-11,False,
266,3889,1,-10,False,
267,3907,-1,-11,False,
268,3919,1,-10,False,
269,3931,1,-9,False,
270,3943,-1,-10,False,
271,3967,-1,-11,False,
272,4003,-1,-12,False,
273,4021,1,-11,False,
274,4027,-1,-12,False,
275,4051,1,-11,False,
276,4057,-1,-12,False,
277,4093,-1,-13,False,
278,4099,1,-12,False,
279,4111,1,-11,False,
280,4129,1,-10,False,
281,4153,-1,-11,False,
282,4159,1,-10,False,
283,4177,-1,-11,False,
284,4201,1,-10,False,
285,4219,1,-9,False,
286,4231,1,-8,False,
287,4243,-1,-9,False,
288,4261,1,-8,False,
289,4273,-1,-9,False,
290,4297,-1,-10,False,
291,4327,-1,-11,False,
292,4339,1,-10,False,
293,4357,-1,-11,False,
294,4363,-1,-12,False,
295,4423,-1,-13,False,
296,4441,1,-12,False,
297,4447,-1,-13,False,
298,4483,-1,-14,False,
299,4507,-1,-15,False,
300,4513,-1,-16,False,
301,4519,1,-15,False,
302,4549,1,-14,False,
303,4561,1,-13,False,
304,4567,-1,-14,False,
305,4591,1,-13,False,
306,4597,-1,-14,False,
307,4603,-1,-15,False,
308,4621,1,-14,False,
309,4639,1,-13,False,
310,4651,1,-12,False,
311,4657,-1,-13,False,
312,4663,-1,-14,False,
313,4723,-1,-15,False,
314,4729,1,-14,False,
315,4759,1,-13,False,
316,4783,-1,-14,False,
317,4789,1,-13,False,
318,4801,1,-12,False,
319,4813,-1,-13,False,
320,4831,1,-12,False,
321,4861,1,-11,False,
322,4903,-1,-12,False,
323,4909,1,-11,False,
324,4933,-1,-12,False,
325,4951,1,-11,False,
326,4957,-1,-12,False,
327,4969,1,-11,False,
328,4987,-1,-12,False,
329,4993,-1,-13,False,
330,4999,1,-12,False,
331,5011,1,-11,False,
332,5023,-1,-12,False,
333,5059,1,-11,False,
334,5077,-1,-12,False,
335,5101,1,-11,False,
336,5107,-1,-12,False,
337,5113,-1,-13,False,
338,5119,1,-12,False,
339,5167,-1,-13,False,
340,5179,1,-12,False,
341,5197,-1,-13,False,
342,5209,1,-12,False,
343,5227,-1,-13,False,
344,5233,-1,-14,False,
345,5281,1,-13,False,
346,5323,-1,-14,False,
347,5347,-1,-15,False,
348,5407,-1,-16,False,
349,5413,-1,-17,False,
350,5419,1,-16,False,
351,5431,1,-15,False,
352,5437,-1,-16,False,
353,5443,-1,-17,False,
354,5449,1,-16,False,
355,5479,1,-15,False,
356,5503,-1,-16,False,
357,5521,1,-15,False,
358,5527,-1,-16,False,
359,5557,-1,-17,False,
360,5563,-1,-18,False,
361,5569,1,-17,False,
362,5581,1,-16,False,
363,5623,-1,-17,False,
364,5641,1,-16,False,
365,5647,-1,-17,False,
366,5653,-1,-18,False,
367,5659,1,-17,False,
368,5683,-1,-18,False,
369,5689,1,-17,False,
370,5701,1,-16,False,
371,5737,-1,-17,False,
372,5743,-1,-18,False,
373,5749,1,-17,False,
374,5779,1,-16,False,
375,5791,1,-15,False,
376,5821,1,-14,False,
377,5827,-1,-15,False,
378,5839,1,-14,False,
379,5851,1,-13,False,
380,5857,-1,-14,False,
381,5869,1,-13,False,
382,5881,1,-12,False,
383,5923,-1,-13,False,
384,5953,-1,-14,False,
385,6007,-1,-15,False,
386,6037,-1,-16,False,
387,6043,-1,-17,False,
388,6067,-1,-18,False,
389,6073,-1,-19,False,
390,6079,1,-18,False,
391,6091,1,-17,False,
392,6121,1,-16,False,
393,6133,-1,-17,False,
394,6151,1,-16,False,
395,6163,-1,-17,False,
396,6199,1,-16,False,
397,6211,1,-15,False,
398,6217,-1,-16,False,
399,6229,1,-15,False,
400,6247,-1,-16,False,
401,6271,1,-15,False,
402,6277,-1,-16,False,
403,6301,1,-15,False,
404,6337,-1,-16,False,
405,6343,-1,-17,False,
406,6361,1,-16,False,
407,6367,-1,-17,False,
408,6373,-1,-18,False,
409,6379,1,-17,False,
410,6397,-1,-18,False,
411,6421,1,-17,False,
412,6427,-1,-18,False,
413,6451,1,-17,False,
414,6469,1,-16,False,
415,6481,1,-15,False,
416,6529,1,-14,False,
417,6547,-1,-15,False,
418,6553,-1,-16,False,
419,6571,1,-15,False,
420,6577,-1,-16,False,
421,6607,-1,-17,False,
422,6619,1,-16,False,
423,6637,-1,-17,False,
424,6661,1,-16,False,
425,6673,-1,-17,False,
426,6679,1,-16,False,
427,6691,1,-15,False,
428,6703,-1,-16,False,
429,6709,1,-15,False,
430,6733,-1,-16,False,
431,6763,-1,-17,False,
432,6781,1,-16,False,
433,6793,-1,-17,False,
434,6823,-1,-18,False,
435,6829,1,-17,False,
436,6841,1,-16,False,
437,6871,1,-15,False,
438,6883,-1,-16,False,
439,6907,-1,-17,False,
440,6949,1,-16,False,
441,6961,1,-15,False,
442,6967,-1,-16,False,
443,6991,1,-15,False,
444,6997,-1,-16,False,
445,7027,-1,-17,False,
446,7039,1,-16,False,
447,7057,-1,-17,False,
448,7069,1,-16,False,
449,7129,1,-15,False,
450,7159,1,-14,False,
451,7177,-1,-15,False,
452,7207,-1,-16,False,
453,7213,-1,-17,False,
454,7219,1,-16,False,
455,7237,-1,-17,False,
456,7243,-1,-18,False,
457,7297,-1,-19,False,
458,7309,1,-18,False,
459,7321,1,-17,False,
460,7333,-1,-18,False,
461,7351,1,-17,False,
462,7369,1,-16,False,
463,7393,-1,-17,False,
464,7411,1,-16,False,
465,7417,-1,-17,False,
466,7459,1,-16,False,
467,7477,-1,-17,False,
468,7489,1,-16,False,
469,7507,-1,-17,False,
470,7537,-1,-18,False,
471,7549,1,-17,False,
472,7561,1,-16,False,
473,7573,-1,-17,False,
474,7591,1,-16,False,
475,7603,-1,-17,False,
476,7621,1,-16,False,
477,7639,1,-15,False,
478,7669,1,-14,False,
479,7681,1,-13,False,
480,7687,-1,-14,False,
481,7699,1,-13,False,
482,7717,-1,-14,False,
483,7723,-1,-15,False,
484,7741,1,-14,False,
485,7753,-1,-15,False,
486,7759,1,-14,False,
487,7789,1,-13,False,
488,7867,-1,-14,False,
489,7873,-1,-15,False,
490,7879,1,-14,False,
491,7927,-1,-15,False,
492,7933,-1,-16,False,
493,7951,1,-15,False,
494,7963,-1,-16,False,
495,7993,-1,-17,False,
496,8011,1,-16,False,
497,8017,-1,-17,False,
498,8053,-1,-18,False,
499,8059,1,-17,False,
500,8089,1,-16,False,
501,8101,1,-15,False,
502,8161,1,-14,False,
503,8167,-1,-15,False,
504,8179,1,-14,False,
505,8191,1,-13,False,
506,8209,1,-12,False,
507,8221,1,-11,False,
508,8233,-1,-12,False,
509,8263,-1,-13,False,
510,8269,1,-12,False,
511,8287,-1,-13,False,
512,8293,-1,-14,False,
513,8311,1,-13,False,
514,8317,-1,-14,False,
515,8329,1,-13,False,
516,8353,-1,-14,False,
517,8377,-1,-15,False,
518,8389,1,-14,False,
519,8419,1,-13,False,
520,8431,1,-12,False,
521,8443,-1,-13,False,
522,8461,1,-12,False,
523,8467,-1,-13,False,
524,8521,1,-12,False,
525,8527,-1,-13,False,
526,8539,1,-12,False,
527,8563,-1,-13,False,
528,8581,1,-12,False,
529,8599,1,-11,False,
530,8623,-1,-12,False,
531,8629,1,-11,False,
532,8641,1,-10,False,
533,8647,-1,-11,False,
534,8677,-1,-12,False,
535,8689,1,-11,False,
536,8707,-1,-12,False,
537,8713,-1,-13,False,
538,8719,1,-12,False,
539,8731,1,-11,False,
540,8737,-1,-12,False,
541,8761,1,-11,False,
542,8779,1,-10,False,
543,8803,-1,-11,False,
544,8821,1,-10,False,
545,8839,1,-9,False,
546,8863,-1,-10,False,
547,8887,-1,-11,False,
548,8893,-1,-12,False,
549,8923,-1,-13,False,
550,8929,1,-12,False,
551,8941,1,-11,False,
552,8971,1,-10,False,
553,9001,1,-9,False,
554,9007,-1,-10,False,
555,9013,-1,-11,False,
556,9043,-1,-12,False,
557,9049,1,-11,False,
558,9067,-1,-12,False,
559,9091,1,-11,False,
560,9103,-1,-12,False,
561,9109,1,-11,False,
562,9127,-1,-12,False,
563,9133,-1,-13,False,
564,9151,1,-12,False,
565,9157,-1,-13,False,
566,9181,1,-12,False,
567,9187,-1,-13,False,
568,9199,1,-12,False,
569,9241,1,-11,False,
570,9277,-1,-12,False,
571,9283,-1,-13,False,
572,9319,1,-12,False,
573,9337,-1,-13,False,
574,9343,-1,-14,False,
575,9349,1,-13,False,
576,9391,1,-12,False,
577,9397,-1,-13,False,
578,9403,-1,-14,False,
579,9421,1,-13,False,
580,9433,-1,-14,False,
581,9439,1,-13,False,
582,9463,-1,-14,False,
583,9511,1,-13,False,
584,9547,-1,-14,False,
585,9601,1,-13,False,
586,9613,-1,-14,False,
587,9619,1,-13,False,
588,9631,1,-12,False,
589,9643,-1,-13,False,
590,9649,1,-12,False,
591,9661,1,-11,False,
592,9679,1,-10,False,
593,9697,-1,-11,False,
594,9721,1,-10,False,
595,9733,-1,-11,False,
596,9739,1,-10,False,
597,9769,1,-9,False,
598,9781,1,-8,False,
599,9787,-1,-9,False,
600,9811,1,-8,False,
601,9817,-1,-9,False,
602,9829,1,-8,False,
603,9859,1,-7,False,
604,9871,1,-6,False,
605,9883,-1,-7,False,
606,9901,1,-6,False,
607,9907,-1,-7,False,
608,9931,1,-6,False,
609,9949,1,-5,False,
610,9967,-1,-6,False,
611,9973,-1,-7,False,
612,10009,1,-6,False,
613,10039,1,-5,False,
614,10069,1,-4,False,
615,10093,-1,-5,False,
616,10099,1,-4,False,
617,10111,1,-3,False,
618,10141,1,-2,False,
619,10159,1,-1,False,
620,10177,-1,-2,False,
621,10243,-1,-3,False,
622,10267,-1,-4,False,
623,10273,-1,-5,False,
624,10303,-1,-6,False,
625,10321,1,-5,False,
626,10333,-1,-6,False,
627,10357,-1,-7,False,
628,10369,1,-6,False,
629,10399,1,-5,False,
630,10429,1,-4,False,
631,10453,-1,-5,False,
632,10459,1,-4,False,
633,10477,-1,-5,False,
634,10501,1,-4,False,
635,10513,-1,-5,False,
636,10531,1,-4,False,
637,10567,-1,-5,False,
638,10597,-1,-6,False,
639,10627,-1,-7,False,
640,10639,1,-6,False,
641,10651,1,-5,False,
642,10657,-1,-6,False,
643,10663,-1,-7,False,
644,10687,-1,-8,False,
645,10711,1,-7,False,
646,10723,-1,-8,False,
647,10729,1,-7,False,
648,10753,-1,-8,False,
649,10771,1,-7,False,
650,10789,1,-6,False,
651,10831,1,-5,False,
652,10837,-1,-6,False,
653,10861,1,-5,False,
654,10867,-1,-6,False,
655,10891,1,-5,False,
656,10903,-1,-6,False,
657,10909,1,-5,False,
658,10939,1,-4,False,
659,10957,-1,-5,False,
660,10987,-1,-6,False,
661,10993,-1,-7,False,
662,11047,-1,-8,False,
663,11059,1,-7,False,
664,11071,1,-6,False,
665,11083,-1,-7,False,
666,11113,-1,-8,False,
667,11119,1,-7,False,
668,11131,1,-6,False,
669,11149,1,-5,False,
670,11161,1,-4,False,
671,11173,-1,-5,False,
672,11197,-1,-6,False,
673,11239,1,-5,False,
674,11251,1,-4,False,
675,11257,-1,-5,False,
676,11287,-1,-6,False,
677,11299,1,-5,False,
678,11311,1,-4,False,
679,11317,-1,-5,False,
680,11329,1,-4,False,
681,11353,-1,-5,False,
682,11383,-1,-6,False,
683,11437,-1,-7,False,
684,11443,-1,-8,False,
685,11467,-1,-9,False,
686,11491,1,-8,False,
687,11497,-1,-9,False,
688,11503,-1,-10,False,
689,11527,-1,-11,False,
690,11551,1,-10,False,
691,11587,-1,-11,False,
692,11593,-1,-12,False,
693,11617,-1,-13,False,
694,11677,-1,-14,False,
695,11689,1,-13,False,
696,11701,1,-12,False,
697,11719,1,-11,False,
698,11731,1,-10,False,
699,11743,-1,-11,False,
700,11779,1,-10,False,
701,11821,1,-9,False,
702,11827,-1,-10,False,
703,11833,-1,-11,False,
704,11839,1,-10,False,
705,11863,-1,-11,False,
706,11887,-1,-12,False,
707,11923,-1,-13,False,
708,11941,1,-12,False,
709,11953,-1,-13,False,
710,11959,1,-12,False,
711,11971,1,-11,False,
712,12007,-1,-12,False,
713,12037,-1,-13,False,
714,12043,-1,-14,False,
715,12049,1,-13,False,
716,12073,-1,-14,False,
717,12097,-1,-15,False,
718,12109,1,-14,False,
719,12157,-1,-15,False,
720,12163,-1,-16,False,
721,12211,1,-15,False,
722,12241,1,-14,False,
723,12253,-1,-15,False,
724,12277,-1,-16,False,
725,12289,1,-15,False,
726,12301,1,-14,False,
727,12343,-1,-15,False,
728,12373,-1,-16,False,
729,12379,1,-15,False,
730,12391,1,-14,False,
731,12409,1,-13,False,
732,12421,1,-12,False,
733,12433,-1,-13,False,
734,12451,1,-12,False,
735,12457,-1,-13,False,
736,12487,-1,-14,False,
737,12511,1,-13,False,
738,12517,-1,-14,False,
739,12541,1,-13,False,
740,12547,-1,-14,False,
741,12553,-1,-15,False,
742,12577,-1,-16,False,
743,12583,-1,-17,False,
744,12589,1,-16,False,
745,12601,1,-15,False,
746,12613,-1,-16,False,
747,12619,1,-15,False,
748,12637,-1,-16,False,
749,12697,-1,-17,False,
750,12703,-1,-18,False,
751,12721,1,-17,False,
752,12739,1,-16,False,
753,12757,-1,-17,False,
754,12763,-1,-18,False,
755,12781,1,-17,False,
756,12799,1,-16,False,
757,12823,-1,-17,False,
758,12829,1,-16,False,
759,12841,1,-15,False,
760,12853,-1,-16,False,
761,12889,1,-15,False,
762,12907,-1,-16,False,
763,12919,1,-15,False,
764,12967,-1,-16,False,
765,12973,-1,-17,False,
766,12979,1,-16,False,
767,13003,-1,-17,False,
768,13009,1,-16,False,
769,13033,-1,-17,False,
770,13063,-1,-18,False,
771,13093,-1,-19,False,
772,13099,1,-18,False,
773,13147,-1,-19,False,
774,13159,1,-18,False,
775,13171,1,-17,False,
776,13177,-1,-18,False,
777,13183,-1,-19,False,
778,13219,1,-18,False,
779,13249,1,-17,False,
780,13267,-1,-18,False,
781,13291,1,-17,False,
782,13297,-1,-18,False,
783,13309,1,-17,False,
784,13327,-1,-18,False,
785,13339,1,-17,False,
786,13381,1,-16,False,
787,13399,1,-15,False,
788,13411,1,-14,False,
789,13417,-1,-15,False,
790,13441,1,-14,False,
791,13477,-1,-15,False,
792,13513,-1,-16,False,
793,13537,-1,-17,False,
794,13567,-1,-18,False,
795,13591,1,-17,False,
796,13597,-1,-18,False,
797,13627,-1,-19,False,
798,13633,-1,-20,False,
799,13669,1,-19,False,
800,13681,1,-18,False,
801,13687,-1,-19,False,
802,13693,-1,-20,False,
803,13711,1,-19,False,
804,13723,-1,-20,False,
805,13729,1,-19,False,
806,13759,1,-18,False,
807,13789,1,-17,False,
808,13807,-1,-18,False,
809,13831,1,-17,False,
810,13873,-1,-18,False,
811,13879,1,-17,False,
812,13903,-1,-18,False,
813,13921,1,-17,False,
814,13933,-1,-18,False,
815,13963,-1,-19,False,
816,13999,1,-18,False,
817,14011,1,-17,False,
818,14029,1,-16,False,
819,14071,1,-15,False,
820,14083,-1,-16,False,
821,14107,-1,-17,False,
822,14143,-1,-18,False,
823,14149,1,-17,False,
824,14173,-1,-18,False,
825,14197,-1,-19,False,
826,14221,1,-18,False,
827,14251,1,-17,False,
828,14281,1,-16,False,
829,14293,-1,-17,False,
830,14323,-1,-18,False,
831,14341,1,-17,False,
832,14347,-1,-18,False,
833,14389,1,-17,False,
834,14401,1,-16,False,
835,14407,-1,-17,False,
836,14419,1,-16,False,
837,14431,1,-15,False,
838,14437,-1,-16,False,
839,14449,1,-15,False,
840,14461,1,-14,False,
841,14479,1,-13,False,
842,14503,-1,-14,False,
843,14533,-1,-15,False,
844,14551,1,-14,False,
845,14557,-1,-15,False,
846,14563,-1,-16,False,
847,14593,-1,-17,False,
848,14629,1,-16,False,
849,14653,-1,-17,False,
850,14683,-1,-18,False,
851,14713,-1,-19,False,
852,14731,1,-18,False,
853,14737,-1,-19,False,
854,14767,-1,-20,False,
855,14779,1,-19,False,
856,14797,-1,-20,False,
857,14821,1,-19,False,
858,14827,-1,-20,False,
859,14851,1,-19,False,
860,14869,1,-18,False,
861,14887,-1,-19,False,
862,14923,-1,-20,False,
863,14929,1,-19,False,
864,14947,-1,-20,False,
865,14983,-1,-21,False,
866,15013,-1,-22,False,
867,15031,1,-21,False,
868,15061,1,-20,False,
869,15073,-1,-21,False,
870,15091,1,-20,False,
871,15121,1,-19,False,
872,15139,1,-18,False,
873,15187,-1,-19,False,
874,15193,-1,-20,False,
875,15199,1,-19,False,
876,15217,-1,-20,False,
877,15241,1,-19,False,
878,15259,1,-18,False,
879,15271,1,-17,False,
880,15277,-1,-18,False,
881,15289,1,-17,False,
882,15307,-1,-18,False,
883,15313,-1,-19,False,
884,15319,1,-18,False,
885,15331,1,-17,False,
886,15349,1,-16,False,
887,15361,1,-15,False,
888,15373,-1,-16,False,
889,15391,1,-15,False,
890,15427,-1,-16,False,
891,15439,1,-15,False,
892,15451,1,-14,False,
893,15493,-1,-15,False,
894,15511,1,-14,False,
895,15541,1,-13,False,
896,15559,1,-12,False,
897,15583,-1,-13,False,
898,15601,1,-12,False,
899,15607,-1,-13,False,
900,15619,1,-12,False,
901,15643,-1,-13,False,
902,15649,1,-12,False,
903,15661,1,-11,False,
904,15667,-1,-12,False,
905,15679,1,-11,False,
906,15727,-1,-12,False,
907,15733,-1,-13,False,
908,15739,1,-12,False,
909,15787,-1,-13,False,
910,15817,-1,-14,False,
911,15823,-1,-15,False,
912,15859,1,-14,False,
913,15877,-1,-15,False,
914,15889,1,-14,False,
915,15901,1,-13,False,
916,15907,-1,-14,False,
917,15913,-1,-15,False,
918,15919,1,-14,False,
919,15937,-1,-15,False,
920,15973,-1,-16,False,
921,15991,1,-15,False,
922,16033,-1,-16,False,
923,16057,-1,-17,False,
924,16063,-1,-18,False,
925,16069,1,-17,False,
926,16087,-1,-18,False,
927,16111,1,-17,False,
928,16141,1,-16,False,
929,16183,-1,-17,False,
930,16189,1,-16,False,
931,16231,1,-15,False,
932,16249,1,-14,False,
933,16267,-1,-15,False,
934,16273,-1,-16,False,
935,16333,-1,-17,False,
936,16339,1,-16,False,
937,16363,-1,-17,False,
938,16369,1,-16,False,
939,16381,1,-15,False,
940,16411,1,-14,False,
941,16417,-1,-15,False,
942,16447,-1,-16,False,
943,16453,-1,-17,False,
944,16477,-1,-18,False,
945,16519,1,-17,False,
946,16561,1,-16,False,
947,16567,-1,-17,False,
948,16573,-1,-18,False,
949,16603,-1,-19,False,
950,16633,-1,-20,False,
951,16651,1,-19,False,
952,16657,-1,-20,False,
953,16693,-1,-21,False,
954,16699,1,-20,False,
955,16729,1,-19,False,
956,16741,1,-18,False,
957,16747,-1,-19,False,
958,16759,1,-18,False,
959,16831,1,-17,False,
960,16843,-1,-18,False,
961,16879,1,-17,False,
962,16903,-1,-18,False,
963,16921,1,-17,False,
964,16927,-1,-18,False,
965,16963,-1,-19,False,
966,16981,1,-18,False,
967,16987,-1,-19,False,
968,16993,-1,-20,False,
969,17011,1,-19,False,
970,17029,1,-18,False,
971,17041,1,-17,False,
972,17047,-1,-18,False,
973,17053,-1,-19,False,
974,17077,-1,-20,False,
975,17107,-1,-21,False,
976,17137,-1,-22,False,
977,17167,-1,-23,False,
978,17191,1,-22,False,
979,17203,-1,-23,False,
980,17209,1,-22,False,
981,17239,1,-21,False,
982,17257,-1,-22,False,
983,17293,-1,-23,False,
984,17299,1,-22,False,
985,17317,-1,-23,False,
986,17341,1,-22,False,
987,17359,1,-21,False,
988,17377,-1,-22,False,
989,17383,-1,-23,False,
990,17389,1,-22,False,
991,17401,1,-21,False,
992,17419,1,-20,False,
993,17431,1,-19,False,
994,17443,-1,-20,False,
995,17449,1,-19,False,
996,17467,-1,-20,False,
997,17491,1,-19,False,
998,17497,-1,-20,False,
999,17509,1,-19,False,
1000,17539,1,-18,False,
1001,17551,1,-17,False,
1002,17569,1,-16,False,
1003,17581,1,-15,False,
1004,17599,1,-14,False,
1005,17623,-1,-15,False,
1006,17659,1,-14,False,
1007,17683,-1,-15,False,
1008,17707,-1,-16,False,
1009,17713,-1,-17,False,
1010,17737,-1,-18,False,
1011,17749,1,-17,False,
1012,17761,1,-16,False,
1013,17791,1,-15,False,
1014,17827,-1,-16,False,
1015,17839,1,-15,False,
1016,17851,1,-14,False,
1017,17863,-1,-15,False,
1018,17881,1,-14,False,
1019,17911,1,-13,False,
1020,17923,-1,-14,False,
1021,17929,1,-13,False,
1022,17959,1,-12,False,
1023,17971,1,-11,False,
1024,17977,-1,-12,False,
1025,17989,1,-11,False,
1026,18013,-1,-12,False,
1027,18043,-1,-13,False,
1028,18049,1,-12,False,
1029,18061,1,-11,False,
1030,18097,-1,-12,False,
1031,18121,1,-11,False,
1032,18127,-1,-12,False,
1033,18133,-1,-13,False,
1034,18169,1,-12,False,
1035,18181,1,-11,False,
1036,18199,1,-10,False,
1037,18211,1,-9,False,
1038,18217,-1,-10,False,
1039,18223,-1,-11,False,
1040,18229,1,-10,False,
1041,18253,-1,-11,False,
1042,18289,1,-10,False,
1043,18301,1,-9,False,
1044,18307,-1,-10,False,
1045,18313,-1,-11,False,
1046,18367,-1,-12,False,
1047,18379,1,-11,False,
1048,18397,-1,-12,False,
1049,18427,-1,-13,False,
1050,18433,-1,-14,False,
1051,18439,1,-13,False,
1052,18451,1,-12,False,
1053,18457,-1,-13,False,
1054,18481,1,-12,False,
1055,18493,-1,-13,False,
1056,18517,-1,-14,False,
1057,18523,-1,-15,False,
1058,18541,1,-14,False,
1059,18553,-1,-15,False,
1060,18583,-1,-16,False,
1061,18637,-1,-17,False,
1062,18661,1,-16,False,
1063,18679,1,-15,False,
1064,18691,1,-14,False,
1065,18757,-1,-15,False,
1066,18787,-1,-16,False,
1067,18793,-1,-17,False,
1068,18859,1,-16,False,
1069,18913,-1,-17,False,
1070,18919,1,-16,False,
1071,18973,-1,-17,False,
1072,18979,1,-16,False,
1073,19009,1,-15,False,
1074,19051,1,-14,False,
1075,19069,1,-13,False,
1076,19081,1,-12,False,
1077,19087,-1,-13,False,
1078,19141,1,-12,False,
1079,19183,-1,-13,False,
1080,19207,-1,-14,False,
1081,19213,-1,-15,False,
1082,19219,1,-14,False,
1083,19231,1,-13,False,
1084,19237,-1,-14,False,
1085,19249,1,-13,False,
1086,19267,-1,-14,False,
1087,19273,-1,-15,False,
1088,19309,1,-14,False,
1089,19333,-1,-15,False,
1090,19381,1,-14,False,
1091,19387,-1,-15,False,
1092,19417,-1,-16,False,
1093,19423,-1,-17,False,
1094,19429,1,-16,False,
1095,19441,1,-15,False,
1096,19447,-1,-16,False,
1097,19471,1,-15,False,
1098,19477,-1,-16,False,
1099,19483,-1,-17,False,
1100,19489,1,-16,False,
1101,19501,1,-15,False,
1102,19507,-1,-16,False,
1103,19531,1,-15,False,
1104,19543,-1,-16,False,
1105,19597,-1,-17,False,
1106,19603,-1,-18,False,
1107,19609,1,-17,False,
1108,19681,1,-16,False,
1109,19687,-1,-17,False,
1110,19699,1,-16,False,
1111,19717,-1,-17,False,
1112,19753,-1,-18,False,
1113,19759,1,-17,False,
1114,19777,-1,-18,False,
1115,19801,1,-17,False,
1116,19813,-1,-18,False,
1117,19819,1,-17,False,
1118,19843,-1,-18,False,
1119,19861,1,-17,False,
1120,19867,-1,-18,False,
1121,19891,1,-17,False,
1122,19927,-1,-18,False,
1123,19963,-1,-19,False,
1124,19993,-1,-20,False,
1125,20011,1,-19,False,
1126,20023,-1,-20,False,
1127,20029,1,-19,False,
1128,20047,-1,-20,False,
1129,20071,1,-19,False,
1130,20089,1,-18,False,
1131,20101,1,-17,False,
1132,20107,-1,-18,False,
1133,20113,-1,-19,False,
1134,20143,-1,-20,False,
1135,20149,1,-19,False,
1136,20161,1,-18,False,
1137,20173,-1,-19,False,
1138,20233,-1,-20,False,
1139,20269,1,-19,False,
1140,20287,-1,-20,False,
1141,20323,-1,-21,False,
1142,20341,1,-20,False,
1143,20347,-1,-21,False,
1144,20353,-1,-22,False,
1145,20359,1,-21,False,
1146,20389,1,-20,False,
1147,20407,-1,-21,False,
1148,20431,1,-20,False,
1149,20443,-1,-21,False,
1150,20479,1,-20,False,
1151,20509,1,-19,False,
1152,20521,1,-18,False,
1153,20533,-1,-19,False,
1154,20551,1,-18,False,
1155,20563,-1,-19,False,
1156,20593,-1,-20,False,
1157,20599,1,-19,False,
1158,20611,1,-18,False,
1159,20641,1,-17,False,
1160,20707,-1,-18,False,
1161,20719,1,-17,False,
1162,20731,1,-16,False,
1163,20743,-1,-17,False,
1164,20749,1,-16,False,
1165,20773,-1,-17,False,
1166,20809,1,-16,False,
1167,20857,-1,-17,False,
1168,20887,-1,-18,False,
1169,20899,1,-17,False,
1170,20929,1,-16,False,
1171,20947,-1,-17,False,
1172,20959,1,-16,False,
1173,20983,-1,-17,False,
1174,21001,1,-16,False,
1175,21013,-1,-17,False,
1176,21019,1,-16,False,
1177,21031,1,-15,False,
1178,21061,1,-14,False,
1179,21067,-1,-15,False,
1180,21121,1,-14,False,
1181,21139,1,-13,False,
1182,21157,-1,-14,False,
1183,21163,-1,-15,False,
1184,21169,1,-14,False,
1185,21187,-1,-15,False,
1186,21193,-1,-16,False,
1187,21211,1,-15,False,
1188,21247,-1,-16,False,
1189,21277,-1,-17,False,
1190,21283,-1,-18,False,
1191,21313,-1,-19,False,
1192,21319,1,-18,False,
1193,21379,1,-17,False,
1194,21391,1,-16,False,
1195,21397,-1,-17,False,
1196,21433,-1,-18,False,
1197,21481,1,-17,False,
1198,21487,-1,-18,False,
1199,21493,-1,-19,False,
1200,21499,1,-18,False,
1201,21517,-1,-19,False,
1202,21523,-1,-20,False,
1203,21529,1,-19,False,
1204,21559,1,-18,False,
1205,21577,-1,-19,False,
1206,21589,1,-18,False,
1207,21601,1,-17,False,
1208,21613,-1,-18,False,
1209,21649,1,-17,False,
1210,21661,1,-16,False,
1211,21673,-1,-17,False,
1212,21727,-1,-18,False,
1213,21739,1,-17,False,
1214,21751,1,-16,False,
1215,21757,-1,-17,False,
1216,21787,-1,-18,False,
1217,21799,1,-17,False,
1218,21817,-1,-18,False,
1219,21841,1,-17,False,
1220,21859,1,-16,False,
1221,21871,1,-15,False,
1222,21937,-1,-16,False,
1223,21943,-1,-17,False,
1224,21961,1,-16,False,
1225,21991,1,-15,False,
1226,21997,-1,-16,False,
1227,22003,-1,-17,False,
1228,22027,-1,-18,False,
1229,22039,1,-17,False,
1230,22051,1,-16,False,
1231,22063,-1,-17,False,
1232,22093,-1,-18,False,
1233,22111,1,-17,False,
1234,22123,-1,-18,False,
1235,22129,1,-17,False,
1236,22147,-1,-18,False,
1237,22153,-1,-19,False,
1238,22159,1,-18,False,
1239,22171,1,-17,False,
1240,22189,1,-16,False,
1241,22273,-1,-17,False,
1242,22279,1,-16,False,
1243,22291,1,-15,False,
1244,22303,-1,-16,False,
1245,22369,1,-15,False,
1246,22381,1,-14,False,
1247,22441,1,-13,False,
1248,22447,-1,-14,False,
1249,22453,-1,-15,False,
1250,22483,-1,-16,False,
1251,22501,1,-15,False,
1252,22531,1,-14,False,
1253,22543,-1,-15,False,
1254,22549,1,-14,False,
1255,22567,-1,-15,False,
1256,22573,-1,-16,False,
1257,22621,1,-15,False,
1258,22639,1,-14,False,
1259,22651,1,-13,False,
1260,22669,1,-12,False,
1261,22699,1,-11,False,
1262,22717,-1,-12,False,
1263,22741,1,-11,False,
1264,22777,-1,-12,False,
1265,22783,-1,-13,False,
1266,22807,-1,-14,False,
1267,22861,1,-13,False,
1268,22921,1,-12,False,
1269,22963,-1,-13,False,
1270,22993,-1,-14,False,
1271,23011,1,-13,False,
1272,23017,-1,-14,False,
1273,23029,1,-13,False,
1274,23041,1,-12,False,
1275,23053,-1,-13,False,
1276,23059,1,-12,False,
1277,23071,1,-11,False,
1278,23131,1,-10,False,
1279,23143,-1,-11,False,
1280,23167,-1,-12,False,
1281,23173,-1,-13,False,
1282,23197,-1,-14,False,
1283,23203,-1,-15,False,
1284,23209,1,-14,False,
1285,23227,-1,-15,False,
1286,23251,1,-14,False,
1287,23269,1,-13,False,
1288,23293,-1,-14,False,
1289,23311,1,-13,False,
1290,23371,1,-12,False,
1291,23431,1,-11,False,
1292,23473,-1,-12,False,
1293,23497,-1,-13,False,
1294,23509,1,-12,False,
1295,23539,1,-11,False,
1296,23557,-1,-12,False,
1297,23563,-1,-13,False,
1298,23581,1,-12,False,
1299,23593,-1,-13,False,
1300,23599,1,-12,False,
1301,23623,-1,-13,False,
1302,23629,1,-12,False,
1303,23671,1,-11,False,
1304,23677,-1,-12,False,
1305,23689,1,-11,False,
1306,23719,1,-10,False,
1307,23743,-1,-11,False,
1308,23761,1,-10,False,
1309,23767,-1,-11,False,
1310,23773,-1,-12,False,
1311,23827,-1,-13,False,
1312,23833,-1,-14,False,
1313,23857,-1,-15,False,
1314,23869,1,-14,False,
1315,23887,-1,-15,False,
1316,23893,-1,-16,False,
1317,23899,1,-15,False,
1318,23911,1,-14,False,
1319,23917,-1,-15,False,
1320,23929,1,-14,False,
1321,23971,1,-13,False,
1322,23977,-1,-14,False,
1323,24001,1,-13,False,
1324,24007,-1,-14,False,
1325,24019,1,-13,False,
1326,24043,-1,-14,False,
1327,24049,1,-13,False,
1328,24061,1,-12,False,
1329,24091,1,-11,False,
1330,24097,-1,-12,False,
1331,24103,-1,-13,False,
1332,24109,1,-12,False,
1333,24121,1,-11,False,
1334,24133,-1,-12,False,
1335,24151,1,-11,False,
1336,24169,1,-10,False,
1337,24181,1,-9,False,
1338,24223,-1,-10,False,
1339,24229,1,-9,False,
1340,24247,-1,-10,False,
1341,24337,-1,-11,False,
1342,24373,-1,-12,False,
1343,24379,1,-11,False,
1344,24391,1,-10,False,
1345,24421,1,-9,False,
1346,24439,1,-8,False,
1347,24469,1,-7,False,
1348,24481,1,-6,False,
1349,24499,1,-5,False,
1350,24517,-1,-6,False,
1351,24547,-1,-7,False,
1352,24571,1,-6,False,
1353,24631,1,-5,False,
1354,24691,1,-4,False,
1355,24697,-1,-5,False,
1356,24709,1,-4,False,
1357,24733,-1,-5,False,
1358,24763,-1,-6,False,
1359,24781,1,-5,False,
1360,24793,-1,-6,False,
1361,24799,1,-5,False,
1362,24841,1,-4,False,
1363,24847,-1,-5,False,
1364,24859,1,-4,False,
1365,24877,-1,-5,False,
1366,24889,1,-4,False,
1367,24907,-1,-5,False,
1368,24919,1,-4,False,
1369,24943,-1,-5,False,
1370,24967,-1,-6,False,
1371,24979,1,-5,False,
1372,25033,-1,-6,False,
1373,25057,-1,-7,False,
1374,25087,-1,-8,False,
1375,25111,1,-7,False,
1376,25117,-1,-8,False,
1377,25147,-1,-9,False,
1378,25153,-1,-10,False,
1379,25171,1,-9,False,
1380,25183,-1,-10,False,
1381,25189,1,-9,False,
1382,25219,1,-8,False,
1383,25237,-1,-9,False,
1384,25243,-1,-10,False,
1385,25261,1,-9,False,
1386,25303,-1,-10,False,
1387,25309,1,-9,False,
1388,25321,1,-8,False,
1389,25339,1,-7,False,
1390,25357,-1,-8,False,
1391,25411,1,-7,False,
1392,25423,-1,-8,False,
1393,25447,-1,-9,False,
1394,25453,-1,-10,False,
1395,25471,1,-9,False,
1396,25537,-1,-10,False,
1397,25561,1,-9,False,
1398,25579,1,-8,False,
1399,25603,-1,-9,False,
1400,25609,1,-8,False,
1401,25621,1,-7,False,
1402,25633,-1,-8,False,
1403,25639,1,-7,False,
1404,25657,-1,-8,False,
1405,25693,-1,-9,False,
1406,25717,-1,-10,False,
1407,25741,1,-9,False,
1408,25747,-1,-10,False,
1409,25759,1,-9,False,
1410,25771,1,-8,False,
1411,25801,1,-7,False,
1412,25819,1,-6,False,
1413,25849,1,-5,False,
1414,25867,-1,-6,False,
1415,25873,-1,-7,False,
1416,25903,-1,-8,False,
1417,25933,-1,-9,False,
1418,25939,1,-8,False,
1419,25951,1,-7,False,
1420,25969,1,-6,False,
1421,25981,1,-5,False,
1422,25999,1,-4,False,
1423,26017,-1,-5,False,
1424,26029,1,-4,False,
1425,26041,1,-3,False,
1426,26053,-1,-4,False,
1427,26083,-1,-5,False,
1428,26107,-1,-6,False,
1429,26113,-1,-7,False,
1430,26119,1,-6,False,
1431,26161,1,-5,False,
1432,26203,-1,-6,False,
1433,26209,1,-5,False,
1434,26227,-1,-6,False,
1435,26251,1,-5,False,
1436,26263,-1,-6,False,
1437,26293,-1,-7,False,
1438,26317,-1,-8,False,
1439,26347,-1,-9,False,
1440,26371,1,-8,False,
1441,26407,-1,-9,False,
1442,26431,1,-8,False,
1443,26437,-1,-9,False,
1444,26449,1,-8,False,
1445,26479,1,-7,False,
1446,26497,-1,-8,False,
1447,26539,1,-7,False,
1448,26557,-1,-8,False,
1449,26641,1,-7,False,
1450,26647,-1,-8,False,
1451,26683,-1,-9,False,
1452,26701,1,-8,False,
1453,26713,-1,-9,False,
1454,26731,1,-8,False,
1455,26737,-1,-9,False,
1456,26821,1,-8,False,
1457,26833,-1,-9,False,
1458,26839,1,-8,False,
1459,26863,-1,-9,False,
1460,26881,1,-8,False,
1461,26893,-1,-9,False,
1462,26947,-1,-10,False,
1463,26953,-1,-11,False,
1464,26959,1,-10,False,
1465,27031,1,-9,False,
1466,27043,-1,-10,False,
1467,27061,1,-9,False,
1468,27067,-1,-10,False,
1469,27073,-1,-11,False,
1470,27091,1,-10,False,
1471,27103,-1,-11,False,
1472,27109,1,-10,False,
1473,27127,-1,-11,False,
1474,27211,1,-10,False,
1475,27241,1,-9,False,
1476,27253,-1,-10,False,
1477,27259,1,-9,False,
1478,27271,1,-8,False,
1479,27277,-1,-9,False,
1480,27283,-1,-10,False,
1481,27337,-1,-11,False,
1482,27361,1,-10,False,
1483,27367,-1,-11,False,
1484,27397,-1,-12,False,
1485,27409,1,-11,False,
1486,27427,-1,-12,False,
1487,27457,-1,-13,False,
1488,27481,1,-12,False,
1489,27487,-1,-13,False,
1490,27529,1,-12,False,
1491,27541,1,-11,False,
1492,27583,-1,-12,False,
1493,27631,1,-11,False,
1494,27673,-1,-12,False,
1495,27691,1,-11,False,
1496,27697,-1,-12,False,
1497,27733,-1,-13,False,
1498,27739,1,-12,False,
1499,27751,1,-11,False,
1500,27763,-1,-12,False,
1501,27793,-1,-13,False,
1502,27799,1,-12,False,
1503,27817,-1,-13,False,
1504,27823,-1,-14,False,
1505,27847,-1,-15,False,
1506,27883,-1,-16,False,
1507,27901,1,-15,False,
1508,27919,1,-14,False,
1509,27943,-1,-15,False,
1510,27961,1,-14,False,
1511,27967,-1,-15,False,
1512,27997,-1,-16,False,
1513,28027,-1,-17,False,
1514,28051,1,-16,False,
1515,28057,-1,-17,False,
1516,28069,1,-16,False,
1517,28081,1,-15,False,
1518,28087,-1,-16,False,
1519,28099,1,-15,False,
1520,28111,1,-14,False,
1521,28123,-1,-15,False,
1522,28183,-1,-16,False,
1523,28201,1,-15,False,
1524,28219,1,-14,False,
1525,28279,1,-13,False,
1526,28297,-1,-14,False,
1527,28309,1,-13,False,
1528,28351,1,-12,False,
1529,28387,-1,-13,False,
1530,28393,-1,-14,False,
1531,28411,1,-13,False,
1532,28429,1,-12,False,
1533,28447,-1,-13,False,
1534,28477,-1,-14,False,
1535,28513,-1,-15,False,
1536,28537,-1,-16,False,
1537,28549,1,-15,False,
1538,28573,-1,-16,False,
1539,28579,1,-15,False,
1540,28591,1,-14,False,
1541,28597,-1,-15,False,
1542,28603,-1,-16,False,
1543,28621,1,-15,False,
1544,28627,-1,-16,False,
1545,28657,-1,-17,False,
1546,28663,-1,-18,False,
1547,28669,1,-17,False,
1548,28687,-1,-18,False,
1549,28711,1,-17,False,
1550,28723,-1,-18,False,
1551,28729,1,-17,False,
1552,28753,-1,-18,False,
1553,28759,1,-17,False,
1554,28771,1,-16,False,
1555,28789,1,-15,False,
1556,28807,-1,-16,False,
1557,28813,-1,-17,False,
1558,28837,-1,-18,False,
1559,28843,-1,-19,False,
1560,28867,-1,-20,False,
1561,28879,1,-19,False,
1562,28909,1,-18,False,
1563,28921,1,-17,False,
1564,28927,-1,-18,False,
1565,28933,-1,-19,False,
1566,29017,-1,-20,False,
1567,29023,-1,-21,False,
1568,29059,1,-20,False,
1569,29077,-1,-21,False,
1570,29101,1,-20,False,
1571,29131,1,-19,False,
1572,29137,-1,-20,False,
1573,29167,-1,-21,False,
1574,29173,-1,-22,False,
1575,29179,1,-21,False,
1576,29191,1,-20,False,
1577,29209,1,-19,False,
1578,29221,1,-18,False,
1579,29251,1,-17,False,
1580,29269,1,-16,False,
1581,29287,-1,-17,False,
1582,29311,1,-16,False,
1583,29347,-1,-17,False,
1584,29383,-1,-18,False,
1585,29389,1,-17,False,
1586,29401,1,-16,False,
1587,29437,-1,-17,False,
1588,29443,-1,-18,False,
1589,29473,-1,-19,False,
1590,29527,-1,-20,False,
1591,29569,1,-19,False,
1592,29581,1,-18,False,
1593,29587,-1,-19,False,
1594,29599,1,-18,False,
1595,29611,1,-17,False,
1596,29629,1,-16,False,
1597,29641,1,-15,False,
1598,29671,1,-14,False,
1599,29683,-1,-15,False,
1600,29761,1,-14,False,
1601,29803,-1,-15,False,
1602,29833,-1,-16,False,
1603,29851,1,-15,False,
1604,29863,-1,-16,False,
1605,29881,1,-15,False,
1606,29917,-1,-16,False,
1607,29947,-1,-17,False,
1608,29959,1,-16,False,
1609,29983,-1,-17,False,
1610,29989,1,-16,False,
1611,30013,-1,-17,False,
1612,30091,1,-16,False,
1613,30097,-1,-17,False,
1614,30103,-1,-18,False,
1615,30109,1,-17,False,
1616,30133,-1,-18,False,
1617,30139,1,-17,False,
1618,30169,1,-16,False,
1619,30181,1,-15,False,
1620,30187,-1,-16,False,
1621,30211,1,-15,False,
1622,30223,-1,-16,False,
1623,30241,1,-15,False,
1624,30253,-1,-16,False,
1625,30259,1,-15,False,
1626,30271,1,-14,False,
1627,30307,-1,-15,False,
1628,30313,-1,-16,False,
1629,30319,1,-15,False,
1630,30367,-1,-16,False,
1631,30391,1,-15,False,
1632,30403,-1,-16,False,
1633,30427,-1,-17,False,
1634,30469,1,-16,False,
1635,30493,-1,-17,False,
1636,30517,-1,-18,False,
1637,30529,1,-17,False,
1638,30553,-1,-18,False,
1639,30559,1,-17,False,
1640,30577,-1,-18,False,
1641,30631,1,-17,False,
1642,30637,-1,-18,False,
1643,30643,-1,-19,False,
1644,30649,1,-18,False,
1645,30661,1,-17,False,
1646,30697,-1,-18,False,
1647,30703,-1,-19,False,
1648,30727,-1,-20,False,
1649,30757,-1,-21,False,
1650,30763,-1,-22,False,
1651,30781,1,-21,False,
1652,30817,-1,-22,False,
1653,30829,1,-21,False,
1654,30841,1,-20,False,
1655,30853,-1,-21,False,
1656,30859,1,-20,False,
1657,30871,1,-19,False,
1658,30931,1,-18,False,
1659,30937,-1,-19,False,
1660,30949,1,-18,False,
1661,31033,-1,-19,False,
1662,31039,1,-18,False,
1663,31051,1,-17,False,
1664,31063,-1,-18,False,
1665,31069,1,-17,False,
1666,31081,1,-16,False,
1667,31123,-1,-17,False,
1668,31147,-1,-18,False,
1669,31153,-1,-19,False,
1670,31159,1,-18,False,
1671,31177,-1,-19,False,
1672,31183,-1,-20,False,
1673,31189,1,-19,False,
1674,31219,1,-18,False,
1675,31231,1,-17,False,
1676,31237,-1,-18,False,
1677,31249,1,-17,False,
1678,31267,-1,-18,False,
1679,31321,1,-17,False,
1680,31327,-1,-18,False,
1681,31333,-1,-19,False,
1682,31357,-1,-20,False,
1683,31387,-1,-21,False,
1684,31393,-1,-22,False,
1685,31477,-1,-23,False,
1686,31489,1,-22,False,
1687,31513,-1,-23,False,
1688,31531,1,-22,False,
1689,31543,-1,-23,False,
1690,31567,-1,-24,False,
1691,31573,-1,-25,False,
1692,31627,-1,-26,False,
1693,31657,-1,-27,False,
1694,31663,-1,-28,False,
1695,31687,-1,-29,False,
1696,31699,1,-28,False,
1697,31723,-1,-29,False,
1698,31729,1,-28,False,
1699,31741,1,-27,False,
1700,31771,1,-26,False,
1701,31849,1,-25,False,
1702,31873,-1,-26,False,
1703,31891,1,-25,False,
1704,31957,-1,-26,False,
1705,31963,-1,-27,False,
1706,31981,1,-26,False,
1707,32029,1,-25,False,
1708,32059,1,-24,False,
1709,32077,-1,-25,False,
1710,32083,-1,-26,False,
1711,32089,1,-25,False,
1712,32119,1,-24,False,
1713,32143,-1,-25,False,
1714,32173,-1,-26,False,
1715,32191,1,-25,False,
1716,32203,-1,-26,False,
1717,32233,-1,-27,False,
1718,32251,1,-26,False,
1719,32257,-1,-27,False,
1720,32299,1,-26,False,
1721,32323,-1,-27,False,
1722,32341,1,-26,False,
1723,32353,-1,-27,False,
1724,32359,1,-26,False,
1725,32371,1,-25,False,
1726,32377,-1,-26,False,
1727,32401,1,-25,False,
1728,32413,-1,-26,False,
1729,32443,-1,-27,False,
1730,32467,-1,-28,False,
1731,32479,1,-27,False,
1732,32491,1,-26,False,
1733,32497,-1,-27,False,
1734,32503,-1,-28,False,
1735,32533,-1,-29,False,
1736,32563,-1,-30,False,
1737,32569,1,-29,False,
1738,32587,-1,-30,False,
1739,32611,1,-29,False,
1740,32647,-1,-30,False,
1741,32653,-1,-31,False,
1742,32707,-1,-32,False,
1743,32713,-1,-33,False,
1744,32719,1,-32,False,
1745,32749,1,-31,False,
1746,32779,1,-30,False,
1747,32797,-1,-31,False,
1748,32803,-1,-32,False,
1749,32833,-1,-33,False,
1750,32839,1,-32,False,
1751,32869,1,-31,False,
1752,32887,-1,-32,False,
1753,32911,1,-31,False,
1754,32917,-1,-32,False,
1755,32941,1,-31,False,
1756,32971,1,-30,False,
1757,32983,-1,-31,False,
1758,33013,-1,-32,False,
1759,33037,-1,-33,False,
1760,33049,1,-32,False,
1761,33073,-1,-33,False,
1762,33091,1,-32,False,
1763,33151,1,-31,False,
1764,33181,1,-30,False,
1765,33199,1,-29,False,
1766,33211,1,-28,False,
1767,33223,-1,-29,False,
1768,33247,-1,-30,False,
1769,33289,1,-29,False,
1770,33301,1,-28,False,
1771,33331,1,-27,False,
1772,33343,-1,-28,False,
1773,33349,1,-27,False,
1774,33391,1,-26,False,
1775,33403,-1,-27,False,
1776,33409,1,-26,False,
1777,33427,-1,-27,False,
1778,33457,-1,-28,False,
1779,33469,1,-27,False,
1780,33487,-1,-28,False,
1781,33493,-1,-29,False,
1782,33529,1,-28,False,
1783,33547,-1,-29,False,
1784,33577,-1,-30,False,
1785,33589,1,-29,False,
1786,33601,1,-28,False,
1787,33613,-1,-29,False,
1788,33619,1,-28,False,
1789,33637,-1,-29,False,
1790,33679,1,-28,False,
1791,33703,-1,-29,False,
1792,33721,1,-28,False,
1793,33739,1,-27,False,
1794,33751,1,-26,False,
1795,33757,-1,-27,False,
1796,33769,1,-26,False,
1797,33811,1,-25,False,
1798,33829,1,-24,False,
1799,33871,1,-23,False,
1800,33889,1,-22,False,
1801,33931,1,-21,False,
1802,33937,-1,-22,False,
1803,33961,1,-21,False,
1804,33967,-1,-22,False,
1805,33997,-1,-23,False,
1806,34033,-1,-24,False,
1807,34039,1,-23,False,
1808,34057,-1,-24,False,
1809,34123,-1,-25,False,
1810,34129,1,-24,False,
1811,34141,1,-23,False,
1812,34147,-1,-24,False,
1813,34159,1,-23,False,
1814,34171,1,-22,False,
1815,34183,-1,-23,False,
1816,34213,-1,-24,False,
1817,34231,1,-23,False,
1818,34261,1,-22,False,
1819,34267,-1,-23,False,
1820,34273,-1,-24,False,
1821,34297,-1,-25,False,
1822,34303,-1,-26,False,
1823,34327,-1,-27,False,
1824,34351,1,-26,False,
1825,34369,1,-25,False,
1826,34381,1,-24,False,
1827,34429,1,-23,False,
1828,34471,1,-22,False,
1829,34483,-1,-23,False,
1830,34501,1,-22,False,
1831,34513,-1,-23,False,
1832,34519,1,-22,False,
1833,34537,-1,-23,False,
1834,34543,-1,-24,False,
1835,34549,1,-23,False,
1836,34591,1,-22,False,
1837,34603,-1,-23,False,
1838,34651,1,-22,False,
1839,34687,-1,-23,False,
1840,34693,-1,-24,False,
1841,34729,1,-23,False,
1842,34747,-1,-24,False,
1843,34759,1,-23,False,
1844,34807,-1,-24,False,
1845,34819,1,-23,False,
1846,34843,-1,-24,False,
1847,34849,1,-23,False,
1848,34897,-1,-24,False,
1849,34939,1,-23,False,
1850,34963,-1,-24,False,
1851,34981,1,-23,False,
1852,35023,-1,-24,False,
1853,35053,-1,-25,False,
1854,35059,1,-24,False,
1855,35083,-1,-25,False,
1856,35089,1,-24,False,
1857,35107,-1,-25,False,
1858,35149,1,-24,False,
1859,35221,1,-23,False,
1860,35227,-1,-24,False,
1861,35251,1,-23,False,
1862,35257,-1,-24,False,
1863,35281,1,-23,False,
1864,35311,1,-22,False,
1865,35317,-1,-23,False,
1866,35323,-1,-24,False,
1867,35353,-1,-25,False,
1868,35401,1,-24,False,
1869,35407,-1,-25,False,
1870,35419,1,-24,False,
1871,35437,-1,-25,False,
1872,35449,1,-24,False,
1873,35461,1,-23,False,
1874,35491,1,-22,False,
1875,35509,1,-21,False,
1876,35521,1,-20,False,
1877,35527,-1,-21,False,
1878,35533,-1,-22,False,
1879,35569,1,-21,False,
1880,35593,-1,-22,False,
1881,35617,-1,-23,False,
1882,35671,1,-22,False,
1883,35677,-1,-23,False,
1884,35731,1,-22,False,
1885,35797,-1,-23,False,
1886,35803,-1,-24,False,
1887,35809,1,-23,False,
1888,35839,1,-22,False,
1889,35851,1,-21,False,
1890,35863,-1,-22,False,
1891,35869,1,-21,False,
1892,35899,1,-20,False,
1893,35911,1,-19,False,
1894,35923,-1,-20,False,
1895,35977,-1,-21,False,
1896,35983,-1,-22,False,
1897,36007,-1,-23,False,
1898,36013,-1,-24,False,
1899,36037,-1,-25,False,
1900,36061,1,-24,False,
1901,36067,-1,-25,False,
1902,36073,-1,-26,False,
1903,36097,-1,-27,False,
1904,36109,1,-26,False,
1905,36151,1,-25,False,
1906,36187,-1,-26,False,
1907,36217,-1,-27,False,
1908,36229,1,-26,False,
1909,36241,1,-25,False,
1910,36277,-1,-26,False,
1911,36307,-1,-27,False,
1912,36313,-1,-28,False,
1913,36319,1,-27,False,
1914,36343,-1,-28,False,
1915,36373,-1,-29,False,
1916,36433,-1,-30,False,
1917,36451,1,-29,False,
1918,36457,-1,-30,False,
1919,36469,1,-29,False,
1920,36493,-1,-30,False,
1921,36523,-1,-31,False,
1922,36529,1,-30,False,
1923,36541,1,-29,False,
1924,36559,1,-28,False,
1925,36571,1,-27,False,
1926,36583,-1,-28,False,
1927,36607,-1,-29,False,
1928,36637,-1,-30,False,
1929,36643,-1,-31,False,
1930,36691,1,-30,False,
1931,36697,-1,-31,False,
1932,36709,1,-30,False,
1933,36721,1,-29,False,
1934,36739,1,-28,False,
1935,36781,1,-27,False,
1936,36787,-1,-28,False,
1937,36793,-1,-29,False,
1938,36847,-1,-30,False,
1939,36871,1,-29,False,
1940,36877,-1,-30,False,
1941,36901,1,-29,False,
1942,36913,-1,-30,False,
1943,36919,1,-29,False,
1944,36931,1,-28,False,
1945,36943,-1,-29,False,
1946,36973,-1,-30,False,
1947,36979,1,-29,False,
1948,36997,-1,-30,False,
1949,37003,-1,-31,False,
1950,37021,1,-30,False,
1951,37039,1,-29,False,
1952,37057,-1,-30,False,
1953,37087,-1,-31,False,
1954,37117,-1,-32,False,
1955,37123,-1,-33,False,
1956,37159,1,-32,False,
1957,37171,1,-31,False,
1958,37189,1,-30,False,
1959,37201,1,-29,False,
1960,37243,-1,-30,False,
1961,37273,-1,-31,False,
1962,37309,1,-30,False,
1963,37321,1,-29,False,
1964,37339,1,-28,False,
1965,37357,-1,-29,False,
1966,37363,-1,-30,False,
1967,37369,1,-29,False,
1968,37423,-1,-30,False,
1969,37441,1,-29,False,
1970,37447,-1,-30,False,
1971,37483,-1,-31,False,
1972,37489,1,-30,False,
1973,37501,1,-29,False,
1974,37507,-1,-30,False,
1975,37537,-1,-31,False,
1976,37549,1,-30,False,
1977,37561,1,-29,False,
1978,37567,-1,-30,False,
1979,37573,-1,-31,False,
1980,37579,1,-30,False,
1981,37591,1,-29,False,
1982,37633,-1,-30,False,
1983,37657,-1,-31,False,
1984,37663,-1,-32,False,
1985,37693,-1,-33,False,
1986,37699,1,-32,False,
1987,37717,-1,-33,False,
1988,37747,-1,-34,False,
1989,37783,-1,-35,False,
1990,37813,-1,-36,False,
1991,37831,1,-35,False,
1992,37861,1,-34,False,
1993,37879,1,-33,False,
1994,37897,-1,-34,False,
1995,37951,1,-33,False,
1996,37957,-1,-34,False,
1997,37963,-1,-35,False,
1998,37987,-1,-36,False,
1999,37993,-1,-37,False,
2000,38011,1,-36,False,
2001,38047,-1,-37,False,
2002,38053,-1,-38,False,
2003,38083,-1,-39,False,
2004,38113,-1,-40,False,
2005,38119,1,-39,False,
2006,38149,1,-38,False,
2007,38167,-1,-39,False,
2008,38197,-1,-40,False,
2009,38239,1,-39,False,
2010,38281,1,-38,False,
2011,38287,-1,-39,False,
2012,38299,1,-38,False,
2013,38317,-1,-39,False,
2014,38329,1,-38,False,
2015,38371,1,-37,False,
2016,38377,-1,-38,False,
2017,38431,1,-37,False,
2018,38449,1,-36,False,
2019,38461,1,-35,False,
2020,38557,-1,-36,False,
2021,38569,1,-35,False,
2022,38593,-1,-36,False,
2023,38611,1,-35,False,
2024,38629,1,-34,False,
2025,38653,-1,-35,False,
2026,38671,1,-34,False,
2027,38677,-1,-35,False,
2028,38707,-1,-36,False,
2029,38713,-1,-37,False,
2030,38737,-1,-38,False,
2031,38749,1,-37,False,
2032,38767,-1,-38,False,
2033,38791,1,-37,False,
2034,38803,-1,-38,False,
2035,38821,1,-37,False,
2036,38833,-1,-38,False,
2037,38839,1,-37,False,
2038,38851,1,-36,False,
2039,38917,-1,-37,False,
2040,38923,-1,-38,False,
2041,38953,-1,-39,False,
2042,38959,1,-38,False,
2043,38971,1,-37,False,
2044,38977,-1,-38,False,
2045,39019,1,-37,False,
2046,39043,-1,-38,False,
2047,39079,1,-37,False,
2048,39097,-1,-38,False,
2049,39103,-1,-39,False,
2050,39133,-1,-40,False,
2051,39139,1,-39,False,
2052,39157,-1,-40,False,
2053,39163,-1,-41,False,
2054,39181,1,-40,False,
2055,39199,1,-39,False,
2056,39217,-1,-40,False,
2057,39229,1,-39,False,
2058,39241,1,-38,False,
2059,39301,1,-37,False,
2060,39313,-1,-38,False,
2061,39343,-1,-39,False,
2062,39367,-1,-40,False,
2063,39373,-1,-41,False,
2064,39397,-1,-42,False,
2065,39409,1,-41,False,
2066,39439,1,-40,False,
2067,39451,1,-39,False,
2068,39499,1,-38,False,
2069,39511,1,-37,False,
2070,39541,1,-36,False,
2071,39607,-1,-37,False,
2072,39619,1,-36,False,
2073,39631,1,-35,False,
2074,39667,-1,-36,False,
2075,39679,1,-35,False,
2076,39703,-1,-36,False,
2077,39709,1,-35,False,
2078,39727,-1,-36,False,
2079,39733,-1,-37,False,
2080,39769,1,-36,False,
2081,39799,1,-35,False,
2082,39829,1,-34,False,
2083,39841,1,-33,False,
2084,39847,-1,-34,False,
2085,39877,-1,-35,False,
2086,39883,-1,-36,False,
2087,39901,1,-35,False,
2088,39937,-1,-36,False,
2089,39979,1,-35,False,
2090,40009,1,-34,False,
2091,40039,1,-33,False,
2092,40063,-1,-34,False,
2093,40087,-1,-35,False,
2094,40093,-1,-36,False,
2095,40099,1,-35,False,
2096,40111,1,-34,False,
2097,40123,-1,-35,False,
2098,40129,1,-34,False,
2099,40153,-1,-35,False,
2100,40177,-1,-36,False,
2101,40189,1,-35,False,
2102,40213,-1,-36,False,
2103,40231,1,-35,False,
2104,40237,-1,-36,False,
2105,40351,1,-35,False,
2106,40357,-1,-36,False,
2107,40387,-1,-37,False,
2108,40423,-1,-38,False,
2109,40429,1,-37,False,
2110,40459,1,-36,False,
2111,40471,1,-35,False,
2112,40483,-1,-36,False,
2113,40507,-1,-37,False,
2114,40519,1,-36,False,
2115,40531,1,-35,False,
2116,40543,-1,-36,False,
2117,40591,1,-35,False,
2118,40597,-1,-36,False,
2119,40609,1,-35,False,
2120,40627,-1,-36,False,
2121,40639,1,-35,False,
2122,40693,-1,-36,False,
2123,40699,1,-35,False,
2124,40759,1,-34,False,
2125,40771,1,-33,False,
2126,40801,1,-32,False,
2127,40813,-1,-33,False,
2128,40819,1,-32,False,
2129,40849,1,-31,False,
2130,40867,-1,-32,False,
2131,40879,1,-31,False,
2132,40897,-1,-32,False,
2133,40903,-1,-33,False,
2134,40927,-1,-34,False,
2135,40933,-1,-35,False,
2136,40939,1,-34,False,
2137,40993,-1,-35,False,
2138,41011,1,-34,False,
2139,41017,-1,-35,False,
2140,41023,-1,-36,False,
2141,41047,-1,-37,False,
2142,41077,-1,-38,False,
2143,41113,-1,-39,False,
2144,41131,1,-38,False,
2145,41143,-1,-39,False,
2146,41149,1,-38,False,
2147,41161,1,-37,False,
2148,41179,1,-36,False,
2149,41203,-1,-37,False,
2150,41221,1,-36,False,
2151,41227,-1,-37,False,
2152,41233,-1,-38,False,
2153,41257,-1,-39,False,
2154,41263,-1,-40,False,
2155,41269,1,-39,False,
2156,41281,1,-38,False,
2157,41299,1,-37,False,
2158,41341,1,-36,False,
2159,41389,1,-35,False,
2160,41413,-1,-36,False,
2161,41443,-1,-37,False,
2162,41467,-1,-38,False,
2163,41479,1,-37,False,
2164,41491,1,-36,False,
2165,41521,1,-35,False,
2166,41539,1,-34,False,
2167,41593,-1,-35,False,
2168,41611,1,-34,False,
2169,41617,-1,-35,False,
2170,41641,1,-34,False,
2171,41647,-1,-35,False,
2172,41659,1,-34,False,
2173,41719,1,-33,False,
2174,41737,-1,-34,False,
2175,41761,1,-33,False,
2176,41809,1,-32,False,
2177,41851,1,-31,False,
2178,41863,-1,-32,False,
2179,41887,-1,-33,False,
2180,41893,-1,-34,False,
2181,41911,1,-33,False,
2182,41941,1,-32,False,
2183,41947,-1,-33,False,
2184,41953,-1,-34,False,
2185,41959,1,-33,False,
2186,41983,-1,-34,False,
2187,42013,-1,-35,False,
2188,42019,1,-34,False,
2189,42043,-1,-35,False,
2190,42061,1,-34,False,
2191,42073,-1,-35,False,
2192,42139,1,-34,False,
2193,42157,-1,-35,False,
2194,42169,1,-34,False,
2195,42181,1,-33,False,
2196,42187,-1,-34,False,
2197,42193,-1,-35,False,
2198,42223,-1,-36,False,
2199,42283,-1,-37,False,
2200,42307,-1,-38,False,
2201,42331,1,-37,False,
2202,42337,-1,-38,False,
2203,42349,1,-37,False,
2204,42373,-1,-38,False,
2205,42379,1,-37,False,
2206,42391,1,-36,False,
2207,42397,-1,-37,False,
2208,42403,-1,-38,False,
2209,42409,1,-37,False,
2210,42433,-1,-38,False,
2211,42451,1,-37,False,
2212,42457,-1,-38,False,
2213,42463,-1,-39,False,
2214,42487,-1,-40,False,
2215,42499,1,-39,False,
2216,42571,1,-38,False,
2217,42577,-1,-39,False,
2218,42589,1,-38,False,
2219,42643,-1,-39,False,
2220,42649,1,-38,False,
2221,42667,-1,-39,False,
2222,42697,-1,-40,False,
2223,42703,-1,-41,False,
2224,42709,1,-40,False,
2225,42727,-1,-41,False,
2226,42751,1,-40,False,
2227,42787,-1,-41,False,
2228,42793,-1,-42,False,
2229,42829,1,-41,False,
2230,42841,1,-40,False,
2231,42853,-1,-41,False,
2232,42859,1,-40,False,
2233,42901,1,-39,False,
2234,42937,-1,-40,False,
2235,42943,-1,-41,False,
2236,42961,1,-40,False,
2237,42967,-1,-41,False,
2238,42979,1,-40,False,
2239,43003,-1,-41,False,
2240,43051,1,-40,False,
2241,43063,-1,-41,False,
2242,43093,-1,-42,False,
2243,43117,-1,-43,False,
2244,43159,1,-42,False,
2245,43177,-1,-43,False,
2246,43189,1,-42,False,
2247,43201,1,-41,False,
2248,43207,-1,-42,False,
2249,43237,-1,-43,False,
2250,43261,1,-42,False,
2251,43291,1,-41,False,
2252,43321,1,-40,False,
2253,43399,1,-39,False,
2254,43411,1,-38,False,
2255,43441,1,-37,False,
2256,43543,-1,-38,False,
2257,43573,-1,-39,False,
2258,43579,1,-38,False,
2259,43591,1,-37,False,
2260,43597,-1,-38,False,
2261,43609,1,-37,False,
2262,43627,-1,-38,False,
2263,43633,-1,-39,False,
2264,43651,1,-38,False,
2265,43669,1,-37,False,
2266,43711,1,-36,False,
2267,43717,-1,-37,False,
2268,43753,-1,-38,False,
2269,43759,1,-37,False,
2270,43777,-1,-38,False,
2271,43783,-1,-39,False,
2272,43789,1,-38,False,
2273,43801,1,-37,False,
2274,43867,-1,-38,False,
2275,43891,1,-37,False,
2276,43933,-1,-38,False,
2277,43951,1,-37,False,
2278,43963,-1,-38,False,
2279,43969,1,-37,False,
2280,43987,-1,-38,False,
2281,44017,-1,-39,False,
2282,44029,1,-38,False,
2283,44041,1,-37,False,
2284,44053,-1,-38,False,
2285,44059,1,-37,False,
2286,44071,1,-36,False,
2287,44089,1,-35,False,
2288,44101,1,-34,False,
2289,44119,1,-33,False,
2290,44131,1,-32,False,
2291,44179,1,-31,False,
2292,44203,-1,-32,False,
2293,44221,1,-31,False,
2294,44257,-1,-32,False,
2295,44263,-1,-33,False,
2296,44269,1,-32,False,
2297,44281,1,-31,False,
2298,44293,-1,-32,False,
2299,44371,1,-31,False,
2300,44383,-1,-32,False,
2301,44389,1,-31,False,
2302,44449,1,-30,False,
2303,44491,1,-29,False,
2304,44497,-1,-30,False,
2305,44533,-1,-31,False,
2306,44563,-1,-32,False,
2307,44587,-1,-33,False,
2308,44617,-1,-34,False,
2309,44623,-1,-35,False,
2310,44641,1,-34,False,
2311,44647,-1,-35,False,
2312,44683,-1,-36,False,
2313,44701,1,-35,False,
2314,44773,-1,-36,False,
2315,44797,-1,-37,False,
2316,44809,1,-36,False,
2317,44839,1,-35,False,
2318,44851,1,-34,False,
2319,44887,-1,-35,False,
2320,44893,-1,-36,False,
2321,44917,-1,-37,False,
2322,44953,-1,-38,False,
2323,44959,1,-37,False,
2324,44971,1,-36,False,
2325,44983,-1,-37,False,
2326,45007,-1,-38,False,
2327,45013,-1,-39,False,
2328,45061,1,-38,False,
2329,45121,1,-37,False,
2330,45127,-1,-38,False,
2331,45139,1,-37,False,
2332,45181,1,-36,False,
2333,45247,-1,-37,False,
2334,45259,1,-36,False,
2335,45289,1,-35,False,
2336,45307,-1,-36,False,
2337,45319,1,-35,False,
2338,45337,-1,-36,False,
2339,45343,-1,-37,False,
2340,45361,1,-36,False,
2341,45403,-1,-37,False,
2342,45427,-1,-38,False,
2343,45433,-1,-39,False,
2344,45439,1,-38,False,
2345,45481,1,-37,False,
2346,45523,-1,-38,False,
2347,45541,1,-37,False,
2348,45553,-1,-38,False,
2349,45589,1,-37,False,
2350,45613,-1,-38,False,
2351,45631,1,-37,False,
2352,45667,-1,-38,False,
2353,45673,-1,-39,False,
2354,45691,1,-38,False,
2355,45697,-1,-39,False,
2356,45751,1,-38,False,
2357,45757,-1,-39,False,
2358,45763,-1,-40,False,
2359,45817,-1,-41,False,
2360,45823,-1,-42,False,
2361,45841,1,-41,False,
2362,45853,-1,-42,False,
2363,45943,-1,-43,False,
2364,45949,1,-42,False,
2365,45979,1,-41,False,
2366,46021,1,-40,False,
2367,46027,-1,-41,False,
2368,46051,1,-40,False,
2369,46093,-1,-41,False,
2370,46099,1,-40,False,
2371,46141,1,-39,False,
2372,46147,-1,-40,False,
2373,46153,-1,-41,False,
2374,46171,1,-40,False,
2375,46183,-1,-41,False,
2376,46219,1,-40,False,
2377,46237,-1,-41,False,
2378,46261,1,-40,False,
2379,46273,-1,-41,False,
2380,46279,1,-40,False,
2381,46309,1,-39,False,
2382,46327,-1,-40,False,
2383,46351,1,-39,False,
2384,46381,1,-38,False,
2385,46399,1,-37,False,
2386,46411,1,-36,False,
2387,46441,1,-35,False,
2388,46447,-1,-36,False,
2389,46471,1,-35,False,
2390,46477,-1,-36,False,
2391,46489,1,-35,False,
2392,46507,-1,-36,False,
2393,46549,1,-35,False,
2394,46567,-1,-36,False,
2395,46573,-1,-37,False,
2396,46591,1,-36,False,
2397,46633,-1,-37,False,
2398,46639,1,-36,False,
2399,46663,-1,-37,False,
2400,46681,1,-36,False,
2401,46687,-1,-37,False,
2402,46723,-1,-38,False,
2403,46747,-1,-39,False,
2404,46771,1,-38,False,
2405,46807,-1,-39,False,
2406,46819,1,-38,False,
2407,46831,1,-37,False,
2408,46861,1,-36,False,
2409,46867,-1,-37,False,
2410,46933,-1,-38,False,
2411,46957,-1,-39,False,
2412,46993,-1,-40,False,
2413,47017,-1,-41,False,
2414,47041,1,-40,False,
2415,47059,1,-39,False,
2416,47119,1,-38,False,
2417,47137,-1,-39,False,
2418,47143,-1,-40,False,
2419,47149,1,-39,False,
2420,47161,1,-38,False,
2421,47221,1,-37,False,
2422,47251,1,-36,False,
2423,47269,1,-35,False,
2424,47287,-1,-36,False,
2425,47293,-1,-37,False,
2426,47317,-1,-38,False,
2427,47353,-1,-39,False,
2428,47389,1,-38,False,
2429,47407,-1,-39,False,
2430,47419,1,-38,False,
2431,47431,1,-37,False,
2432,47491,1,-36,False,
2433,47497,-1,-37,False,
2434,47521,1,-36,False,
2435,47527,-1,-37,False,
2436,47533,-1,-38,False,
2437,47563,-1,-39,False,
2438,47569,1,-38,False,
2439,47581,1,-37,False,
2440,47599,1,-36,False,
2441,47623,-1,-37,False,
2442,47629,1,-36,False,
2443,47653,-1,-37,False,
2444,47659,1,-36,False,
2445,47701,1,-35,False,
2446,47713,-1,-36,False,
2447,47737,-1,-37,False,
2448,47743,-1,-38,False,
2449,47779,1,-37,False,
2450,47791,1,-36,False,
2451,47797,-1,-37,False,
2452,47809,1,-36,False,
2453,47857,-1,-37,False,
2454,47869,1,-36,False,
2455,47881,1,-35,False,
2456,47911,1,-34,False,
2457,47917,-1,-35,False,
2458,47947,-1,-36,False,
2459,47977,-1,-37,False,
2460,48049,1,-36,False,
2461,48073,-1,-37,False,
2462,48079,1,-36,False,
2463,48091,1,-35,False,
2464,48109,1,-34,False,
2465,48121,1,-33,False,
2466,48157,-1,-34,False,
2467,48163,-1,-35,False,
2468,48187,-1,-36,False,
2469,48193,-1,-37,False,
2470,48247,-1,-38,False,
2471,48259,1,-37,False,
2472,48271,1,-36,False,
2473,48313,-1,-37,False,
2474,48337,-1,-38,False,
2475,48397,-1,-39,False,
2476,48409,1,-38,False,
2477,48463,-1,-39,False,
2478,48481,1,-38,False,
2479,48487,-1,-39,False,
2480,48523,-1,-40,False,
2481,48541,1,-39,False,
2482,48571,1,-38,False,
2483,48589,1,-37,False,
2484,48619,1,-36,False,
2485,48649,1,-35,False,
2486,48661,1,-34,False,
2487,48673,-1,-35,False,
2488,48679,1,-34,False,
2489,48733,-1,-35,False,
2490,48751,1,-34,False,
2491,48757,-1,-35,False,
2492,48781,1,-34,False,
2493,48787,-1,-35,False,
2494,48799,1,-34,False,
2495,48817,-1,-35,False,
2496,48823,-1,-36,False,
2497,48847,-1,-37,False,
2498,48859,1,-36,False,
2499,48871,1,-35,False,
2500,48883,-1,-36,False,
2501,48889,1,-35,False,
2502,48907,-1,-36,False,
2503,48973,-1,-37,False,
2504,48991,1,-36,False,
2505,49003,-1,-37,False,
2506,49009,1,-36,False,
2507,49033,-1,-37,False,
2508,49057,-1,-38,False,
2509,49069,1,-37,False,
2510,49081,1,-36,False,
2511,49117,-1,-37,False,
2512,49123,-1,-38,False,
2513,49171,1,-37,False,
2514,49177,-1,-38,False,
2515,49201,1,-37,False,
2516,49207,-1,-38,False,
2517,49261,1,-37,False,
2518,49279,1,-36,False,
2519,49297,-1,-37,False,
2520,49333,-1,-38,False,
2521,49339,1,-37,False,
2522,49363,-1,-38,False,
2523,49369,1,-37,False,
2524,49393,-1,-38,False,
2525,49411,1,-37,False,
2526,49417,-1,-38,False,
2527,49429,1,-37,False,
2528,49459,1,-36,False,
2529,49477,-1,-37,False,
2530,49531,1,-36,False,
2531,49537,-1,-37,False,
2532,49549,1,-36,False,
2533,49597,-1,-37,False,
2534,49603,-1,-38,False,
2535,49627,-1,-39,False,
2536,49633,-1,-40,False,
2537,49639,1,-39,False,
2538,49663,-1,-40,False,
2539,49669,1,-39,False,
2540,49681,1,-38,False,
2541,49711,1,-37,False,
2542,49741,1,-36,False,
2543,49747,-1,-37,False,
2544,49783,-1,-38,False,
2545,49789,1,-37,False,
2546,49801,1,-36,False,
2547,49807,-1,-37,False,
2548,49831,1,-36,False,
2549,49843,-1,-37,False,
2550,49891,1,-36,False,
2551,49921,1,-35,False,
2552,49927,-1,-36,False,
2553,49939,1,-35,False,
2554,49957,-1,-36,False,
2555,49993,-1,-37,False,
2556,49999,1,-36,False,
2557,50023,-1,-37,False,
2558,50047,-1,-38,False,
2559,50053,-1,-39,False,
2560,50077,-1,-40,False,
2561,50101,1,-39,False,
2562,50119,1,-38,False,
2563,50131,1,-37,False,
2564,50221,1,-36,False,
2565,50227,-1,-37,False,
2566,50263,-1,-38,False,
2567,50287,-1,-39,False,
2568,50311,1,-38,False,
2569,50329,1,-37,False,
2570,50341,1,-36,False,
2571,50359,1,-35,False,
2572,50377,-1,-36,False,
2573,50383,-1,-37,False,
2574,50461,1,-36,False,
2575,50497,-1,-37,False,
2576,50503,-1,-38,False,
2577,50527,-1,-39,False,
2578,50539,1,-38,False,
2579,50551,1,-37,False,
2580,50581,1,-36,False,
2581,50587,-1,-37,False,
2582,50593,-1,-38,False,
2583,50599,1,-37,False,
2584,50647,-1,-38,False,
2585,50671,1,-37,False,
2586,50683,-1,-38,False,
2587,50707,-1,-39,False,
2588,50767,-1,-40,False,
2589,50773,-1,-41,False,
2590,50821,1,-40,False,
2591,50833,-1,-41,False,
2592,50839,1,-40,False,
2593,50857,-1,-41,False,
2594,50893,-1,-42,False,
2595,50923,-1,-43,False,
2596,50929,1,-42,False,
2597,50971,1,-41,False,
2598,50989,1,-40,False,
2599,51001,1,-39,False,
2600,51031,1,-38,False,
2601,51043,-1,-39,False,
2602,51061,1,-38,False,
2603,51109,1,-37,False,
2604,51133,-1,-38,False,
2605,51151,1,-37,False,
2606,51157,-1,-38,False,
2607,51169,1,-37,False,
2608,51193,-1,-38,False,
2609,51199,1,-37,False,
2610,51217,-1,-38,False,
2611,51229,1,-37,False,
2612,51241,1,-36,False,
2613,51283,-1,-37,False,
2614,51307,-1,-38,False,
2615,51343,-1,-39,False,
2616,51349,1,-38,False,
2617,51361,1,-37,False,
2618,51421,1,-36,False,
2619,51427,-1,-37,False,
2620,51439,1,-36,False,
2621,51481,1,-35,False,
2622,51487,-1,-36,False,
2623,51511,1,-35,False,
2624,51517,-1,-36,False,
2625,51577,-1,-37,False,
2626,51607,-1,-38,False,
2627,51613,-1,-39,False,
2628,51631,1,-38,False,
2629,51637,-1,-39,False,
2630,51673,-1,-40,False,
2631,51679,1,-39,False,
2632,51691,1,-38,False,
2633,51721,1,-37,False,
2634,51769,1,-36,False,
2635,51787,-1,-37,False,
2636,51817,-1,-38,False,
2637,51829,1,-37,False,
2638,51853,-1,-38,False,
2639,51859,1,-37,False,
2640,51871,1,-36,False,
2641,51907,-1,-37,False,
2642,51913,-1,-38,False,
2643,51949,1,-37,False,
2644,51973,-1,-38,False,
2645,51991,1,-37,False,
2646,52009,1,-36,False,
2647,52021,1,-35,False,
2648,52027,-1,-36,False,
2649,52051,1,-35,False,
2650,52057,-1,-36,False,
2651,52069,1,-35,False,
2652,52081,1,-34,False,
2653,52147,-1,-35,False,
2654,52153,-1,-36,False,
2655,52177,-1,-37,False,
2656,52183,-1,-38,False,
2657,52189,1,-37,False,
2658,52201,1,-36,False,
2659,52237,-1,-37,False,
2660,52249,1,-36,False,
2661,52267,-1,-37,False,
2662,52291,1,-36,False,
2663,52321,1,-35,False,
2664,52363,-1,-36,False,
2665,52369,1,-35,False,
2666,52387,-1,-36,False,
2667,52453,-1,-37,False,
2668,52489,1,-36,False,
2669,52501,1,-35,False,
2670,52543,-1,-36,False,
2671,52561,1,-35,False,
2672,52567,-1,-36,False,
2673,52579,1,-35,False,
2674,52609,1,-34,False,
2675,52627,-1,-35,False,
2676,52639,1,-34,False,
2677,52711,1,-33,False,
2678,52747,-1,-34,False,
2679,52783,-1,-35,False,
2680,52807,-1,-36,False,
2681,52813,-1,-37,False,
2682,52837,-1,-38,False,
2683,52861,1,-37,False,
2684,52879,1,-36,False,
2685,52903,-1,-37,False,
2686,52951,1,-36,False,
2687,52957,-1,-37,False,
2688,52963,-1,-38,False,
2689,52981,1,-37,False,
2690,52999,1,-36,False,
2691,53017,-1,-37,False,
2692,53047,-1,-38,False,
2693,53077,-1,-39,False,
2694,53089,1,-38,False,
2695,53101,1,-37,False,
2696,53113,-1,-38,False,
2697,53149,1,-37,False,
2698,53161,1,-36,False,
2699,53173,-1,-37,False,
2700,53197,-1,-38,False,
2701,53233,-1,-39,False,
2702,53239,1,-38,False,
2703,53269,1,-37,False,
2704,53281,1,-36,False,
2705,53299,1,-35,False,
2706,53323,-1,-36,False,
2707,53353,-1,-37,False,
2708,53359,1,-36,False,
2709,53377,-1,-37,False,
2710,53401,1,-36,False,
2711,53407,-1,-37,False,
2712,53419,1,-36,False,
2713,53437,-1,-37,False,
2714,53479,1,-36,False,
2715,53503,-1,-37,False,
2716,53527,-1,-38,False,
2717,53551,1,-37,False,
2718,53569,1,-36,False,
2719,53593,-1,-37,False,
2720,53611,1,-36,False,
2721,53617,-1,-37,False,
2722,53623,-1,-38,False,
2723,53629,1,-37,False,
2724,53653,-1,-38,False,
2725,53719,1,-37,False,
2726,53731,1,-36,False,
2727,53773,-1,-37,False,
2728,53791,1,-36,False,
2729,53857,-1,-37,False,
2730,53881,1,-36,False,
2731,53887,-1,-37,False,
2732,53899,1,-36,False,
2733,53917,-1,-37,False,
2734,53923,-1,-38,False,
2735,53959,1,-37,False,
2736,54001,1,-36,False,
2737,54013,-1,-37,False,
2738,54037,-1,-38,False,
2739,54049,1,-37,False,
2740,54091,1,-36,False,
2741,54121,1,-35,False,
2742,54133,-1,-36,False,
2743,54139,1,-35,False,
2744,54151,1,-34,False,
2745,54163,-1,-35,False,
2746,54181,1,-34,False,
2747,54193,-1,-35,False,
2748,54217,-1,-36,False,
2749,54277,-1,-37,False,
2750,54319,1,-36,False,
2751,54331,1,-35,False,
2752,54361,1,-34,False,
2753,54367,-1,-35,False,
2754,54403,-1,-36,False,
2755,54409,1,-35,False,
2756,54421,1,-34,False,
2757,54469,1,-33,False,
2758,54493,-1,-34,False,
2759,54499,1,-33,False,
2760,54517,-1,-34,False,
2761,54541,1,-33,False,
2762,54547,-1,-34,False,
2763,54559,1,-33,False,
2764,54577,-1,-34,False,
2765,54583,-1,-35,False,
2766,54601,1,-34,False,
2767,54631,1,-33,False,
2768,54667,-1,-34,False,
2769,54673,-1,-35,False,
2770,54679,1,-34,False,
2771,54709,1,-33,False,
2772,54721,1,-32,False,
2773,54727,-1,-33,False,
2774,54751,1,-32,False,
2775,54787,-1,-33,False,
2776,54799,1,-32,False,
2777,54829,1,-31,False,
2778,54877,-1,-32,False,
2779,54907,-1,-33,False,
2780,54919,1,-32,False,
2781,54949,1,-31,False,
2782,54973,-1,-32,False,
2783,54979,1,-31,False,
2784,55009,1,-30,False,
2785,55021,1,-29,False,
2786,55051,1,-28,False,
2787,55057,-1,-29,False,
2788,55117,-1,-30,False,
2789,55147,-1,-31,False,
2790,55171,1,-30,False,
2791,55201,1,-29,False,
2792,55207,-1,-30,False,
2793,55213,-1,-31,False,
2794,55219,1,-30,False,
2795,55243,-1,-31,False,
2796,55249,1,-30,False,
2797,55291,1,-29,False,
2798,55333,-1,-30,False,
2799,55339,1,-29,False,
2800,55351,1,-28,False,
2801,55381,1,-27,False,
2802,55399,1,-26,False,
2803,55411,1,-25,False,
2804,55441,1,-24,False,
2805,55501,1,-23,False,
2806,55579,1,-22,False,
2807,55603,-1,-23,False,
2808,55609,1,-22,False,
2809,55621,1,-21,False,
2810,55633,-1,-22,False,
2811,55639,1,-21,False,
2812,55663,-1,-22,False,
2813,55681,1,-21,False,
2814,55711,1,-20,False,
2815,55717,-1,-21,False,
2816,55807,-1,-22,False,
2817,55813,-1,-23,False,
2818,55819,1,-22,False,
2819,55837,-1,-23,False,
2820,55843,-1,-24,False,
2821,55849,1,-23,False,
2822,55897,-1,-24,False,
2823,55903,-1,-25,False,
2824,55921,1,-24,False,
2825,55927,-1,-25,False,
2826,55933,-1,-26,False,
2827,55987,-1,-27,False,
2828,56041,1,-26,False,
2829,56053,-1,-27,False,
2830,56101,1,-26,False,
2831,56113,-1,-27,False,
2832,56131,1,-26,False,
2833,56149,1,-25,False,
2834,56167,-1,-26,False,
2835,56179,1,-25,False,
2836,56197,-1,-26,False,
2837,56209,1,-25,False,
2838,56239,1,-24,False,
2839,56263,-1,-25,False,
2840,56269,1,-24,False,
2841,56299,1,-23,False,
2842,56311,1,-22,False,
2843,56359,1,-21,False,
2844,56377,-1,-22,False,
2845,56383,-1,-23,False,
2846,56401,1,-22,False,
2847,56431,1,-21,False,
2848,56437,-1,-22,False,
2849,56443,-1,-23,False,
2850,56467,-1,-24,False,
2851,56473,-1,-25,False,
2852,56479,1,-24,False,
2853,56503,-1,-25,False,
2854,56509,1,-24,False,
2855,56527,-1,-25,False,
2856,56533,-1,-26,False,
2857,56569,1,-25,False,
2858,56599,1,-24,False,
2859,56611,1,-23,False,
2860,56629,1,-22,False,
2861,56659,1,-21,False,
2862,56671,1,-20,False,
2863,56701,1,-19,False,
2864,56713,-1,-20,False,
2865,56731,1,-19,False,
2866,56737,-1,-20,False,
2867,56767,-1,-21,False,
2868,56773,-1,-22,False,
2869,56779,1,-21,False,
2870,56809,1,-20,False,
2871,56821,1,-19,False,
2872,56827,-1,-20,False,
2873,56857,-1,-21,False,
2874,56893,-1,-22,False,
2875,56911,1,-21,False,
2876,56923,-1,-22,False,
2877,56929,1,-21,False,
2878,56941,1,-20,False,
2879,56983,-1,-21,False,
2880,56989,1,-20,False,
2881,57037,-1,-21,False,
2882,57073,-1,-22,False,
2883,57097,-1,-23,False,
2884,57139,1,-22,False,
2885,57163,-1,-23,False,
2886,57193,-1,-24,False,
2887,57223,-1,-25,False,
2888,57241,1,-24,False,
2889,57259,1,-23,False,
2890,57271,1,-22,False,
2891,57283,-1,-23,False,
2892,57301,1,-22,False,
2893,57331,1,-21,False,
2894,57349,1,-20,False,
2895,57367,-1,-21,False,
2896,57373,-1,-22,False,
2897,57397,-1,-23,False,
2898,57427,-1,-24,False,
2899,57457,-1,-25,False,
2900,57487,-1,-26,False,
2901,57493,-1,-27,False,
2902,57529,1,-26,False,
2903,57559,1,-25,False,
2904,57571,1,-24,False,
2905,57601,1,-23,False,
2906,57637,-1,-24,False,
2907,57649,1,-23,False,
2908,57667,-1,-24,False,
2909,57679,1,-23,False,
2910,57697,-1,-24,False,
2911,57709,1,-23,False,
2912,57727,-1,-24,False,
2913,57751,1,-23,False,
2914,57781,1,-22,False,
2915,57787,-1,-23,False,
2916,57793,-1,-24,False,
2917,57829,1,-23,False,
2918,57847,-1,-24,False,
2919,57853,-1,-25,False,
2920,57859,1,-24,False,
2921,57901,1,-23,False,
2922,57943,-1,-24,False,
2923,57973,-1,-25,False,
2924,57991,1,-24,False,
2925,58027,-1,-25,False,
2926,58057,-1,-26,False,
2927,58099,1,-25,False,
2928,58111,1,-24,False,
2929,58129,1,-23,False,
2930,58147,-1,-24,False,
2931,58153,-1,-25,False,
2932,58171,1,-24,False,
2933,58189,1,-23,False,
2934,58207,-1,-24,False,
2935,58231,1,-23,False,
2936,58237,-1,-24,False,
2937,58243,-1,-25,False,
2938,58309,1,-24,False,
2939,58321,1,-23,False,
2940,58363,-1,-24,False,
2941,58369,1,-23,False,
2942,58393,-1,-24,False,
2943,58411,1,-23,False,
2944,58417,-1,-24,False,
2945,58441,1,-23,False,
2946,58453,-1,-24,False,
2947,58477,-1,-25,False,
2948,58537,-1,-26,False,
2949,58543,-1,-27,False,
2950,58549,1,-26,False,
2951,58567,-1,-27,False,
2952,58573,-1,-28,False,
2953,58579,1,-27,False,
2954,58603,-1,-28,False,
2955,58657,-1,-29,False,
2956,58687,-1,-30,False,
2957,58693,-1,-31,False,
2958,58699,1,-30,False,
2959,58711,1,-29,False,
2960,58741,1,-28,False,
2961,58771,1,-27,False,
2962,58789,1,-26,False,
2963,58831,1,-25,False,
2964,58897,-1,-26,False,
2965,58909,1,-25,False,
2966,58921,1,-24,False,
2967,58963,-1,-25,False,
2968,59011,1,-24,False,
2969,59023,-1,-25,False,
2970,59029,1,-24,False,
2971,59053,-1,-25,False,
2972,59077,-1,-26,False,
2973,59083,-1,-27,False,
2974,59107,-1,-28,False,
2975,59113,-1,-29,False,
2976,59119,1,-28,False,
2977,59149,1,-27,False,
2978,59167,-1,-28,False,
2979,59197,-1,-29,False,
2980,59209,1,-28,False,
2981,59221,1,-27,False,
2982,59233,-1,-28,False,
2983,59239,1,-27,False,
2984,59263,-1,-28,False,
2985,59281,1,-27,False,
2986,59341,1,-26,False,
2987,59359,1,-25,False,
2988,59377,-1,-26,False,
2989,59407,-1,-27,False,
2990,59419,1,-26,False,
2991,59443,-1,-27,False,
2992,59467,-1,-28,False,
2993,59473,-1,-29,False,
2994,59497,-1,-30,False,
2995,59509,1,-29,False,
2996,59539,1,-28,False,
2997,59557,-1,-29,False,
2998,59581,1,-28,False,
2999,59611,1,-27,False,
3000,59617,-1,-28,False,
3001,59629,1,-27,False,
3002,59659,1,-26,False,
3003,59671,1,-25,False,
3004,59707,-1,-26,False,
3005,59743,-1,-27,False,
3006,59779,1,-26,False,
3007,59791,1,-25,False,
3008,59797,-1,-26,False,
3009,59809,1,-25,False,
3010,59833,-1,-26,False,
3011,59863,-1,-27,False,
3012,59887,-1,-28,False,
3013,59929,1,-27,False,
3014,59971,1,-26,False,
3015,60013,-1,-27,False,
3016,60037,-1,-28,False,
3017,60091,1,-27,False,
3018,60103,-1,-28,False,
3019,60127,-1,-29,False,
3020,60133,-1,-30,False,
3021,60139,1,-29,False,
3022,60169,1,-28,False,
3023,60217,-1,-29,False,
3024,60223,-1,-30,False,
3025,60259,1,-29,False,
3026,60271,1,-28,False,
3027,60289,1,-27,False,
3028,60331,1,-26,False,
3029,60337,-1,-27,False,
3030,60343,-1,-28,False,
3031,60373,-1,-29,False,
3032,60397,-1,-30,False,
3033,60427,-1,-31,False,
3034,60457,-1,-32,False,
3035,60493,-1,-33,False,
3036,60589,1,-32,False,
3037,60601,1,-31,False,
3038,60607,-1,-32,False,
3039,60631,1,-31,False,
3040,60637,-1,-32,False,
3041,60649,1,-31,False,
3042,60661,1,-30,False,
3043,60679,1,-29,False,
3044,60703,-1,-30,False,
3045,60727,-1,-31,False,
3046,60733,-1,-32,False,
3047,60757,-1,-33,False,
3048,60763,-1,-34,False,
3049,60793,-1,-35,False,
3050,60811,1,-34,False,
3051,60859,1,-33,False,
3052,60889,1,-32,False,
3053,60901,1,-31,False,
3054,60913,-1,-32,False,
3055,60919,1,-31,False,
3056,60937,-1,-32,False,
3057,60943,-1,-33,False,
3058,60961,1,-32,False,
3059,61027,-1,-33,False,
3060,61051,1,-32,False,
3061,61057,-1,-33,False,
3062,61099,1,-32,False,
3063,61129,1,-31,False,
3064,61141,1,-30,False,
3065,61153,-1,-31,False,
3066,61231,1,-30,False,
3067,61261,1,-29,False,
3068,61291,1,-28,False,
3069,61297,-1,-29,False,
3070,61333,-1,-30,False,
3071,61339,1,-29,False,
3072,61357,-1,-30,False,
3073,61363,-1,-31,False,
3074,61381,1,-30,False,
3075,61417,-1,-31,False,
3076,61441,1,-30,False,
3077,61471,1,-29,False,
3078,61483,-1,-30,False,
3079,61507,-1,-31,False,
3080,61519,1,-30,False,
3081,61543,-1,-31,False,
3082,61561,1,-30,False,
3083,61603,-1,-31,False,
3084,61609,1,-30,False,
3085,61627,-1,-31,False,
3086,61651,1,-30,False,
3087,61657,-1,-31,False,
3088,61681,1,-30,False,
3089,61687,-1,-31,False,
3090,61717,-1,-32,False,
3091,61723,-1,-33,False,
3092,61729,1,-32,False,
3093,61813,-1,-33,False,
3094,61819,1,-32,False,
3095,61837,-1,-33,False,
3096,61843,-1,-34,False,
3097,61861,1,-33,False,
3098,61879,1,-32,False,
3099,61909,1,-31,False,
3100,61927,-1,-32,False,
3101,61933,-1,-33,False,
3102,61981,1,-32,False,
3103,61987,-1,-33,False,
3104,62011,1,-32,False,
3105,62017,-1,-33,False,
3106,62047,-1,-34,False,
3107,62053,-1,-35,False,
3108,62071,1,-34,False,
3109,62119,1,-33,False,
3110,62131,1,-32,False,
3111,62137,-1,-33,False,
3112,62143,-1,-34,False,
3113,62191,1,-33,False,
3114,62233,-1,-34,False,
3115,62299,1,-33,False,
3116,62311,1,-32,False,
3117,62323,-1,-33,False,
3118,62347,-1,-34,False,
3119,62383,-1,-35,False,
3120,62401,1,-34,False,
3121,62467,-1,-35,False,
3122,62473,-1,-36,False,
3123,62497,-1,-37,False,
3124,62533,-1,-38,False,
3125,62539,1,-37,False,
3126,62563,-1,-38,False,
3127,62581,1,-37,False,
3128,62617,-1,-38,False,
3129,62653,-1,-39,False,
3130,62659,1,-38,False,
3131,62683,-1,-39,False,
3132,62701,1,-38,False,
3133,62731,1,-37,False,
3134,62743,-1,-38,False,
3135,62761,1,-37,False,
3136,62773,-1,-38,False,
3137,62791,1,-37,False,
3138,62827,-1,-38,False,
3139,62851,1,-37,False,
3140,62869,1,-36,False,
3141,62929,1,-35,False,
3142,62971,1,-34,False,
3143,62983,-1,-35,False,
3144,62989,1,-34,False,
3145,63031,1,-33,False,
3146,63067,-1,-34,False,
3147,63073,-1,-35,False,
3148,63079,1,-34,False,
3149,63097,-1,-35,False,
3150,63103,-1,-36,False,
3151,63127,-1,-37,False,
3152,63199,1,-36,False,
3153,63211,1,-35,False,
3154,63241,1,-34,False,
3155,63247,-1,-35,False,
3156,63277,-1,-36,False,
3157,63313,-1,-37,False,
3158,63331,1,-36,False,
3159,63337,-1,-37,False,
3160,63361,1,-36,False,
3161,63367,-1,-37,False,
3162,63391,1,-36,False,
3163,63397,-1,-37,False,
3164,63409,1,-36,False,
3165,63421,1,-35,False,
3166,63439,1,-34,False,
3167,63463,-1,-35,False,
3168,63487,-1,-36,False,
3169,63493,-1,-37,False,
3170,63499,1,-36,False,
3171,63541,1,-35,False,
3172,63559,1,-34,False,
3173,63577,-1,-35,False,
3174,63589,1,-34,False,
3175,63601,1,-33,False,
3176,63607,-1,-34,False,
3177,63649,1,-33,False,
3178,63667,-1,-34,False,
3179,63691,1,-33,False,
3180,63697,-1,-34,False,
3181,63703,-1,-35,False,
3182,63709,1,-34,False,
3183,63727,-1,-35,False,
3184,63781,1,-34,False,
3185,63793,-1,-35,False,
3186,63799,1,-34,False,
3187,63823,-1,-35,False,
3188,63841,1,-34,False,
3189,63853,-1,-35,False,
3190,63901,1,-34,False,
3191,63907,-1,-35,False,
3192,63913,-1,-36,False,
3193,63949,1,-35,False,
3194,63997,-1,-36,False,
3195,64033,-1,-37,False,
3196,64063,-1,-38,False,
3197,64081,1,-37,False,
3198,64123,-1,-38,False,
3199,64153,-1,-39,False,
3200,64171,1,-38,False,
3201,64189,1,-37,False,
3202,64231,1,-36,False,
3203,64237,-1,-37,False,
3204,64279,1,-36,False,
3205,64303,-1,-37,False,
3206,64327,-1,-38,False,
3207,64333,-1,-39,False,
3208,64381,1,-38,False,
3209,64399,1,-37,False,
3210,64453,-1,-38,False,
3211,64483,-1,-39,False,
3212,64489,1,-38,False,
3213,64513,-1,-39,False,
3214,64567,-1,-40,False,
3215,64579,1,-39,False,
3216,64591,1,-38,False,
3217,64609,1,-37,False,
3218,64621,1,-36,False,
3219,64627,-1,-37,False,
3220,64633,-1,-38,False,
3221,64663,-1,-39,False,
3222,64693,-1,-40,False,
3223,64717,-1,-41,False,
3224,64747,-1,-42,False,
3225,64783,-1,-43,False,
3226,64849,1,-42,False,
3227,64879,1,-41,False,
3228,64891,1,-40,False,
3229,64921,1,-39,False,
3230,64927,-1,-40,False,
3231,64951,1,-39,False,
3232,64969,1,-38,False,
3233,65011,1,-37,False,
3234,65029,1,-36,False,
3235,65053,-1,-37,False,
3236,65071,1,-36,False,
3237,65089,1,-35,False,
3238,65101,1,-34,False,
3239,65119,1,-33,False,
3240,65167,-1,-34,False,
3241,65173,-1,-35,False,
3242,65179,1,-34,False,
3243,65203,-1,-35,False,
3244,65239,1,-34,False,
3245,65257,-1,-35,False,
3246,65269,1,-34,False,
3247,65287,-1,-35,False,
3248,65293,-1,-36,False,
3249,65323,-1,-37,False,
3250,65353,-1,-38,False,
3251,65371,1,-37,False,
3252,65407,-1,-38,False,
3253,65413,-1,-39,False,
3254,65419,1,-38,False,
3255,65437,-1,-39,False,
3256,65449,1,-38,False,
3257,65479,1,-37,False,
3258,65497,-1,-38,False,
3259,65521,1,-37,False,
3260,65539,1,-36,False,
3261,65551,1,-35,False,
3262,65557,-1,-36,False,
3263,65563,-1,-37,False,
3264,65581,1,-36,False,
3265,65587,-1,-37,False,
3266,65599,1,-36,False,
3267,65617,-1,-37,False,
3268,65629,1,-36,False,
3269,65647,-1,-37,False,
3270,65677,-1,-38,False,
3271,65701,1,-37,False,
3272,65707,-1,-38,False,
3273,65713,-1,-39,False,
3274,65719,1,-38,False,
3275,65731,1,-37,False,
3276,65761,1,-36,False,
3277,65809,1,-35,False,
3278,65827,-1,-36,False,
3279,65839,1,-35,False,
3280,65851,1,-34,False,
3281,65881,1,-33,False,
3282,65899,1,-32,False,
3283,65929,1,-31,False,
3284,65983,-1,-32,False,
3285,66037,-1,-33,False,
3286,66067,-1,-34,False,
3287,66103,-1,-35,False,
3288,66109,1,-34,False,
3289,66169,1,-33,False,
3290,66271,1,-32,False,
3291,66301,1,-31,False,
3292,66337,-1,-32,False,
3293,66343,-1,-33,False,
3294,66361,1,-32,False,
3295,66373,-1,-33,False,
3296,66403,-1,-34,False,
3297,66457,-1,-35,False,
3298,66463,-1,-36,False,
3299,66499,1,-35,False,
3300,66523,-1,-36,False,
3301,66529,1,-35,False,
3302,66541,1,-34,False,
3303,66553,-1,-35,False,
3304,66571,1,-34,False,
3305,66601,1,-33,False,
3306,66643,-1,-34,False,
3307,66697,-1,-35,False,
3308,66721,1,-34,False,
3309,66733,-1,-35,False,
3310,66739,1,-34,False,
3311,66751,1,-33,False,
3312,66763,-1,-34,False,
3313,66841,1,-33,False,
3314,66853,-1,-34,False,
3315,66877,-1,-35,False,
3316,66883,-1,-36,False,
3317,66889,1,-35,False,
3318,66919,1,-34,False,
3319,66931,1,-33,False,
3320,66943,-1,-34,False,
3321,66949,1,-33,False,
3322,66973,-1,-34,False,
3323,67003,-1,-35,False,
3324,67021,1,-34,False,
3325,67033,-1,-35,False,
3326,67057,-1,-36,False,
3327,67129,1,-35,False,
3328,67141,1,-34,False,
3329,67153,-1,-35,False,
3330,67189,1,-34,False,
3331,67213,-1,-35,False,
3332,67219,1,-34,False,
3333,67231,1,-33,False,
3334,67261,1,-32,False,
3335,67273,-1,-33,False,
3336,67339,1,-32,False,
3337,67369,1,-31,False,
3338,67399,1,-30,False,
3339,67411,1,-29,False,
3340,67429,1,-28,False,
3341,67447,-1,-29,False,
3342,67453,-1,-30,False,
3343,67477,-1,-31,False,
3344,67489,1,-30,False,
3345,67531,1,-29,False,
3346,67537,-1,-30,False,
3347,67567,-1,-31,False,
3348,67579,1,-30,False,
3349,67651,1,-29,False,
3350,67699,1,-28,False,
3351,67723,-1,-29,False,
3352,67741,1,-28,False,
3353,67759,1,-27,False,
3354,67777,-1,-28,False,
3355,67783,-1,-29,False,
3356,67789,1,-28,False,
3357,67801,1,-27,False,
3358,67807,-1,-28,False,
3359,67819,1,-27,False,
3360,67843,-1,-28,False,
3361,67867,-1,-29,False,
3362,67891,1,-28,False,
3363,67927,-1,-29,False,
3364,67933,-1,-30,False,
3365,67939,1,-29,False,
3366,67957,-1,-30,False,
3367,67987,-1,-31,False,
3368,67993,-1,-32,False,
3369,68023,-1,-33,False,
3370,68041,1,-32,False,
3371,68053,-1,-33,False,
3372,68059,1,-32,False,
3373,68071,1,-31,False,
3374,68113,-1,-32,False,
3375,68161,1,-31,False,
3376,68209,1,-30,False,
3377,68227,-1,-31,False,
3378,68239,1,-30,False,
3379,68281,1,-29,False,
3380,68311,1,-28,False,
3381,68329,1,-27,False,
3382,68371,1,-26,False,
3383,68389,1,-25,False,
3384,68437,-1,-26,False,
3385,68443,-1,-27,False,
3386,68449,1,-26,False,
3387,68473,-1,-27,False,
3388,68491,1,-26,False,
3389,68521,1,-25,False,
3390,68539,1,-24,False,
3391,68581,1,-23,False,
3392,68611,1,-22,False,
3393,68659,1,-21,False,
3394,68683,-1,-22,False,
3395,68713,-1,-23,False,
3396,68737,-1,-24,False,
3397,68743,-1,-25,False,
3398,68749,1,-24,False,
3399,68767,-1,-25,False,
3400,68791,1,-24,False,
3401,68821,1,-23,False,
3402,68863,-1,-24,False,
3403,68881,1,-23,False,
3404,68899,1,-22,False,
3405,68917,-1,-23,False,
3406,68947,-1,-24,False,
3407,69001,1,-23,False,
3408,69019,1,-22,False,
3409,69031,1,-21,False,
3410,69061,1,-20,False,
3411,69067,-1,-21,False,
3412,69073,-1,-22,False,
3413,69109,1,-21,False,
3414,69127,-1,-22,False,
3415,69151,1,-21,False,
3416,69163,-1,-22,False,
3417,69193,-1,-23,False,
3418,69247,-1,-24,False,
3419,69259,1,-23,False,
3420,69313,-1,-24,False,
3421,69337,-1,-25,False,
3422,69379,1,-24,False,
3423,69403,-1,-25,False,
3424,69427,-1,-26,False,
3425,69439,1,-25,False,
3426,69457,-1,-26,False,
3427,69463,-1,-27,False,
3428,69481,1,-26,False,
3429,69493,-1,-27,False,
3430,69499,1,-26,False,
3431,69661,1,-25,False,
3432,69691,1,-24,False,
3433,69697,-1,-25,False,
3434,69709,1,-24,False,
3435,69739,1,-23,False,
3436,69763,-1,-24,False,
3437,69829,1,-23,False,
3438,69847,-1,-24,False,
3439,69859,1,-23,False,
3440,69877,-1,-24,False,
3441,69931,1,-23,False,
3442,69991,1,-22,False,
3443,69997,-1,-23,False,
3444,70003,-1,-24,False,
3445,70009,1,-23,False,
3446,70039,1,-22,False,
3447,70051,1,-21,False,
3448,70099,1,-20,False,
3449,70111,1,-19,False,
3450,70117,-1,-20,False,
3451,70123,-1,-21,False,
3452,70141,1,-20,False,
3453,70177,-1,-21,False,
3454,70183,-1,-22,False,
3455,70201,1,-21,False,
3456,70207,-1,-22,False,
3457,70237,-1,-23,False,
3458,70249,1,-22,False,
3459,70297,-1,-23,False,
3460,70309,1,-22,False,
3461,70321,1,-21,False,
3462,70327,-1,-22,False,
3463,70351,1,-21,False,
3464,70381,1,-20,False,
3465,70393,-1,-21,False,
3466,70423,-1,-22,False,
3467,70429,1,-21,False,
3468,70459,1,-20,False,
3469,70489,1,-19,False,
3470,70501,1,-18,False,
3471,70507,-1,-19,False,
3472,70537,-1,-20,False,
3473,70549,1,-19,False,
3474,70573,-1,-20,False,
3475,70621,1,-19,False,
3476,70627,-1,-20,False,
3477,70639,1,-19,False,
3478,70657,-1,-20,False,
3479,70663,-1,-21,False,
3480,70687,-1,-22,False,
3481,70717,-1,-23,False,
3482,70729,1,-22,False,
3483,70753,-1,-23,False,
3484,70783,-1,-24,False,
3485,70843,-1,-25,False,
3486,70849,1,-24,False,
3487,70867,-1,-25,False,
3488,70879,1,-24,False,
3489,70891,1,-23,False,
3490,70921,1,-22,False,
3491,70951,1,-21,False,
3492,70957,-1,-22,False,
3493,70969,1,-21,False,
3494,70981,1,-20,False,
3495,70999,1,-19,False,
3496,71011,1,-18,False,
3497,71023,-1,-19,False,
3498,71059,1,-18,False,
3499,71089,1,-17,False,
3500,71119,1,-16,False,
3501,71143,-1,-17,False,
3502,71161,1,-16,False,
3503,71167,-1,-17,False,
3504,71191,1,-16,False,
3505,71209,1,-15,False,
3506,71233,-1,-16,False,
3507,71257,-1,-17,False,
3508,71263,-1,-18,False,
3509,71287,-1,-19,False,
3510,71293,-1,-20,False,
3511,71317,-1,-21,False,
3512,71329,1,-20,False,
3513,71341,1,-19,False,
3514,71347,-1,-20,False,
3515,71353,-1,-21,False,
3516,71359,1,-20,False,
3517,71389,1,-19,False,
3518,71413,-1,-20,False,
3519,71419,1,-19,False,
3520,71437,-1,-20,False,
3521,71443,-1,-21,False,
3522,71473,-1,-22,False,
3523,71479,1,-21,False,
3524,71503,-1,-22,False,
3525,71527,-1,-23,False,
3526,71551,1,-22,False,
3527,71563,-1,-23,False,
3528,71569,1,-22,False,
3529,71593,-1,-23,False,
3530,71647,-1,-24,False,
3531,71671,1,-23,False,
3532,71707,-1,-24,False,
3533,71713,-1,-25,False,
3534,71719,1,-24,False,
3535,71761,1,-23,False,
3536,71809,1,-22,False,
3537,71821,1,-21,False,
3538,71881,1,-20,False,
3539,71887,-1,-21,False,
3540,71899,1,-20,False,
3541,71917,-1,-21,False,
3542,71941,1,-20,False,
3543,71947,-1,-21,False,
3544,71971,1,-20,False,
3545,71983,-1,-21,False,
3546,72019,1,-20,False,
3547,72031,1,-19,False,
3548,72043,-1,-20,False,
3549,72073,-1,-21,False,
3550,72091,1,-20,False,
3551,72103,-1,-21,False,
3552,72109,1,-20,False,
3553,72139,1,-19,False,
3554,72169,1,-18,False,
3555,72211,1,-17,False,
3556,72223,-1,-18,False,
3557,72229,1,-17,False,
3558,72253,-1,-18,False,
3559,72271,1,-17,False,
3560,72277,-1,-18,False,
3561,72307,-1,-19,False,
3562,72313,-1,-20,False,
3563,72337,-1,-21,False,
3564,72367,-1,-22,False,
3565,72379,1,-21,False,
3566,72421,1,-20,False,
3567,72469,1,-19,False,
3568,72481,1,-18,False,
3569,72493,-1,-19,False,
3570,72547,-1,-20,False,
3571,72559,1,-19,False,
3572,72577,-1,-20,False,
3573,72613,-1,-21,False,
3574,72643,-1,-22,False,
3575,72649,1,-21,False,
3576,72661,1,-20,False,
3577,72673,-1,-21,False,
3578,72679,1,-20,False,
3579,72727,-1,-21,False,
3580,72733,-1,-22,False,
3581,72739,1,-21,False,
3582,72763,-1,-22,False,
3583,72817,-1,-23,False,
3584,72823,-1,-24,False,
3585,72859,1,-23,False,
3586,72871,1,-22,False,
3587,72883,-1,-23,False,
3588,72889,1,-22,False,
3589,72901,1,-21,False,
3590,72907,-1,-22,False,
3591,72931,1,-21,False,
3592,72937,-1,-22,False,
3593,72949,1,-21,False,
3594,72973,-1,-22,False,
3595,72997,-1,-23,False,
3596,73009,1,-22,False,
3597,73039,1,-21,False,
3598,73063,-1,-22,False,
3599,73141,1,-21,False,
3600,73189,1,-20,False,
3601,73237,-1,-21,False,
3602,73243,-1,-22,False,
3603,73291,1,-21,False,
3604,73303,-1,-22,False,
3605,73309,1,-21,False,
3606,73327,-1,-22,False,
3607,73351,1,-21,False,
3608,73363,-1,-22,False,
3609,73369,1,-21,False,
3610,73387,-1,-22,False,
3611,73417,-1,-23,False,
3612,73453,-1,-24,False,
3613,73459,1,-23,False,
3614,73471,1,-22,False,
3615,73477,-1,-23,False,
3616,73483,-1,-24,False,
3617,73561,1,-23,False,
3618,73597,-1,-24,False,
3619,73609,1,-23,False,
3620,73651,1,-22,False,
3621,73681,1,-21,False,
3622,73693,-1,-22,False,
3623,73699,1,-21,False,
3624,73771,1,-20,False,
3625,73783,-1,-21,False,
3626,73819,1,-20,False,
3627,73849,1,-19,False,
3628,73867,-1,-20,False,
3629,73897,-1,-21,False,
3630,73939,1,-20,False,
3631,73951,1,-19,False,
3632,73999,1,-18,False,
3633,74017,-1,-19,False,
3634,74047,-1,-20,False,
3635,74071,1,-19,False,
3636,74077,-1,-20,False,
3637,74101,1,-19,False,
3638,74131,1,-18,False,
3639,74143,-1,-19,False,
3640,74149,1,-18,False,
3641,74161,1,-17,False,
3642,74167,-1,-18,False,
3643,74197,-1,-19,False,
3644,74203,-1,-20,False,
3645,74209,1,-19,False,
3646,74257,-1,-20,False,
3647,74287,-1,-21,False,
3648,74293,-1,-22,False,
3649,74311,1,-21,False,
3650,74317,-1,-22,False,
3651,74323,-1,-23,False,
3652,74353,-1,-24,False,
3653,74377,-1,-25,False,
3654,74383,-1,-26,False,
3655,74413,-1,-27,False,
3656,74419,1,-26,False,
3657,74449,1,-25,False,
3658,74509,1,-24,False,
3659,74521,1,-23,False,
3660,74527,-1,-24,False,
3661,74551,1,-23,False,
3662,74587,-1,-24,False,
3663,74611,1,-23,False,
3664,74623,-1,-24,False,
3665,74653,-1,-25,False,
3666,74707,-1,-26,False,
3667,74713,-1,-27,False,
3668,74719,1,-26,False,
3669,74731,1,-25,False,
3670,74761,1,-24,False,
3671,74779,1,-23,False,
3672,74797,-1,-24,False,
3673,74821,1,-23,False,
3674,74827,-1,-24,False,
3675,74857,-1,-25,False,
3676,74869,1,-24,False,
3677,74887,-1,-25,False,
3678,74923,-1,-26,False,
3679,74929,1,-25,False,
3680,74941,1,-24,False,
3681,74959,1,-23,False,
3682,75013,-1,-24,False,
3683,75037,-1,-25,False,
3684,75079,1,-24,False,
3685,75109,1,-23,False,
3686,75133,-1,-24,False,
3687,75169,1,-23,False,
3688,75181,1,-22,False,
3689,75193,-1,-23,False,
3690,75211,1,-22,False,
3691,75217,-1,-23,False,
3692,75223,-1,-24,False,
3693,75253,-1,-25,False,
3694,75277,-1,-26,False,
3695,75289,1,-25,False,
3696,75307,-1,-26,False,
3697,75337,-1,-27,False,
3698,75367,-1,-28,False,
3699,75391,1,-27,False,
3700,75403,-1,-28,False,
3701,75511,1,-27,False,
3702,75541,1,-26,False,
3703,75553,-1,-27,False,
3704,75571,1,-26,False,
3705,75577,-1,-27,False,
3706,75583,-1,-28,False,
3707,75619,1,-27,False,
3708,75679,1,-26,False,
3709,75703,-1,-27,False,
3710,75709,1,-26,False,
3711,75721,1,-25,False,
3712,75781,1,-24,False,
3713,75787,-1,-25,False,
3714,75793,-1,-26,False,
3715,75853,-1,-27,False,
3716,75883,-1,-28,False,
3717,75913,-1,-29,False,
3718,75931,1,-28,False,
3719,75937,-1,-29,False,
3720,75967,-1,-30,False,
3721,75979,1,-29,False,
3722,75991,1,-28,False,
3723,75997,-1,-29,False,
3724,76003,-1,-30,False,
3725,76039,1,-29,False,
3726,76081,1,-28,False,
3727,76099,1,-27,False,
3728,76123,-1,-28,False,
3729,76129,1,-27,False,
3730,76147,-1,-28,False,
3731,76159,1,-27,False,
3732,76207,-1,-28,False,
3733,76213,-1,-29,False,
3734,76231,1,-28,False,
3735,76243,-1,-29,False,
3736,76249,1,-28,False,
3737,76261,1,-27,False,
3738,76303,-1,-28,False,
3739,76333,-1,-29,False,
3740,76369,1,-28,False,
3741,76387,-1,-29,False,
3742,76423,-1,-30,False,
3743,76441,1,-29,False,
3744,76471,1,-28,False,
3745,76507,-1,-29,False,
3746,76519,1,-28,False,
3747,76537,-1,-29,False,
3748,76543,-1,-30,False,
3749,76561,1,-29,False,
3750,76579,1,-28,False,
3751,76597,-1,-29,False,
3752,76603,-1,-30,False,
3753,76651,1,-29,False,
3754,76717,-1,-30,False,
3755,76753,-1,-31,False,
3756,76771,1,-30,False,
3757,76777,-1,-31,False,
3758,76801,1,-30,False,
3759,76819,1,-29,False,
3760,76831,1,-28,False,
3761,76837,-1,-29,False,
3762,76873,-1,-30,False,
3763,76963,-1,-31,False,
3764,77017,-1,-32,False,
3765,77023,-1,-33,False,
3766,77029,1,-32,False,
3767,77041,1,-31,False,
3768,77047,-1,-32,False,
3769,77101,1,-31,False,
3770,77137,-1,-32,False,
3771,77167,-1,-33,False,
3772,77191,1,-32,False,
3773,77239,1,-31,False,
3774,77263,-1,-32,False,
3775,77269,1,-31,False,
3776,77317,-1,-32,False,
3777,77323,-1,-33,False,
3778,77347,-1,-34,False,
3779,77359,1,-33,False,
3780,77377,-1,-34,False,
3781,77383,-1,-35,False,
3782,77419,1,-34,False,
3783,77431,1,-33,False,
3784,77479,1,-32,False,
3785,77491,1,-31,False,
3786,77509,1,-30,False,
3787,77521,1,-29,False,
3788,77527,-1,-30,False,
3789,77551,1,-29,False,
3790,77557,-1,-30,False,
3791,77563,-1,-31,False,
3792,77569,1,-30,False,
3793,77587,-1,-31,False,
3794,77611,1,-30,False,
3795,77617,-1,-31,False,
3796,77641,1,-30,False,
3797,77647,-1,-31,False,
3798,77659,1,-30,False,
3799,77689,1,-29,False,
3800,77713,-1,-30,False,
3801,77719,1,-29,False,
3802,77731,1,-28,False,
3803,77743,-1,-29,False,
3804,77761,1,-28,False,
3805,77773,-1,-29,False,
3806,77797,-1,-30,False,
3807,77839,1,-29,False,
3808,77863,-1,-30,False,
3809,77893,-1,-31,False,
3810,77899,1,-30,False,
3811,77929,1,-29,False,
3812,77977,-1,-30,False,
3813,77983,-1,-31,False,
3814,78007,-1,-32,False,
3815,78031,1,-31,False,
3816,78049,1,-30,False,
3817,78079,1,-29,False,
3818,78121,1,-28,False,
3819,78139,1,-27,False,
3820,78157,-1,-28,False,
3821,78163,-1,-29,False,
3822,78193,-1,-30,False,
3823,78229,1,-29,False,
3824,78241,1,-28,False,
3825,78259,1,-27,False,
3826,78277,-1,-28,False,
3827,78283,-1,-29,False,
3828,78301,1,-28,False,
3829,78307,-1,-29,False,
3830,78367,-1,-30,False,
3831,78427,-1,-31,False,
3832,78439,1,-30,False,
3833,78487,-1,-31,False,
3834,78511,1,-30,False,
3835,78517,-1,-31,False,
3836,78541,1,-30,False,
3837,78553,-1,-31,False,
3838,78571,1,-30,False,
3839,78577,-1,-31,False,
3840,78583,-1,-32,False,
3841,78607,-1,-33,False,
3842,78643,-1,-34,False,
3843,78649,1,-33,False,
3844,78691,1,-32,False,
3845,78697,-1,-33,False,
3846,78721,1,-32,False,
3847,78781,1,-31,False,
3848,78787,-1,-32,False,
3849,78823,-1,-33,False,
3850,78853,-1,-34,False,
3851,78877,-1,-35,False,
3852,78889,1,-34,False,
3853,78901,1,-33,False,
3854,78919,1,-32,False,
3855,78979,1,-31,False,
3856,79039,1,-30,False,
3857,79063,-1,-31,False,
3858,79087,-1,-32,False,
3859,79111,1,-31,False,
3860,79147,-1,-32,False,
3861,79153,-1,-33,False,
3862,79159,1,-32,False,
3863,79201,1,-31,False,
3864,79231,1,-30,False,
3865,79273,-1,-31,False,
3866,79279,1,-30,False,
3867,79309,1,-29,False,
3868,79333,-1,-30,False,
3869,79357,-1,-31,False,
3870,79393,-1,-32,False,
3871,79399,1,-31,False,
3872,79411,1,-30,False,
3873,79423,-1,-31,False,
3874,79531,1,-30,False,
3875,79537,-1,-31,False,
3876,79549,1,-30,False,
3877,79561,1,-29,False,
3878,79579,1,-28,False,
3879,79609,1,-27,False,
3880,79621,1,-26,False,
3881,79627,-1,-27,False,
3882,79633,-1,-28,False,
3883,79657,-1,-29,False,
3884,79669,1,-28,False,
3885,79687,-1,-29,False,
3886,79693,-1,-30,False,
3887,79699,1,-29,False,
3888,79777,-1,-30,False,
3889,79801,1,-29,False,
3890,79813,-1,-30,False,
3891,79843,-1,-31,False,
3892,79861,1,-30,False,
3893,79867,-1,-31,False,
3894,79873,-1,-32,False,
3895,79903,-1,-33,False,
3896,79939,1,-32,False,
3897,79987,-1,-33,False,
3898,79999,1,-32,False,
3899,80071,1,-31,False,
3900,80077,-1,-32,False,
3901,80107,-1,-33,False,
3902,80149,1,-32,False,
3903,80167,-1,-33,False,
3904,80173,-1,-34,False,
3905,80191,1,-33,False,
3906,80209,1,-32,False,
3907,80221,1,-31,False,
3908,80233,-1,-32,False,
3909,80239,1,-31,False,
3910,80251,1,-30,False,
3911,80263,-1,-31,False,
3912,80287,-1,-32,False,
3913,80317,-1,-33,False,
3914,80329,1,-32,False,
3915,80341,1,-31,False,
3916,80347,-1,-32,False,
3917,80407,-1,-33,False,
3918,80449,1,-32,False,
3919,80473,-1,-33,False,
3920,80491,1,-32,False,
3921,80527,-1,-33,False,
3922,80557,-1,-34,False,
3923,80599,1,-33,False,
3924,80611,1,-32,False,
3925,80629,1,-31,False,
3926,80671,1,-30,False,
3927,80677,-1,-31,False,
3928,80683,-1,-32,False,
3929,80701,1,-31,False,
3930,80713,-1,-32,False,
3931,80737,-1,-33,False,
3932,80749,1,-32,False,
3933,80761,1,-31,False,
3934,80779,1,-30,False,
3935,80803,-1,-31,False,
3936,80809,1,-30,False,
3937,80833,-1,-31,False,
3938,80863,-1,-32,False,
3939,80911,1,-31,False,
3940,80917,-1,-32,False,
3941,80923,-1,-33,False,
3942,80929,1,-32,False,
3943,80953,-1,-33,False,
3944,80989,1,-32,False,
3945,81001,1,-31,False,
3946,81013,-1,-32,False,
3947,81019,1,-31,False,
3948,81031,1,-30,False,
3949,81043,-1,-31,False,
3950,81049,1,-30,False,
3951,81097,-1,-31,False,
3952,81157,-1,-32,False,
3953,81163,-1,-33,False,
3954,81181,1,-32,False,
3955,81199,1,-31,False,
3956,81223,-1,-32,False,
3957,81283,-1,-33,False,
3958,81307,-1,-34,False,
3959,81331,1,-33,False,
3960,81343,-1,-34,False,
3961,81349,1,-33,False,
3962,81373,-1,-34,False,
3963,81409,1,-33,False,
3964,81421,1,-32,False,
3965,81439,1,-31,False,
3966,81457,-1,-32,False,
3967,81463,-1,-33,False,
3968,81517,-1,-34,False,
3969,81547,-1,-35,False,
3970,81553,-1,-36,False,
3971,81559,1,-35,False,
3972,81619,1,-34,False,
3973,81637,-1,-35,False,
3974,81649,1,-34,False,
3975,81667,-1,-35,False,
3976,81703,-1,-36,False,
3977,81727,-1,-37,False,
3978,81769,1,-36,False,
3979,81799,1,-35,False,
3980,81817,-1,-36,False,
3981,81847,-1,-37,False,
3982,81853,-1,-38,False,
3983,81883,-1,-39,False,
3984,81901,1,-38,False,
3985,81919,1,-37,False,
3986,81931,1,-36,False,
3987,81937,-1,-37,False,
3988,81943,-1,-38,False,
3989,81967,-1,-39,False,
3990,81973,-1,-40,False,
3991,82003,-1,-41,False,
3992,82009,1,-40,False,
3993,82021,1,-39,False,
3994,82039,1,-38,False,
3995,82051,1,-37,False,
3996,82129,1,-36,False,
3997,82141,1,-35,False,
3998,82153,-1,-36,False,
3999,82171,1,-35,False,
4000,82183,-1,-36,False,
4001,82189,1,-35,False,
4002,82207,-1,-36,False,
4003,82219,1,-35,False,
4004,82231,1,-34,False,
4005,82237,-1,-35,False,
4006,82261,1,-34,False,
4007,82267,-1,-35,False,
4008,82279,1,-34,False,
4009,82339,1,-33,False,
4010,82351,1,-32,False,
4011,82387,-1,-33,False,
4012,82393,-1,-34,False,
4013,82471,1,-33,False,
4014,82483,-1,-34,False,
4015,82507,-1,-35,False,
4016,82531,1,-34,False,
4017,82549,1,-33,False,
4018,82561,1,-32,False,
4019,82567,-1,-33,False,
4020,82591,1,-32,False,
4021,82609,1,-31,False,
4022,82633,-1,-32,False,
4023,82651,1,-31,False,
4024,82657,-1,-32,False,
4025,82699,1,-31,False,
4026,82723,-1,-32,False,
4027,82729,1,-31,False,
4028,82759,1,-30,False,
4029,82813,-1,-31,False,
4030,82837,-1,-32,False,
4031,82891,1,-31,False,
4032,82903,-1,-32,False,
4033,82939,1,-31,False,
4034,82963,-1,-32,False,
4035,82981,1,-31,False,
4036,83023,-1,-32,False,
4037,83047,-1,-33,False,
4038,83059,1,-32,False,
4039,83071,1,-31,False,
4040,83077,-1,-32,False,
4041,83089,1,-31,False,
4042,83101,1,-30,False,
4043,83137,-1,-31,False,
4044,83203,-1,-32,False,
4045,83221,1,-31,False,
4046,83227,-1,-32,False,
4047,83233,-1,-33,False,
4048,83257,-1,-34,False,
4049,83269,1,-33,False,
4050,83299,1,-32,False,
4051,83311,1,-31,False,
4052,83341,1,-30,False,
4053,83383,-1,-31,False,
4054,83389,1,-30,False,
4055,83401,1,-29,False,
4056,83407,-1,-30,False,
4057,83431,1,-29,False,
4058,83437,-1,-30,False,
4059,83443,-1,-31,False,
4060,83449,1,-30,False,
4061,83497,-1,-31,False,
4062,83557,-1,-32,False,
4063,83563,-1,-33,False,
4064,83617,-1,-34,False,
4065,83641,1,-33,False,
4066,83653,-1,-34,False,
4067,83689,1,-33,False,
4068,83701,1,-32,False,
4069,83719,1,-31,False,
4070,83737,-1,-32,False,
4071,83761,1,-31,False,
4072,83773,-1,-32,False,
4073,83791,1,-31,False,
4074,83833,-1,-32,False,
4075,83857,-1,-33,False,
4076,83869,1,-32,False,
4077,83911,1,-31,False,
4078,83983,-1,-32,False,
4079,84061,1,-31,False,
4080,84067,-1,-32,False,
4081,84121,1,-31,False,
4082,84127,-1,-32,False,
4083,84163,-1,-33,False,
4084,84181,1,-32,False,
4085,84199,1,-31,False,
4086,84211,1,-30,False,
4087,84223,-1,-31,False,
4088,84229,1,-30,False,
4089,84247,-1,-31,False,
4090,84307,-1,-32,False,
4091,84313,-1,-33,False,
4092,84319,1,-32,False,
4093,84349,1,-31,False,
4094,84391,1,-30,False,
4095,84421,1,-29,False,
4096,84457,-1,-30,False,
4097,84463,-1,-31,False,
4098,84481,1,-30,False,
4099,84499,1,-29,False,
4100,84523,-1,-30,False,
4101,84559,1,-29,False,
4102,84589,1,-28,False,
4103,84631,1,-27,False,
4104,84649,1,-26,False,
4105,84673,-1,-27,False,
4106,84691,1,-26,False,
4107,84697,-1,-27,False,
4108,84751,1,-26,False,
4109,84787,-1,-27,False,
4110,84793,-1,-28,False,
4111,84811,1,-27,False,
4112,84859,1,-26,False,
4113,84871,1,-25,False,
4114,84913,-1,-26,False,
4115,84919,1,-25,False,
4116,84961,1,-24,False,
4117,84967,-1,-25,False,
4118,84979,1,-24,False,
4119,84991,1,-23,False,
4120,85009,1,-22,False,
4121,85021,1,-21,False,
4122,85027,-1,-22,False,
4123,85081,1,-21,False,
4124,85087,-1,-22,False,
4125,85093,-1,-23,False,
4126,85147,-1,-24,False,
4127,85159,1,-23,False,
4128,85201,1,-22,False,
4129,85213,-1,-23,False,
4130,85237,-1,-24,False,
4131,85243,-1,-25,False,
4132,85297,-1,-26,False,
4133,85303,-1,-27,False,
4134,85333,-1,-28,False,
4135,85363,-1,-29,False,
4136,85369,1,-28,False,
4137,85381,1,-27,False,
4138,85411,1,-26,False,
4139,85429,1,-25,False,
4140,85447,-1,-26,False,
4141,85453,-1,-27,False,
4142,85513,-1,-28,False,
4143,85531,1,-27,False,
4144,85549,1,-26,False,
4145,85597,-1,-27,False,
4146,85621,1,-26,False,
4147,85627,-1,-27,False,
4148,85639,1,-26,False,
4149,85669,1,-25,False,
4150,85711,1,-24,False,
4151,85717,-1,-25,False,
4152,85819,1,-24,False,
4153,85831,1,-23,False,
4154,85837,-1,-24,False,
4155,85843,-1,-25,False,
4156,85903,-1,-26,False,
4157,85909,1,-25,False,
4158,85933,-1,-26,False,
4159,85999,1,-25,False,
4160,86011,1,-24,False,
4161,86017,-1,-25,False,
4162,86029,1,-24,False,
4163,86077,-1,-25,False,
4164,86083,-1,-26,False,
4165,86113,-1,-27,False,
4166,86131,1,-26,False,
4167,86137,-1,-27,False,
4168,86143,-1,-28,False,
4169,86161,1,-27,False,
4170,86179,1,-26,False,
4171,86197,-1,-27,False,
4172,86209,1,-26,False,
4173,86239,1,-25,False,
4174,86257,-1,-26,False,
4175,86263,-1,-27,False,
4176,86269,1,-26,False,
4177,86287,-1,-27,False,
4178,86293,-1,-28,False,
4179,86311,1,-27,False,
4180,86323,-1,-28,False,
4181,86341,1,-27,False,
4182,86353,-1,-28,False,
4183,86371,1,-27,False,
4184,86389,1,-26,False,
4185,86413,-1,-27,False,
4186,86461,1,-26,False,
4187,86467,-1,-27,False,
4188,86491,1,-26,False,
4189,86509,1,-25,False,
4190,86533,-1,-26,False,
4191,86539,1,-25,False,
4192,86587,-1,-26,False,
4193,86599,1,-25,False,
4194,86629,1,-24,False,
4195,86677,-1,-25,False,
4196,86689,1,-24,False,
4197,86719,1,-23,False,
4198,86743,-1,-24,False,
4199,86767,-1,-25,False,
4200,86851,1,-24,False,
4201,86857,-1,-25,False,
4202,86869,1,-24,False,
4203,86923,-1,-25,False,
4204,86929,1,-24,False,
4205,86959,1,-23,False,
4206,87013,-1,-24,False,
4207,87037,-1,-25,False,
4208,87049,1,-24,False,
4209,87103,-1,-25,False,
4210,87121,1,-24,False,
4211,87133,-1,-25,False,
4212,87151,1,-24,False,
4213,87181,1,-23,False,
4214,87187,-1,-24,False,
4215,87211,1,-23,False,
4216,87223,-1,-24,False,
4217,87253,-1,-25,False,
4218,87277,-1,-26,False,
4219,87313,-1,-27,False,
4220,87337,-1,-28,False,
4221,87403,-1,-29,False,
4222,87421,1,-28,False,
4223,87427,-1,-29,False,
4224,87433,-1,-30,False,
4225,87481,1,-29,False,
4226,87511,1,-28,False,
4227,87517,-1,-29,False,
4228,87523,-1,-30,False,
4229,87541,1,-29,False,
4230,87547,-1,-30,False,
4231,87553,-1,-31,False,
4232,87559,1,-30,False,
4233,87583,-1,-31,False,
4234,87589,1,-30,False,
4235,87613,-1,-31,False,
4236,87631,1,-30,False,
4237,87643,-1,-31,False,
4238,87649,1,-30,False,
4239,87679,1,-29,False,
4240,87691,1,-28,False,
4241,87697,-1,-29,False,
4242,87721,1,-28,False,
4243,87739,1,-27,False,
4244,87751,1,-26,False,
4245,87793,-1,-27,False,
4246,87811,1,-26,False,
4247,87853,-1,-27,False,
4248,87877,-1,-28,False,
4249,87931,1,-27,False,
4250,87943,-1,-28,False,
4251,87961,1,-27,False,
4252,87973,-1,-28,False,
4253,87991,1,-27,False,
4254,88003,-1,-28,False,
4255,88069,1,-27,False,
4256,88093,-1,-28,False,
4257,88117,-1,-29,False,
4258,88129,1,-28,False,
4259,88177,-1,-29,False,
4260,88237,-1,-30,False,
4261,88261,1,-29,False,
4262,88321,1,-28,False,
4263,88327,-1,-29,False,
4264,88339,1,-28,False,
4265,88411,1,-27,False,
4266,88423,-1,-28,False,
4267,88471,1,-27,False,
4268,88513,-1,-28,False,
4269,88591,1,-27,False,
4270,88609,1,-26,False,
4271,88651,1,-25,False,
4272,88657,-1,-26,False,
4273,88663,-1,-27,False,
4274,88681,1,-26,False,
4275,88729,1,-25,False,
4276,88741,1,-24,False,
4277,88747,-1,-25,False,
4278,88771,1,-24,False,
4279,88789,1,-23,False,
4280,88801,1,-22,False,
4281,88807,-1,-23,False,
4282,88813,-1,-24,False,
4283,88819,1,-23,False,
4284,88843,-1,-24,False,
4285,88861,1,-23,False,
4286,88867,-1,-24,False,
4287,88873,-1,-25,False,
4288,88897,-1,-26,False,
4289,88903,-1,-27,False,
4290,88951,1,-26,False,
4291,88969,1,-25,False,
4292,88993,-1,-26,False,
4293,89017,-1,-27,False,
4294,89041,1,-26,False,
4295,89071,1,-25,False,
4296,89083,-1,-26,False,
4297,89101,1,-25,False,
4298,89107,-1,-26,False,
4299,89113,-1,-27,False,
4300,89119,1,-26,False,
4301,89137,-1,-27,False,
4302,89203,-1,-28,False,
4303,89209,1,-27,False,
4304,89227,-1,-28,False,
4305,89269,1,-27,False,
4306,89293,-1,-28,False,
4307,89317,-1,-29,False,
4308,89329,1,-28,False,
4309,89371,1,-27,False,
4310,89413,-1,-28,False,
4311,89431,1,-27,False,
4312,89443,-1,-28,False,
4313,89449,1,-27,False,
4314,89491,1,-26,False,
4315,89521,1,-25,False,
4316,89527,-1,-26,False,
4317,89533,-1,-27,False,
4318,89563,-1,-28,False,
4319,89599,1,-27,False,
4320,89611,1,-26,False,
4321,89653,-1,-27,False,
4322,89659,1,-26,False,
4323,89671,1,-25,False,
4324,89689,1,-24,False,
4325,89767,-1,-25,False,
4326,89779,1,-24,False,
4327,89797,-1,-25,False,
4328,89809,1,-24,False,
4329,89821,1,-23,False,
4330,89833,-1,-24,False,
4331,89839,1,-23,False,
4332,89899,1,-22,False,
4333,89917,-1,-23,False,
4334,89923,-1,-24,False,
4335,89959,1,-23,False,
4336,89977,-1,-24,False,
4337,89983,-1,-25,False,
4338,89989,1,-24,False,
4339,90001,1,-23,False,
4340,90007,-1,-24,False,
4341,90019,1,-23,False,
4342,90031,1,-22,False,
4343,90067,-1,-23,False,
4344,90073,-1,-24,False,
4345,90121,1,-23,False,
4346,90127,-1,-24,False,
4347,90163,-1,-25,False,
4348,90187,-1,-26,False,
4349,90199,1,-25,False,
4350,90217,-1,-26,False,
4351,90247,-1,-27,False,
4352,90271,1,-26,False,
4353,90289,1,-25,False,
4354,90313,-1,-26,False,
4355,90373,-1,-27,False,
4356,90379,1,-26,False,
4357,90397,-1,-27,False,
4358,90403,-1,-28,False,
4359,90439,1,-27,False,
4360,90469,1,-26,False,
4361,90481,1,-25,False,
4362,90499,1,-24,False,
4363,90511,1,-23,False,
4364,90523,-1,-24,False,
4365,90529,1,-23,False,
4366,90547,-1,-24,False,
4367,90583,-1,-25,False,
4368,90619,1,-24,False,
4369,90631,1,-23,False,
4370,90679,1,-22,False,
4371,90697,-1,-23,False,
4372,90703,-1,-24,False,
4373,90709,1,-23,False,
4374,90787,-1,-24,False,
4375,90793,-1,-25,False,
4376,90823,-1,-26,False,
4377,90841,1,-25,False,
4378,90847,-1,-26,False,
4379,90901,1,-25,False,
4380,90907,-1,-26,False,
4381,90931,1,-25,False,
4382,90997,-1,-26,False,
4383,91009,1,-25,False,
4384,91033,-1,-26,False,
4385,91081,1,-25,False,
4386,91099,1,-24,False,
4387,91129,1,-23,False,
4388,91141,1,-22,False,
4389,91153,-1,-23,False,
4390,91159,1,-22,False,
4391,91183,-1,-23,False,
4392,91237,-1,-24,False,
4393,91243,-1,-25,False,
4394,91249,1,-24,False,
4395,91291,1,-23,False,
4396,91297,-1,-24,False,
4397,91303,-1,-25,False,
4398,91309,1,-24,False,
4399,91369,1,-23,False,
4400,91381,1,-22,False,
4401,91387,-1,-23,False,
4402,91393,-1,-24,False,
4403,91411,1,-23,False,
4404,91423,-1,-24,False,
4405,91453,-1,-25,False,
4406,91459,1,-24,False,
4407,91513,-1,-25,False,
4408,91573,-1,-26,False,
4409,91591,1,-25,False,
4410,91621,1,-24,False,
4411,91639,1,-23,False,
4412,91711,1,-22,False,
4413,91753,-1,-23,False,
4414,91771,1,-22,False,
4415,91801,1,-21,False,
4416,91807,-1,-22,False,
4417,91813,-1,-23,False,
4418,91837,-1,-24,False,
4419,91867,-1,-25,False,
4420,91873,-1,-26,False,
4421,91909,1,-25,False,
4422,91921,1,-24,False,
4423,91939,1,-23,False,
4424,91951,1,-22,False,
4425,91957,-1,-23,False,
4426,91969,1,-22,False,
4427,92041,1,-21,False,
4428,92077,-1,-22,False,
4429,92083,-1,-23,False,
4430,92107,-1,-24,False,
4431,92119,1,-23,False,
4432,92143,-1,-24,False,
4433,92173,-1,-25,False,
4434,92179,1,-24,False,
4435,92203,-1,-25,False,
4436,92221,1,-24,False,
4437,92227,-1,-25,False,
4438,92233,-1,-26,False,
4439,92251,1,-25,False,
4440,92269,1,-24,False,
4441,92311,1,-23,False,
4442,92317,-1,-24,False,
4443,92347,-1,-25,False,
4444,92353,-1,-26,False,
4445,92377,-1,-27,False,
4446,92383,-1,-28,False,
4447,92401,1,-27,False,
4448,92413,-1,-28,False,
4449,92419,1,-27,False,
4450,92431,1,-26,False,
4451,92461,1,-25,False,
4452,92467,-1,-26,False,
4453,92479,1,-25,False,
4454,92503,-1,-26,False,
4455,92551,1,-25,False,
4456,92557,-1,-26,False,
4457,92569,1,-25,False,
4458,92581,1,-24,False,
4459,92593,-1,-25,False,
4460,92623,-1,-26,False,
4461,92641,1,-25,False,
4462,92647,-1,-26,False,
4463,92671,1,-25,False,
4464,92683,-1,-26,False,
4465,92707,-1,-27,False,
4466,92737,-1,-28,False,
4467,92761,1,-27,False,
4468,92767,-1,-28,False,
4469,92779,1,-27,False,
4470,92791,1,-26,False,
4471,92809,1,-25,False,
4472,92821,1,-24,False,
4473,92857,-1,-25,False,
4474,92863,-1,-26,False,
4475,92893,-1,-27,False,
4476,92899,1,-26,False,
4477,92941,1,-25,False,
4478,92959,1,-24,False,
4479,93001,1,-23,False,
4480,93097,-1,-24,False,
4481,93103,-1,-25,False,
4482,93133,-1,-26,False,
4483,93139,1,-25,False,
4484,93151,1,-24,False,
4485,93169,1,-23,False,
4486,93187,-1,-24,False,
4487,93199,1,-23,False,
4488,93229,1,-22,False,
4489,93241,1,-21,False,
4490,93253,-1,-22,False,
4491,93283,-1,-23,False,
4492,93307,-1,-24,False,
4493,93319,1,-23,False,
4494,93337,-1,-24,False,
4495,93427,-1,-25,False,
4496,93463,-1,-26,False,
4497,93481,1,-25,False,
4498,93487,-1,-26,False,
4499,93493,-1,-27,False,
4500,93523,-1,-28,False,
4501,93529,1,-27,False,
4502,93553,-1,-28,False,
4503,93559,1,-27,False,
4504,93601,1,-26,False,
4505,93607,-1,-27,False,
4506,93637,-1,-28,False,
4507,93703,-1,-29,False,
4508,93739,1,-28,False,
4509,93763,-1,-29,False,
4510,93787,-1,-30,False,
4511,93811,1,-29,False,
4512,93871,1,-28,False,
4513,93889,1,-27,False,
4514,93901,1,-26,False,
4515,93913,-1,-27,False,
4516,93937,-1,-28,False,
4517,93949,1,-27,False,
4518,93967,-1,-28,False,
4519,93979,1,-27,False,
4520,93997,-1,-28,False,
4521,94009,1,-27,False,
4522,94033,-1,-28,False,
4523,94057,-1,-29,False,
4524,94063,-1,-30,False,
4525,94099,1,-29,False,
4526,94111,1,-28,False,
4527,94117,-1,-29,False,
4528,94153,-1,-30,False,
4529,94201,1,-29,False,
4530,94207,-1,-30,False,
4531,94219,1,-29,False,
4532,94261,1,-28,False,
4533,94273,-1,-29,False,
4534,94291,1,-28,False,
4535,94309,1,-27,False,
4536,94321,1,-26,False,
4537,94327,-1,-27,False,
4538,94351,1,-26,False,
4539,94399,1,-25,False,
4540,94441,1,-24,False,
4541,94447,-1,-25,False,
4542,94477,-1,-26,False,
4543,94483,-1,-27,False,
4544,94513,-1,-28,False,
4545,94531,1,-27,False,
4546,94543,-1,-28,False,
4547,94561,1,-27,False,
4548,94573,-1,-28,False,
4549,94597,-1,-29,False,
4550,94603,-1,-30,False,
4551,94621,1,-29,False,
4552,94651,1,-28,False,
4553,94687,-1,-29,False,
4554,94693,-1,-30,False,
4555,94723,-1,-31,False,
4556,94747,-1,-32,False,
4557,94771,1,-31,False,
4558,94777,-1,-32,False,
4559,94789,1,-31,False,
4560,94819,1,-30,False,
4561,94837,-1,-31,False,
4562,94849,1,-30,False,
4563,94873,-1,-31,False,
4564,94903,-1,-32,False,
4565,94933,-1,-33,False,
4566,94951,1,-32,False,
4567,94993,-1,-33,False,
4568,94999,1,-32,False,
4569,95071,1,-31,False,
4570,95083,-1,-32,False,
4571,95089,1,-31,False,
4572,95101,1,-30,False,
4573,95107,-1,-31,False,
4574,95131,1,-30,False,
4575,95143,-1,-31,False,
4576,95191,1,-30,False,
4577,95203,-1,-31,False,
4578,95233,-1,-32,False,
4579,95239,1,-31,False,
4580,95257,-1,-32,False,
4581,95287,-1,-33,False,
4582,95311,1,-32,False,
4583,95317,-1,-33,False,
4584,95383,-1,-34,False,
4585,95401,1,-33,False,
4586,95413,-1,-34,False,
4587,95419,1,-33,False,
4588,95443,-1,-34,False,
4589,95461,1,-33,False,
4590,95467,-1,-34,False,
4591,95479,1,-33,False,
4592,95527,-1,-34,False,
4593,95539,1,-33,False,
4594,95569,1,-32,False,
4595,95581,1,-31,False,
4596,95617,-1,-32,False,
4597,95629,1,-31,False,
4598,95701,1,-30,False,
4599,95707,-1,-31,False,
4600,95713,-1,-32,False,
4601,95731,1,-31,False,
4602,95737,-1,-32,False,
4603,95773,-1,-33,False,
4604,95791,1,-32,False,
4605,95803,-1,-33,False,
4606,95857,-1,-34,False,
4607,95869,1,-33,False,
4608,95881,1,-32,False,
4609,95911,1,-31,False,
4610,95917,-1,-32,False,
4611,95923,-1,-33,False,
4612,95929,1,-32,False,
4613,95947,-1,-33,False,
4614,95959,1,-32,False,
4615,95971,1,-31,False,
4616,95989,1,-30,False,
4617,96001,1,-29,False,
4618,96013,-1,-30,False,
4619,96043,-1,-31,False,
4620,96079,1,-30,False,
4621,96097,-1,-31,False,
4622,96157,-1,-32,False,
4623,96181,1,-31,False,
4624,96199,1,-30,False,
4625,96211,1,-29,False,
4626,96223,-1,-30,False,
4627,96259,1,-29,False,
4628,96289,1,-28,False,
4629,96331,1,-27,False,
4630,96337,-1,-28,False,
4631,96451,1,-27,False,
4632,96457,-1,-28,False,
4633,96469,1,-27,False,
4634,96487,-1,-28,False,
4635,96493,-1,-29,False,
4636,96517,-1,-30,False,
4637,96553,-1,-31,False,
4638,96589,1,-30,False,
4639,96601,1,-29,False,
4640,96643,-1,-30,False,
4641,96661,1,-29,False,
4642,96667,-1,-30,False,
4643,96697,-1,-31,False,
4644,96703,-1,-32,False,
4645,96739,1,-31,False,
4646,96757,-1,-32,False,
4647,96763,-1,-33,False,
4648,96769,1,-32,False,
4649,96787,-1,-33,False,
4650,96799,1,-32,False,
4651,96823,-1,-33,False,
4652,96847,-1,-34,False,
4653,96907,-1,-35,False,
4654,96931,1,-34,False,
4655,96973,-1,-35,False,
4656,96979,1,-34,False,
4657,96997,-1,-35,False,
4658,97003,-1,-36,False,
4659,97021,1,-35,False,
4660,97039,1,-34,False,
4661,97081,1,-33,False,
4662,97117,-1,-34,False,
4663,97159,1,-33,False,
4664,97171,1,-32,False,
4665,97177,-1,-33,False,
4666,97213,-1,-34,False,
4667,97231,1,-33,False,
4668,97303,-1,-34,False,
4669,97327,-1,-35,False,
4670,97369,1,-34,False,
4671,97381,1,-33,False,
4672,97387,-1,-34,False,
4673,97423,-1,-35,False,
4674,97429,1,-34,False,
4675,97441,1,-33,False,
4676,97453,-1,-34,False,
4677,97459,1,-33,False,
4678,97501,1,-32,False,
4679,97549,1,-31,False,
4680,97561,1,-30,False,
4681,97579,1,-29,False,
4682,97609,1,-28,False,
4683,97651,1,-27,False,
4684,97687,-1,-28,False,
4685,97711,1,-27,False,
4686,97729,1,-26,False,
4687,97771,1,-25,False,
4688,97777,-1,-26,False,
4689,97789,1,-25,False,
4690,97813,-1,-26,False,
4691,97843,-1,-27,False,
4692,97849,1,-26,False,
4693,97861,1,-25,False,
4694,97879,1,-24,False,
4695,97927,-1,-25,False,
4696,97987,-1,-26,False,
4697,98011,1,-25,False,
4698,98017,-1,-26,False,
4699,98041,1,-25,False,
4700,98047,-1,-26,False,
4701,98101,1,-25,False,
4702,98143,-1,-26,False,
4703,98179,1,-25,False,
4704,98221,1,-24,False,
4705,98227,-1,-25,False,
4706,98251,1,-24,False,
4707,98257,-1,-25,False,
4708,98269,1,-24,False,
4709,98299,1,-23,False,
4710,98317,-1,-24,False,
4711,98323,-1,-25,False,
4712,98347,-1,-26,False,
4713,98377,-1,-27,False,
4714,98389,1,-26,False,
4715,98407,-1,-27,False,
4716,98419,1,-26,False,
4717,98443,-1,-27,False,
4718,98467,-1,-28,False,
4719,98473,-1,-29,False,
4720,98479,1,-28,False,
4721,98491,1,-27,False,
4722,98533,-1,-28,False,
4723,98563,-1,-29,False,
4724,98641,1,-28,False,
4725,98689,1,-27,False,
4726,98713,-1,-28,False,
4727,98731,1,-27,False,
4728,98737,-1,-28,False,
4729,98773,-1,-29,False,
4730,98779,1,-28,False,
4731,98809,1,-27,False,
4732,98869,1,-26,False,
4733,98887,-1,-27,False,
4734,98893,-1,-28,False,
4735,98899,1,-27,False,
4736,98911,1,-26,False,
4737,98929,1,-25,False,
4738,98947,-1,-26,False,
4739,98953,-1,-27,False,
4740,99013,-1,-28,False,
4741,99079,1,-27,False,
4742,99103,-1,-28,False,
4743,99109,1,-27,False,
4744,99133,-1,-28,False,
4745,99139,1,-27,False,
4746,99181,1,-26,False,
4747,99223,-1,-27,False,
4748,99241,1,-26,False,
4749,99259,1,-25,False,
4750,99277,-1,-26,False,
4751,99289,1,-25,False,
4752,99349,1,-24,False,
4753,99367,-1,-25,False,
4754,99391,1,-24,False,
4755,99397,-1,-25,False,
4756,99409,1,-24,False,
4757,99439,1,-23,False,
4758,99469,1,-22,False,
4759,99487,-1,-23,False,
4760,99523,-1,-24,False,
4761,99529,1,-23,False,
4762,99559,1,-22,False,
4763,99571,1,-21,False,
4764,99577,-1,-22,False,
4765,99607,-1,-23,False,
4766,99643,-1,-24,False,
4767,99661,1,-23,False,
4768,99667,-1,-24,False,
4769,99679,1,-23,False,
4770,99709,1,-22,False,
4771,99721,1,-21,False,
4772,99733,-1,-22,False,
4773,99787,-1,-23,False,
4774,99793,-1,-24,False,
4775,99817,-1,-25,False,
4776,99823,-1,-26,False,
4777,99829,1,-25,False,
4778,99859,1,-24,False,
4779,99871,1,-23,False,
4780,99877,-1,-24,False,
4781,99901,1,-23,False,
4782,99907,-1,-24,False,
4783,99961,1,-23,False,
4784,99991,1,-22,False,
4785,100003,-1,-23,False,
4786,100057,-1,-24,False,
4787,100069,1,-23,False,
4788,100129,1,-22,False,
4789,100153,-1,-23,False,
4790,100183,-1,-24,False,
4791,100189,1,-23,False,
4792,100207,-1,-24,False,
4793,100213,-1,-25,False,
4794,100237,-1,-26,False,
4795,100267,-1,-27,False,
4796,100279,1,-26,False,
4797,100291,1,-25,False,
4798,100297,-1,-26,False,
4799,100333,-1,-27,False,
4800,100357,-1,-28,False,
4801,100363,-1,-29,False,
4802,100393,-1,-30,False,
4803,100411,1,-29,False,
4804,100417,-1,-30,False,
4805,100447,-1,-31,False,
4806,100459,1,-30,False,
4807,100483,-1,-31,False,
4808,100501,1,-30,False,
4809,100519,1,-29,False,
4810,100537,-1,-30,False,
4811,100549,1,-29,False,
4812,100591,1,-28,False,
4813,100609,1,-27,False,
4814,100621,1,-26,False,
4815,100669,1,-25,False,
4816,100693,-1,-26,False,
4817,100699,1,-25,False,
4818,100741,1,-24,False,
4819,100747,-1,-25,False,
4820,100801,1,-24,False,
4821,100927,-1,-25,False,
4822,100957,-1,-26,False,
4823,100981,1,-25,False,
4824,100987,-1,-26,False,
4825,100999,1,-25,False,
4826,101089,1,-24,False,
4827,101107,-1,-25,False,
4828,101113,-1,-26,False,
4829,101119,1,-25,False,
4830,101149,1,-24,False,
4831,101161,1,-23,False,
4832,101173,-1,-24,False,
4833,101197,-1,-25,False,
4834,101203,-1,-26,False,
4835,101209,1,-25,False,
4836,101221,1,-24,False,
4837,101281,1,-23,False,
4838,101287,-1,-24,False,
4839,101293,-1,-25,False,
4840,101323,-1,-26,False,
4841,101341,1,-25,False,
4842,101347,-1,-26,False,
4843,101359,1,-25,False,
4844,101377,-1,-26,False,
4845,101383,-1,-27,False,
4846,101419,1,-26,False,
4847,101449,1,-25,False,
4848,101467,-1,-26,False,
4849,101503,-1,-27,False,
4850,101527,-1,-28,False,
4851,101533,-1,-29,False,
4852,101581,1,-28,False,
4853,101599,1,-27,False,
4854,101611,1,-26,False,
4855,101641,1,-25,False,
4856,101653,-1,-26,False,
4857,101701,1,-25,False,
4858,101719,1,-24,False,
4859,101737,-1,-25,False,
4860,101749,1,-24,False,
4861,101797,-1,-25,False,
4862,101833,-1,-26,False,
4863,101839,1,-25,False,
4864,101863,-1,-26,False,
4865,101869,1,-25,False,
4866,101917,-1,-26,False,
4867,101929,1,-25,False,
4868,101977,-1,-26,False,
4869,102001,1,-25,False,
4870,102013,-1,-26,False,
4871,102019,1,-25,False,
4872,102031,1,-24,False,
4873,102043,-1,-25,False,
4874,102061,1,-24,False,
4875,102079,1,-23,False,
4876,102103,-1,-24,False,
4877,102121,1,-23,False,
4878,102139,1,-22,False,
4879,102181,1,-21,False,
4880,102199,1,-20,False,
4881,102217,-1,-21,False,
4882,102229,1,-20,False,
4883,102241,1,-19,False,
4884,102253,-1,-20,False,
4885,102259,1,-19,False,
4886,102301,1,-18,False,
4887,102337,-1,-19,False,
4888,102367,-1,-20,False,
4889,102397,-1,-21,False,
4890,102409,1,-20,False,
4891,102433,-1,-21,False,
4892,102451,1,-20,False,
4893,102481,1,-19,False,
4894,102499,1,-18,False,
4895,102523,-1,-19,False,
4896,102547,-1,-20,False,
4897,102559,1,-19,False,
4898,102607,-1,-20,False,
4899,102643,-1,-21,False,
4900,102667,-1,-22,False,
4901,102673,-1,-23,False,
4902,102679,1,-22,False,
4903,102763,-1,-23,False,
4904,102769,1,-22,False,
4905,102793,-1,-23,False,
4906,102811,1,-22,False,
4907,102829,1,-21,False,
4908,102841,1,-20,False,
4909,102859,1,-19,False,
4910,102871,1,-18,False,
4911,102877,-1,-19,False,
4912,102913,-1,-20,False,
4913,102931,1,-19,False,
4914,102967,-1,-20,False,
4915,103069,1,-19,False,
4916,103087,-1,-20,False,
4917,103093,-1,-21,False,
4918,103099,1,-20,False,
4919,103123,-1,-21,False,
4920,103141,1,-20,False,
4921,103171,1,-19,False,
4922,103177,-1,-20,False,
4923,103183,-1,-21,False,
4924,103231,1,-20,False,
4925,103237,-1,-21,False,
4926,103291,1,-20,False,
4927,103333,-1,-21,False,
4928,103357,-1,-22,False,
4929,103387,-1,-23,False,
4930,103393,-1,-24,False,
4931,103399,1,-23,False,
4932,103423,-1,-24,False,
4933,103471,1,-23,False,
4934,103483,-1,-24,False,
4935,103549,1,-23,False,
4936,103561,1,-22,False,
4937,103567,-1,-23,False,
4938,103573,-1,-24,False,
4939,103591,1,-23,False,
4940,103651,1,-22,False,
4941,103657,-1,-23,False,
4942,103669,1,-22,False,
4943,103681,1,-21,False,
4944,103687,-1,-22,False,
4945,103699,1,-21,False,
4946,103723,-1,-22,False,
4947,103801,1,-21,False,
4948,103813,-1,-22,False,
4949,103837,-1,-23,False,
4950,103843,-1,-24,False,
4951,103867,-1,-25,False,
4952,103903,-1,-26,False,
4953,103951,1,-25,False,
4954,103963,-1,-26,False,
4955,103969,1,-25,False,
4956,103981,1,-24,False,
4957,103993,-1,-25,False,
4958,104047,-1,-26,False,
4959,104053,-1,-27,False,
4960,104059,1,-26,False,
4961,104089,1,-25,False,
4962,104107,-1,-26,False,
4963,104113,-1,-27,False,
4964,104119,1,-26,False,
4965,104149,1,-25,False,
4966,104161,1,-24,False,
4967,104173,-1,-25,False,
4968,104179,1,-24,False,
4969,104233,-1,-25,False,
4970,104239,1,-24,False,
4971,104281,1,-23,False,
4972,104287,-1,-24,False,
4973,104311,1,-23,False,
4974,104323,-1,-24,False,
4975,104347,-1,-25,False,
4976,104383,-1,-26,False,
4977,104473,-1,-27,False,
4978,104479,1,-26,False,
4979,104491,1,-25,False,
4980,104527,-1,-26,False,
4981,104551,1,-25,False,
4982,104593,-1,-26,False,
4983,104623,-1,-27,False,
4984,104659,1,-26,False,
4985,104677,-1,-27,False,
4986,104683,-1,-28,False,
4987,104701,1,-27,False,
4988,104707,-1,-28,False,
4989,104743,-1,-29,False,
4990,104761,1,-28,False,
4991,104773,-1,-29,False,
4992,104779,1,-28,False,
4993,104803,-1,-29,False,
4994,104827,-1,-30,False,
4995,104851,1,-29,False,
4996,104869,1,-28,False,
4997,104911,1,-27,False,
4998,104917,-1,-28,False,
4999,104947,-1,-29,False,
5000,104953,-1,-30,False,
