n,prime,chi5,S_n,is_tie,gap_to_next_tie
1,5,0,0,True,2
2,11,1,1,False,
3,17,-1,0,True,2
4,23,-1,-1,False,
5,29,1,0,True,2
6,41,1,1,False,
7,47,-1,0,True,2
8,53,-1,-1,False,
9,59,1,0,True,2
10,71,1,1,False,
11,83,-1,0,True,4
12,89,1,1,False,
13,101,1,2,False,
14,107,-1,1,False,
15,113,-1,0,True,2
16,131,1,1,False,
17,137,-1,0,True,2
18,149,1,1,False,
19,167,-1,0,True,2
20,173,-1,-1,False,
21,179,1,0,True,2
22,191,1,1,False,
23,197,-1,0,True,4
24,227,-1,-1,False,
25,233,-1,-2,False,
26,239,1,-1,False,
27,251,1,0,True,4
28,257,-1,-1,False,
29,263,-1,-2,False,
30,269,1,-1,False,
31,281,1,0,True,2
32,293,-1,-1,False,
33,311,1,0,True,8
34,317,-1,-1,False,
35,347,-1,-2,False,
36,353,-1,-3,False,
37,359,1,-2,False,
38,383,-1,-3,False,
39,389,1,-2,False,
40,401,1,-1,False,
41,419,1,0,True,2
42,431,1,1,False,
43,443,-1,0,True,18
44,449,1,1,False,
45,461,1,2,False,
46,467,-1,1,False,
47,479,1,2,False,
48,491,1,3,False,
49,503,-1,2,False,
50,509,1,3,False,
51,521,1,4,False,
52,557,-1,3,False,
53,563,-1,2,False,
54,569,1,3,False,
55,587,-1,2,False,
56,593,-1,1,False,
57,599,1,2,False,
58,617,-1,1,False,
59,641,1,2,False,
60,647,-1,1,False,
61,653,-1,0,True,2
62,659,1,1,False,
63,677,-1,0,True,2
64,683,-1,-1,False,
65,701,1,0,True,2
66,719,1,1,False,
67,743,-1,0,True,2
68,761,1,1,False,
69,773,-1,0,True,2
70,797,-1,-1,False,
71,809,1,0,True,2
72,821,1,1,False,
73,827,-1,0,True,2
74,839,1,1,False,
75,857,-1,0,True,2
76,863,-1,-1,False,
77,881,1,0,True,2
78,887,-1,-1,False,
79,911,1,0,True,4
80,929,1,1,False,
81,941,1,2,False,
82,947,-1,1,False,
83,953,-1,0,True,2
84,971,1,1,False,
85,977,-1,0,True,4
86,983,-1,-1,False,
87,1013,-1,-2,False,
88,1019,1,-1,False,
89,1031,1,0,True,12
90,1049,1,1,False,
91,1061,1,2,False,
92,1091,1,3,False,
93,1097,-1,2,False,
94,1103,-1,1,False,
95,1109,1,2,False,
96,1151,1,3,False,
97,1163,-1,2,False,
98,1181,1,3,False,
99,1187,-1,2,False,
100,1193,-1,1,False,
101,1217,-1,0,True,2
102,1223,-1,-1,False,
103,1229,1,0,True,2
104,1259,1,1,False,
105,1277,-1,0,True,2
106,1283,-1,-1,False,
107,1289,1,0,True,2
108,1301,1,1,False,
109,1307,-1,0,True,4
110,1319,1,1,False,
111,1361,1,2,False,
112,1367,-1,1,False,
113,1373,-1,0,True,2
114,1409,1,1,False,
115,1427,-1,0,True,2
116,1433,-1,-1,False,
117,1439,1,0,True,4
118,1451,1,1,False,
119,1481,1,2,False,
120,1487,-1,1,False,
121,1493,-1,0,True,4
122,1499,1,1,False,
123,1511,1,2,False,
124,1523,-1,1,False,
125,1553,-1,0,True,6
126,1559,1,1,False,
127,1571,1,2,False,
128,1583,-1,1,False,
129,1601,1,2,False,
130,1607,-1,1,False,
131,1613,-1,0,True,2
132,1619,1,1,False,
133,1637,-1,0,True,4
134,1667,-1,-1,False,
135,1697,-1,-2,False,
136,1709,1,-1,False,
137,1721,1,0,True,26
138,1733,-1,-1,False,
139,1787,-1,-2,False,
140,1811,1,-1,False,
141,1823,-1,-2,False,
142,1847,-1,-3,False,
143,1871,1,-2,False,
144,1877,-1,-3,False,
145,1889,1,-2,False,
146,1901,1,-1,False,
147,1907,-1,-2,False,
148,1913,-1,-3,False,
149,1931,1,-2,False,
150,1949,1,-1,False,
151,1973,-1,-2,False,
152,1979,1,-1,False,
153,1997,-1,-2,False,
154,2003,-1,-3,False,
155,2027,-1,-4,False,
156,2039,1,-3,False,
157,2063,-1,-4,False,
158,2069,1,-3,False,
159,2081,1,-2,False,
160,2087,-1,-3,False,
161,2099,1,-2,False,
162,2111,1,-1,False,
163,2129,1,0,True,2
164,2141,1,1,False,
165,2153,-1,0,True,62
166,2207,-1,-1,False,
167,2213,-1,-2,False,
168,2237,-1,-3,False,
169,2243,-1,-4,False,
170,2267,-1,-5,False,
171,2273,-1,-6,False,
172,2297,-1,-7,False,
173,2309,1,-6,False,
174,2333,-1,-7,False,
175,2339,1,-6,False,
176,2351,1,-5,False,
177,2357,-1,-6,False,
178,2381,1,-5,False,
179,2393,-1,-6,False,
180,2399,1,-5,False,
181,2411,1,-4,False,
182,2417,-1,-5,False,
183,2423,-1,-6,False,
184,2441,1,-5,False,
185,2447,-1,-6,False,
186,2459,1,-5,False,
187,2477,-1,-6,False,
188,2531,1,-5,False,
189,2543,-1,-6,False,
190,2549,1,-5,False,
191,2579,1,-4,False,
192,2591,1,-3,False,
193,2609,1,-2,False,
194,2621,1,-1,False,
195,2633,-1,-2,False,
196,2657,-1,-3,False,
197,2663,-1,-4,False,
198,2687,-1,-5,False,
199,2693,-1,-6,False,
200,2699,1,-5,False,
201,2711,1,-4,False,
202,2729,1,-3,False,
203,2741,1,-2,False,
204,2753,-1,-3,False,
205,2777,-1,-4,False,
206,2789,1,-3,False,
207,2801,1,-2,False,
208,2819,1,-1,False,
209,2837,-1,-2,False,
210,2843,-1,-3,False,
211,2861,1,-2,False,
212,2879,1,-1,False,
213,2897,-1,-2,False,
214,2903,-1,-3,False,
215,2909,1,-2,False,
216,2927,-1,-3,False,
217,2939,1,-2,False,
218,2957,-1,-3,False,
219,2963,-1,-4,False,
220,2969,1,-3,False,
221,2999,1,-2,False,
222,3011,1,-1,False,
223,3023,-1,-2,False,
224,3041,1,-1,False,
225,3083,-1,-2,False,
226,3089,1,-1,False,
227,3119,1,0,True,6
228,3137,-1,-1,False,
229,3167,-1,-2,False,
230,3191,1,-1,False,
231,3203,-1,-2,False,
232,3209,1,-1,False,
233,3221,1,0,True,2
234,3251,1,1,False,
235,3257,-1,0,True,2
236,3299,1,1,False,
237,3323,-1,0,True,2
238,3329,1,1,False,
239,3347,-1,0,True,16
240,3359,1,1,False,
241,3371,1,2,False,
242,3389,1,3,False,
243,3407,-1,2,False,
244,3413,-1,1,False,
245,3449,1,2,False,
246,3461,1,3,False,
247,3467,-1,2,False,
248,3491,1,3,False,
249,3527,-1,2,False,
250,3533,-1,1,False,
251,3539,1,2,False,
252,3557,-1,1,False,
253,3581,1,2,False,
254,3593,-1,1,False,
255,3617,-1,0,True,2
256,3623,-1,-1,False,
257,3659,1,0,True,2
258,3671,1,1,False,
259,3677,-1,0,True,56
260,3701,1,1,False,
261,3719,1,2,False,
262,3761,1,3,False,
263,3767,-1,2,False,
264,3779,1,3,False,
265,3797,-1,2,False,
266,3803,-1,1,False,
267,3821,1,2,False,
268,3833,-1,1,False,
269,3851,1,2,False,
270,3863,-1,1,False,
271,3881,1,2,False,
272,3911,1,3,False,
273,3917,-1,2,False,
274,3923,-1,1,False,
275,3929,1,2,False,
276,3947,-1,1,False,
277,3989,1,2,False,
278,4001,1,3,False,
279,4007,-1,2,False,
280,4013,-1,1,False,
281,4019,1,2,False,
282,4049,1,3,False,
283,4073,-1,2,False,
284,4079,1,3,False,
285,4091,1,4,False,
286,4127,-1,3,False,
287,4133,-1,2,False,
288,4139,1,3,False,
289,4157,-1,2,False,
290,4211,1,3,False,
291,4217,-1,2,False,
292,4229,1,3,False,
293,4241,1,4,False,
294,4253,-1,3,False,
295,4259,1,4,False,
296,4271,1,5,False,
297,4283,-1,4,False,
298,4289,1,5,False,
299,4337,-1,4,False,
300,4349,1,5,False,
301,4373,-1,4,False,
302,4391,1,5,False,
303,4397,-1,4,False,
304,4409,1,5,False,
305,4421,1,6,False,
306,4451,1,7,False,
307,4457,-1,6,False,
308,4463,-1,5,False,
309,4481,1,6,False,
310,4493,-1,5,False,
311,4517,-1,4,False,
312,4523,-1,3,False,
313,4547,-1,2,False,
314,4583,-1,1,False,
315,4637,-1,0,True,2
316,4643,-1,-1,False,
317,4649,1,0,True,2
318,4673,-1,-1,False,
319,4679,1,0,True,2
320,4691,1,1,False,
321,4703,-1,0,True,2
322,4721,1,1,False,
323,4733,-1,0,True,2
324,4751,1,1,False,
325,4787,-1,0,True,2
326,4793,-1,-1,False,
327,4799,1,0,True,2
328,4817,-1,-1,False,
329,4871,1,0,True,2
330,4877,-1,-1,False,
331,4889,1,0,True,4
332,4919,1,1,False,
333,4931,1,2,False,
334,4937,-1,1,False,
335,4943,-1,0,True,6
336,4967,-1,-1,False,
337,4973,-1,-2,False,
338,5003,-1,-3,False,
339,5009,1,-2,False,
340,5021,1,-1,False,
341,5039,1,0,True,6
342,5051,1,1,False,
343,5081,1,2,False,
344,5087,-1,1,False,
345,5099,1,2,False,
346,5147,-1,1,False,
347,5153,-1,0,True,62
348,5171,1,1,False,
349,5189,1,2,False,
350,5231,1,3,False,
351,5237,-1,2,False,
352,5261,1,3,False,
353,5273,-1,2,False,
354,5279,1,3,False,
355,5297,-1,2,False,
356,5303,-1,1,False,
357,5309,1,2,False,
358,5333,-1,1,False,
359,5351,1,2,False,
360,5381,1,3,False,
361,5387,-1,2,False,
362,5393,-1,1,False,
363,5399,1,2,False,
364,5417,-1,1,False,
365,5441,1,2,False,
366,5471,1,3,False,
367,5477,-1,2,False,
368,5483,-1,1,False,
369,5501,1,2,False,
370,5507,-1,1,False,
371,5519,1,2,False,
372,5531,1,3,False,
373,5573,-1,2,False,
374,5591,1,3,False,
375,5639,1,4,False,
376,5651,1,5,False,
377,5657,-1,4,False,
378,5669,1,5,False,
379,5693,-1,4,False,
380,5711,1,5,False,
381,5717,-1,4,False,
382,5741,1,5,False,
383,5783,-1,4,False,
384,5801,1,5,False,
385,5807,-1,4,False,
386,5813,-1,3,False,
387,5843,-1,2,False,
388,5849,1,3,False,
389,5861,1,4,False,
390,5867,-1,3,False,
391,5879,1,4,False,
392,5897,-1,3,False,
393,5903,-1,2,False,
394,5927,-1,1,False,
395,5939,1,2,False,
396,5981,1,3,False,
397,5987,-1,2,False,
398,6011,1,3,False,
399,6029,1,4,False,
400,6047,-1,3,False,
401,6053,-1,2,False,
402,6089,1,3,False,
403,6101,1,4,False,
404,6113,-1,3,False,
405,6131,1,4,False,
406,6143,-1,3,False,
407,6173,-1,2,False,
408,6197,-1,1,False,
409,6203,-1,0,True,2
410,6221,1,1,False,
411,6257,-1,0,True,2
412,6263,-1,-1,False,
413,6269,1,0,True,2
414,6287,-1,-1,False,
415,6299,1,0,True,2
416,6311,1,1,False,
417,6317,-1,0,True,2
418,6323,-1,-1,False,
419,6329,1,0,True,2
420,6353,-1,-1,False,
421,6359,1,0,True,78
422,6389,1,1,False,
423,6449,1,2,False,
424,6473,-1,1,False,
425,6491,1,2,False,
426,6521,1,3,False,
427,6551,1,4,False,
428,6563,-1,3,False,
429,6569,1,4,False,
430,6581,1,5,False,
431,6599,1,6,False,
432,6653,-1,5,False,
433,6659,1,6,False,
434,6689,1,7,False,
435,6701,1,8,False,
436,6719,1,9,False,
437,6737,-1,8,False,
438,6761,1,9,False,
439,6779,1,10,False,
440,6791,1,11,False,
441,6803,-1,10,False,
442,6827,-1,9,False,
443,6833,-1,8,False,
444,6857,-1,7,False,
445,6863,-1,6,False,
446,6869,1,7,False,
447,6899,1,8,False,
448,6911,1,9,False,
449,6917,-1,8,False,
450,6947,-1,7,False,
451,6959,1,8,False,
452,6971,1,9,False,
453,6977,-1,8,False,
454,6983,-1,7,False,
455,7001,1,8,False,
456,7013,-1,7,False,
457,7019,1,8,False,
458,7043,-1,7,False,
459,7079,1,8,False,
460,7103,-1,7,False,
461,7109,1,8,False,
462,7121,1,9,False,
463,7127,-1,8,False,
464,7151,1,9,False,
465,7187,-1,8,False,
466,7193,-1,7,False,
467,7211,1,8,False,
468,7229,1,9,False,
469,7247,-1,8,False,
470,7253,-1,7,False,
471,7283,-1,6,False,
472,7307,-1,5,False,
473,7331,1,6,False,
474,7349,1,7,False,
475,7433,-1,6,False,
476,7451,1,7,False,
477,7457,-1,6,False,
478,7481,1,7,False,
479,7487,-1,6,False,
480,7499,1,7,False,
481,7517,-1,6,False,
482,7523,-1,5,False,
483,7529,1,6,False,
484,7541,1,7,False,
485,7547,-1,6,False,
486,7559,1,7,False,
487,7577,-1,6,False,
488,7583,-1,5,False,
489,7589,1,6,False,
490,7607,-1,5,False,
491,7643,-1,4,False,
492,7649,1,5,False,
493,7673,-1,4,False,
494,7691,1,5,False,
495,7703,-1,4,False,
496,7727,-1,3,False,
497,7757,-1,2,False,
498,7793,-1,1,False,
499,7817,-1,0,True,2
500,7823,-1,-1,False,
501,7829,1,0,True,2
502,7841,1,1,False,
503,7853,-1,0,True,8
504,7877,-1,-1,False,
505,7883,-1,-2,False,
506,7901,1,-1,False,
507,7907,-1,-2,False,
508,7919,1,-1,False,
509,7937,-1,-2,False,
510,7949,1,-1,False,
511,8009,1,0,True,8
512,8039,1,1,False,
513,8069,1,2,False,
514,8081,1,3,False,
515,8087,-1,2,False,
516,8093,-1,1,False,
517,8111,1,2,False,
518,8117,-1,1,False,
519,8123,-1,0,True,2
520,8147,-1,-1,False,
521,8171,1,0,True,4
522,8219,1,1,False,
523,8231,1,2,False,
524,8237,-1,1,False,
525,8243,-1,0,True,2
526,8273,-1,-1,False,
527,8291,1,0,True,70
528,8297,-1,-1,False,
529,8363,-1,-2,False,
530,8369,1,-1,False,
531,8387,-1,-2,False,
532,8423,-1,-3,False,
533,8429,1,-2,False,
534,8447,-1,-3,False,
535,8501,1,-2,False,
536,8513,-1,-3,False,
537,8537,-1,-4,False,
538,8543,-1,-5,False,
539,8573,-1,-6,False,
540,8597,-1,-7,False,
541,8609,1,-6,False,
542,8627,-1,-7,False,
543,8663,-1,-8,False,
544,8669,1,-7,False,
545,8681,1,-6,False,
546,8693,-1,-7,False,
547,8699,1,-6,False,
548,8741,1,-5,False,
549,8747,-1,-6,False,
550,8753,-1,-7,False,
551,8783,-1,-8,False,
552,8807,-1,-9,False,
553,8819,1,-8,False,
554,8831,1,-7,False,
555,8837,-1,-8,False,
556,8849,1,-7,False,
557,8861,1,-6,False,
558,8867,-1,-7,False,
559,8933,-1,-8,False,
560,8951,1,-7,False,
561,8963,-1,-8,False,
562,8969,1,-7,False,
563,8999,1,-6,False,
564,9011,1,-5,False,
565,9029,1,-4,False,
566,9041,1,-3,False,
567,9059,1,-2,False,
568,9137,-1,-3,False,
569,9161,1,-2,False,
570,9173,-1,-3,False,
571,9203,-1,-4,False,
572,9209,1,-3,False,
573,9221,1,-2,False,
574,9227,-1,-3,False,
575,9239,1,-2,False,
576,9257,-1,-3,False,
577,9281,1,-2,False,
578,9293,-1,-3,False,
579,9311,1,-2,False,
580,9323,-1,-3,False,
581,9341,1,-2,False,
582,9371,1,-1,False,
583,9377,-1,-2,False,
584,9413,-1,-3,False,
585,9419,1,-2,False,
586,9431,1,-1,False,
587,9437,-1,-2,False,
588,9461,1,-1,False,
589,9467,-1,-2,False,
590,9473,-1,-3,False,
591,9479,1,-2,False,
592,9491,1,-1,False,
593,9497,-1,-2,False,
594,9521,1,-1,False,
595,9533,-1,-2,False,
596,9539,1,-1,False,
597,9551,1,0,True,6
598,9587,-1,-1,False,
599,9623,-1,-2,False,
600,9629,1,-1,False,
601,9677,-1,-2,False,
602,9689,1,-1,False,
603,9719,1,0,True,2
604,9743,-1,-1,False,
605,9749,1,0,True,2
606,9767,-1,-1,False,
607,9791,1,0,True,4
608,9803,-1,-1,False,
609,9833,-1,-2,False,
610,9839,1,-1,False,
611,9851,1,0,True,18
612,9857,-1,-1,False,
613,9887,-1,-2,False,
614,9923,-1,-3,False,
615,9929,1,-2,False,
616,9941,1,-1,False,
617,10007,-1,-2,False,
618,10037,-1,-3,False,
619,10061,1,-2,False,
620,10067,-1,-3,False,
621,10079,1,-2,False,
622,10091,1,-1,False,
623,10103,-1,-2,False,
624,10133,-1,-3,False,
625,10139,1,-2,False,
626,10151,1,-1,False,
627,10163,-1,-2,False,
628,10169,1,-1,False,
629,10181,1,0,True,2
630,10193,-1,-1,False,
631,10211,1,0,True,6
632,10223,-1,-1,False,
633,10247,-1,-2,False,
634,10253,-1,-3,False,
635,10259,1,-2,False,
636,10271,1,-1,False,
637,10289,1,0,True,2
638,10301,1,1,False,
639,10313,-1,0,True,2
640,10331,1,1,False,
641,10337,-1,0,True,2
642,10343,-1,-1,False,
643,10391,1,0,True,10
644,10427,-1,-1,False,
645,10433,-1,-2,False,
646,10457,-1,-3,False,
647,10463,-1,-4,False,
648,10487,-1,-5,False,
649,10499,1,-4,False,
650,10529,1,-3,False,
651,10559,1,-2,False,
652,10589,1,-1,False,
653,10601,1,0,True,6
654,10607,-1,-1,False,
655,10613,-1,-2,False,
656,10631,1,-1,False,
657,10667,-1,-2,False,
658,10691,1,-1,False,
659,10709,1,0,True,2
660,10733,-1,-1,False,
661,10739,1,0,True,4
662,10781,1,1,False,
663,10799,1,2,False,
664,10847,-1,1,False,
665,10853,-1,0,True,2
666,10859,1,1,False,
667,10883,-1,0,True,2
668,10889,1,1,False,
669,10937,-1,0,True,2
670,10949,1,1,False,
671,10973,-1,0,True,2
672,10979,1,1,False,
673,11003,-1,0,True,20
674,11027,-1,-1,False,
675,11057,-1,-2,False,
676,11069,1,-1,False,
677,11087,-1,-2,False,
678,11093,-1,-3,False,
679,11117,-1,-4,False,
680,11159,1,-3,False,
681,11171,1,-2,False,
682,11177,-1,-3,False,
683,11213,-1,-4,False,
684,11243,-1,-5,False,
685,11261,1,-4,False,
686,11273,-1,-5,False,
687,11279,1,-4,False,
688,11321,1,-3,False,
689,11351,1,-2,False,
690,11369,1,-1,False,
691,11393,-1,-2,False,
692,11399,1,-1,False,
693,11411,1,0,True,6
694,11423,-1,-1,False,
695,11447,-1,-2,False,
696,11471,1,-1,False,
697,11483,-1,-2,False,
698,11489,1,-1,False,
699,11519,1,0,True,6
700,11549,1,1,False,
701,11579,1,2,False,
702,11597,-1,1,False,
703,11621,1,2,False,
704,11633,-1,1,False,
705,11657,-1,0,True,4
706,11681,1,1,False,
707,11699,1,2,False,
708,11717,-1,1,False,
709,11777,-1,0,True,2
710,11783,-1,-1,False,
711,11789,1,0,True,2
712,11801,1,1,False,
713,11807,-1,0,True,2
714,11813,-1,-1,False,
715,11831,1,0,True,12
716,11867,-1,-1,False,
717,11897,-1,-2,False,
718,11903,-1,-3,False,
719,11909,1,-2,False,
720,11927,-1,-3,False,
721,11933,-1,-4,False,
722,11939,1,-3,False,
723,11969,1,-2,False,
724,11981,1,-1,False,
725,11987,-1,-2,False,
726,12011,1,-1,False,
727,12041,1,0,True,4
728,12071,1,1,False,
729,12101,1,2,False,
730,12107,-1,1,False,
731,12113,-1,0,True,2
732,12119,1,1,False,
733,12143,-1,0,True,4
734,12149,1,1,False,
735,12161,1,2,False,
736,12197,-1,1,False,
737,12203,-1,0,True,2
738,12227,-1,-1,False,
739,12239,1,0,True,2
740,12251,1,1,False,
741,12263,-1,0,True,6
742,12269,1,1,False,
743,12281,1,2,False,
744,12323,-1,1,False,
745,12329,1,2,False,
746,12347,-1,1,False,
747,12377,-1,0,True,2
748,12401,1,1,False,
749,12413,-1,0,True,4
750,12437,-1,-1,False,
751,12473,-1,-2,False,
752,12479,1,-1,False,
753,12491,1,0,True,6
754,12497,-1,-1,False,
755,12503,-1,-2,False,
756,12527,-1,-3,False,
757,12539,1,-2,False,
758,12569,1,-1,False,
759,12611,1,0,True,2
760,12641,1,1,False,
761,12647,-1,0,True,2
762,12653,-1,-1,False,
763,12659,1,0,True,4
764,12671,1,1,False,
765,12689,1,2,False,
766,12713,-1,1,False,
767,12743,-1,0,True,16
768,12791,1,1,False,
769,12809,1,2,False,
770,12821,1,3,False,
771,12893,-1,2,False,
772,12899,1,3,False,
773,12911,1,4,False,
774,12917,-1,3,False,
775,12923,-1,2,False,
776,12941,1,3,False,
777,12953,-1,2,False,
778,12959,1,3,False,
779,12983,-1,2,False,
780,13001,1,3,False,
781,13007,-1,2,False,
782,13037,-1,1,False,
783,13043,-1,0,True,2
784,13049,1,1,False,
785,13103,-1,0,True,6
786,13109,1,1,False,
787,13121,1,2,False,
788,13127,-1,1,False,
789,13151,1,2,False,
790,13163,-1,1,False,
791,13187,-1,0,True,2
792,13217,-1,-1,False,
793,13229,1,0,True,6
794,13241,1,1,False,
795,13259,1,2,False,
796,13313,-1,1,False,
797,13331,1,2,False,
798,13337,-1,1,False,
799,13367,-1,0,True,2
800,13397,-1,-1,False,
801,13421,1,0,True,2
802,13451,1,1,False,
803,13457,-1,0,True,2
804,13463,-1,-1,False,
805,13469,1,0,True,2
806,13487,-1,-1,False,
807,13499,1,0,True,8
808,13523,-1,-1,False,
809,13553,-1,-2,False,
810,13577,-1,-3,False,
811,13613,-1,-4,False,
812,13619,1,-3,False,
813,13649,1,-2,False,
814,13679,1,-1,False,
815,13691,1,0,True,2
816,13697,-1,-1,False,
817,13709,1,0,True,4
818,13721,1,1,False,
819,13751,1,2,False,
820,13757,-1,1,False,
821,13763,-1,0,True,20
822,13781,1,1,False,
823,13799,1,2,False,
824,13829,1,3,False,
825,13841,1,4,False,
826,13859,1,5,False,
827,13877,-1,4,False,
828,13883,-1,3,False,
829,13901,1,4,False,
830,13907,-1,3,False,
831,13913,-1,2,False,
832,13931,1,3,False,
833,13967,-1,2,False,
834,13997,-1,1,False,
835,14009,1,2,False,
836,14033,-1,1,False,
837,14051,1,2,False,
838,14057,-1,1,False,
839,14081,1,2,False,
840,14087,-1,1,False,
841,14153,-1,0,True,2
842,14159,1,1,False,
843,14177,-1,0,True,18
844,14207,-1,-1,False,
845,14243,-1,-2,False,
846,14249,1,-1,False,
847,14303,-1,-2,False,
848,14321,1,-1,False,
849,14327,-1,-2,False,
850,14369,1,-1,False,
851,14387,-1,-2,False,
852,14411,1,-1,False,
853,14423,-1,-2,False,
854,14447,-1,-3,False,
855,14489,1,-2,False,
856,14519,1,-1,False,
857,14537,-1,-2,False,
858,14543,-1,-3,False,
859,14549,1,-2,False,
860,14561,1,-1,False,
861,14591,1,0,True,2
862,14621,1,1,False,
863,14627,-1,0,True,2
864,14633,-1,-1,False,
865,14639,1,0,True,2
866,14657,-1,-1,False,
867,14669,1,0,True,2
868,14699,1,1,False,
869,14717,-1,0,True,2
870,14723,-1,-1,False,
871,14741,1,0,True,4
872,14747,-1,-1,False,
873,14753,-1,-2,False,
874,14759,1,-1,False,
875,14771,1,0,True,10
876,14783,-1,-1,False,
877,14813,-1,-2,False,
878,14831,1,-1,False,
879,14843,-1,-2,False,
880,14867,-1,-3,False,
881,14879,1,-2,False,
882,14891,1,-1,False,
883,14897,-1,-2,False,
884,14939,1,-1,False,
885,14951,1,0,True,2
886,14957,-1,-1,False,
887,14969,1,0,True,194
888,15017,-1,-1,False,
889,15053,-1,-2,False,
890,15077,-1,-3,False,
891,15083,-1,-4,False,
892,15101,1,-3,False,
893,15107,-1,-4,False,
894,15131,1,-3,False,
895,15137,-1,-4,False,
896,15149,1,-3,False,
897,15161,1,-2,False,
898,15173,-1,-3,False,
899,15227,-1,-4,False,
900,15233,-1,-5,False,
901,15263,-1,-6,False,
902,15269,1,-5,False,
903,15287,-1,-6,False,
904,15299,1,-5,False,
905,15329,1,-4,False,
906,15359,1,-3,False,
907,15377,-1,-4,False,
908,15383,-1,-5,False,
909,15401,1,-4,False,
910,15413,-1,-5,False,
911,15443,-1,-6,False,
912,15461,1,-5,False,
913,15467,-1,-6,False,
914,15473,-1,-7,False,
915,15497,-1,-8,False,
916,15527,-1,-9,False,
917,15551,1,-8,False,
918,15569,1,-7,False,
919,15581,1,-6,False,
920,15629,1,-5,False,
921,15641,1,-4,False,
922,15647,-1,-5,False,
923,15671,1,-4,False,
924,15683,-1,-5,False,
925,15731,1,-4,False,
926,15737,-1,-5,False,
927,15749,1,-4,False,
928,15761,1,-3,False,
929,15767,-1,-4,False,
930,15773,-1,-5,False,
931,15791,1,-4,False,
932,15797,-1,-5,False,
933,15803,-1,-6,False,
934,15809,1,-5,False,
935,15881,1,-4,False,
936,15887,-1,-5,False,
937,15923,-1,-6,False,
938,15959,1,-5,False,
939,15971,1,-4,False,
940,16001,1,-3,False,
941,16007,-1,-4,False,
942,16061,1,-3,False,
943,16067,-1,-4,False,
944,16073,-1,-5,False,
945,16091,1,-4,False,
946,16097,-1,-5,False,
947,16103,-1,-6,False,
948,16127,-1,-7,False,
949,16139,1,-6,False,
950,16187,-1,-7,False,
951,16193,-1,-8,False,
952,16217,-1,-9,False,
953,16223,-1,-10,False,
954,16229,1,-9,False,
955,16253,-1,-10,False,
956,16301,1,-9,False,
957,16319,1,-8,False,
958,16349,1,-7,False,
959,16361,1,-6,False,
960,16421,1,-5,False,
961,16427,-1,-6,False,
962,16433,-1,-7,False,
963,16451,1,-6,False,
964,16481,1,-5,False,
965,16487,-1,-6,False,
966,16493,-1,-7,False,
967,16529,1,-6,False,
968,16547,-1,-7,False,
969,16553,-1,-8,False,
970,16607,-1,-9,False,
971,16619,1,-8,False,
972,16631,1,-7,False,
973,16649,1,-6,False,
974,16661,1,-5,False,
975,16673,-1,-6,False,
976,16691,1,-5,False,
977,16703,-1,-6,False,
978,16763,-1,-7,False,
979,16787,-1,-8,False,
980,16811,1,-7,False,
981,16823,-1,-8,False,
982,16829,1,-7,False,
983,16871,1,-6,False,
984,16883,-1,-7,False,
985,16889,1,-6,False,
986,16901,1,-5,False,
987,16931,1,-4,False,
988,16937,-1,-5,False,
989,16943,-1,-6,False,
990,16979,1,-5,False,
991,17021,1,-4,False,
992,17027,-1,-5,False,
993,17033,-1,-6,False,
994,17093,-1,-7,False,
995,17099,1,-6,False,
996,17117,-1,-7,False,
997,17123,-1,-8,False,
998,17159,1,-7,False,
999,17183,-1,-8,False,
1000,17189,1,-7,False,
1001,17207,-1,-8,False,
1002,17231,1,-7,False,
1003,17291,1,-6,False,
1004,17321,1,-5,False,
1005,17327,-1,-6,False,
1006,17333,-1,-7,False,
1007,17351,1,-6,False,
1008,17387,-1,-7,False,
1009,17393,-1,-8,False,
1010,17417,-1,-9,False,
1011,17471,1,-8,False,
1012,17477,-1,-9,False,
1013,17483,-1,-10,False,
1014,17489,1,-9,False,
1015,17519,1,-8,False,
1016,17573,-1,-9,False,
1017,17579,1,-8,False,
1018,17597,-1,-9,False,
1019,17609,1,-8,False,
1020,17627,-1,-9,False,
1021,17657,-1,-10,False,
1022,17669,1,-9,False,
1023,17681,1,-8,False,
1024,17729,1,-7,False,
1025,17747,-1,-8,False,
1026,17783,-1,-9,False,
1027,17789,1,-8,False,
1028,17807,-1,-9,False,
1029,17837,-1,-10,False,
1030,17891,1,-9,False,
1031,17903,-1,-10,False,
1032,17909,1,-9,False,
1033,17921,1,-8,False,
1034,17939,1,-7,False,
1035,17957,-1,-8,False,
1036,17981,1,-7,False,
1037,17987,-1,-8,False,
1038,18041,1,-7,False,
1039,18047,-1,-8,False,
1040,18059,1,-7,False,
1041,18077,-1,-8,False,
1042,18089,1,-7,False,
1043,18119,1,-6,False,
1044,18131,1,-5,False,
1045,18143,-1,-6,False,
1046,18149,1,-5,False,
1047,18191,1,-4,False,
1048,18233,-1,-5,False,
1049,18251,1,-4,False,
1050,18257,-1,-5,False,
1051,18269,1,-4,False,
1052,18287,-1,-5,False,
1053,18311,1,-4,False,
1054,18329,1,-3,False,
1055,18341,1,-2,False,
1056,18353,-1,-3,False,
1057,18371,1,-2,False,
1058,18401,1,-1,False,
1059,18413,-1,-2,False,
1060,18443,-1,-3,False,
1061,18461,1,-2,False,
1062,18503,-1,-3,False,
1063,18521,1,-2,False,
1064,18539,1,-1,False,
1065,18587,-1,-2,False,
1066,18593,-1,-3,False,
1067,18617,-1,-4,False,
1068,18671,1,-3,False,
1069,18701,1,-2,False,
1070,18713,-1,-3,False,
1071,18719,1,-2,False,
1072,18731,1,-1,False,
1073,18743,-1,-2,False,
1074,18749,1,-1,False,
1075,18773,-1,-2,False,
1076,18797,-1,-3,False,
1077,18803,-1,-4,False,
1078,18839,1,-3,False,
1079,18869,1,-2,False,
1080,18899,1,-1,False,
1081,18911,1,0,True,4
1082,18917,-1,-1,False,
1083,18947,-1,-2,False,
1084,18959,1,-1,False,
1085,19001,1,0,True,2
1086,19013,-1,-1,False,
1087,19031,1,0,True,4
1088,19037,-1,-1,False,
1089,19073,-1,-2,False,
1090,19079,1,-1,False,
1091,19121,1,0,True,2
1092,19139,1,1,False,
1093,19157,-1,0,True,2
1094,19163,-1,-1,False,
1095,19181,1,0,True,76
1096,19211,1,1,False,
1097,19259,1,2,False,
1098,19289,1,3,False,
1099,19301,1,4,False,
1100,19319,1,5,False,
1101,19373,-1,4,False,
1102,19379,1,5,False,
1103,19391,1,6,False,
1104,19403,-1,5,False,
1105,19421,1,6,False,
1106,19427,-1,5,False,
1107,19433,-1,4,False,
1108,19457,-1,3,False,
1109,19463,-1,2,False,
1110,19469,1,3,False,
1111,19541,1,4,False,
1112,19553,-1,3,False,
1113,19559,1,4,False,
1114,19571,1,5,False,
1115,19577,-1,4,False,
1116,19583,-1,3,False,
1117,19661,1,4,False,
1118,19697,-1,3,False,
1119,19709,1,4,False,
1120,19727,-1,3,False,
1121,19739,1,4,False,
1122,19751,1,5,False,
1123,19763,-1,4,False,
1124,19793,-1,3,False,
1125,19841,1,4,False,
1126,19853,-1,3,False,
1127,19889,1,4,False,
1128,19913,-1,3,False,
1129,19919,1,4,False,
1130,19937,-1,3,False,
1131,19949,1,4,False,
1132,19961,1,5,False,
1133,19973,-1,4,False,
1134,19979,1,5,False,
1135,19991,1,6,False,
1136,19997,-1,5,False,
1137,20021,1,6,False,
1138,20051,1,7,False,
1139,20063,-1,6,False,
1140,20117,-1,5,False,
1141,20123,-1,4,False,
1142,20129,1,5,False,
1143,20147,-1,4,False,
1144,20177,-1,3,False,
1145,20183,-1,2,False,
1146,20201,1,3,False,
1147,20219,1,4,False,
1148,20231,1,5,False,
1149,20249,1,6,False,
1150,20261,1,7,False,
1151,20297,-1,6,False,
1152,20327,-1,5,False,
1153,20333,-1,4,False,
1154,20357,-1,3,False,
1155,20369,1,4,False,
1156,20393,-1,3,False,
1157,20399,1,4,False,
1158,20411,1,5,False,
1159,20441,1,6,False,
1160,20477,-1,5,False,
1161,20483,-1,4,False,
1162,20507,-1,3,False,
1163,20543,-1,2,False,
1164,20549,1,3,False,
1165,20627,-1,2,False,
1166,20639,1,3,False,
1167,20663,-1,2,False,
1168,20681,1,3,False,
1169,20693,-1,2,False,
1170,20717,-1,1,False,
1171,20747,-1,0,True,2
1172,20753,-1,-1,False,
1173,20759,1,0,True,8
1174,20771,1,1,False,
1175,20789,1,2,False,
1176,20807,-1,1,False,
1177,20849,1,2,False,
1178,20873,-1,1,False,
1179,20879,1,2,False,
1180,20897,-1,1,False,
1181,20903,-1,0,True,40
1182,20921,1,1,False,
1183,20939,1,2,False,
1184,20963,-1,1,False,
1185,20981,1,2,False,
1186,21011,1,3,False,
1187,21017,-1,2,False,
1188,21023,-1,1,False,
1189,21059,1,2,False,
1190,21089,1,3,False,
1191,21101,1,4,False,
1192,21107,-1,3,False,
1193,21143,-1,2,False,
1194,21149,1,3,False,
1195,21179,1,4,False,
1196,21191,1,5,False,
1197,21221,1,6,False,
1198,21227,-1,5,False,
1199,21269,1,6,False,
1200,21317,-1,5,False,
1201,21323,-1,4,False,
1202,21341,1,5,False,
1203,21347,-1,4,False,
1204,21377,-1,3,False,
1205,21383,-1,2,False,
1206,21401,1,3,False,
1207,21407,-1,2,False,
1208,21419,1,3,False,
1209,21467,-1,2,False,
1210,21491,1,3,False,
1211,21503,-1,2,False,
1212,21521,1,3,False,
1213,21557,-1,2,False,
1214,21563,-1,1,False,
1215,21569,1,2,False,
1216,21587,-1,1,False,
1217,21599,1,2,False,
1218,21611,1,3,False,
1219,21617,-1,2,False,
1220,21647,-1,1,False,
1221,21683,-1,0,True,2
1222,21701,1,1,False,
1223,21713,-1,0,True,12
1224,21737,-1,-1,False,
1225,21767,-1,-2,False,
1226,21773,-1,-3,False,
1227,21803,-1,-4,False,
1228,21821,1,-3,False,
1229,21839,1,-2,False,
1230,21851,1,-1,False,
1231,21863,-1,-2,False,
1232,21881,1,-1,False,
1233,21893,-1,-2,False,
1234,21911,1,-1,False,
1235,21929,1,0,True,40
1236,21977,-1,-1,False,
1237,22013,-1,-2,False,
1238,22031,1,-1,False,
1239,22037,-1,-2,False,
1240,22067,-1,-3,False,
1241,22073,-1,-4,False,
1242,22079,1,-3,False,
1243,22091,1,-2,False,
1244,22109,1,-1,False,
1245,22133,-1,-2,False,
1246,22157,-1,-3,False,
1247,22193,-1,-4,False,
1248,22229,1,-3,False,
1249,22247,-1,-4,False,
1250,22259,1,-3,False,
1251,22271,1,-2,False,
1252,22277,-1,-3,False,
1253,22283,-1,-4,False,
1254,22307,-1,-5,False,
1255,22343,-1,-6,False,
1256,22349,1,-5,False,
1257,22367,-1,-6,False,
1258,22391,1,-5,False,
1259,22397,-1,-6,False,
1260,22409,1,-5,False,
1261,22433,-1,-6,False,
1262,22469,1,-5,False,
1263,22481,1,-4,False,
1264,22511,1,-3,False,
1265,22541,1,-2,False,
1266,22571,1,-1,False,
1267,22613,-1,-2,False,
1268,22619,1,-1,False,
1269,22637,-1,-2,False,
1270,22643,-1,-3,False,
1271,22679,1,-2,False,
1272,22691,1,-1,False,
1273,22697,-1,-2,False,
1274,22709,1,-1,False,
1275,22721,1,0,True,2
1276,22727,-1,-1,False,
1277,22739,1,0,True,6
1278,22751,1,1,False,
1279,22769,1,2,False,
1280,22787,-1,1,False,
1281,22811,1,2,False,
1282,22817,-1,1,False,
1283,22853,-1,0,True,6
1284,22859,1,1,False,
1285,22871,1,2,False,
1286,22877,-1,1,False,
1287,22901,1,2,False,
1288,22907,-1,1,False,
1289,22937,-1,0,True,2
1290,22943,-1,-1,False,
1291,22961,1,0,True,14
1292,22973,-1,-1,False,
1293,23003,-1,-2,False,
1294,23021,1,-1,False,
1295,23027,-1,-2,False,
1296,23039,1,-1,False,
1297,23057,-1,-2,False,
1298,23063,-1,-3,False,
1299,23081,1,-2,False,
1300,23087,-1,-3,False,
1301,23099,1,-2,False,
1302,23117,-1,-3,False,
1303,23159,1,-2,False,
1304,23189,1,-1,False,
1305,23201,1,0,True,6
1306,23279,1,1,False,
1307,23291,1,2,False,
1308,23297,-1,1,False,
1309,23321,1,2,False,
1310,23327,-1,1,False,
1311,23333,-1,0,True,2
1312,23339,1,1,False,
1313,23357,-1,0,True,4
1314,23369,1,1,False,
1315,23399,1,2,False,
1316,23417,-1,1,False,
1317,23447,-1,0,True,10
1318,23459,1,1,False,
1319,23531,1,2,False,
1320,23537,-1,1,False,
1321,23549,1,2,False,
1322,23561,1,3,False,
1323,23567,-1,2,False,
1324,23603,-1,1,False,
1325,23609,1,2,False,
1326,23627,-1,1,False,
1327,23633,-1,0,True,2
1328,23663,-1,-1,False,
1329,23669,1,0,True,2
1330,23687,-1,-1,False,
1331,23741,1,0,True,4
1332,23747,-1,-1,False,
1333,23753,-1,-2,False,
1334,23789,1,-1,False,
1335,23801,1,0,True,2
1336,23813,-1,-1,False,
1337,23819,1,0,True,2
1338,23831,1,1,False,
1339,23873,-1,0,True,6
1340,23879,1,1,False,
1341,23909,1,2,False,
1342,23957,-1,1,False,
1343,23981,1,2,False,
1344,23993,-1,1,False,
1345,24023,-1,0,True,4
1346,24029,1,1,False,
1347,24071,1,2,False,
1348,24077,-1,1,False,
1349,24083,-1,0,True,12
1350,24107,-1,-1,False,
1351,24113,-1,-2,False,
1352,24137,-1,-3,False,
1353,24179,1,-2,False,
1354,24197,-1,-3,False,
1355,24203,-1,-4,False,
1356,24239,1,-3,False,
1357,24251,1,-2,False,
1358,24281,1,-1,False,
1359,24317,-1,-2,False,
1360,24329,1,-1,False,
1361,24359,1,0,True,2
1362,24371,1,1,False,
1363,24407,-1,0,True,2
1364,24413,-1,-1,False,
1365,24419,1,0,True,18
1366,24443,-1,-1,False,
1367,24473,-1,-2,False,
1368,24509,1,-1,False,
1369,24527,-1,-2,False,
1370,24533,-1,-3,False,
1371,24551,1,-2,False,
1372,24593,-1,-3,False,
1373,24611,1,-2,False,
1374,24623,-1,-3,False,
1375,24659,1,-2,False,
1376,24671,1,-1,False,
1377,24677,-1,-2,False,
1378,24683,-1,-3,False,
1379,24749,1,-2,False,
1380,24767,-1,-3,False,
1381,24809,1,-2,False,
1382,24821,1,-1,False,
1383,24851,1,0,True,136
1384,24917,-1,-1,False,
1385,24923,-1,-2,False,
1386,24953,-1,-3,False,
1387,24971,1,-2,False,
1388,24977,-1,-3,False,
1389,24989,1,-2,False,
1390,25013,-1,-3,False,
1391,25031,1,-2,False,
1392,25037,-1,-3,False,
1393,25073,-1,-4,False,
1394,25097,-1,-5,False,
1395,25121,1,-4,False,
1396,25127,-1,-5,False,
1397,25163,-1,-6,False,
1398,25169,1,-5,False,
1399,25229,1,-4,False,
1400,25247,-1,-5,False,
1401,25253,-1,-6,False,
1402,25301,1,-5,False,
1403,25307,-1,-6,False,
1404,25343,-1,-7,False,
1405,25349,1,-6,False,
1406,25367,-1,-7,False,
1407,25373,-1,-8,False,
1408,25391,1,-7,False,
1409,25409,1,-6,False,
1410,25439,1,-5,False,
1411,25457,-1,-6,False,
1412,25463,-1,-7,False,
1413,25469,1,-6,False,
1414,25523,-1,-7,False,
1415,25541,1,-6,False,
1416,25577,-1,-7,False,
1417,25583,-1,-8,False,
1418,25589,1,-7,False,
1419,25601,1,-6,False,
1420,25643,-1,-7,False,
1421,25667,-1,-8,False,
1422,25673,-1,-9,False,
1423,25679,1,-8,False,
1424,25703,-1,-9,False,
1425,25733,-1,-10,False,
1426,25763,-1,-11,False,
1427,25793,-1,-12,False,
1428,25799,1,-11,False,
1429,25841,1,-10,False,
1430,25847,-1,-11,False,
1431,25889,1,-10,False,
1432,25913,-1,-11,False,
1433,25919,1,-10,False,
1434,25931,1,-9,False,
1435,25943,-1,-10,False,
1436,25997,-1,-11,False,
1437,26003,-1,-12,False,
1438,26021,1,-11,False,
1439,26099,1,-10,False,
1440,26111,1,-9,False,
1441,26141,1,-8,False,
1442,26153,-1,-9,False,
1443,26171,1,-8,False,
1444,26177,-1,-9,False,
1445,26183,-1,-10,False,
1446,26189,1,-9,False,
1447,26237,-1,-10,False,
1448,26249,1,-9,False,
1449,26261,1,-8,False,
1450,26267,-1,-9,False,
1451,26297,-1,-10,False,
1452,26309,1,-9,False,
1453,26321,1,-8,False,
1454,26339,1,-7,False,
1455,26357,-1,-8,False,
1456,26387,-1,-9,False,
1457,26393,-1,-10,False,
1458,26399,1,-9,False,
1459,26417,-1,-10,False,
1460,26423,-1,-11,False,
1461,26459,1,-10,False,
1462,26489,1,-9,False,
1463,26501,1,-8,False,
1464,26513,-1,-9,False,
1465,26561,1,-8,False,
1466,26573,-1,-9,False,
1467,26591,1,-8,False,
1468,26597,-1,-9,False,
1469,26627,-1,-10,False,
1470,26633,-1,-11,False,
1471,26669,1,-10,False,
1472,26681,1,-9,False,
1473,26687,-1,-10,False,
1474,26693,-1,-11,False,
1475,26699,1,-10,False,
1476,26711,1,-9,False,
1477,26717,-1,-10,False,
1478,26723,-1,-11,False,
1479,26729,1,-10,False,
1480,26759,1,-9,False,
1481,26777,-1,-10,False,
1482,26783,-1,-11,False,
1483,26801,1,-10,False,
1484,26813,-1,-11,False,
1485,26849,1,-10,False,
1486,26861,1,-9,False,
1487,26879,1,-8,False,
1488,26891,1,-7,False,
1489,26903,-1,-8,False,
1490,26921,1,-7,False,
1491,26927,-1,-8,False,
1492,26951,1,-7,False,
1493,26981,1,-6,False,
1494,26987,-1,-7,False,
1495,26993,-1,-8,False,
1496,27011,1,-7,False,
1497,27017,-1,-8,False,
1498,27059,1,-7,False,
1499,27077,-1,-8,False,
1500,27107,-1,-9,False,
1501,27143,-1,-10,False,
1502,27179,1,-9,False,
1503,27191,1,-8,False,
1504,27197,-1,-9,False,
1505,27239,1,-8,False,
1506,27281,1,-7,False,
1507,27299,1,-6,False,
1508,27329,1,-5,False,
1509,27407,-1,-6,False,
1510,27431,1,-5,False,
1511,27437,-1,-6,False,
1512,27449,1,-5,False,
1513,27479,1,-4,False,
1514,27509,1,-3,False,
1515,27527,-1,-4,False,
1516,27539,1,-3,False,
1517,27551,1,-2,False,
1518,27581,1,-1,False,
1519,27611,1,0,True,32
1520,27617,-1,-1,False,
1521,27647,-1,-2,False,
1522,27653,-1,-3,False,
1523,27689,1,-2,False,
1524,27701,1,-1,False,
1525,27737,-1,-2,False,
1526,27743,-1,-3,False,
1527,27749,1,-2,False,
1528,27767,-1,-3,False,
1529,27773,-1,-4,False,
1530,27779,1,-3,False,
1531,27791,1,-2,False,
1532,27803,-1,-3,False,
1533,27809,1,-2,False,
1534,27827,-1,-3,False,
1535,27851,1,-2,False,
1536,27893,-1,-3,False,
1537,27917,-1,-4,False,
1538,27941,1,-3,False,
1539,27947,-1,-4,False,
1540,27953,-1,-5,False,
1541,27983,-1,-6,False,
1542,28001,1,-5,False,
1543,28019,1,-4,False,
1544,28031,1,-3,False,
1545,28097,-1,-4,False,
1546,28109,1,-3,False,
1547,28151,1,-2,False,
1548,28163,-1,-3,False,
1549,28181,1,-2,False,
1550,28211,1,-1,False,
1551,28229,1,0,True,6
1552,28277,-1,-1,False,
1553,28283,-1,-2,False,
1554,28289,1,-1,False,
1555,28307,-1,-2,False,
1556,28319,1,-1,False,
1557,28349,1,0,True,2
1558,28403,-1,-1,False,
1559,28409,1,0,True,2
1560,28433,-1,-1,False,
1561,28439,1,0,True,8
1562,28463,-1,-1,False,
1563,28493,-1,-2,False,
1564,28499,1,-1,False,
1565,28517,-1,-2,False,
1566,28541,1,-1,False,
1567,28547,-1,-2,False,
1568,28559,1,-1,False,
1569,28571,1,0,True,2
1570,28607,-1,-1,False,
1571,28619,1,0,True,2
1572,28631,1,1,False,
1573,28643,-1,0,True,4
1574,28649,1,1,False,
1575,28661,1,2,False,
1576,28697,-1,1,False,
1577,28703,-1,0,True,2
1578,28751,1,1,False,
1579,28793,-1,0,True,2
1580,28817,-1,-1,False,
1581,28859,1,0,True,20
1582,28871,1,1,False,
1583,28901,1,2,False,
1584,28949,1,3,False,
1585,28961,1,4,False,
1586,28979,1,5,False,
1587,29009,1,6,False,
1588,29021,1,7,False,
1589,29027,-1,6,False,
1590,29033,-1,5,False,
1591,29063,-1,4,False,
1592,29123,-1,3,False,
1593,29129,1,4,False,
1594,29147,-1,3,False,
1595,29153,-1,2,False,
1596,29201,1,3,False,
1597,29207,-1,2,False,
1598,29231,1,3,False,
1599,29243,-1,2,False,
1600,29297,-1,1,False,
1601,29303,-1,0,True,74
1602,29327,-1,-1,False,
1603,29333,-1,-2,False,
1604,29339,1,-1,False,
1605,29363,-1,-2,False,
1606,29387,-1,-3,False,
1607,29399,1,-2,False,
1608,29411,1,-1,False,
1609,29423,-1,-2,False,
1610,29429,1,-1,False,
1611,29453,-1,-2,False,
1612,29483,-1,-3,False,
1613,29501,1,-2,False,
1614,29531,1,-1,False,
1615,29537,-1,-2,False,
1616,29567,-1,-3,False,
1617,29573,-1,-4,False,
1618,29633,-1,-5,False,
1619,29663,-1,-6,False,
1620,29669,1,-5,False,
1621,29717,-1,-6,False,
1622,29723,-1,-7,False,
1623,29741,1,-6,False,
1624,29753,-1,-7,False,
1625,29759,1,-6,False,
1626,29789,1,-5,False,
1627,29819,1,-4,False,
1628,29837,-1,-5,False,
1629,29867,-1,-6,False,
1630,29873,-1,-7,False,
1631,29879,1,-6,False,
1632,29921,1,-5,False,
1633,29927,-1,-6,False,
1634,30011,1,-5,False,
1635,30029,1,-4,False,
1636,30047,-1,-5,False,
1637,30059,1,-4,False,
1638,30071,1,-3,False,
1639,30089,1,-2,False,
1640,30113,-1,-3,False,
1641,30119,1,-2,False,
1642,30137,-1,-3,False,
1643,30161,1,-2,False,
1644,30197,-1,-3,False,
1645,30203,-1,-4,False,
1646,30269,1,-3,False,
1647,30293,-1,-4,False,
1648,30323,-1,-5,False,
1649,30341,1,-4,False,
1650,30347,-1,-5,False,
1651,30389,1,-4,False,
1652,30431,1,-3,False,
1653,30449,1,-2,False,
1654,30467,-1,-3,False,
1655,30491,1,-2,False,
1656,30497,-1,-3,False,
1657,30509,1,-2,False,
1658,30539,1,-1,False,
1659,30557,-1,-2,False,
1660,30593,-1,-3,False,
1661,30671,1,-2,False,
1662,30677,-1,-3,False,
1663,30689,1,-2,False,
1664,30707,-1,-3,False,
1665,30713,-1,-4,False,
1666,30773,-1,-5,False,
1667,30803,-1,-6,False,
1668,30809,1,-5,False,
1669,30839,1,-4,False,
1670,30851,1,-3,False,
1671,30869,1,-2,False,
1672,30881,1,-1,False,
1673,30893,-1,-2,False,
1674,30911,1,-1,False,
1675,30941,1,0,True,2
1676,30971,1,1,False,
1677,30977,-1,0,True,4
1678,30983,-1,-1,False,
1679,31013,-1,-2,False,
1680,31019,1,-1,False,
1681,31079,1,0,True,42
1682,31091,1,1,False,
1683,31121,1,2,False,
1684,31139,1,3,False,
1685,31151,1,4,False,
1686,31181,1,5,False,
1687,31193,-1,4,False,
1688,31223,-1,3,False,
1689,31247,-1,2,False,
1690,31253,-1,1,False,
1691,31259,1,2,False,
1692,31271,1,3,False,
1693,31277,-1,2,False,
1694,31307,-1,1,False,
1695,31319,1,2,False,
1696,31337,-1,1,False,
1697,31379,1,2,False,
1698,31391,1,3,False,
1699,31397,-1,2,False,
1700,31469,1,3,False,
1701,31481,1,4,False,
1702,31511,1,5,False,
1703,31517,-1,4,False,
1704,31541,1,5,False,
1705,31547,-1,4,False,
1706,31583,-1,3,False,
1707,31601,1,4,False,
1708,31607,-1,3,False,
1709,31643,-1,2,False,
1710,31649,1,3,False,
1711,31667,-1,2,False,
1712,31721,1,3,False,
1713,31727,-1,2,False,
1714,31751,1,3,False,
1715,31769,1,4,False,
1716,31793,-1,3,False,
1717,31799,1,4,False,
1718,31817,-1,3,False,
1719,31847,-1,2,False,
1720,31859,1,3,False,
1721,31883,-1,2,False,
1722,31907,-1,1,False,
1723,31973,-1,0,True,2
1724,31991,1,1,False,
1725,32003,-1,0,True,2
1726,32009,1,1,False,
1727,32027,-1,0,True,2
1728,32051,1,1,False,
1729,32057,-1,0,True,2
1730,32063,-1,-1,False,
1731,32069,1,0,True,2
1732,32099,1,1,False,
1733,32117,-1,0,True,6
1734,32141,1,1,False,
1735,32159,1,2,False,
1736,32183,-1,1,False,
1737,32189,1,2,False,
1738,32213,-1,1,False,
1739,32237,-1,0,True,2
1740,32261,1,1,False,
1741,32297,-1,0,True,2
1742,32303,-1,-1,False,
1743,32309,1,0,True,2
1744,32321,1,1,False,
1745,32327,-1,0,True,2
1746,32363,-1,-1,False,
1747,32369,1,0,True,18
1748,32381,1,1,False,
1749,32411,1,2,False,
1750,32423,-1,1,False,
1751,32429,1,2,False,
1752,32441,1,3,False,
1753,32507,-1,2,False,
1754,32531,1,3,False,
1755,32537,-1,2,False,
1756,32561,1,3,False,
1757,32573,-1,2,False,
1758,32579,1,3,False,
1759,32603,-1,2,False,
1760,32609,1,3,False,
1761,32621,1,4,False,
1762,32633,-1,3,False,
1763,32687,-1,2,False,
1764,32693,-1,1,False,
1765,32717,-1,0,True,2
1766,32771,1,1,False,
1767,32783,-1,0,True,18
1768,32789,1,1,False,
1769,32801,1,2,False,
1770,32831,1,3,False,
1771,32843,-1,2,False,
1772,32909,1,3,False,
1773,32933,-1,2,False,
1774,32939,1,3,False,
1775,32957,-1,2,False,
1776,32969,1,3,False,
1777,32987,-1,2,False,
1778,32993,-1,1,False,
1779,32999,1,2,False,
1780,33023,-1,1,False,
1781,33029,1,2,False,
1782,33053,-1,1,False,
1783,33071,1,2,False,
1784,33083,-1,1,False,
1785,33107,-1,0,True,2
1786,33113,-1,-1,False,
1787,33119,1,0,True,14
1788,33149,1,1,False,
1789,33161,1,2,False,
1790,33179,1,3,False,
1791,33191,1,4,False,
1792,33203,-1,3,False,
1793,33287,-1,2,False,
1794,33311,1,3,False,
1795,33317,-1,2,False,
1796,33329,1,3,False,
1797,33347,-1,2,False,
1798,33353,-1,1,False,
1799,33359,1,2,False,
1800,33377,-1,1,False,
1801,33413,-1,0,True,6
1802,33461,1,1,False,
1803,33479,1,2,False,
1804,33503,-1,1,False,
1805,33521,1,2,False,
1806,33533,-1,1,False,
1807,33563,-1,0,True,6
1808,33569,1,1,False,
1809,33581,1,2,False,
1810,33587,-1,1,False,
1811,33599,1,2,False,
1812,33617,-1,1,False,
1813,33623,-1,0,True,4
1814,33629,1,1,False,
1815,33641,1,2,False,
1816,33647,-1,1,False,
1817,33713,-1,0,True,2
1818,33749,1,1,False,
1819,33767,-1,0,True,2
1820,33773,-1,-1,False,
1821,33791,1,0,True,2
1822,33797,-1,-1,False,
1823,33809,1,0,True,2
1824,33827,-1,-1,False,
1825,33851,1,0,True,8
1826,33857,-1,-1,False,
1827,33863,-1,-2,False,
1828,33893,-1,-3,False,
1829,33911,1,-2,False,
1830,33923,-1,-3,False,
1831,33941,1,-2,False,
1832,34019,1,-1,False,
1833,34031,1,0,True,2
1834,34061,1,1,False,
1835,34127,-1,0,True,2
1836,34157,-1,-1,False,
1837,34211,1,0,True,18
1838,34217,-1,-1,False,
1839,34253,-1,-2,False,
1840,34259,1,-1,False,
1841,34283,-1,-2,False,
1842,34301,1,-1,False,
1843,34313,-1,-2,False,
1844,34319,1,-1,False,
1845,34337,-1,-2,False,
1846,34361,1,-1,False,
1847,34367,-1,-2,False,
1848,34403,-1,-3,False,
1849,34421,1,-2,False,
1850,34439,1,-1,False,
1851,34457,-1,-2,False,
1852,34469,1,-1,False,
1853,34487,-1,-2,False,
1854,34499,1,-1,False,
1855,34511,1,0,True,2
1856,34583,-1,-1,False,
1857,34589,1,0,True,4
1858,34607,-1,-1,False,
1859,34613,-1,-2,False,
1860,34631,1,-1,False,
1861,34649,1,0,True,6
1862,34667,-1,-1,False,
1863,34673,-1,-2,False,
1864,34679,1,-1,False,
1865,34703,-1,-2,False,
1866,34721,1,-1,False,
1867,34739,1,0,True,4
1868,34757,-1,-1,False,
1869,34763,-1,-2,False,
1870,34781,1,-1,False,
1871,34841,1,0,True,2
1872,34847,-1,-1,False,
1873,34871,1,0,True,6
1874,34877,-1,-1,False,
1875,34883,-1,-2,False,
1876,34913,-1,-3,False,
1877,34919,1,-2,False,
1878,34949,1,-1,False,
1879,34961,1,0,True,2
1880,35027,-1,-1,False,
1881,35051,1,0,True,32
1882,35069,1,1,False,
1883,35081,1,2,False,
1884,35099,1,3,False,
1885,35111,1,4,False,
1886,35117,-1,3,False,
1887,35129,1,4,False,
1888,35141,1,5,False,
1889,35153,-1,4,False,
1890,35159,1,5,False,
1891,35171,1,6,False,
1892,35201,1,7,False,
1893,35267,-1,6,False,
1894,35279,1,7,False,
1895,35291,1,8,False,
1896,35327,-1,7,False,
1897,35339,1,8,False,
1898,35363,-1,7,False,
1899,35381,1,8,False,
1900,35393,-1,7,False,
1901,35423,-1,6,False,
1902,35447,-1,5,False,
1903,35507,-1,4,False,
1904,35531,1,5,False,
1905,35537,-1,4,False,
1906,35543,-1,3,False,
1907,35573,-1,2,False,
1908,35591,1,3,False,
1909,35597,-1,2,False,
1910,35603,-1,1,False,
1911,35729,1,2,False,
1912,35747,-1,1,False,
1913,35753,-1,0,True,46
1914,35759,1,1,False,
1915,35771,1,2,False,
1916,35801,1,3,False,
1917,35831,1,4,False,
1918,35837,-1,3,False,
1919,35879,1,4,False,
1920,35897,-1,3,False,
1921,35933,-1,2,False,
1922,35951,1,3,False,
1923,35963,-1,2,False,
1924,35969,1,3,False,
1925,35993,-1,2,False,
1926,35999,1,3,False,
1927,36011,1,4,False,
1928,36017,-1,3,False,
1929,36083,-1,2,False,
1930,36107,-1,1,False,
1931,36131,1,2,False,
1932,36137,-1,1,False,
1933,36161,1,2,False,
1934,36191,1,3,False,
1935,36209,1,4,False,
1936,36251,1,5,False,
1937,36263,-1,4,False,
1938,36269,1,5,False,
1939,36293,-1,4,False,
1940,36299,1,5,False,
1941,36341,1,6,False,
1942,36353,-1,5,False,
1943,36383,-1,4,False,
1944,36389,1,5,False,
1945,36467,-1,4,False,
1946,36473,-1,3,False,
1947,36479,1,4,False,
1948,36497,-1,3,False,
1949,36527,-1,2,False,
1950,36551,1,3,False,
1951,36563,-1,2,False,
1952,36587,-1,1,False,
1953,36599,1,2,False,
1954,36629,1,3,False,
1955,36653,-1,2,False,
1956,36671,1,3,False,
1957,36677,-1,2,False,
1958,36683,-1,1,False,
1959,36713,-1,0,True,28
1960,36749,1,1,False,
1961,36761,1,2,False,
1962,36767,-1,1,False,
1963,36779,1,2,False,
1964,36791,1,3,False,
1965,36809,1,4,False,
1966,36821,1,5,False,
1967,36833,-1,4,False,
1968,36857,-1,3,False,
1969,36887,-1,2,False,
1970,36899,1,3,False,
1971,36923,-1,2,False,
1972,36929,1,3,False,
1973,36947,-1,2,False,
1974,37013,-1,1,False,
1975,37019,1,2,False,
1976,37049,1,3,False,
1977,37061,1,4,False,
1978,37097,-1,3,False,
1979,37139,1,4,False,
1980,37181,1,5,False,
1981,37199,1,6,False,
1982,37217,-1,5,False,
1983,37223,-1,4,False,
1984,37253,-1,3,False,
1985,37277,-1,2,False,
1986,37307,-1,1,False,
1987,37313,-1,0,True,2
1988,37337,-1,-1,False,
1989,37361,1,0,True,2
1990,37379,1,1,False,
1991,37397,-1,0,True,2
1992,37409,1,1,False,
1993,37463,-1,0,True,2
1994,37493,-1,-1,False,
1995,37511,1,0,True,2
1996,37517,-1,-1,False,
1997,37529,1,0,True,2
1998,37547,-1,-1,False,
1999,37571,1,0,True,2
2000,37589,1,1,False,
2001,37607,-1,0,True,2
2002,37619,1,1,False,
2003,37643,-1,0,True,64
2004,37649,1,1,False,
2005,37691,1,2,False,
2006,37781,1,3,False,
2007,37799,1,4,False,
2008,37811,1,5,False,
2009,37847,-1,4,False,
2010,37853,-1,3,False,
2011,37871,1,4,False,
2012,37889,1,5,False,
2013,37907,-1,4,False,
2014,37967,-1,3,False,
2015,37991,1,4,False,
2016,37997,-1,3,False,
2017,38039,1,4,False,
2018,38069,1,5,False,
2019,38153,-1,4,False,
2020,38177,-1,3,False,
2021,38183,-1,2,False,
2022,38189,1,3,False,
2023,38201,1,4,False,
2024,38219,1,5,False,
2025,38231,1,6,False,
2026,38237,-1,5,False,
2027,38261,1,6,False,
2028,38273,-1,5,False,
2029,38303,-1,4,False,
2030,38321,1,5,False,
2031,38327,-1,4,False,
2032,38333,-1,3,False,
2033,38351,1,4,False,
2034,38393,-1,3,False,
2035,38447,-1,2,False,
2036,38453,-1,1,False,
2037,38459,1,2,False,
2038,38501,1,3,False,
2039,38543,-1,2,False,
2040,38561,1,3,False,
2041,38567,-1,2,False,
2042,38603,-1,1,False,
2043,38609,1,2,False,
2044,38639,1,3,False,
2045,38651,1,4,False,
2046,38669,1,5,False,
2047,38693,-1,4,False,
2048,38699,1,5,False,
2049,38711,1,6,False,
2050,38723,-1,5,False,
2051,38729,1,6,False,
2052,38747,-1,5,False,
2053,38783,-1,4,False,
2054,38861,1,5,False,
2055,38867,-1,4,False,
2056,38873,-1,3,False,
2057,38891,1,4,False,
2058,38903,-1,3,False,
2059,38921,1,4,False,
2060,38933,-1,3,False,
2061,38993,-1,2,False,
2062,39023,-1,1,False,
2063,39041,1,2,False,
2064,39047,-1,1,False,
2065,39089,1,2,False,
2066,39107,-1,1,False,
2067,39113,-1,0,True,324
2068,39119,1,1,False,
2069,39161,1,2,False,
2070,39191,1,3,False,
2071,39209,1,4,False,
2072,39227,-1,3,False,
2073,39233,-1,2,False,
2074,39239,1,3,False,
2075,39251,1,4,False,
2076,39293,-1,3,False,
2077,39317,-1,2,False,
2078,39323,-1,1,False,
2079,39341,1,2,False,
2080,39359,1,3,False,
2081,39371,1,4,False,
2082,39383,-1,3,False,
2083,39419,1,4,False,
2084,39443,-1,3,False,
2085,39461,1,4,False,
2086,39503,-1,3,False,
2087,39509,1,4,False,
2088,39521,1,5,False,
2089,39551,1,6,False,
2090,39563,-1,5,False,
2091,39569,1,6,False,
2092,39581,1,7,False,
2093,39623,-1,6,False,
2094,39659,1,7,False,
2095,39671,1,8,False,
2096,39719,1,9,False,
2097,39749,1,10,False,
2098,39761,1,11,False,
2099,39779,1,12,False,
2100,39791,1,13,False,
2101,39821,1,14,False,
2102,39827,-1,13,False,
2103,39839,1,14,False,
2104,39857,-1,13,False,
2105,39863,-1,12,False,
2106,39869,1,13,False,
2107,39887,-1,12,False,
2108,39929,1,13,False,
2109,39953,-1,12,False,
2110,39971,1,13,False,
2111,39983,-1,12,False,
2112,39989,1,13,False,
2113,40013,-1,12,False,
2114,40031,1,13,False,
2115,40037,-1,12,False,
2116,40127,-1,11,False,
2117,40151,1,12,False,
2118,40163,-1,11,False,
2119,40169,1,12,False,
2120,40193,-1,11,False,
2121,40241,1,12,False,
2122,40253,-1,11,False,
2123,40277,-1,10,False,
2124,40283,-1,9,False,
2125,40289,1,10,False,
2126,40343,-1,9,False,
2127,40361,1,10,False,
2128,40427,-1,9,False,
2129,40433,-1,8,False,
2130,40487,-1,7,False,
2131,40493,-1,6,False,
2132,40499,1,7,False,
2133,40529,1,8,False,
2134,40559,1,9,False,
2135,40577,-1,8,False,
2136,40583,-1,7,False,
2137,40637,-1,6,False,
2138,40697,-1,5,False,
2139,40709,1,6,False,
2140,40739,1,7,False,
2141,40751,1,8,False,
2142,40763,-1,7,False,
2143,40787,-1,6,False,
2144,40823,-1,5,False,
2145,40829,1,6,False,
2146,40841,1,7,False,
2147,40847,-1,6,False,
2148,40853,-1,5,False,
2149,40883,-1,4,False,
2150,40949,1,5,False,
2151,40961,1,6,False,
2152,40973,-1,5,False,
2153,41039,1,6,False,
2154,41051,1,7,False,
2155,41057,-1,6,False,
2156,41081,1,7,False,
2157,41117,-1,6,False,
2158,41141,1,7,False,
2159,41177,-1,6,False,
2160,41183,-1,5,False,
2161,41189,1,6,False,
2162,41201,1,7,False,
2163,41213,-1,6,False,
2164,41231,1,7,False,
2165,41243,-1,6,False,
2166,41333,-1,5,False,
2167,41351,1,6,False,
2168,41357,-1,5,False,
2169,41381,1,6,False,
2170,41387,-1,5,False,
2171,41399,1,6,False,
2172,41411,1,7,False,
2173,41453,-1,6,False,
2174,41507,-1,5,False,
2175,41513,-1,4,False,
2176,41519,1,5,False,
2177,41543,-1,4,False,
2178,41549,1,5,False,
2179,41579,1,6,False,
2180,41597,-1,5,False,
2181,41603,-1,4,False,
2182,41609,1,5,False,
2183,41621,1,6,False,
2184,41627,-1,5,False,
2185,41651,1,6,False,
2186,41669,1,7,False,
2187,41681,1,8,False,
2188,41687,-1,7,False,
2189,41729,1,8,False,
2190,41759,1,9,False,
2191,41771,1,10,False,
2192,41777,-1,9,False,
2193,41801,1,10,False,
2194,41813,-1,9,False,
2195,41843,-1,8,False,
2196,41849,1,9,False,
2197,41879,1,10,False,
2198,41897,-1,9,False,
2199,41903,-1,8,False,
2200,41927,-1,7,False,
2201,41957,-1,6,False,
2202,41969,1,7,False,
2203,41981,1,8,False,
2204,41999,1,9,False,
2205,42017,-1,8,False,
2206,42023,-1,7,False,
2207,42071,1,8,False,
2208,42083,-1,7,False,
2209,42089,1,8,False,
2210,42101,1,9,False,
2211,42131,1,10,False,
2212,42179,1,11,False,
2213,42197,-1,10,False,
2214,42209,1,11,False,
2215,42221,1,12,False,
2216,42227,-1,11,False,
2217,42239,1,12,False,
2218,42257,-1,11,False,
2219,42281,1,12,False,
2220,42293,-1,11,False,
2221,42299,1,12,False,
2222,42323,-1,11,False,
2223,42359,1,12,False,
2224,42407,-1,11,False,
2225,42437,-1,10,False,
2226,42443,-1,9,False,
2227,42461,1,10,False,
2228,42467,-1,9,False,
2229,42473,-1,8,False,
2230,42491,1,9,False,
2231,42509,1,10,False,
2232,42533,-1,9,False,
2233,42557,-1,8,False,
2234,42569,1,9,False,
2235,42611,1,10,False,
2236,42641,1,11,False,
2237,42677,-1,10,False,
2238,42683,-1,9,False,
2239,42689,1,10,False,
2240,42701,1,11,False,
2241,42719,1,12,False,
2242,42737,-1,11,False,
2243,42743,-1,10,False,
2244,42767,-1,9,False,
2245,42773,-1,8,False,
2246,42797,-1,7,False,
2247,42821,1,8,False,
2248,42839,1,9,False,
2249,42863,-1,8,False,
2250,42899,1,9,False,
2251,42923,-1,8,False,
2252,42929,1,9,False,
2253,42953,-1,8,False,
2254,42989,1,9,False,
2255,43013,-1,8,False,
2256,43019,1,9,False,
2257,43037,-1,8,False,
2258,43049,1,9,False,
2259,43067,-1,8,False,
2260,43103,-1,7,False,
2261,43133,-1,6,False,
2262,43151,1,7,False,
2263,43223,-1,6,False,
2264,43271,1,7,False,
2265,43283,-1,6,False,
2266,43313,-1,5,False,
2267,43319,1,6,False,
2268,43331,1,7,False,
2269,43391,1,8,False,
2270,43397,-1,7,False,
2271,43403,-1,6,False,
2272,43427,-1,5,False,
2273,43451,1,6,False,
2274,43457,-1,5,False,
2275,43481,1,6,False,
2276,43487,-1,5,False,
2277,43499,1,6,False,
2278,43517,-1,5,False,
2279,43541,1,6,False,
2280,43577,-1,5,False,
2281,43607,-1,4,False,
2282,43613,-1,3,False,
2283,43649,1,4,False,
2284,43661,1,5,False,
2285,43691,1,6,False,
2286,43721,1,7,False,
2287,43781,1,8,False,
2288,43787,-1,7,False,
2289,43793,-1,6,False,
2290,43853,-1,5,False,
2291,43889,1,6,False,
2292,43913,-1,5,False,
2293,43943,-1,4,False,
2294,43961,1,5,False,
2295,43973,-1,4,False,
2296,43991,1,5,False,
2297,43997,-1,4,False,
2298,44021,1,5,False,
2299,44027,-1,4,False,
2300,44087,-1,3,False,
2301,44111,1,4,False,
2302,44123,-1,3,False,
2303,44129,1,4,False,
2304,44159,1,5,False,
2305,44171,1,6,False,
2306,44189,1,7,False,
2307,44201,1,8,False,
2308,44207,-1,7,False,
2309,44249,1,8,False,
2310,44267,-1,7,False,
2311,44273,-1,6,False,
2312,44279,1,7,False,
2313,44351,1,8,False,
2314,44357,-1,7,False,
2315,44381,1,8,False,
2316,44417,-1,7,False,
2317,44453,-1,6,False,
2318,44483,-1,5,False,
2319,44501,1,6,False,
2320,44507,-1,5,False,
2321,44519,1,6,False,
2322,44531,1,7,False,
2323,44537,-1,6,False,
2324,44543,-1,5,False,
2325,44549,1,6,False,
2326,44579,1,7,False,
2327,44621,1,8,False,
2328,44633,-1,7,False,
2329,44651,1,8,False,
2330,44657,-1,7,False,
2331,44687,-1,6,False,
2332,44699,1,7,False,
2333,44711,1,8,False,
2334,44729,1,9,False,
2335,44741,1,10,False,
2336,44753,-1,9,False,
2337,44771,1,10,False,
2338,44777,-1,9,False,
2339,44789,1,10,False,
2340,44819,1,11,False,
2341,44843,-1,10,False,
2342,44867,-1,9,False,
2343,44879,1,10,False,
2344,44909,1,11,False,
2345,44927,-1,10,False,
2346,44939,1,11,False,
2347,44963,-1,10,False,
2348,44987,-1,9,False,
2349,45053,-1,8,False,
2350,45077,-1,7,False,
2351,45083,-1,6,False,
2352,45119,1,7,False,
2353,45131,1,8,False,
2354,45137,-1,7,False,
2355,45161,1,8,False,
2356,45179,1,9,False,
2357,45191,1,10,False,
2358,45197,-1,9,False,
2359,45233,-1,8,False,
2360,45263,-1,7,False,
2361,45281,1,8,False,
2362,45293,-1,7,False,
2363,45317,-1,6,False,
2364,45329,1,7,False,
2365,45341,1,8,False,
2366,45377,-1,7,False,
2367,45389,1,8,False,
2368,45413,-1,7,False,
2369,45491,1,8,False,
2370,45497,-1,7,False,
2371,45503,-1,6,False,
2372,45533,-1,5,False,
2373,45557,-1,4,False,
2374,45569,1,5,False,
2375,45587,-1,4,False,
2376,45599,1,5,False,
2377,45641,1,6,False,
2378,45659,1,7,False,
2379,45677,-1,6,False,
2380,45707,-1,5,False,
2381,45737,-1,4,False,
2382,45767,-1,3,False,
2383,45779,1,4,False,
2384,45821,1,5,False,
2385,45827,-1,4,False,
2386,45833,-1,3,False,
2387,45863,-1,2,False,
2388,45869,1,3,False,
2389,45887,-1,2,False,
2390,45893,-1,1,False,
2391,45953,-1,0,True,726
2392,45959,1,1,False,
2393,45971,1,2,False,
2394,45989,1,3,False,
2395,46049,1,4,False,
2396,46061,1,5,False,
2397,46073,-1,4,False,
2398,46091,1,5,False,
2399,46103,-1,4,False,
2400,46133,-1,3,False,
2401,46181,1,4,False,
2402,46187,-1,3,False,
2403,46199,1,4,False,
2404,46229,1,5,False,
2405,46271,1,6,False,
2406,46301,1,7,False,
2407,46307,-1,6,False,
2408,46337,-1,5,False,
2409,46349,1,6,False,
2410,46439,1,7,False,
2411,46451,1,8,False,
2412,46457,-1,7,False,
2413,46499,1,8,False,
2414,46511,1,9,False,
2415,46523,-1,8,False,
2416,46559,1,9,False,
2417,46589,1,10,False,
2418,46601,1,11,False,
2419,46619,1,12,False,
2420,46643,-1,11,False,
2421,46649,1,12,False,
2422,46679,1,13,False,
2423,46691,1,14,False,
2424,46703,-1,13,False,
2425,46727,-1,12,False,
2426,46751,1,13,False,
2427,46757,-1,12,False,
2428,46769,1,13,False,
2429,46811,1,14,False,
2430,46817,-1,13,False,
2431,46829,1,14,False,
2432,46853,-1,13,False,
2433,46877,-1,12,False,
2434,46889,1,13,False,
2435,46901,1,14,False,
2436,46919,1,15,False,
2437,46997,-1,14,False,
2438,47051,1,15,False,
2439,47057,-1,14,False,
2440,47087,-1,13,False,
2441,47093,-1,12,False,
2442,47111,1,13,False,
2443,47123,-1,12,False,
2444,47129,1,13,False,
2445,47147,-1,12,False,
2446,47189,1,13,False,
2447,47207,-1,12,False,
2448,47237,-1,11,False,
2449,47279,1,12,False,
2450,47297,-1,11,False,
2451,47303,-1,10,False,
2452,47309,1,11,False,
2453,47339,1,12,False,
2454,47351,1,13,False,
2455,47363,-1,12,False,
2456,47381,1,13,False,
2457,47387,-1,12,False,
2458,47417,-1,11,False,
2459,47441,1,12,False,
2460,47459,1,13,False,
2461,47501,1,14,False,
2462,47507,-1,13,False,
2463,47513,-1,12,False,
2464,47543,-1,11,False,
2465,47591,1,12,False,
2466,47609,1,13,False,
2467,47639,1,14,False,
2468,47657,-1,13,False,
2469,47681,1,14,False,
2470,47699,1,15,False,
2471,47711,1,16,False,
2472,47717,-1,15,False,
2473,47741,1,16,False,
2474,47777,-1,15,False,
2475,47807,-1,14,False,
2476,47819,1,15,False,
2477,47837,-1,14,False,
2478,47843,-1,13,False,
2479,47903,-1,12,False,
2480,47933,-1,11,False,
2481,47939,1,12,False,
2482,47951,1,13,False,
2483,47963,-1,12,False,
2484,47969,1,13,False,
2485,47981,1,14,False,
2486,48017,-1,13,False,
2487,48023,-1,12,False,
2488,48029,1,13,False,
2489,48119,1,14,False,
2490,48131,1,15,False,
2491,48179,1,16,False,
2492,48197,-1,15,False,
2493,48221,1,16,False,
2494,48239,1,17,False,
2495,48281,1,18,False,
2496,48299,1,19,False,
2497,48311,1,20,False,
2498,48341,1,21,False,
2499,48353,-1,20,False,
2500,48371,1,21,False,
2501,48383,-1,20,False,
2502,48407,-1,19,False,
2503,48413,-1,18,False,
2504,48437,-1,17,False,
2505,48449,1,18,False,
2506,48473,-1,17,False,
2507,48479,1,18,False,
2508,48491,1,19,False,
2509,48497,-1,18,False,
2510,48527,-1,17,False,
2511,48533,-1,16,False,
2512,48539,1,17,False,
2513,48563,-1,16,False,
2514,48593,-1,15,False,
2515,48611,1,16,False,
2516,48623,-1,15,False,
2517,48647,-1,14,False,
2518,48677,-1,13,False,
2519,48731,1,14,False,
2520,48761,1,15,False,
2521,48767,-1,14,False,
2522,48779,1,15,False,
2523,48809,1,16,False,
2524,48821,1,17,False,
2525,48857,-1,16,False,
2526,48869,1,17,False,
2527,48947,-1,16,False,
2528,48953,-1,15,False,
2529,48989,1,16,False,
2530,49019,1,17,False,
2531,49031,1,18,False,
2532,49037,-1,17,False,
2533,49043,-1,16,False,
2534,49103,-1,15,False,
2535,49109,1,16,False,
2536,49121,1,17,False,
2537,49139,1,18,False,
2538,49157,-1,17,False,
2539,49169,1,18,False,
2540,49193,-1,17,False,
2541,49199,1,18,False,
2542,49211,1,19,False,
2543,49223,-1,18,False,
2544,49253,-1,17,False,
2545,49277,-1,16,False,
2546,49307,-1,15,False,
2547,49331,1,16,False,
2548,49367,-1,15,False,
2549,49391,1,16,False,
2550,49409,1,17,False,
2551,49433,-1,16,False,
2552,49451,1,17,False,
2553,49463,-1,16,False,
2554,49481,1,17,False,
2555,49499,1,18,False,
2556,49523,-1,17,False,
2557,49529,1,18,False,
2558,49547,-1,17,False,
2559,49559,1,18,False,
2560,49613,-1,17,False,
2561,49667,-1,16,False,
2562,49697,-1,15,False,
2563,49727,-1,14,False,
2564,49739,1,15,False,
2565,49757,-1,14,False,
2566,49787,-1,13,False,
2567,49811,1,14,False,
2568,49823,-1,13,False,
2569,49853,-1,12,False,
2570,49871,1,13,False,
2571,49877,-1,12,False,
2572,49919,1,13,False,
2573,49937,-1,12,False,
2574,49943,-1,11,False,
2575,49991,1,12,False,
2576,50021,1,13,False,
2577,50033,-1,12,False,
2578,50051,1,13,False,
2579,50069,1,14,False,
2580,50087,-1,13,False,
2581,50093,-1,12,False,
2582,50111,1,13,False,
2583,50123,-1,12,False,
2584,50129,1,13,False,
2585,50147,-1,12,False,
2586,50153,-1,11,False,
2587,50159,1,12,False,
2588,50177,-1,11,False,
2589,50207,-1,10,False,
2590,50231,1,11,False,
2591,50261,1,12,False,
2592,50273,-1,11,False,
2593,50291,1,12,False,
2594,50321,1,13,False,
2595,50333,-1,12,False,
2596,50363,-1,11,False,
2597,50387,-1,10,False,
2598,50411,1,11,False,
2599,50417,-1,10,False,
2600,50423,-1,9,False,
2601,50441,1,10,False,
2602,50459,1,11,False,
2603,50513,-1,10,False,
2604,50543,-1,9,False,
2605,50549,1,10,False,
2606,50591,1,11,False,
2607,50627,-1,10,False,
2608,50651,1,11,False,
2609,50723,-1,10,False,
2610,50741,1,11,False,
2611,50753,-1,10,False,
2612,50777,-1,9,False,
2613,50789,1,10,False,
2614,50849,1,11,False,
2615,50867,-1,10,False,
2616,50873,-1,9,False,
2617,50891,1,10,False,
2618,50909,1,11,False,
2619,50951,1,12,False,
2620,50957,-1,11,False,
2621,50969,1,12,False,
2622,50993,-1,11,False,
2623,51047,-1,10,False,
2624,51059,1,11,False,
2625,51071,1,12,False,
2626,51131,1,13,False,
2627,51137,-1,12,False,
2628,51197,-1,11,False,
2629,51203,-1,10,False,
2630,51239,1,11,False,
2631,51257,-1,10,False,
2632,51263,-1,9,False,
2633,51287,-1,8,False,
2634,51329,1,9,False,
2635,51341,1,10,False,
2636,51347,-1,9,False,
2637,51383,-1,8,False,
2638,51407,-1,7,False,
2639,51413,-1,6,False,
2640,51419,1,7,False,
2641,51431,1,8,False,
2642,51437,-1,7,False,
2643,51449,1,8,False,
2644,51461,1,9,False,
2645,51473,-1,8,False,
2646,51479,1,9,False,
2647,51503,-1,8,False,
2648,51521,1,9,False,
2649,51539,1,10,False,
2650,51551,1,11,False,
2651,51563,-1,10,False,
2652,51581,1,11,False,
2653,51593,-1,10,False,
2654,51599,1,11,False,
2655,51647,-1,10,False,
2656,51659,1,11,False,
2657,51683,-1,10,False,
2658,51713,-1,9,False,
2659,51719,1,10,False,
2660,51749,1,11,False,
2661,51767,-1,10,False,
2662,51797,-1,9,False,
2663,51803,-1,8,False,
2664,51827,-1,7,False,
2665,51839,1,8,False,
2666,51869,1,9,False,
2667,51893,-1,8,False,
2668,51899,1,9,False,
2669,51929,1,10,False,
2670,51941,1,11,False,
2671,51971,1,12,False,
2672,51977,-1,11,False,
2673,52067,-1,10,False,
2674,52103,-1,9,False,
2675,52121,1,10,False,
2676,52127,-1,9,False,
2677,52163,-1,8,False,
2678,52181,1,9,False,
2679,52223,-1,8,False,
2680,52253,-1,7,False,
2681,52259,1,8,False,
2682,52289,1,9,False,
2683,52301,1,10,False,
2684,52313,-1,9,False,
2685,52361,1,10,False,
2686,52379,1,11,False,
2687,52391,1,12,False,
2688,52433,-1,11,False,
2689,52457,-1,10,False,
2690,52511,1,11,False,
2691,52517,-1,10,False,
2692,52529,1,11,False,
2693,52541,1,12,False,
2694,52553,-1,11,False,
2695,52571,1,12,False,
2696,52583,-1,11,False,
2697,52631,1,12,False,
2698,52667,-1,11,False,
2699,52673,-1,10,False,
2700,52691,1,11,False,
2701,52697,-1,10,False,
2702,52709,1,11,False,
2703,52721,1,12,False,
2704,52727,-1,11,False,
2705,52733,-1,10,False,
2706,52757,-1,9,False,
2707,52769,1,10,False,
2708,52817,-1,9,False,
2709,52859,1,10,False,
2710,52883,-1,9,False,
2711,52889,1,10,False,
2712,52901,1,11,False,
2713,52919,1,12,False,
2714,52937,-1,11,False,
2715,52967,-1,10,False,
2716,52973,-1,9,False,
2717,53003,-1,8,False,
2718,53051,1,9,False,
2719,53069,1,10,False,
2720,53087,-1,9,False,
2721,53093,-1,8,False,
2722,53117,-1,7,False,
2723,53129,1,8,False,
2724,53147,-1,7,False,
2725,53171,1,8,False,
2726,53189,1,9,False,
2727,53201,1,10,False,
2728,53231,1,11,False,
2729,53267,-1,10,False,
2730,53279,1,11,False,
2731,53309,1,12,False,
2732,53327,-1,11,False,
2733,53381,1,12,False,
2734,53411,1,13,False,
2735,53441,1,14,False,
2736,53453,-1,13,False,
2737,53507,-1,12,False,
2738,53549,1,13,False,
2739,53591,1,14,False,
2740,53597,-1,13,False,
2741,53609,1,14,False,
2742,53633,-1,13,False,
2743,53639,1,14,False,
2744,53657,-1,13,False,
2745,53681,1,14,False,
2746,53693,-1,13,False,
2747,53699,1,14,False,
2748,53717,-1,13,False,
2749,53759,1,14,False,
2750,53777,-1,13,False,
2751,53783,-1,12,False,
2752,53813,-1,11,False,
2753,53819,1,12,False,
2754,53831,1,13,False,
2755,53849,1,14,False,
2756,53861,1,15,False,
2757,53891,1,16,False,
2758,53897,-1,15,False,
2759,53927,-1,14,False,
2760,53939,1,15,False,
2761,53951,1,16,False,
2762,53987,-1,15,False,
2763,53993,-1,14,False,
2764,54011,1,15,False,
2765,54059,1,16,False,
2766,54083,-1,15,False,
2767,54101,1,16,False,
2768,54167,-1,15,False,
2769,54251,1,16,False,
2770,54269,1,17,False,
2771,54287,-1,16,False,
2772,54293,-1,15,False,
2773,54311,1,16,False,
2774,54323,-1,15,False,
2775,54347,-1,14,False,
2776,54371,1,15,False,
2777,54377,-1,14,False,
2778,54401,1,15,False,
2779,54413,-1,14,False,
2780,54419,1,15,False,
2781,54437,-1,14,False,
2782,54443,-1,13,False,
2783,54449,1,14,False,
2784,54497,-1,13,False,
2785,54503,-1,12,False,
2786,54521,1,13,False,
2787,54539,1,14,False,
2788,54563,-1,13,False,
2789,54581,1,14,False,
2790,54617,-1,13,False,
2791,54623,-1,12,False,
2792,54629,1,13,False,
2793,54647,-1,12,False,
2794,54713,-1,11,False,
2795,54767,-1,10,False,
2796,54773,-1,9,False,
2797,54779,1,10,False,
2798,54833,-1,9,False,
2799,54851,1,10,False,
2800,54869,1,11,False,
2801,54881,1,12,False,
2802,54917,-1,11,False,
2803,54941,1,12,False,
2804,54959,1,13,False,
2805,54983,-1,12,False,
2806,55001,1,13,False,
2807,55049,1,14,False,
2808,55061,1,15,False,
2809,55073,-1,14,False,
2810,55079,1,15,False,
2811,55103,-1,14,False,
2812,55109,1,15,False,
2813,55127,-1,14,False,
2814,55163,-1,13,False,
2815,55217,-1,12,False,
2816,55229,1,13,False,
2817,55259,1,14,False,
2818,55313,-1,13,False,
2819,55331,1,14,False,
2820,55337,-1,13,False,
2821,55343,-1,12,False,
2822,55373,-1,11,False,
2823,55439,1,12,False,
2824,55457,-1,11,False,
2825,55469,1,12,False,
2826,55487,-1,11,False,
2827,55511,1,12,False,
2828,55529,1,13,False,
2829,55541,1,14,False,
2830,55547,-1,13,False,
2831,55589,1,14,False,
2832,55619,1,15,False,
2833,55631,1,16,False,
2834,55661,1,17,False,
2835,55667,-1,16,False,
2836,55673,-1,15,False,
2837,55691,1,16,False,
2838,55697,-1,15,False,
2839,55721,1,16,False,
2840,55733,-1,15,False,
2841,55763,-1,14,False,
2842,55787,-1,13,False,
2843,55793,-1,12,False,
2844,55799,1,13,False,
2845,55817,-1,12,False,
2846,55823,-1,11,False,
2847,55829,1,12,False,
2848,55871,1,13,False,
2849,55889,1,14,False,
2850,55901,1,15,False,
2851,55931,1,16,False,
2852,55949,1,17,False,
2853,55967,-1,16,False,
2854,55997,-1,15,False,
2855,56003,-1,14,False,
2856,56009,1,15,False,
2857,56039,1,16,False,
2858,56081,1,17,False,
2859,56087,-1,16,False,
2860,56093,-1,15,False,
2861,56099,1,16,False,
2862,56123,-1,15,False,
2863,56171,1,16,False,
2864,56207,-1,15,False,
2865,56237,-1,14,False,
2866,56249,1,15,False,
2867,56267,-1,14,False,
2868,56333,-1,13,False,
2869,56369,1,14,False,
2870,56393,-1,13,False,
2871,56417,-1,12,False,
2872,56453,-1,11,False,
2873,56477,-1,10,False,
2874,56489,1,11,False,
2875,56501,1,12,False,
2876,56519,1,13,False,
2877,56531,1,14,False,
2878,56543,-1,13,False,
2879,56591,1,14,False,
2880,56597,-1,13,False,
2881,56633,-1,12,False,
2882,56663,-1,11,False,
2883,56681,1,12,False,
2884,56687,-1,11,False,
2885,56711,1,12,False,
2886,56747,-1,11,False,
2887,56783,-1,10,False,
2888,56807,-1,9,False,
2889,56813,-1,8,False,
2890,56843,-1,7,False,
2891,56873,-1,6,False,
2892,56891,1,7,False,
2893,56897,-1,6,False,
2894,56909,1,7,False,
2895,56921,1,8,False,
2896,56951,1,9,False,
2897,56957,-1,8,False,
2898,56963,-1,7,False,
2899,56993,-1,6,False,
2900,56999,1,7,False,
2901,57041,1,8,False,
2902,57047,-1,7,False,
2903,57059,1,8,False,
2904,57077,-1,7,False,
2905,57089,1,8,False,
2906,57107,-1,7,False,
2907,57119,1,8,False,
2908,57131,1,9,False,
2909,57143,-1,8,False,
2910,57149,1,9,False,
2911,57173,-1,8,False,
2912,57179,1,9,False,
2913,57191,1,10,False,
2914,57203,-1,9,False,
2915,57221,1,10,False,
2916,57251,1,11,False,
2917,57269,1,12,False,
2918,57287,-1,11,False,
2919,57329,1,12,False,
2920,57347,-1,11,False,
2921,57383,-1,10,False,
2922,57389,1,11,False,
2923,57413,-1,10,False,
2924,57467,-1,9,False,
2925,57503,-1,8,False,
2926,57527,-1,7,False,
2927,57557,-1,6,False,
2928,57587,-1,5,False,
2929,57593,-1,4,False,
2930,57641,1,5,False,
2931,57653,-1,4,False,
2932,57689,1,5,False,
2933,57713,-1,4,False,
2934,57719,1,5,False,
2935,57731,1,6,False,
2936,57737,-1,5,False,
2937,57773,-1,4,False,
2938,57791,1,5,False,
2939,57803,-1,4,False,
2940,57809,1,5,False,
2941,57839,1,6,False,
2942,57881,1,7,False,
2943,57899,1,8,False,
2944,57917,-1,7,False,
2945,57923,-1,6,False,
2946,57947,-1,5,False,
2947,57977,-1,4,False,
2948,58013,-1,3,False,
2949,58031,1,4,False,
2950,58043,-1,3,False,
2951,58049,1,4,False,
2952,58061,1,5,False,
2953,58067,-1,4,False,
2954,58073,-1,3,False,
2955,58109,1,4,False,
2956,58151,1,5,False,
2957,58169,1,6,False,
2958,58193,-1,5,False,
2959,58199,1,6,False,
2960,58211,1,7,False,
2961,58217,-1,6,False,
2962,58229,1,7,False,
2963,58271,1,8,False,
2964,58313,-1,7,False,
2965,58337,-1,6,False,
2966,58367,-1,5,False,
2967,58379,1,6,False,
2968,58391,1,7,False,
2969,58403,-1,6,False,
2970,58427,-1,5,False,
2971,58439,1,6,False,
2972,58451,1,7,False,
2973,58481,1,8,False,
2974,58511,1,9,False,
2975,58601,1,10,False,
2976,58613,-1,9,False,
2977,58631,1,10,False,
2978,58661,1,11,False,
2979,58679,1,12,False,
2980,58727,-1,11,False,
2981,58733,-1,10,False,
2982,58757,-1,9,False,
2983,58763,-1,8,False,
2984,58787,-1,7,False,
2985,58889,1,8,False,
2986,58901,1,9,False,
2987,58907,-1,8,False,
2988,58913,-1,7,False,
2989,58937,-1,6,False,
2990,58943,-1,5,False,
2991,58967,-1,4,False,
2992,58979,1,5,False,
2993,58991,1,6,False,
2994,58997,-1,5,False,
2995,59009,1,6,False,
2996,59021,1,7,False,
2997,59051,1,8,False,
2998,59063,-1,7,False,
2999,59069,1,8,False,
3000,59093,-1,7,False,
3001,59123,-1,6,False,
3002,59141,1,7,False,
3003,59159,1,8,False,
3004,59183,-1,7,False,
3005,59207,-1,6,False,
3006,59219,1,7,False,
3007,59243,-1,6,False,
3008,59273,-1,5,False,
3009,59333,-1,4,False,
3010,59351,1,5,False,
3011,59357,-1,4,False,
3012,59369,1,5,False,
3013,59387,-1,4,False,
3014,59393,-1,3,False,
3015,59399,1,4,False,
3016,59417,-1,3,False,
3017,59441,1,4,False,
3018,59447,-1,3,False,
3019,59453,-1,2,False,
3020,59471,1,3,False,
3021,59513,-1,2,False,
3022,59561,1,3,False,
3023,59567,-1,2,False,
3024,59621,1,3,False,
3025,59627,-1,2,False,
3026,59651,1,3,False,
3027,59663,-1,2,False,
3028,59669,1,3,False,
3029,59693,-1,2,False,
3030,59699,1,3,False,
3031,59723,-1,2,False,
3032,59729,1,3,False,
3033,59747,-1,2,False,
3034,59753,-1,1,False,
3035,59771,1,2,False,
3036,59879,1,3,False,
3037,59921,1,4,False,
3038,59951,1,5,False,
3039,59957,-1,4,False,
3040,59981,1,5,False,
3041,59999,1,6,False,
3042,60017,-1,5,False,
3043,60029,1,6,False,
3044,60041,1,7,False,
3045,60077,-1,6,False,
3046,60083,-1,5,False,
3047,60089,1,6,False,
3048,60101,1,7,False,
3049,60107,-1,6,False,
3050,60149,1,7,False,
3051,60161,1,8,False,
3052,60167,-1,7,False,
3053,60209,1,8,False,
3054,60251,1,9,False,
3055,60257,-1,8,False,
3056,60293,-1,7,False,
3057,60317,-1,6,False,
3058,60353,-1,5,False,
3059,60383,-1,4,False,
3060,60413,-1,3,False,
3061,60443,-1,2,False,
3062,60449,1,3,False,
3063,60497,-1,2,False,
3064,60509,1,3,False,
3065,60521,1,4,False,
3066,60527,-1,3,False,
3067,60539,1,4,False,
3068,60611,1,5,False,
3069,60617,-1,4,False,
3070,60623,-1,3,False,
3071,60647,-1,2,False,
3072,60659,1,3,False,
3073,60689,1,4,False,
3074,60719,1,5,False,
3075,60737,-1,4,False,
3076,60761,1,5,False,
3077,60773,-1,4,False,
3078,60779,1,5,False,
3079,60821,1,6,False,
3080,60869,1,7,False,
3081,60887,-1,6,False,
3082,60899,1,7,False,
3083,60917,-1,6,False,
3084,60923,-1,5,False,
3085,60953,-1,4,False,
3086,61001,1,5,False,
3087,61007,-1,4,False,
3088,61031,1,5,False,
3089,61043,-1,4,False,
3090,61091,1,5,False,
3091,61121,1,6,False,
3092,61151,1,7,False,
3093,61169,1,8,False,
3094,61211,1,9,False,
3095,61223,-1,8,False,
3096,61253,-1,7,False,
3097,61283,-1,6,False,
3098,61331,1,7,False,
3099,61343,-1,6,False,
3100,61379,1,7,False,
3101,61403,-1,6,False,
3102,61409,1,7,False,
3103,61463,-1,6,False,
3104,61469,1,7,False,
3105,61487,-1,6,False,
3106,61493,-1,5,False,
3107,61511,1,6,False,
3108,61547,-1,5,False,
3109,61553,-1,4,False,
3110,61559,1,5,False,
3111,61583,-1,4,False,
3112,61613,-1,3,False,
3113,61631,1,4,False,
3114,61637,-1,3,False,
3115,61643,-1,2,False,
3116,61667,-1,1,False,
3117,61673,-1,0,True,2
3118,61703,-1,-1,False,
3119,61751,1,0,True,2
3120,61757,-1,-1,False,
3121,61781,1,0,True,40
3122,61871,1,1,False,
3123,61949,1,2,False,
3124,61961,1,3,False,
3125,61967,-1,2,False,
3126,61979,1,3,False,
3127,61991,1,4,False,
3128,62003,-1,3,False,
3129,62039,1,4,False,
3130,62057,-1,3,False,
3131,62081,1,4,False,
3132,62099,1,5,False,
3133,62129,1,6,False,
3134,62141,1,7,False,
3135,62171,1,8,False,
3136,62189,1,9,False,
3137,62201,1,10,False,
3138,62207,-1,9,False,
3139,62213,-1,8,False,
3140,62219,1,9,False,
3141,62273,-1,8,False,
3142,62297,-1,7,False,
3143,62303,-1,6,False,
3144,62327,-1,5,False,
3145,62351,1,6,False,
3146,62417,-1,5,False,
3147,62423,-1,4,False,
3148,62459,1,5,False,
3149,62477,-1,4,False,
3150,62483,-1,3,False,
3151,62501,1,4,False,
3152,62507,-1,3,False,
3153,62549,1,4,False,
3154,62591,1,5,False,
3155,62597,-1,4,False,
3156,62603,-1,3,False,
3157,62627,-1,2,False,
3158,62633,-1,1,False,
3159,62639,1,2,False,
3160,62687,-1,1,False,
3161,62723,-1,0,True,2
3162,62753,-1,-1,False,
3163,62801,1,0,True,4
3164,62819,1,1,False,
3165,62861,1,2,False,
3166,62873,-1,1,False,
3167,62897,-1,0,True,2
3168,62903,-1,-1,False,
3169,62921,1,0,True,2
3170,62927,-1,-1,False,
3171,62939,1,0,True,26
3172,62969,1,1,False,
3173,62981,1,2,False,
3174,62987,-1,1,False,
3175,63029,1,2,False,
3176,63059,1,3,False,
3177,63113,-1,2,False,
3178,63131,1,3,False,
3179,63149,1,4,False,
3180,63179,1,5,False,
3181,63197,-1,4,False,
3182,63281,1,5,False,
3183,63299,1,6,False,
3184,63311,1,7,False,
3185,63317,-1,6,False,
3186,63347,-1,5,False,
3187,63353,-1,4,False,
3188,63377,-1,3,False,
3189,63389,1,4,False,
3190,63419,1,5,False,
3191,63443,-1,4,False,
3192,63467,-1,3,False,
3193,63473,-1,2,False,
3194,63521,1,3,False,
3195,63527,-1,2,False,
3196,63533,-1,1,False,
3197,63587,-1,0,True,22
3198,63599,1,1,False,
3199,63611,1,2,False,
3200,63617,-1,1,False,
3201,63629,1,2,False,
3202,63647,-1,1,False,
3203,63659,1,2,False,
3204,63671,1,3,False,
3205,63689,1,4,False,
3206,63719,1,5,False,
3207,63737,-1,4,False,
3208,63743,-1,3,False,
3209,63761,1,4,False,
3210,63773,-1,3,False,
3211,63803,-1,2,False,
3212,63809,1,3,False,
3213,63839,1,4,False,
3214,63857,-1,3,False,
3215,63863,-1,2,False,
3216,63929,1,3,False,
3217,63977,-1,2,False,
3218,64007,-1,1,False,
3219,64013,-1,0,True,2
3220,64019,1,1,False,
3221,64037,-1,0,True,2
3222,64067,-1,-1,False,
3223,64091,1,0,True,4
3224,64109,1,1,False,
3225,64151,1,2,False,
3226,64157,-1,1,False,
3227,64187,-1,0,True,6
3228,64217,-1,-1,False,
3229,64223,-1,-2,False,
3230,64271,1,-1,False,
3231,64283,-1,-2,False,
3232,64301,1,-1,False,
3233,64319,1,0,True,6
3234,64373,-1,-1,False,
3235,64403,-1,-2,False,
3236,64433,-1,-3,False,
3237,64439,1,-2,False,
3238,64451,1,-1,False,
3239,64499,1,0,True,8
3240,64553,-1,-1,False,
3241,64577,-1,-2,False,
3242,64601,1,-1,False,
3243,64613,-1,-2,False,
3244,64661,1,-1,False,
3245,64667,-1,-2,False,
3246,64679,1,-1,False,
3247,64709,1,0,True,2
3248,64763,-1,-1,False,
3249,64781,1,0,True,2
3250,64793,-1,-1,False,
3251,64811,1,0,True,6
3252,64817,-1,-1,False,
3253,64853,-1,-2,False,
3254,64871,1,-1,False,
3255,64877,-1,-2,False,
3256,64901,1,-1,False,
3257,64919,1,0,True,160
3258,64937,-1,-1,False,
3259,64997,-1,-2,False,
3260,65003,-1,-3,False,
3261,65027,-1,-4,False,
3262,65033,-1,-5,False,
3263,65063,-1,-6,False,
3264,65099,1,-5,False,
3265,65111,1,-4,False,
3266,65123,-1,-5,False,
3267,65129,1,-4,False,
3268,65141,1,-3,False,
3269,65147,-1,-4,False,
3270,65171,1,-3,False,
3271,65183,-1,-4,False,
3272,65213,-1,-5,False,
3273,65267,-1,-6,False,
3274,65309,1,-5,False,
3275,65327,-1,-6,False,
3276,65357,-1,-7,False,
3277,65381,1,-6,False,
3278,65393,-1,-7,False,
3279,65423,-1,-8,False,
3280,65447,-1,-9,False,
3281,65519,1,-8,False,
3282,65537,-1,-9,False,
3283,65543,-1,-10,False,
3284,65579,1,-9,False,
3285,65609,1,-8,False,
3286,65633,-1,-9,False,
3287,65651,1,-8,False,
3288,65657,-1,-9,False,
3289,65687,-1,-10,False,
3290,65699,1,-9,False,
3291,65717,-1,-10,False,
3292,65729,1,-9,False,
3293,65777,-1,-10,False,
3294,65789,1,-9,False,
3295,65831,1,-8,False,
3296,65837,-1,-9,False,
3297,65843,-1,-10,False,
3298,65867,-1,-11,False,
3299,65921,1,-10,False,
3300,65927,-1,-11,False,
3301,65951,1,-10,False,
3302,65957,-1,-11,False,
3303,65963,-1,-12,False,
3304,65981,1,-11,False,
3305,65993,-1,-12,False,
3306,66029,1,-11,False,
3307,66041,1,-10,False,
3308,66047,-1,-11,False,
3309,66071,1,-10,False,
3310,66083,-1,-11,False,
3311,66089,1,-10,False,
3312,66107,-1,-11,False,
3313,66137,-1,-12,False,
3314,66161,1,-11,False,
3315,66173,-1,-12,False,
3316,66179,1,-11,False,
3317,66191,1,-10,False,
3318,66221,1,-9,False,
3319,66239,1,-8,False,
3320,66293,-1,-9,False,
3321,66347,-1,-10,False,
3322,66359,1,-9,False,
3323,66377,-1,-10,False,
3324,66383,-1,-11,False,
3325,66413,-1,-12,False,
3326,66431,1,-11,False,
3327,66449,1,-10,False,
3328,66467,-1,-11,False,
3329,66491,1,-10,False,
3330,66509,1,-9,False,
3331,66533,-1,-10,False,
3332,66569,1,-9,False,
3333,66587,-1,-10,False,
3334,66593,-1,-11,False,
3335,66617,-1,-12,False,
3336,66629,1,-11,False,
3337,66653,-1,-12,False,
3338,66683,-1,-13,False,
3339,66701,1,-12,False,
3340,66713,-1,-13,False,
3341,66749,1,-12,False,
3342,66791,1,-11,False,
3343,66797,-1,-12,False,
3344,66809,1,-11,False,
3345,66821,1,-10,False,
3346,66851,1,-9,False,
3347,66863,-1,-10,False,
3348,66923,-1,-11,False,
3349,66947,-1,-12,False,
3350,66959,1,-11,False,
3351,66977,-1,-12,False,
3352,67043,-1,-13,False,
3353,67049,1,-12,False,
3354,67061,1,-11,False,
3355,67073,-1,-12,False,
3356,67079,1,-11,False,
3357,67103,-1,-12,False,
3358,67121,1,-11,False,
3359,67139,1,-10,False,
3360,67157,-1,-11,False,
3361,67169,1,-10,False,
3362,67181,1,-9,False,
3363,67187,-1,-10,False,
3364,67211,1,-9,False,
3365,67217,-1,-10,False,
3366,67247,-1,-11,False,
3367,67271,1,-10,False,
3368,67289,1,-9,False,
3369,67307,-1,-10,False,
3370,67343,-1,-11,False,
3371,67349,1,-10,False,
3372,67391,1,-9,False,
3373,67409,1,-8,False,
3374,67421,1,-7,False,
3375,67427,-1,-8,False,
3376,67433,-1,-9,False,
3377,67481,1,-8,False,
3378,67493,-1,-9,False,
3379,67499,1,-8,False,
3380,67511,1,-7,False,
3381,67523,-1,-8,False,
3382,67547,-1,-9,False,
3383,67559,1,-8,False,
3384,67577,-1,-9,False,
3385,67589,1,-8,False,
3386,67601,1,-7,False,
3387,67607,-1,-8,False,
3388,67619,1,-7,False,
3389,67631,1,-6,False,
3390,67679,1,-5,False,
3391,67709,1,-4,False,
3392,67733,-1,-5,False,
3393,67751,1,-4,False,
3394,67757,-1,-5,False,
3395,67763,-1,-6,False,
3396,67829,1,-5,False,
3397,67853,-1,-6,False,
3398,67883,-1,-7,False,
3399,67901,1,-6,False,
3400,67931,1,-5,False,
3401,67943,-1,-6,False,
3402,67961,1,-5,False,
3403,67967,-1,-6,False,
3404,67979,1,-5,False,
3405,68087,-1,-6,False,
3406,68099,1,-5,False,
3407,68111,1,-4,False,
3408,68141,1,-3,False,
3409,68147,-1,-4,False,
3410,68171,1,-3,False,
3411,68207,-1,-4,False,
3412,68213,-1,-5,False,
3413,68219,1,-4,False,
3414,68261,1,-3,False,
3415,68279,1,-2,False,
3416,68351,1,-1,False,
3417,68399,1,0,True,18
3418,68447,-1,-1,False,
3419,68477,-1,-2,False,
3420,68483,-1,-3,False,
3421,68489,1,-2,False,
3422,68501,1,-1,False,
3423,68507,-1,-2,False,
3424,68531,1,-1,False,
3425,68543,-1,-2,False,
3426,68567,-1,-3,False,
3427,68597,-1,-4,False,
3428,68633,-1,-5,False,
3429,68639,1,-4,False,
3430,68669,1,-3,False,
3431,68687,-1,-4,False,
3432,68699,1,-3,False,
3433,68711,1,-2,False,
3434,68729,1,-1,False,
3435,68771,1,0,True,4
3436,68777,-1,-1,False,
3437,68813,-1,-2,False,
3438,68819,1,-1,False,
3439,68879,1,0,True,2
3440,68891,1,1,False,
3441,68897,-1,0,True,2
3442,68903,-1,-1,False,
3443,68909,1,0,True,6
3444,68927,-1,-1,False,
3445,68963,-1,-2,False,
3446,68993,-1,-3,False,
3447,69011,1,-2,False,
3448,69029,1,-1,False,
3449,69119,1,0,True,2
3450,69143,-1,-1,False,
3451,69149,1,0,True,2
3452,69191,1,1,False,
3453,69197,-1,0,True,2
3454,69203,-1,-1,False,
3455,69221,1,0,True,2
3456,69233,-1,-1,False,
3457,69239,1,0,True,8
3458,69257,-1,-1,False,
3459,69263,-1,-2,False,
3460,69317,-1,-3,False,
3461,69341,1,-2,False,
3462,69371,1,-1,False,
3463,69383,-1,-2,False,
3464,69389,1,-1,False,
3465,69401,1,0,True,2
3466,69431,1,1,False,
3467,69467,-1,0,True,2
3468,69473,-1,-1,False,
3469,69491,1,0,True,2
3470,69497,-1,-1,False,
3471,69539,1,0,True,20
3472,69557,-1,-1,False,
3473,69593,-1,-2,False,
3474,69623,-1,-3,False,
3475,69653,-1,-4,False,
3476,69677,-1,-5,False,
3477,69737,-1,-6,False,
3478,69761,1,-5,False,
3479,69767,-1,-6,False,
3480,69779,1,-5,False,
3481,69809,1,-4,False,
3482,69821,1,-3,False,
3483,69827,-1,-4,False,
3484,69833,-1,-5,False,
3485,69857,-1,-6,False,
3486,69899,1,-5,False,
3487,69911,1,-4,False,
3488,69929,1,-3,False,
3489,69941,1,-2,False,
3490,69959,1,-1,False,
3491,70001,1,0,True,134
3492,70019,1,1,False,
3493,70061,1,2,False,
3494,70067,-1,1,False,
3495,70079,1,2,False,
3496,70121,1,3,False,
3497,70139,1,4,False,
3498,70157,-1,3,False,
3499,70163,-1,2,False,
3500,70181,1,3,False,
3501,70199,1,4,False,
3502,70223,-1,3,False,
3503,70229,1,4,False,
3504,70241,1,5,False,
3505,70271,1,6,False,
3506,70289,1,7,False,
3507,70313,-1,6,False,
3508,70373,-1,5,False,
3509,70379,1,6,False,
3510,70439,1,7,False,
3511,70451,1,8,False,
3512,70457,-1,7,False,
3513,70481,1,8,False,
3514,70487,-1,7,False,
3515,70529,1,8,False,
3516,70571,1,9,False,
3517,70583,-1,8,False,
3518,70589,1,9,False,
3519,70607,-1,8,False,
3520,70619,1,9,False,
3521,70667,-1,8,False,
3522,70709,1,9,False,
3523,70769,1,10,False,
3524,70793,-1,9,False,
3525,70823,-1,8,False,
3526,70841,1,9,False,
3527,70853,-1,8,False,
3528,70877,-1,7,False,
3529,70901,1,8,False,
3530,70913,-1,7,False,
3531,70919,1,8,False,
3532,70937,-1,7,False,
3533,70949,1,8,False,
3534,70979,1,9,False,
3535,70991,1,10,False,
3536,70997,-1,9,False,
3537,71039,1,10,False,
3538,71069,1,11,False,
3539,71081,1,12,False,
3540,71129,1,13,False,
3541,71147,-1,12,False,
3542,71153,-1,11,False,
3543,71171,1,12,False,
3544,71237,-1,11,False,
3545,71249,1,12,False,
3546,71261,1,13,False,
3547,71327,-1,12,False,
3548,71333,-1,11,False,
3549,71339,1,12,False,
3550,71363,-1,11,False,
3551,71387,-1,10,False,
3552,71399,1,11,False,
3553,71411,1,12,False,
3554,71429,1,13,False,
3555,71453,-1,12,False,
3556,71471,1,13,False,
3557,71483,-1,12,False,
3558,71537,-1,11,False,
3559,71549,1,12,False,
3560,71597,-1,11,False,
3561,71633,-1,10,False,
3562,71663,-1,9,False,
3563,71693,-1,8,False,
3564,71699,1,9,False,
3565,71711,1,10,False,
3566,71741,1,11,False,
3567,71777,-1,10,False,
3568,71789,1,11,False,
3569,71807,-1,10,False,
3570,71837,-1,9,False,
3571,71843,-1,8,False,
3572,71849,1,9,False,
3573,71861,1,10,False,
3574,71867,-1,9,False,
3575,71879,1,10,False,
3576,71909,1,11,False,
3577,71933,-1,10,False,
3578,71963,-1,9,False,
3579,71987,-1,8,False,
3580,71993,-1,7,False,
3581,71999,1,8,False,
3582,72047,-1,7,False,
3583,72053,-1,6,False,
3584,72077,-1,5,False,
3585,72089,1,6,False,
3586,72101,1,7,False,
3587,72161,1,8,False,
3588,72167,-1,7,False,
3589,72173,-1,6,False,
3590,72221,1,7,False,
3591,72227,-1,6,False,
3592,72251,1,7,False,
3593,72269,1,8,False,
3594,72287,-1,7,False,
3595,72341,1,8,False,
3596,72353,-1,7,False,
3597,72383,-1,6,False,
3598,72431,1,7,False,
3599,72461,1,8,False,
3600,72467,-1,7,False,
3601,72497,-1,6,False,
3602,72503,-1,5,False,
3603,72533,-1,4,False,
3604,72551,1,5,False,
3605,72617,-1,4,False,
3606,72623,-1,3,False,
3607,72647,-1,2,False,
3608,72671,1,3,False,
3609,72689,1,4,False,
3610,72701,1,5,False,
3611,72707,-1,4,False,
3612,72719,1,5,False,
3613,72767,-1,4,False,
3614,72797,-1,3,False,
3615,72869,1,4,False,
3616,72893,-1,3,False,
3617,72911,1,4,False,
3618,72923,-1,3,False,
3619,72953,-1,2,False,
3620,72959,1,3,False,
3621,72977,-1,2,False,
3622,73013,-1,1,False,
3623,73019,1,2,False,
3624,73037,-1,1,False,
3625,73043,-1,0,True,26
3626,73061,1,1,False,
3627,73079,1,2,False,
3628,73091,1,3,False,
3629,73121,1,4,False,
3630,73127,-1,3,False,
3631,73133,-1,2,False,
3632,73181,1,3,False,
3633,73259,1,4,False,
3634,73277,-1,3,False,
3635,73331,1,4,False,
3636,73361,1,5,False,
3637,73379,1,6,False,
3638,73421,1,7,False,
3639,73433,-1,6,False,
3640,73517,-1,5,False,
3641,73523,-1,4,False,
3642,73529,1,5,False,
3643,73547,-1,4,False,
3644,73553,-1,3,False,
3645,73571,1,4,False,
3646,73583,-1,3,False,
3647,73589,1,4,False,
3648,73607,-1,3,False,
3649,73613,-1,2,False,
3650,73637,-1,1,False,
3651,73643,-1,0,True,2
3652,73673,-1,-1,False,
3653,73679,1,0,True,6
3654,73709,1,1,False,
3655,73721,1,2,False,
3656,73727,-1,1,False,
3657,73751,1,2,False,
3658,73757,-1,1,False,
3659,73823,-1,0,True,2
3660,73847,-1,-1,False,
3661,73859,1,0,True,16
3662,73877,-1,-1,False,
3663,73883,-1,-2,False,
3664,73907,-1,-3,False,
3665,73943,-1,-4,False,
3666,73961,1,-3,False,
3667,73973,-1,-4,False,
3668,74021,1,-3,False,
3669,74027,-1,-4,False,
3670,74051,1,-3,False,
3671,74093,-1,-4,False,
3672,74099,1,-3,False,
3673,74159,1,-2,False,
3674,74177,-1,-3,False,
3675,74189,1,-2,False,
3676,74201,1,-1,False,
3677,74219,1,0,True,4
3678,74231,1,1,False,
3679,74279,1,2,False,
3680,74297,-1,1,False,
3681,74357,-1,0,True,2
3682,74363,-1,-1,False,
3683,74381,1,0,True,70
3684,74411,1,1,False,
3685,74441,1,2,False,
3686,74453,-1,1,False,
3687,74471,1,2,False,
3688,74489,1,3,False,
3689,74507,-1,2,False,
3690,74531,1,3,False,
3691,74561,1,4,False,
3692,74567,-1,3,False,
3693,74573,-1,2,False,
3694,74597,-1,1,False,
3695,74609,1,2,False,
3696,74687,-1,1,False,
3697,74699,1,2,False,
3698,74717,-1,1,False,
3699,74729,1,2,False,
3700,74747,-1,1,False,
3701,74759,1,2,False,
3702,74771,1,3,False,
3703,74831,1,4,False,
3704,74843,-1,3,False,
3705,74861,1,4,False,
3706,74873,-1,3,False,
3707,74891,1,4,False,
3708,74897,-1,3,False,
3709,74903,-1,2,False,
3710,74933,-1,1,False,
3711,75011,1,2,False,
3712,75017,-1,1,False,
3713,75029,1,2,False,
3714,75041,1,3,False,
3715,75083,-1,2,False,
3716,75149,1,3,False,
3717,75161,1,4,False,
3718,75167,-1,3,False,
3719,75209,1,4,False,
3720,75227,-1,3,False,
3721,75239,1,4,False,
3722,75269,1,5,False,
3723,75323,-1,4,False,
3724,75329,1,5,False,
3725,75347,-1,4,False,
3726,75353,-1,3,False,
3727,75377,-1,2,False,
3728,75389,1,3,False,
3729,75401,1,4,False,
3730,75407,-1,3,False,
3731,75431,1,4,False,
3732,75437,-1,3,False,
3733,75479,1,4,False,
3734,75503,-1,3,False,
3735,75521,1,4,False,
3736,75527,-1,3,False,
3737,75533,-1,2,False,
3738,75539,1,3,False,
3739,75557,-1,2,False,
3740,75611,1,3,False,
3741,75617,-1,2,False,
3742,75629,1,3,False,
3743,75641,1,4,False,
3744,75653,-1,3,False,
3745,75659,1,4,False,
3746,75683,-1,3,False,
3747,75689,1,4,False,
3748,75707,-1,3,False,
3749,75731,1,4,False,
3750,75743,-1,3,False,
3751,75767,-1,2,False,
3752,75773,-1,1,False,
3753,75797,-1,0,True,2
3754,75821,1,1,False,
3755,75833,-1,0,True,24
3756,75869,1,1,False,
3757,75941,1,2,False,
3758,75983,-1,1,False,
3759,75989,1,2,False,
3760,76001,1,3,False,
3761,76031,1,4,False,
3762,76079,1,5,False,
3763,76091,1,6,False,
3764,76103,-1,5,False,
3765,76157,-1,4,False,
3766,76163,-1,3,False,
3767,76253,-1,2,False,
3768,76259,1,3,False,
3769,76283,-1,2,False,
3770,76289,1,3,False,
3771,76343,-1,2,False,
3772,76367,-1,1,False,
3773,76379,1,2,False,
3774,76403,-1,1,False,
3775,76421,1,2,False,
3776,76463,-1,1,False,
3777,76481,1,2,False,
3778,76487,-1,1,False,
3779,76493,-1,0,True,10
3780,76511,1,1,False,
3781,76541,1,2,False,
3782,76607,-1,1,False,
3783,76631,1,2,False,
3784,76649,1,3,False,
3785,76667,-1,2,False,
3786,76673,-1,1,False,
3787,76679,1,2,False,
3788,76697,-1,1,False,
3789,76733,-1,0,True,2
3790,76757,-1,-1,False,
3791,76781,1,0,True,2
3792,76829,1,1,False,
3793,76847,-1,0,True,2
3794,76871,1,1,False,
3795,76883,-1,0,True,6
3796,76907,-1,-1,False,
3797,76913,-1,-2,False,
3798,76919,1,-1,False,
3799,76943,-1,-2,False,
3800,76949,1,-1,False,
3801,76961,1,0,True,2
3802,76991,1,1,False,
3803,77003,-1,0,True,10
3804,77069,1,1,False,
3805,77081,1,2,False,
3806,77093,-1,1,False,
3807,77141,1,2,False,
3808,77153,-1,1,False,
3809,77171,1,2,False,
3810,77201,1,3,False,
3811,77213,-1,2,False,
3812,77237,-1,1,False,
3813,77243,-1,0,True,72
3814,77249,1,1,False,
3815,77261,1,2,False,
3816,77267,-1,1,False,
3817,77279,1,2,False,
3818,77291,1,3,False,
3819,77339,1,4,False,
3820,77351,1,5,False,
3821,77369,1,6,False,
3822,77417,-1,5,False,
3823,77447,-1,4,False,
3824,77471,1,5,False,
3825,77477,-1,4,False,
3826,77489,1,5,False,
3827,77513,-1,4,False,
3828,77543,-1,3,False,
3829,77549,1,4,False,
3830,77573,-1,3,False,
3831,77591,1,4,False,
3832,77621,1,5,False,
3833,77681,1,6,False,
3834,77687,-1,5,False,
3835,77699,1,6,False,
3836,77711,1,7,False,
3837,77723,-1,6,False,
3838,77747,-1,5,False,
3839,77783,-1,4,False,
3840,77801,1,5,False,
3841,77813,-1,4,False,
3842,77849,1,5,False,
3843,77867,-1,4,False,
3844,77933,-1,3,False,
3845,77951,1,4,False,
3846,77969,1,5,False,
3847,77999,1,6,False,
3848,78017,-1,5,False,
3849,78041,1,6,False,
3850,78059,1,7,False,
3851,78101,1,8,False,
3852,78137,-1,7,False,
3853,78167,-1,6,False,
3854,78173,-1,5,False,
3855,78179,1,6,False,
3856,78191,1,7,False,
3857,78203,-1,6,False,
3858,78233,-1,5,False,
3859,78311,1,6,False,
3860,78317,-1,5,False,
3861,78341,1,6,False,
3862,78347,-1,5,False,
3863,78401,1,6,False,
3864,78437,-1,5,False,
3865,78467,-1,4,False,
3866,78479,1,5,False,
3867,78497,-1,4,False,
3868,78509,1,5,False,
3869,78539,1,6,False,
3870,78569,1,7,False,
3871,78593,-1,6,False,
3872,78623,-1,5,False,
3873,78653,-1,4,False,
3874,78707,-1,3,False,
3875,78713,-1,2,False,
3876,78737,-1,1,False,
3877,78779,1,2,False,
3878,78791,1,3,False,
3879,78797,-1,2,False,
3880,78803,-1,1,False,
3881,78809,1,2,False,
3882,78839,1,3,False,
3883,78857,-1,2,False,
3884,78887,-1,1,False,
3885,78893,-1,0,True,8
3886,78929,1,1,False,
3887,78941,1,2,False,
3888,78977,-1,1,False,
3889,78989,1,2,False,
3890,79031,1,3,False,
3891,79043,-1,2,False,
3892,79103,-1,1,False,
3893,79133,-1,0,True,100
3894,79139,1,1,False,
3895,79151,1,2,False,
3896,79181,1,3,False,
3897,79187,-1,2,False,
3898,79193,-1,1,False,
3899,79229,1,2,False,
3900,79241,1,3,False,
3901,79259,1,4,False,
3902,79283,-1,3,False,
3903,79301,1,4,False,
3904,79319,1,5,False,
3905,79337,-1,4,False,
3906,79349,1,5,False,
3907,79367,-1,4,False,
3908,79379,1,5,False,
3909,79397,-1,4,False,
3910,79427,-1,3,False,
3911,79433,-1,2,False,
3912,79451,1,3,False,
3913,79481,1,4,False,
3914,79493,-1,3,False,
3915,79559,1,4,False,
3916,79589,1,5,False,
3917,79601,1,6,False,
3918,79613,-1,5,False,
3919,79631,1,6,False,
3920,79691,1,7,False,
3921,79697,-1,6,False,
3922,79757,-1,5,False,
3923,79769,1,6,False,
3924,79811,1,7,False,
3925,79817,-1,6,False,
3926,79823,-1,5,False,
3927,79829,1,6,False,
3928,79841,1,7,False,
3929,79847,-1,6,False,
3930,79889,1,7,False,
3931,79901,1,8,False,
3932,79907,-1,7,False,
3933,79943,-1,6,False,
3934,79967,-1,5,False,
3935,79973,-1,4,False,
3936,79979,1,5,False,
3937,79997,-1,4,False,
3938,80021,1,5,False,
3939,80039,1,6,False,
3940,80051,1,7,False,
3941,80111,1,8,False,
3942,80141,1,9,False,
3943,80147,-1,8,False,
3944,80153,-1,7,False,
3945,80177,-1,6,False,
3946,80207,-1,5,False,
3947,80231,1,6,False,
3948,80273,-1,5,False,
3949,80279,1,6,False,
3950,80309,1,7,False,
3951,80363,-1,6,False,
3952,80369,1,7,False,
3953,80387,-1,6,False,
3954,80429,1,7,False,
3955,80447,-1,6,False,
3956,80471,1,7,False,
3957,80489,1,8,False,
3958,80513,-1,7,False,
3959,80537,-1,6,False,
3960,80567,-1,5,False,
3961,80603,-1,4,False,
3962,80621,1,5,False,
3963,80627,-1,4,False,
3964,80651,1,5,False,
3965,80657,-1,4,False,
3966,80669,1,5,False,
3967,80681,1,6,False,
3968,80687,-1,5,False,
3969,80747,-1,4,False,
3970,80777,-1,3,False,
3971,80783,-1,2,False,
3972,80789,1,3,False,
3973,80819,1,4,False,
3974,80831,1,5,False,
3975,80849,1,6,False,
3976,80897,-1,5,False,
3977,80909,1,6,False,
3978,80933,-1,5,False,
3979,80963,-1,4,False,
3980,81017,-1,3,False,
3981,81023,-1,2,False,
3982,81041,1,3,False,
3983,81047,-1,2,False,
3984,81071,1,3,False,
3985,81077,-1,2,False,
3986,81083,-1,1,False,
3987,81101,1,2,False,
3988,81119,1,3,False,
3989,81131,1,4,False,
3990,81173,-1,3,False,
3991,81197,-1,2,False,
3992,81203,-1,1,False,
3993,81233,-1,0,True,82
3994,81239,1,1,False,
3995,81281,1,2,False,
3996,81293,-1,1,False,
3997,81299,1,2,False,
3998,81353,-1,1,False,
3999,81359,1,2,False,
4000,81371,1,3,False,
4001,81401,1,4,False,
4002,81509,1,5,False,
4003,81527,-1,4,False,
4004,81533,-1,3,False,
4005,81551,1,4,False,
4006,81563,-1,3,False,
4007,81569,1,4,False,
4008,81611,1,5,False,
4009,81629,1,6,False,
4010,81647,-1,5,False,
4011,81671,1,6,False,
4012,81677,-1,5,False,
4013,81689,1,6,False,
4014,81701,1,7,False,
4015,81707,-1,6,False,
4016,81737,-1,5,False,
4017,81749,1,6,False,
4018,81761,1,7,False,
4019,81773,-1,6,False,
4020,81839,1,7,False,
4021,81869,1,8,False,
4022,81899,1,9,False,
4023,81929,1,10,False,
4024,81953,-1,9,False,
4025,81971,1,10,False,
4026,82007,-1,9,False,
4027,82013,-1,8,False,
4028,82031,1,9,False,
4029,82037,-1,8,False,
4030,82067,-1,7,False,
4031,82073,-1,6,False,
4032,82139,1,7,False,
4033,82163,-1,6,False,
4034,82193,-1,5,False,
4035,82217,-1,4,False,
4036,82223,-1,3,False,
4037,82241,1,4,False,
4038,82301,1,5,False,
4039,82307,-1,4,False,
4040,82349,1,5,False,
4041,82361,1,6,False,
4042,82373,-1,5,False,
4043,82421,1,6,False,
4044,82457,-1,5,False,
4045,82463,-1,4,False,
4046,82469,1,5,False,
4047,82487,-1,4,False,
4048,82493,-1,3,False,
4049,82499,1,4,False,
4050,82529,1,5,False,
4051,82559,1,6,False,
4052,82571,1,7,False,
4053,82601,1,8,False,
4054,82613,-1,7,False,
4055,82619,1,8,False,
4056,82721,1,9,False,
4057,82727,-1,8,False,
4058,82757,-1,7,False,
4059,82763,-1,6,False,
4060,82781,1,7,False,
4061,82787,-1,6,False,
4062,82793,-1,5,False,
4063,82799,1,6,False,
4064,82811,1,7,False,
4065,82847,-1,6,False,
4066,82883,-1,5,False,
4067,82889,1,6,False,
4068,82913,-1,5,False,
4069,82997,-1,4,False,
4070,83003,-1,3,False,
4071,83009,1,4,False,
4072,83063,-1,3,False,
4073,83093,-1,2,False,
4074,83117,-1,1,False,
4075,83177,-1,0,True,2
4076,83207,-1,-1,False,
4077,83219,1,0,True,2
4078,83231,1,1,False,
4079,83243,-1,0,True,14
4080,83267,-1,-1,False,
4081,83273,-1,-2,False,
4082,83339,1,-1,False,
4083,83357,-1,-2,False,
4084,83399,1,-1,False,
4085,83417,-1,-2,False,
4086,83423,-1,-3,False,
4087,83459,1,-2,False,
4088,83471,1,-1,False,
4089,83477,-1,-2,False,
4090,83537,-1,-3,False,
4091,83561,1,-2,False,
4092,83579,1,-1,False,
4093,83591,1,0,True,2
4094,83597,-1,-1,False,
4095,83609,1,0,True,4
4096,83621,1,1,False,
4097,83639,1,2,False,
4098,83663,-1,1,False,
4099,83717,-1,0,True,24
4100,83777,-1,-1,False,
4101,83813,-1,-2,False,
4102,83843,-1,-3,False,
4103,83873,-1,-4,False,
4104,83891,1,-3,False,
4105,83903,-1,-4,False,
4106,83921,1,-3,False,
4107,83933,-1,-4,False,
4108,83939,1,-3,False,
4109,83969,1,-2,False,
4110,83987,-1,-3,False,
4111,84011,1,-2,False,
4112,84017,-1,-3,False,
4113,84047,-1,-4,False,
4114,84053,-1,-5,False,
4115,84059,1,-4,False,
4116,84089,1,-3,False,
4117,84131,1,-2,False,
4118,84137,-1,-3,False,
4119,84143,-1,-4,False,
4120,84179,1,-3,False,
4121,84191,1,-2,False,
4122,84221,1,-1,False,
4123,84239,1,0,True,2
4124,84263,-1,-1,False,
4125,84299,1,0,True,20
4126,84317,-1,-1,False,
4127,84347,-1,-2,False,
4128,84377,-1,-3,False,
4129,84389,1,-2,False,
4130,84401,1,-1,False,
4131,84407,-1,-2,False,
4132,84431,1,-1,False,
4133,84437,-1,-2,False,
4134,84443,-1,-3,False,
4135,84449,1,-2,False,
4136,84467,-1,-3,False,
4137,84503,-1,-4,False,
4138,84509,1,-3,False,
4139,84521,1,-2,False,
4140,84533,-1,-3,False,
4141,84551,1,-2,False,
4142,84629,1,-1,False,
4143,84653,-1,-2,False,
4144,84659,1,-1,False,
4145,84701,1,0,True,2
4146,84713,-1,-1,False,
4147,84719,1,0,True,2
4148,84731,1,1,False,
4149,84737,-1,0,True,4
4150,84761,1,1,False,
4151,84809,1,2,False,
4152,84827,-1,1,False,
4153,84857,-1,0,True,2
4154,84869,1,1,False,
4155,84947,-1,0,True,4
4156,84977,-1,-1,False,
4157,85037,-1,-2,False,
4158,85049,1,-1,False,
4159,85061,1,0,True,2
4160,85091,1,1,False,
4161,85103,-1,0,True,4
4162,85109,1,1,False,
4163,85121,1,2,False,
4164,85133,-1,1,False,
4165,85193,-1,0,True,2
4166,85199,1,1,False,
4167,85223,-1,0,True,2
4168,85229,1,1,False,
4169,85247,-1,0,True,2
4170,85259,1,1,False,
4171,85313,-1,0,True,20
4172,85331,1,1,False,
4173,85361,1,2,False,
4174,85427,-1,1,False,
4175,85439,1,2,False,
4176,85451,1,3,False,
4177,85469,1,4,False,
4178,85487,-1,3,False,
4179,85517,-1,2,False,
4180,85523,-1,1,False,
4181,85571,1,2,False,
4182,85577,-1,1,False,
4183,85601,1,2,False,
4184,85607,-1,1,False,
4185,85619,1,2,False,
4186,85643,-1,1,False,
4187,85661,1,2,False,
4188,85667,-1,1,False,
4189,85691,1,2,False,
4190,85703,-1,1,False,
4191,85733,-1,0,True,4
4192,85751,1,1,False,
4193,85781,1,2,False,
4194,85793,-1,1,False,
4195,85817,-1,0,True,2
4196,85829,1,1,False,
4197,85847,-1,0,True,2
4198,85853,-1,-1,False,
4199,85889,1,0,True,160
4200,85931,1,1,False,
4201,85991,1,2,False,
4202,86027,-1,1,False,
4203,86069,1,2,False,
4204,86111,1,3,False,
4205,86117,-1,2,False,
4206,86171,1,3,False,
4207,86183,-1,2,False,
4208,86201,1,3,False,
4209,86243,-1,2,False,
4210,86249,1,3,False,
4211,86291,1,4,False,
4212,86297,-1,3,False,
4213,86351,1,4,False,
4214,86357,-1,3,False,
4215,86369,1,4,False,
4216,86381,1,5,False,
4217,86399,1,6,False,
4218,86423,-1,5,False,
4219,86441,1,6,False,
4220,86453,-1,5,False,
4221,86477,-1,4,False,
4222,86501,1,5,False,
4223,86531,1,6,False,
4224,86561,1,7,False,
4225,86573,-1,6,False,
4226,86579,1,7,False,
4227,86627,-1,6,False,
4228,86693,-1,5,False,
4229,86711,1,6,False,
4230,86729,1,7,False,
4231,86753,-1,6,False,
4232,86771,1,7,False,
4233,86783,-1,6,False,
4234,86813,-1,5,False,
4235,86837,-1,4,False,
4236,86843,-1,3,False,
4237,86861,1,4,False,
4238,86927,-1,3,False,
4239,86939,1,4,False,
4240,86951,1,5,False,
4241,86969,1,6,False,
4242,86981,1,7,False,
4243,86993,-1,6,False,
4244,87011,1,7,False,
4245,87041,1,8,False,
4246,87071,1,9,False,
4247,87083,-1,8,False,
4248,87107,-1,7,False,
4249,87119,1,8,False,
4250,87149,1,9,False,
4251,87179,1,10,False,
4252,87221,1,11,False,
4253,87251,1,12,False,
4254,87257,-1,11,False,
4255,87281,1,12,False,
4256,87293,-1,11,False,
4257,87299,1,12,False,
4258,87317,-1,11,False,
4259,87323,-1,10,False,
4260,87359,1,11,False,
4261,87383,-1,10,False,
4262,87407,-1,9,False,
4263,87443,-1,8,False,
4264,87473,-1,7,False,
4265,87491,1,8,False,
4266,87509,1,9,False,
4267,87539,1,10,False,
4268,87557,-1,9,False,
4269,87587,-1,8,False,
4270,87623,-1,7,False,
4271,87629,1,8,False,
4272,87641,1,9,False,
4273,87671,1,10,False,
4274,87683,-1,9,False,
4275,87701,1,10,False,
4276,87719,1,11,False,
4277,87743,-1,10,False,
4278,87767,-1,9,False,
4279,87797,-1,8,False,
4280,87803,-1,7,False,
4281,87833,-1,6,False,
4282,87869,1,7,False,
4283,87881,1,8,False,
4284,87887,-1,7,False,
4285,87911,1,8,False,
4286,87917,-1,7,False,
4287,87959,1,8,False,
4288,87977,-1,7,False,
4289,88001,1,8,False,
4290,88007,-1,7,False,
4291,88019,1,8,False,
4292,88037,-1,7,False,
4293,88079,1,8,False,
4294,88169,1,9,False,
4295,88211,1,10,False,
4296,88223,-1,9,False,
4297,88241,1,10,False,
4298,88259,1,11,False,
4299,88289,1,12,False,
4300,88301,1,13,False,
4301,88337,-1,12,False,
4302,88379,1,13,False,
4303,88397,-1,12,False,
4304,88427,-1,11,False,
4305,88463,-1,10,False,
4306,88469,1,11,False,
4307,88493,-1,10,False,
4308,88499,1,11,False,
4309,88523,-1,10,False,
4310,88547,-1,9,False,
4311,88589,1,10,False,
4312,88607,-1,9,False,
4313,88643,-1,8,False,
4314,88661,1,9,False,
4315,88667,-1,8,False,
4316,88721,1,9,False,
4317,88793,-1,8,False,
4318,88799,1,9,False,
4319,88811,1,10,False,
4320,88817,-1,9,False,
4321,88853,-1,8,False,
4322,88883,-1,7,False,
4323,88919,1,8,False,
4324,88937,-1,7,False,
4325,88997,-1,6,False,
4326,89003,-1,5,False,
4327,89009,1,6,False,
4328,89021,1,7,False,
4329,89051,1,8,False,
4330,89057,-1,7,False,
4331,89069,1,8,False,
4332,89087,-1,7,False,
4333,89123,-1,6,False,
4334,89153,-1,5,False,
4335,89189,1,6,False,
4336,89213,-1,5,False,
4337,89231,1,6,False,
4338,89237,-1,5,False,
4339,89261,1,6,False,
4340,89273,-1,5,False,
4341,89303,-1,4,False,
4342,89363,-1,3,False,
4343,89381,1,4,False,
4344,89387,-1,3,False,
4345,89393,-1,2,False,
4346,89399,1,3,False,
4347,89417,-1,2,False,
4348,89459,1,3,False,
4349,89477,-1,2,False,
4350,89501,1,3,False,
4351,89513,-1,2,False,
4352,89519,1,3,False,
4353,89561,1,4,False,
4354,89567,-1,3,False,
4355,89591,1,4,False,
4356,89597,-1,3,False,
4357,89603,-1,2,False,
4358,89627,-1,1,False,
4359,89633,-1,0,True,2
4360,89657,-1,-1,False,
4361,89669,1,0,True,2
4362,89681,1,1,False,
4363,89753,-1,0,True,2
4364,89759,1,1,False,
4365,89783,-1,0,True,12
4366,89819,1,1,False,
4367,89849,1,2,False,
4368,89867,-1,1,False,
4369,89891,1,2,False,
4370,89897,-1,1,False,
4371,89909,1,2,False,
4372,89939,1,3,False,
4373,89963,-1,2,False,
4374,90011,1,3,False,
4375,90017,-1,2,False,
4376,90023,-1,1,False,
4377,90053,-1,0,True,10
4378,90059,1,1,False,
4379,90071,1,2,False,
4380,90089,1,3,False,
4381,90107,-1,2,False,
4382,90149,1,3,False,
4383,90173,-1,2,False,
4384,90191,1,3,False,
4385,90197,-1,2,False,
4386,90203,-1,1,False,
4387,90227,-1,0,True,2
4388,90239,1,1,False,
4389,90263,-1,0,True,2
4390,90281,1,1,False,
4391,90353,-1,0,True,6
4392,90359,1,1,False,
4393,90371,1,2,False,
4394,90401,1,3,False,
4395,90407,-1,2,False,
4396,90437,-1,1,False,
4397,90473,-1,0,True,10
4398,90527,-1,-1,False,
4399,90533,-1,-2,False,
4400,90599,1,-1,False,
4401,90617,-1,-2,False,
4402,90641,1,-1,False,
4403,90647,-1,-2,False,
4404,90659,1,-1,False,
4405,90677,-1,-2,False,
4406,90731,1,-1,False,
4407,90749,1,0,True,2
4408,90803,-1,-1,False,
4409,90821,1,0,True,16
4410,90833,-1,-1,False,
4411,90863,-1,-2,False,
4412,90887,-1,-3,False,
4413,90911,1,-2,False,
4414,90917,-1,-3,False,
4415,90947,-1,-4,False,
4416,90971,1,-3,False,
4417,90977,-1,-4,False,
4418,90989,1,-3,False,
4419,91019,1,-2,False,
4420,91079,1,-1,False,
4421,91097,-1,-2,False,
4422,91121,1,-1,False,
4423,91127,-1,-2,False,
4424,91139,1,-1,False,
4425,91151,1,0,True,4
4426,91163,-1,-1,False,
4427,91193,-1,-2,False,
4428,91199,1,-1,False,
4429,91229,1,0,True,
4430,91253,-1,-1,False,
4431,91283,-1,-2,False,
4432,91331,1,-1,False,
4433,91367,-1,-2,False,
4434,91373,-1,-3,False,
4435,91397,-1,-4,False,
4436,91433,-1,-5,False,
4437,91457,-1,-6,False,
4438,91463,-1,-7,False,
4439,91493,-1,-8,False,
4440,91499,1,-7,False,
4441,91529,1,-6,False,
4442,91541,1,-5,False,
4443,91571,1,-4,False,
4444,91577,-1,-5,False,
4445,91583,-1,-6,False,
4446,91631,1,-5,False,
4447,91673,-1,-6,False,
4448,91691,1,-5,False,
4449,91703,-1,-6,False,
4450,91733,-1,-7,False,
4451,91757,-1,-8,False,
4452,91781,1,-7,False,
4453,91811,1,-6,False,
4454,91823,-1,-7,False,
4455,91841,1,-6,False,
4456,91943,-1,-7,False,
4457,91961,1,-6,False,
4458,91967,-1,-7,False,
4459,91997,-1,-8,False,
4460,92003,-1,-9,False,
4461,92009,1,-8,False,
4462,92033,-1,-9,False,
4463,92051,1,-8,False,
4464,92111,1,-7,False,
4465,92153,-1,-8,False,
4466,92177,-1,-9,False,
4467,92189,1,-8,False,
4468,92219,1,-7,False,
4469,92237,-1,-8,False,
4470,92243,-1,-9,False,
4471,92297,-1,-10,False,
4472,92333,-1,-11,False,
4473,92357,-1,-12,False,
4474,92363,-1,-13,False,
4475,92369,1,-12,False,
4476,92381,1,-11,False,
4477,92387,-1,-12,False,
4478,92399,1,-11,False,
4479,92459,1,-10,False,
4480,92489,1,-9,False,
4481,92507,-1,-10,False,
4482,92567,-1,-11,False,
4483,92627,-1,-12,False,
4484,92639,1,-11,False,
4485,92657,-1,-12,False,
4486,92669,1,-11,False,
4487,92681,1,-10,False,
4488,92693,-1,-11,False,
4489,92699,1,-10,False,
4490,92717,-1,-11,False,
4491,92723,-1,-12,False,
4492,92753,-1,-13,False,
4493,92789,1,-12,False,
4494,92801,1,-11,False,
4495,92831,1,-10,False,
4496,92849,1,-9,False,
4497,92861,1,-8,False,
4498,92867,-1,-9,False,
4499,92921,1,-8,False,
4500,92927,-1,-9,False,
4501,92951,1,-8,False,
4502,92957,-1,-9,False,
4503,92987,-1,-10,False,
4504,92993,-1,-11,False,
4505,93047,-1,-12,False,
4506,93053,-1,-13,False,
4507,93059,1,-12,False,
4508,93077,-1,-13,False,
4509,93083,-1,-14,False,
4510,93089,1,-13,False,
4511,93113,-1,-14,False,
4512,93131,1,-13,False,
4513,93179,1,-12,False,
4514,93239,1,-11,False,
4515,93251,1,-10,False,
4516,93257,-1,-11,False,
4517,93263,-1,-12,False,
4518,93281,1,-11,False,
4519,93287,-1,-12,False,
4520,93323,-1,-13,False,
4521,93329,1,-12,False,
4522,93371,1,-11,False,
4523,93377,-1,-12,False,
4524,93383,-1,-13,False,
4525,93407,-1,-14,False,
4526,93419,1,-13,False,
4527,93479,1,-12,False,
4528,93491,1,-11,False,
4529,93497,-1,-12,False,
4530,93503,-1,-13,False,
4531,93557,-1,-14,False,
4532,93563,-1,-15,False,
4533,93581,1,-14,False,
4534,93629,1,-13,False,
4535,93683,-1,-14,False,
4536,93701,1,-13,False,
4537,93719,1,-12,False,
4538,93761,1,-11,False,
4539,93809,1,-10,False,
4540,93827,-1,-11,False,
4541,93851,1,-10,False,
4542,93887,-1,-11,False,
4543,93893,-1,-12,False,
4544,93911,1,-11,False,
4545,93923,-1,-12,False,
4546,93941,1,-11,False,
4547,93971,1,-10,False,
4548,93983,-1,-11,False,
4549,94007,-1,-12,False,
4550,94049,1,-11,False,
4551,94079,1,-10,False,
4552,94109,1,-9,False,
4553,94121,1,-8,False,
4554,94151,1,-7,False,
4555,94169,1,-6,False,
4556,94229,1,-5,False,
4557,94253,-1,-6,False,
4558,94307,-1,-7,False,
4559,94331,1,-6,False,
4560,94343,-1,-7,False,
4561,94349,1,-6,False,
4562,94379,1,-5,False,
4563,94397,-1,-6,False,
4564,94421,1,-5,False,
4565,94427,-1,-6,False,
4566,94433,-1,-7,False,
4567,94439,1,-6,False,
4568,94463,-1,-7,False,
4569,94529,1,-6,False,
4570,94541,1,-5,False,
4571,94547,-1,-6,False,
4572,94559,1,-5,False,
4573,94583,-1,-6,False,
4574,94613,-1,-7,False,
4575,94649,1,-6,False,
4576,94709,1,-5,False,
4577,94727,-1,-6,False,
4578,94781,1,-5,False,
4579,94793,-1,-6,False,
4580,94811,1,-5,False,
4581,94823,-1,-6,False,
4582,94841,1,-5,False,
4583,94847,-1,-6,False,
4584,94889,1,-5,False,
4585,94907,-1,-6,False,
4586,94949,1,-5,False,
4587,94961,1,-4,False,
4588,95003,-1,-5,False,
4589,95009,1,-4,False,
4590,95021,1,-3,False,
4591,95027,-1,-4,False,
4592,95063,-1,-5,False,
4593,95087,-1,-6,False,
4594,95093,-1,-7,False,
4595,95111,1,-6,False,
4596,95153,-1,-7,False,
4597,95177,-1,-8,False,
4598,95189,1,-7,False,
4599,95213,-1,-8,False,
4600,95219,1,-7,False,
4601,95231,1,-6,False,
4602,95261,1,-5,False,
4603,95267,-1,-6,False,
4604,95273,-1,-7,False,
4605,95279,1,-6,False,
4606,95327,-1,-7,False,
4607,95339,1,-6,False,
4608,95369,1,-5,False,
4609,95393,-1,-6,False,
4610,95429,1,-5,False,
4611,95441,1,-4,False,
4612,95471,1,-3,False,
4613,95483,-1,-4,False,
4614,95507,-1,-5,False,
4615,95531,1,-4,False,
4616,95549,1,-3,False,
4617,95561,1,-2,False,
4618,95597,-1,-3,False,
4619,95603,-1,-4,False,
4620,95621,1,-3,False,
4621,95633,-1,-4,False,
4622,95651,1,-3,False,
4623,95717,-1,-4,False,
4624,95723,-1,-5,False,
4625,95747,-1,-6,False,
4626,95783,-1,-7,False,
4627,95789,1,-6,False,
4628,95801,1,-5,False,
4629,95813,-1,-6,False,
4630,95819,1,-5,False,
4631,95873,-1,-6,False,
4632,95891,1,-5,False,
4633,95957,-1,-6,False,
4634,95987,-1,-7,False,
4635,96017,-1,-8,False,
4636,96053,-1,-9,False,
4637,96059,1,-8,False,
4638,96137,-1,-9,False,
4639,96149,1,-8,False,
4640,96167,-1,-9,False,
4641,96179,1,-8,False,
4642,96221,1,-7,False,
4643,96233,-1,-8,False,
4644,96263,-1,-9,False,
4645,96269,1,-8,False,
4646,96281,1,-7,False,
4647,96293,-1,-8,False,
4648,96323,-1,-9,False,
4649,96329,1,-8,False,
4650,96353,-1,-9,False,
4651,96377,-1,-10,False,
4652,96401,1,-9,False,
4653,96419,1,-8,False,
4654,96431,1,-7,False,
4655,96443,-1,-8,False,
4656,96461,1,-7,False,
4657,96479,1,-6,False,
4658,96497,-1,-7,False,
4659,96527,-1,-8,False,
4660,96557,-1,-9,False,
4661,96581,1,-8,False,
4662,96587,-1,-9,False,
4663,96671,1,-8,False,
4664,96731,1,-7,False,
4665,96737,-1,-8,False,
4666,96749,1,-7,False,
4667,96779,1,-6,False,
4668,96797,-1,-7,False,
4669,96821,1,-6,False,
4670,96827,-1,-7,False,
4671,96851,1,-6,False,
4672,96857,-1,-7,False,
4673,96893,-1,-8,False,
4674,96911,1,-7,False,
4675,96953,-1,-8,False,
4676,96959,1,-7,False,
4677,96989,1,-6,False,
4678,97001,1,-5,False,
4679,97007,-1,-6,False,
4680,97073,-1,-7,False,
4681,97103,-1,-8,False,
4682,97127,-1,-9,False,
4683,97151,1,-8,False,
4684,97157,-1,-9,False,
4685,97169,1,-8,False,
4686,97187,-1,-9,False,
4687,97241,1,-8,False,
4688,97259,1,-7,False,
4689,97283,-1,-8,False,
4690,97301,1,-7,False,
4691,97367,-1,-8,False,
4692,97373,-1,-9,False,
4693,97379,1,-8,False,
4694,97397,-1,-9,False,
4695,97463,-1,-10,False,
4696,97499,1,-9,False,
4697,97511,1,-8,False,
4698,97523,-1,-9,False,
4699,97547,-1,-10,False,
4700,97553,-1,-11,False,
4701,97571,1,-10,False,
4702,97577,-1,-11,False,
4703,97583,-1,-12,False,
4704,97607,-1,-13,False,
4705,97613,-1,-14,False,
4706,97649,1,-13,False,
4707,97673,-1,-14,False,
4708,97787,-1,-15,False,
4709,97829,1,-14,False,
4710,97841,1,-13,False,
4711,97847,-1,-14,False,
4712,97859,1,-13,False,
4713,97871,1,-12,False,
4714,97883,-1,-13,False,
4715,97919,1,-12,False,
4716,97931,1,-11,False,
4717,97943,-1,-12,False,
4718,97961,1,-11,False,
4719,97967,-1,-12,False,
4720,97973,-1,-13,False,
4721,98009,1,-12,False,
4722,98057,-1,-13,False,
4723,98081,1,-12,False,
4724,98123,-1,-13,False,
4725,98129,1,-12,False,
4726,98207,-1,-13,False,
4727,98213,-1,-14,False,
4728,98297,-1,-15,False,
4729,98321,1,-14,False,
4730,98327,-1,-15,False,
4731,98369,1,-14,False,
4732,98387,-1,-15,False,
4733,98411,1,-14,False,
4734,98429,1,-13,False,
4735,98453,-1,-14,False,
4736,98459,1,-13,False,
4737,98507,-1,-14,False,
4738,98519,1,-13,False,
4739,98543,-1,-14,False,
4740,98561,1,-13,False,
4741,98573,-1,-14,False,
4742,98597,-1,-15,False,
4743,98621,1,-14,False,
4744,98627,-1,-15,False,
4745,98639,1,-14,False,
4746,98663,-1,-15,False,
4747,98669,1,-14,False,
4748,98711,1,-13,False,
4749,98717,-1,-14,False,
4750,98729,1,-13,False,
4751,98801,1,-12,False,
4752,98807,-1,-13,False,
4753,98837,-1,-14,False,
4754,98849,1,-13,False,
4755,98867,-1,-14,False,
4756,98873,-1,-15,False,
4757,98897,-1,-16,False,
4758,98909,1,-15,False,
4759,98927,-1,-16,False,
4760,98939,1,-15,False,
4761,98963,-1,-16,False,
4762,98981,1,-15,False,
4763,98993,-1,-16,False,
4764,98999,1,-15,False,
4765,99017,-1,-16,False,
4766,99023,-1,-17,False,
4767,99041,1,-16,False,
4768,99053,-1,-17,False,
4769,99083,-1,-18,False,
4770,99089,1,-17,False,
4771,99119,1,-16,False,
4772,99131,1,-15,False,
4773,99137,-1,-16,False,
4774,99149,1,-15,False,
4775,99173,-1,-16,False,
4776,99191,1,-15,False,
4777,99233,-1,-16,False,
4778,99251,1,-15,False,
4779,99257,-1,-16,False,
4780,99317,-1,-17,False,
4781,99347,-1,-18,False,
4782,99371,1,-17,False,
4783,99377,-1,-18,False,
4784,99401,1,-17,False,
4785,99431,1,-16,False,
4786,99497,-1,-17,False,
4787,99527,-1,-18,False,
4788,99551,1,-17,False,
4789,99563,-1,-18,False,
4790,99581,1,-17,False,
4791,99611,1,-16,False,
4792,99623,-1,-17,False,
4793,99689,1,-16,False,
4794,99707,-1,-17,False,
4795,99713,-1,-18,False,
4796,99719,1,-17,False,
4797,99761,1,-16,False,
4798,99767,-1,-17,False,
4799,99809,1,-16,False,
4800,99833,-1,-17,False,
4801,99839,1,-16,False,
4802,99881,1,-15,False,
4803,99923,-1,-16,False,
4804,99929,1,-15,False,
4805,99971,1,-14,False,
4806,99989,1,-13,False,
4807,100019,1,-12,False,
4808,100043,-1,-13,False,
4809,100049,1,-12,False,
4810,100103,-1,-13,False,
4811,100109,1,-12,False,
4812,100151,1,-11,False,
4813,100169,1,-10,False,
4814,100193,-1,-11,False,
4815,100271,1,-10,False,
4816,100313,-1,-11,False,
4817,100343,-1,-12,False,
4818,100361,1,-11,False,
4819,100379,1,-10,False,
4820,100391,1,-9,False,
4821,100403,-1,-10,False,
4822,100469,1,-9,False,
4823,100493,-1,-10,False,
4824,100511,1,-9,False,
4825,100517,-1,-10,False,
4826,100523,-1,-11,False,
4827,100547,-1,-12,False,
4828,100559,1,-11,False,
4829,100613,-1,-12,False,
4830,100649,1,-11,False,
4831,100673,-1,-12,False,
4832,100703,-1,-13,False,
4833,100733,-1,-14,False,
4834,100769,1,-13,False,
4835,100787,-1,-14,False,
4836,100799,1,-13,False,
4837,100811,1,-12,False,
4838,100823,-1,-13,False,
4839,100829,1,-12,False,
4840,100847,-1,-13,False,
4841,100853,-1,-14,False,
4842,100907,-1,-15,False,
4843,100913,-1,-16,False,
4844,100931,1,-15,False,
4845,100937,-1,-16,False,
4846,100943,-1,-17,False,
4847,101009,1,-16,False,
4848,101021,1,-15,False,
4849,101027,-1,-16,False,
4850,101051,1,-15,False,
4851,101063,-1,-16,False,
4852,101081,1,-15,False,
4853,101111,1,-14,False,
4854,101117,-1,-15,False,
4855,101141,1,-14,False,
4856,101159,1,-13,False,
4857,101183,-1,-14,False,
4858,101207,-1,-15,False,
4859,101267,-1,-16,False,
4860,101273,-1,-17,False,
4861,101279,1,-16,False,
4862,101333,-1,-17,False,
4863,101363,-1,-18,False,
4864,101399,1,-17,False,
4865,101411,1,-16,False,
4866,101429,1,-15,False,
4867,101477,-1,-16,False,
4868,101483,-1,-17,False,
4869,101489,1,-16,False,
4870,101501,1,-15,False,
4871,101513,-1,-16,False,
4872,101531,1,-15,False,
4873,101537,-1,-16,False,
4874,101561,1,-15,False,
4875,101573,-1,-16,False,
4876,101603,-1,-17,False,
4877,101627,-1,-18,False,
4878,101663,-1,-19,False,
4879,101681,1,-18,False,
4880,101693,-1,-19,False,
4881,101723,-1,-20,False,
4882,101741,1,-19,False,
4883,101747,-1,-20,False,
4884,101771,1,-19,False,
4885,101789,1,-18,False,
4886,101807,-1,-19,False,
4887,101837,-1,-20,False,
4888,101873,-1,-21,False,
4889,101879,1,-20,False,
4890,101891,1,-19,False,
4891,101921,1,-18,False,
4892,101939,1,-17,False,
4893,101957,-1,-18,False,
4894,101963,-1,-19,False,
4895,101987,-1,-20,False,
4896,101999,1,-19,False,
4897,102023,-1,-20,False,
4898,102059,1,-19,False,
4899,102071,1,-18,False,
4900,102077,-1,-19,False,
4901,102101,1,-18,False,
4902,102107,-1,-19,False,
4903,102149,1,-18,False,
4904,102161,1,-17,False,
4905,102191,1,-16,False,
4906,102197,-1,-17,False,
4907,102203,-1,-18,False,
4908,102233,-1,-19,False,
4909,102251,1,-18,False,
4910,102293,-1,-19,False,
4911,102299,1,-18,False,
4912,102317,-1,-19,False,
4913,102329,1,-18,False,
4914,102359,1,-17,False,
4915,102407,-1,-18,False,
4916,102437,-1,-19,False,
4917,102461,1,-18,False,
4918,102497,-1,-19,False,
4919,102503,-1,-20,False,
4920,102533,-1,-21,False,
4921,102539,1,-20,False,
4922,102551,1,-19,False,
4923,102563,-1,-20,False,
4924,102587,-1,-21,False,
4925,102593,-1,-22,False,
4926,102611,1,-21,False,
4927,102647,-1,-22,False,
4928,102653,-1,-23,False,
4929,102677,-1,-24,False,
4930,102701,1,-23,False,
4931,102761,1,-22,False,
4932,102797,-1,-23,False,
4933,102881,1,-22,False,
4934,102911,1,-21,False,
4935,102929,1,-20,False,
4936,102953,-1,-21,False,
4937,102983,-1,-22,False,
4938,103001,1,-21,False,
4939,103007,-1,-22,False,
4940,103043,-1,-23,False,
4941,103049,1,-22,False,
4942,103067,-1,-23,False,
4943,103079,1,-22,False,
4944,103091,1,-21,False,
4945,103217,-1,-22,False,
4946,103289,1,-21,False,
4947,103307,-1,-22,False,
4948,103319,1,-21,False,
4949,103349,1,-20,False,
4950,103391,1,-19,False,
4951,103409,1,-18,False,
4952,103421,1,-17,False,
4953,103451,1,-16,False,
4954,103457,-1,-17,False,
4955,103511,1,-16,False,
4956,103529,1,-15,False,
4957,103553,-1,-16,False,
4958,103577,-1,-17,False,
4959,103583,-1,-18,False,
4960,103613,-1,-19,False,
4961,103619,1,-18,False,
4962,103643,-1,-19,False,
4963,103703,-1,-20,False,
4964,103769,1,-19,False,
4965,103787,-1,-20,False,
4966,103811,1,-19,False,
4967,103841,1,-18,False,
4968,103889,1,-17,False,
4969,103913,-1,-18,False,
4970,103919,1,-17,False,
4971,103967,-1,-18,False,
4972,103979,1,-17,False,
4973,103991,1,-16,False,
4974,103997,-1,-17,False,
4975,104003,-1,-18,False,
4976,104009,1,-17,False,
4977,104021,1,-16,False,
4978,104033,-1,-17,False,
4979,104087,-1,-18,False,
4980,104123,-1,-19,False,
4981,104147,-1,-20,False,
4982,104183,-1,-21,False,
4983,104207,-1,-22,False,
4984,104231,1,-21,False,
4985,104243,-1,-22,False,
4986,104297,-1,-23,False,
4987,104309,1,-22,False,
4988,104327,-1,-23,False,
4989,104369,1,-22,False,
4990,104381,1,-21,False,
4991,104393,-1,-22,False,
4992,104399,1,-21,False,
4993,104417,-1,-22,False,
4994,104459,1,-21,False,
4995,104471,1,-20,False,
4996,104513,-1,-21,False,
4997,104537,-1,-22,False,
4998,104543,-1,-23,False,
4999,104549,1,-22,False,
5000,104561,1,-21,False,
