cluster_id,d_lower,d_upper,classification,S5_skips,S7_skips,n5_star,n7_star,prod5_mod5,prod5_mod7,prod7_mod5,prod7_mod7,lift_5,lift_7,lcm,prime_set,notes
C_484_536,484,536,partial-coincident,"484,485,486,488,489,491,492,493,495,496,498,499,501,502,503,505,506,508,509,511,512,513,515,516,518,519,520,522,523,525,526,528,529,530,532,533,535,536","484,485,487,488,490,491,492,494,495,497,498,500,501,502,504,505,507,508,510,511,512,514,515,517,518,519,521,522,524,525,527,528,529,531,532,534,535,536",170,170,0,3,1,0,3,3,3,3,partial-coincident: defaulted to mod-3 lifts
C_538_543,538,543,partial-coincident,"538,539,540,542,543","538,539,541,542,543",186,185,0,5,4,0,3,3,3,3,partial-coincident: defaulted to mod-3 lifts
C_545_553,545,553,partial-coincident,"545,546,547,549,550,552,553","545,546,548,549,551,552,553",188,188,0,1,2,0,3,3,3,3,partial-coincident: defaulted to mod-3 lifts
C_555_560,555,560,partial-coincident,"555,556,557,559,560","555,556,558,559,560",191,190,0,6,2,0,3,3,3,3,partial-coincident: defaulted to mod-3 lifts
C_562_567,562,567,partial-coincident,"562,563,564,566,567","562,563,565,566,567",193,192,0,2,1,0,3,3,3,3,partial-coincident: defaulted to mod-3 lifts
C_569_577,569,577,partial-coincident,"569,570,571,573,574,576,577","569,570,572,573,575,576,577",195,195,0,6,2,0,3,3,3,3,partial-coincident: defaulted to mod-3 lifts
C_579_584,579,584,partial-coincident,"579,580,581,583,584","579,580,582,583,584",198,197,0,5,1,0,3,3,3,3,partial-coincident: defaulted to mod-3 lifts
C_586_591,586,591,partial-coincident,"586,587,588,590,591","586,587,589,590,591",200,199,0,2,2,0,3,3,3,3,partial-coincident: defaulted to mod-3 lifts
C_593_598,593,598,partial-coincident,"593,594,595,597,598","593,594,596,597,598",202,201,0,3,3,0,3,3,3,3,partial-coincident: defaulted to mod-3 lifts
C_600_601,600,601,coincident,"600,601","600,601",204,202,0,3,3,0,9,15,45,"3,5",coincident: 7-series mod-15 required-divisor
C_603_608,603,608,partial-coincident,"603,604,605,607,608","603,604,606,607,608",205,204,0,1,2,0,3,3,3,3,partial-coincident: defaulted to mod-3 lifts
C_610_615,610,615,partial-coincident,"610,611,612,614,615","610,611,613,614,615",207,206,0,3,2,0,3,3,3,3,partial-coincident: defaulted to mod-3 lifts
C_617_622,617,622,partial-coincident,"617,618,619,621,622","617,618,620,621,622",209,208,0,2,2,0,3,3,3,3,partial-coincident: defaulted to mod-3 lifts
C_624_629,624,629,partial-coincident,"624,625,626,628,629","624,625,627,628,629",211,210,0,3,1,0,3,3,3,3,partial-coincident: defaulted to mod-3 lifts
C_631_636,631,636,partial-coincident,"631,632,633,635,636","631,632,634,635,636",213,212,0,1,4,0,3,3,3,3,partial-coincident: defaulted to mod-3 lifts
C_638_639,638,639,coincident,"638,639","638,639",215,213,0,6,3,0,9,15,45,"3,5",coincident: 7-series mod-15 required-divisor
C_641_643,641,643,coincident,"641,642,643","641,642,643",216,214,0,6,2,0,3,15,15,"3,5",coincident: 7-series mod-15 required-divisor
C_645_646,645,646,coincident,"645,646","645,646",217,215,0,1,3,0,9,15,45,"3,5",coincident: 7-series mod-15 required-divisor
C_648_650,648,650,coincident,"648,649,650","648,649,650",218,216,0,3,3,0,3,15,15,"3,5",coincident: 7-series mod-15 required-divisor
C_652_653,652,653,coincident,"652,653","652,653",219,217,0,6,4,0,9,15,45,"3,5",coincident: 7-series mod-15 required-divisor
C_655_657,655,657,coincident,"655,656,657","655,656,657",220,218,0,6,1,0,3,15,15,"3,5",coincident: 7-series mod-15 required-divisor
C_659_660,659,660,coincident,"659,660","659,660",221,219,0,4,1,0,9,15,45,"3,5",coincident: 7-series mod-15 required-divisor
C_662_664,662,664,coincident,"662,663,664","662,663,664",222,220,0,4,2,0,3,15,15,"3,5",coincident: 7-series mod-15 required-divisor
C_666_667,666,667,coincident,"666,667","666,667",223,221,0,3,4,0,9,15,45,"3,5",coincident: 7-series mod-15 required-divisor
C_669_671,669,671,coincident,"669,670,671","669,670,671",224,222,0,2,1,0,3,15,15,"3,5",coincident: 7-series mod-15 required-divisor
C_673_674,673,674,coincident,"673,674","673,674",225,223,0,6,3,0,9,15,45,"3,5",coincident: 7-series mod-15 required-divisor
C_676_678,676,678,coincident,"676,677,678","676,677,678",226,224,0,5,2,0,3,15,15,"3,5",coincident: 7-series mod-15 required-divisor
C_680_681,680,681,coincident,"680,681","680,681",227,225,0,6,2,0,9,15,45,"3,5",coincident: 7-series mod-15 required-divisor
C_683_685,683,685,coincident,"683,684,685","683,684,685",228,226,0,6,2,0,3,15,15,"3,5",coincident: 7-series mod-15 required-divisor
C_687_688,687,688,coincident,"687,688","687,688",229,227,0,4,4,0,9,15,45,"3,5",coincident: 7-series mod-15 required-divisor
C_690_692,690,692,coincident,"690,691,692","690,691,692",230,228,0,3,2,0,3,15,15,"3,5",coincident: 7-series mod-15 required-divisor
C_694_695,694,695,coincident,"694,695","694,695",231,229,0,5,3,0,9,15,45,"3,5",coincident: 7-series mod-15 required-divisor
C_697_699,697,699,coincident,"697,698,699","697,698,699",232,230,0,1,3,0,3,15,15,"3,5",coincident: 7-series mod-15 required-divisor
C_701_702,701,702,coincident,"701,702","701,702",233,231,0,1,4,0,9,15,45,"3,5",coincident: 7-series mod-15 required-divisor
C_704_706,704,706,coincident,"704,705,706","704,705,706",234,232,0,3,4,0,3,15,15,"3,5",coincident: 7-series mod-15 required-divisor
C_708_713,708,713,partial-coincident,"708,709,711,712,713","708,709,710,712,713",236,233,0,5,2,0,3,9,9,3,partial-coincident: defaulted to mod-3 lifts
C_715_720,715,720,partial-coincident,"715,716,718,719,720","715,716,717,719,720",238,235,0,2,1,0,3,3,3,3,partial-coincident: defaulted to mod-3 lifts
C_722_727,722,727,partial-coincident,"722,723,725,726,727","722,723,724,726,727",240,237,0,5,1,0,3,3,3,3,partial-coincident: defaulted to mod-3 lifts
C_729_734,729,734,partial-coincident,"729,730,732,733,734","729,730,731,733,734",242,239,0,6,1,0,3,3,3,3,partial-coincident: defaulted to mod-3 lifts
C_736_738,736,738,coincident,"736,737,738","736,737,738",243,241,0,2,2,0,9,15,45,"3,5",coincident: 7-series mod-15 required-divisor
C_740_741,740,741,coincident,"740,741","740,741",244,242,0,1,3,0,21,15,105,"3,5,7",coincident: 7-series mod-15 required-divisor
C_743_745,743,745,coincident,"743,744,745","743,744,745",245,243,0,5,3,0,3,15,15,"3,5",coincident: 7-series mod-15 required-divisor
C_747_752,747,752,partial-coincident,"747,748,750,751,752","747,748,749,751,752",247,244,0,2,1,0,3,9,9,3,partial-coincident: defaulted to mod-3 lifts
C_754_759,754,759,partial-coincident,"754,755,757,758,759","754,755,756,758,759",249,246,0,4,4,0,3,3,3,3,partial-coincident: defaulted to mod-3 lifts
C_761_766,761,766,partial-coincident,"761,762,764,765,766","761,762,763,765,766",251,248,0,3,4,0,3,3,3,3,partial-coincident: defaulted to mod-3 lifts
C_768_773,768,773,partial-coincident,"768,769,771,772,773","768,769,770,772,773",253,250,0,5,2,0,3,3,3,3,partial-coincident: defaulted to mod-3 lifts
C_775_777,775,777,coincident,"775,776,777","775,776,777",254,252,0,3,2,0,9,15,45,"3,5",coincident: 7-series mod-15 required-divisor
C_779_784,779,784,partial-coincident,"779,780,782,783,784","779,780,781,783,784",256,253,0,4,1,0,3,9,9,3,partial-coincident: defaulted to mod-3 lifts
C_786_791,786,791,partial-coincident,"786,787,789,790,791","786,787,788,790,791",258,255,0,4,2,0,3,3,3,3,partial-coincident: defaulted to mod-3 lifts
C_793_798,793,798,partial-coincident,"793,794,796,797,798","793,794,795,797,798",260,257,0,5,1,0,3,3,3,3,partial-coincident: defaulted to mod-3 lifts
C_800_802,800,802,coincident,"800,801,802","800,801,802",261,259,0,3,2,0,9,15,45,"3,5",coincident: 7-series mod-15 required-divisor
C_804_809,804,809,partial-coincident,"804,805,807,808,809","804,805,806,808,809",263,260,0,6,3,0,3,9,9,3,partial-coincident: defaulted to mod-3 lifts
C_811_816,811,816,partial-coincident,"811,812,814,815,816","811,812,813,815,816",265,262,0,3,2,0,3,3,3,3,partial-coincident: defaulted to mod-3 lifts
C_818_823,818,823,partial-coincident,"818,819,821,822,823","818,819,820,822,823",267,264,0,1,2,0,3,3,3,3,partial-coincident: defaulted to mod-3 lifts
C_825_827,825,827,coincident,"825,826,827","825,826,827",268,266,0,4,1,0,9,15,45,"3,5",coincident: 7-series mod-15 required-divisor
C_829_834,829,834,partial-coincident,"829,830,832,833,834","829,830,831,833,834",270,267,0,3,2,0,3,3,3,3,partial-coincident: defaulted to mod-3 lifts
C_836_841,836,841,partial-coincident,"836,837,839,840,841","836,837,838,840,841",272,269,0,3,3,0,3,3,3,3,partial-coincident: defaulted to mod-3 lifts
C_843_845,843,845,coincident,"843,844,845","843,844,845",273,271,0,5,3,0,9,15,45,"3,5",coincident: 7-series mod-15 required-divisor
C_847_852,847,852,partial-coincident,"847,848,850,851,852","847,848,849,851,852",275,272,0,2,4,0,3,3,3,3,partial-coincident: defaulted to mod-3 lifts
C_854_859,854,859,partial-coincident,"854,855,857,858,859","854,855,856,858,859",277,274,0,2,3,0,3,3,3,3,partial-coincident: defaulted to mod-3 lifts
C_861_863,861,863,coincident,"861,862,863","861,862,863",278,276,0,1,1,0,9,15,45,"3,5",coincident: 7-series mod-15 required-divisor
C_865_870,865,870,partial-coincident,"865,866,868,869,870","865,866,867,869,870",280,277,0,6,3,0,3,3,3,3,partial-coincident: defaulted to mod-3 lifts
C_872_881,872,881,partial-coincident,"872,873,875,876,877,879,880,881","872,873,874,876,877,878,880,881",282,279,0,4,2,0,3,3,3,3,partial-coincident: defaulted to mod-3 lifts
C_883_888,883,888,partial-coincident,"883,884,886,887,888","883,884,885,887,888",285,282,0,3,1,0,3,3,3,3,partial-coincident: defaulted to mod-3 lifts
C_890_899,890,899,partial-coincident,"890,891,893,894,895,897,898,899","890,891,892,894,895,896,898,899",287,284,0,1,2,0,3,3,3,3,partial-coincident: defaulted to mod-3 lifts
C_901_910,901,910,partial-coincident,"901,902,904,905,906,908,909,910","901,902,903,905,906,907,909,910",290,287,0,6,4,0,3,3,3,3,partial-coincident: defaulted to mod-3 lifts
C_912_917,912,917,partial-coincident,"912,913,915,916,917","912,913,914,916,917",293,290,0,3,4,0,3,3,3,3,partial-coincident: defaulted to mod-3 lifts
C_919_928,919,928,partial-coincident,"919,920,922,923,924,926,927,928","919,920,921,923,924,925,927,928",295,292,0,1,2,0,3,3,3,3,partial-coincident: defaulted to mod-3 lifts
C_930_939,930,939,partial-coincident,"930,931,933,934,935,937,938,939","930,931,932,934,935,936,938,939",298,295,0,2,1,0,3,3,3,3,partial-coincident: defaulted to mod-3 lifts
C_941_950,941,950,partial-coincident,"941,942,944,945,946,948,949,950","941,942,943,945,946,947,949,950",301,298,0,3,1,0,3,3,3,3,partial-coincident: defaulted to mod-3 lifts
M_952_1717,952,1717,asymptotic-merged,,,,,,,,,n/a (width 766),n/a (width 766),,,asymptotic-merged regime (width 766 >= 100)
C_1719_1756,1719,1756,partial-coincident,"1719,1720,1721,1723,1724,1725,1727,1728,1729,1731,1732,1733,1735,1736,1737,1739,1740,1741,1743,1744,1745,1747,1748,1749,1751,1752,1753,1755,1756","1719,1720,1722,1723,1724,1726,1727,1728,1730,1731,1732,1734,1735,1736,1738,1739,1740,1742,1743,1744,1746,1747,1748,1750,1751,1752,1754,1755,1756",506,504,0,1,2,0,3,3,3,3,partial-coincident: defaulted to mod-3 lifts
C_1758_1760,1758,1760,coincident,"1758,1759,1760","1758,1759,1760",516,513,0,4,3,0,3,15,15,"3,5",coincident: 7-series mod-15 required-divisor
C_1762_1764,1762,1764,coincident,"1762,1763,1764","1762,1763,1764",517,514,0,6,1,0,3,15,15,"3,5",coincident: 7-series mod-15 required-divisor
C_1766_1803,1766,1803,partial-coincident,"1766,1767,1768,1770,1771,1772,1774,1775,1776,1778,1779,1780,1782,1783,1784,1786,1787,1788,1790,1791,1792,1794,1795,1796,1798,1799,1800,1802,1803","1766,1767,1769,1770,1771,1773,1774,1775,1777,1778,1779,1781,1782,1783,1785,1786,1787,1789,1790,1791,1793,1794,1795,1797,1798,1799,1801,1802,1803",518,516,0,3,2,0,3,3,3,3,partial-coincident: defaulted to mod-3 lifts
C_1805_1807,1805,1807,coincident,"1805,1806,1807","1805,1806,1807",528,525,0,3,3,0,3,15,15,"3,5",coincident: 7-series mod-15 required-divisor
C_1809_1811,1809,1811,coincident,"1809,1810,1811","1809,1810,1811",529,526,0,1,2,0,3,15,15,"3,5",coincident: 7-series mod-15 required-divisor
C_1813_1815,1813,1815,coincident,"1813,1814,1815","1813,1814,1815",530,527,0,4,1,0,3,15,15,"3,5",coincident: 7-series mod-15 required-divisor
C_1817_1819,1817,1819,coincident,"1817,1818,1819","1817,1818,1819",531,528,0,4,1,0,3,15,15,"3,5",coincident: 7-series mod-15 required-divisor
C_1821_1823,1821,1823,coincident,"1821,1822,1823","1821,1822,1823",532,529,0,1,4,0,3,15,15,"3,5",coincident: 7-series mod-15 required-divisor
C_1825_1858,1825,1858,partial-coincident,"1825,1826,1827,1829,1830,1831,1833,1834,1835,1837,1838,1839,1841,1842,1843,1845,1846,1847,1849,1850,1851,1853,1854,1855,1857,1858","1825,1826,1828,1829,1830,1832,1833,1834,1836,1837,1838,1840,1841,1842,1844,1845,1846,1848,1849,1850,1852,1853,1854,1856,1857,1858",533,531,0,1,3,0,3,3,3,3,partial-coincident: defaulted to mod-3 lifts
C_1860_1862,1860,1862,coincident,"1860,1861,1862","1860,1861,1862",542,539,0,2,2,0,3,15,15,"3,5",coincident: 7-series mod-15 required-divisor
C_1864_1866,1864,1866,coincident,"1864,1865,1866","1864,1865,1866",543,540,0,1,4,0,3,15,15,"3,5",coincident: 7-series mod-15 required-divisor
C_1868_1870,1868,1870,coincident,"1868,1869,1870","1868,1869,1870",544,541,0,3,4,0,3,15,15,"3,5",coincident: 7-series mod-15 required-divisor
C_1872_1874,1872,1874,coincident,"1872,1873,1874","1872,1873,1874",545,542,0,3,1,0,3,15,15,"3,5",coincident: 7-series mod-15 required-divisor
C_1876_1878,1876,1878,coincident,"1876,1877,1878","1876,1877,1878",546,543,0,4,3,0,3,15,15,"3,5",coincident: 7-series mod-15 required-divisor
C_1880_1882,1880,1882,coincident,"1880,1881,1882","1880,1881,1882",547,544,0,6,3,0,3,15,15,"3,5",coincident: 7-series mod-15 required-divisor
C_1884_1886,1884,1886,coincident,"1884,1885,1886","1884,1885,1886",548,545,0,2,2,0,3,15,15,"3,5",coincident: 7-series mod-15 required-divisor
C_1888_1890,1888,1890,coincident,"1888,1889,1890","1888,1889,1890",549,546,0,1,1,0,3,15,15,"3,5",coincident: 7-series mod-15 required-divisor
C_1892_1925,1892,1925,partial-coincident,"1892,1893,1894,1896,1897,1898,1900,1901,1902,1904,1905,1906,1908,1909,1910,1912,1913,1914,1916,1917,1918,1920,1921,1922,1924,1925","1892,1893,1895,1896,1897,1899,1900,1901,1903,1904,1905,1907,1908,1909,1911,1912,1913,1915,1916,1917,1919,1920,1921,1923,1924,1925",550,548,0,3,1,0,9,3,9,3,partial-coincident: defaulted to mod-3 lifts
C_1927_1929,1927,1929,coincident,"1927,1928,1929","1927,1928,1929",559,556,0,4,1,0,3,15,15,"3,5",coincident: 7-series mod-15 required-divisor
C_1931_1933,1931,1933,coincident,"1931,1932,1933","1931,1932,1933",560,557,0,6,4,0,3,15,15,"3,5",coincident: 7-series mod-15 required-divisor
C_1935_1937,1935,1937,coincident,"1935,1936,1937","1935,1936,1937",561,558,0,4,3,0,3,15,15,"3,5",coincident: 7-series mod-15 required-divisor
C_1939_1941,1939,1941,coincident,"1939,1940,1941","1939,1940,1941",562,559,0,1,3,0,3,15,15,"3,5",coincident: 7-series mod-15 required-divisor
C_1943_1945,1943,1945,coincident,"1943,1944,1945","1943,1944,1945",563,560,0,4,4,0,3,15,15,"3,5",coincident: 7-series mod-15 required-divisor
C_1947_1949,1947,1949,coincident,"1947,1948,1949","1947,1948,1949",564,561,0,1,1,0,3,15,15,"3,5",coincident: 7-series mod-15 required-divisor
C_1951_1953,1951,1953,coincident,"1951,1952,1953","1951,1952,1953",565,562,0,6,2,0,3,15,15,"3,5",coincident: 7-series mod-15 required-divisor
C_1955_1957,1955,1957,coincident,"1955,1956,1957","1955,1956,1957",566,563,0,3,1,0,3,15,15,"3,5",coincident: 7-series mod-15 required-divisor
C_1959_1961,1959,1961,coincident,"1959,1960,1961","1959,1960,1961",567,564,0,3,1,0,3,15,15,"3,5",coincident: 7-series mod-15 required-divisor
C_1963_1965,1963,1965,coincident,"1963,1964,1965","1963,1964,1965",568,565,0,6,2,0,3,15,15,"3,5",coincident: 7-series mod-15 required-divisor
C_1967_1969,1967,1969,coincident,"1967,1968,1969","1967,1968,1969",569,566,0,2,2,0,3,15,15,"3,5",coincident: 7-series mod-15 required-divisor
C_1971_1973,1971,1973,coincident,"1971,1972,1973","1971,1972,1973",570,567,0,6,4,0,9,15,45,"3,5",coincident: 7-series mod-15 required-divisor
C_1975_1977,1975,1977,coincident,"1975,1976,1977","1975,1976,1977",571,568,0,2,1,0,9,15,45,"3,5",coincident: 7-series mod-15 required-divisor
C_1979_1981,1979,1981,coincident,"1979,1980,1981","1979,1980,1981",572,569,0,1,1,0,9,15,45,"3,5",coincident: 7-series mod-15 required-divisor
C_1983_1985,1983,1985,coincident,"1983,1984,1985","1983,1984,1985",573,570,0,2,2,0,9,15,45,"3,5",coincident: 7-series mod-15 required-divisor
C_1987_2036,1987,2036,partial-coincident,"1987,1988,1989,1991,1992,1993,1995,1996,1997,1999,2000,2001,2003,2004,2005,2007,2008,2009,2011,2012,2013,2015,2016,2017,2019,2020,2021,2023,2024,2025,2027,2028,2029,2031,2032,2033,2035,2036","1987,1988,1990,1991,1992,1994,1995,1996,1998,1999,2000,2002,2003,2004,2006,2007,2008,2010,2011,2012,2014,2015,2016,2018,2019,2020,2022,2023,2024,2026,2027,2028,2030,2031,2032,2034,2035,2036",574,572,0,2,4,0,9,3,9,3,partial-coincident: defaulted to mod-3 lifts
C_2038_2040,2038,2040,coincident,"2038,2039,2040","2038,2039,2040",587,584,0,3,2,0,3,15,15,"3,5",coincident: 7-series mod-15 required-divisor
C_2042_2044,2042,2044,coincident,"2042,2043,2044","2042,2043,2044",588,585,0,5,2,0,3,15,15,"3,5",coincident: 7-series mod-15 required-divisor
C_2046_2048,2046,2048,coincident,"2046,2047,2048","2046,2047,2048",589,586,0,1,1,0,3,15,15,"3,5",coincident: 7-series mod-15 required-divisor
C_2050_2052,2050,2052,coincident,"2050,2051,2052","2050,2051,2052",590,587,0,2,4,0,3,15,15,"3,5",coincident: 7-series mod-15 required-divisor
C_2054_2056,2054,2056,coincident,"2054,2055,2056","2054,2055,2056",591,588,0,2,4,0,3,15,15,"3,5",coincident: 7-series mod-15 required-divisor
C_2058_2060,2058,2060,coincident,"2058,2059,2060","2058,2059,2060",592,589,0,5,2,0,3,15,15,"3,5",coincident: 7-series mod-15 required-divisor
C_2062_2064,2062,2064,coincident,"2062,2063,2064","2062,2063,2064",593,590,0,4,3,0,3,15,15,"3,5",coincident: 7-series mod-15 required-divisor
C_2066_2068,2066,2068,coincident,"2066,2067,2068","2066,2067,2068",594,591,0,4,3,0,3,15,15,"3,5",coincident: 7-series mod-15 required-divisor
C_2070_2072,2070,2072,coincident,"2070,2071,2072","2070,2071,2072",595,592,0,3,2,0,3,15,15,"3,5",coincident: 7-series mod-15 required-divisor
C_2074_2076,2074,2076,coincident,"2074,2075,2076","2074,2075,2076",596,593,0,1,4,0,3,15,15,"3,5",coincident: 7-series mod-15 required-divisor
C_2078_2080,2078,2080,coincident,"2078,2079,2080","2078,2079,2080",597,594,0,3,4,0,3,15,15,"3,5",coincident: 7-series mod-15 required-divisor
C_2082_2084,2082,2084,coincident,"2082,2083,2084","2082,2083,2084",598,595,0,5,2,0,3,15,15,"3,5",coincident: 7-series mod-15 required-divisor
C_2086_2088,2086,2088,coincident,"2086,2087,2088","2086,2087,2088",599,596,0,4,3,0,3,15,15,"3,5",coincident: 7-series mod-15 required-divisor
C_2090_2092,2090,2092,coincident,"2090,2091,2092","2090,2091,2092",600,597,0,2,2,0,3,15,15,"3,5",coincident: 7-series mod-15 required-divisor
C_2094_2096,2094,2096,coincident,"2094,2095,2096","2094,2095,2096",601,598,0,6,2,0,3,15,15,"3,5",coincident: 7-series mod-15 required-divisor
C_2098_2100,2098,2100,coincident,"2098,2099,2100","2098,2099,2100",602,599,0,6,4,0,3,15,15,"3,5",coincident: 7-series mod-15 required-divisor
C_2102_2104,2102,2104,coincident,"2102,2103,2104","2102,2103,2104",603,600,0,4,4,0,3,15,15,"3,5",coincident: 7-series mod-15 required-divisor
C_2106_2108,2106,2108,coincident,"2106,2107,2108","2106,2107,2108",604,601,0,3,3,0,3,15,15,"3,5",coincident: 7-series mod-15 required-divisor
C_2110_2112,2110,2112,coincident,"2110,2111,2112","2110,2111,2112",605,602,0,1,2,0,3,15,15,"3,5",coincident: 7-series mod-15 required-divisor
C_2114_2116,2114,2116,coincident,"2114,2115,2116","2114,2115,2116",606,603,0,2,3,0,3,15,15,"3,5",coincident: 7-series mod-15 required-divisor
C_2118_2120,2118,2120,coincident,"2118,2119,2120","2118,2119,2120",607,604,0,3,3,0,3,15,15,"3,5",coincident: 7-series mod-15 required-divisor
C_2122_2124,2122,2124,coincident,"2122,2123,2124","2122,2123,2124",608,605,0,2,4,0,3,15,15,"3,5",coincident: 7-series mod-15 required-divisor
C_2126_2128,2126,2128,coincident,"2126,2127,2128","2126,2127,2128",609,606,0,3,4,0,3,15,15,"3,5",coincident: 7-series mod-15 required-divisor
C_2130_2132,2130,2132,coincident,"2130,2131,2132","2130,2131,2132",610,607,0,5,3,0,3,15,15,"3,5",coincident: 7-series mod-15 required-divisor
C_2134_2136,2134,2136,coincident,"2134,2135,2136","2134,2135,2136",611,608,0,3,3,0,3,15,15,"3,5",coincident: 7-series mod-15 required-divisor
C_2138_2140,2138,2140,coincident,"2138,2139,2140","2138,2139,2140",612,609,0,3,2,0,3,15,15,"3,5",coincident: 7-series mod-15 required-divisor
C_2142_2144,2142,2144,coincident,"2142,2143,2144","2142,2143,2144",613,610,0,2,4,0,3,15,15,"3,5",coincident: 7-series mod-15 required-divisor
C_2146_2148,2146,2148,coincident,"2146,2147,2148","2146,2147,2148",614,611,0,1,2,0,3,15,15,"3,5",coincident: 7-series mod-15 required-divisor
C_2150_2152,2150,2152,coincident,"2150,2151,2152","2150,2151,2152",615,612,0,3,3,0,3,15,15,"3,5",coincident: 7-series mod-15 required-divisor
C_2154_2156,2154,2156,coincident,"2154,2155,2156","2154,2155,2156",616,613,0,3,2,0,3,15,15,"3,5",coincident: 7-series mod-15 required-divisor
C_2158_2160,2158,2160,coincident,"2158,2159,2160","2158,2159,2160",617,614,0,5,3,0,3,15,15,"3,5",coincident: 7-series mod-15 required-divisor
C_2162_2164,2162,2164,coincident,"2162,2163,2164","2162,2163,2164",618,615,0,2,4,0,3,15,15,"3,5",coincident: 7-series mod-15 required-divisor
C_2166_2168,2166,2168,coincident,"2166,2167,2168","2166,2167,2168",619,616,0,4,1,0,3,15,15,"3,5",coincident: 7-series mod-15 required-divisor
C_2170_2172,2170,2172,coincident,"2170,2171,2172","2170,2171,2172",620,617,0,4,1,0,3,15,15,"3,5",coincident: 7-series mod-15 required-divisor
C_2174_2176,2174,2176,coincident,"2174,2175,2176","2174,2175,2176",621,618,0,3,1,0,3,15,15,"3,5",coincident: 7-series mod-15 required-divisor
C_2178_2180,2178,2180,coincident,"2178,2179,2180","2178,2179,2180",622,619,0,5,4,0,3,15,15,"3,5",coincident: 7-series mod-15 required-divisor
C_2182_2184,2182,2184,coincident,"2182,2183,2184","2182,2183,2184",623,620,0,3,3,0,3,15,15,"3,5",coincident: 7-series mod-15 required-divisor
C_2186_2188,2186,2188,coincident,"2186,2187,2188","2186,2187,2188",624,621,0,5,4,0,3,15,15,"3,5",coincident: 7-series mod-15 required-divisor
C_2190_2192,2190,2192,coincident,"2190,2191,2192","2190,2191,2192",625,622,0,1,3,0,3,15,15,"3,5",coincident: 7-series mod-15 required-divisor
C_2194_2196,2194,2196,coincident,"2194,2195,2196","2194,2195,2196",626,623,0,1,4,0,3,15,15,"3,5",coincident: 7-series mod-15 required-divisor
C_2198_2200,2198,2200,coincident,"2198,2199,2200","2198,2199,2200",627,624,0,6,2,0,3,15,15,"3,5",coincident: 7-series mod-15 required-divisor
C_2202_2204,2202,2204,coincident,"2202,2203,2204","2202,2203,2204",628,625,0,2,2,0,3,15,15,"3,5",coincident: 7-series mod-15 required-divisor
C_2206_2208,2206,2208,coincident,"2206,2207,2208","2206,2207,2208",629,626,0,6,1,0,3,15,15,"3,5",coincident: 7-series mod-15 required-divisor
C_2210_2212,2210,2212,coincident,"2210,2211,2212","2210,2211,2212",630,627,0,6,2,0,3,15,15,"3,5",coincident: 7-series mod-15 required-divisor
C_2214_2216,2214,2216,coincident,"2214,2215,2216","2214,2215,2216",631,628,0,2,3,0,3,15,15,"3,5",coincident: 7-series mod-15 required-divisor
C_2218_2220,2218,2220,coincident,"2218,2219,2220","2218,2219,2220",632,629,0,6,2,0,3,15,15,"3,5",coincident: 7-series mod-15 required-divisor
C_2222_2224,2222,2224,coincident,"2222,2223,2224","2222,2223,2224",633,630,0,1,3,0,3,15,15,"3,5",coincident: 7-series mod-15 required-divisor
C_2226_2228,2226,2228,coincident,"2226,2227,2228","2226,2227,2228",634,631,0,5,4,0,3,15,15,"3,5",coincident: 7-series mod-15 required-divisor
C_2230_2232,2230,2232,coincident,"2230,2231,2232","2230,2231,2232",635,632,0,6,1,0,3,15,15,"3,5",coincident: 7-series mod-15 required-divisor
C_2234_2236,2234,2236,coincident,"2234,2235,2236","2234,2235,2236",636,633,0,5,2,0,3,15,15,"3,5",coincident: 7-series mod-15 required-divisor
C_2238_2240,2238,2240,coincident,"2238,2239,2240","2238,2239,2240",637,634,0,2,2,0,3,15,15,"3,5",coincident: 7-series mod-15 required-divisor
C_2242_2244,2242,2244,coincident,"2242,2243,2244","2242,2243,2244",638,635,0,1,1,0,3,15,15,"3,5",coincident: 7-series mod-15 required-divisor
C_2246_2248,2246,2248,coincident,"2246,2247,2248","2246,2247,2248",639,636,0,2,1,0,3,15,15,"3,5",coincident: 7-series mod-15 required-divisor
C_2250_2252,2250,2252,coincident,"2250,2251,2252","2250,2251,2252",640,637,0,5,2,0,3,15,15,"3,5",coincident: 7-series mod-15 required-divisor
C_2254_2256,2254,2256,coincident,"2254,2255,2256","2254,2255,2256",641,638,0,4,4,0,3,15,15,"3,5",coincident: 7-series mod-15 required-divisor
C_2258_2260,2258,2260,coincident,"2258,2259,2260","2258,2259,2260",642,639,0,2,3,0,3,15,15,"3,5",coincident: 7-series mod-15 required-divisor
C_2262_2264,2262,2264,coincident,"2262,2263,2264","2262,2263,2264",643,640,0,6,2,0,3,15,15,"3,5",coincident: 7-series mod-15 required-divisor
C_2266_2268,2266,2268,coincident,"2266,2267,2268","2266,2267,2268",644,641,0,3,2,0,3,15,15,"3,5",coincident: 7-series mod-15 required-divisor
C_2270_2272,2270,2272,coincident,"2270,2271,2272","2270,2271,2272",645,642,0,2,4,0,3,15,15,"3,5",coincident: 7-series mod-15 required-divisor
C_2274_2276,2274,2276,coincident,"2274,2275,2276","2274,2275,2276",646,643,0,5,2,0,3,15,15,"3,5",coincident: 7-series mod-15 required-divisor
C_2278_2280,2278,2280,coincident,"2278,2279,2280","2278,2279,2280",647,644,0,4,4,0,3,15,15,"3,5",coincident: 7-series mod-15 required-divisor
C_2282_2284,2282,2284,coincident,"2282,2283,2284","2282,2283,2284",648,645,0,4,4,0,3,15,15,"3,5",coincident: 7-series mod-15 required-divisor
C_2286_2297,2286,2297,partial-coincident,"2286,2287,2288,2290,2291,2292,2294,2295,2296,2297","2286,2287,2288,2289,2291,2292,2293,2295,2296,2297",651,646,0,2,2,0,3,3,3,3,partial-coincident: defaulted to mod-3 lifts
C_2299_2301,2299,2301,coincident,"2299,2300,2301","2299,2300,2301",652,649,0,3,4,0,21,15,105,"3,5,7",coincident: 7-series mod-15 required-divisor
C_2303_2305,2303,2305,coincident,"2303,2304,2305","2303,2304,2305",653,650,0,2,1,0,21,15,105,"3,5,7",coincident: 7-series mod-15 required-divisor
C_2307_2309,2307,2309,coincident,"2307,2308,2309","2307,2308,2309",654,651,0,4,1,0,9,15,45,"3,5",coincident: 7-series mod-15 required-divisor
C_2311_2313,2311,2313,coincident,"2311,2312,2313","2311,2312,2313",655,652,0,4,2,0,9,15,45,"3,5",coincident: 7-series mod-15 required-divisor
C_2315_2317,2315,2317,coincident,"2315,2316,2317","2315,2316,2317",656,653,0,6,2,0,9,15,45,"3,5",coincident: 7-series mod-15 required-divisor
C_2319_2321,2319,2321,coincident,"2319,2320,2321","2319,2320,2321",657,654,0,1,4,0,9,15,45,"3,5",coincident: 7-series mod-15 required-divisor
C_2323_2325,2323,2325,coincident,"2323,2324,2325","2323,2324,2325",658,655,0,2,4,0,9,15,45,"3,5",coincident: 7-series mod-15 required-divisor
C_2327_2329,2327,2329,coincident,"2327,2328,2329","2327,2328,2329",659,656,0,5,2,0,9,15,45,"3,5",coincident: 7-series mod-15 required-divisor
C_2331_2333,2331,2333,coincident,"2331,2332,2333","2331,2332,2333",660,657,0,3,3,0,9,15,45,"3,5",coincident: 7-series mod-15 required-divisor
C_2335_2337,2335,2337,coincident,"2335,2336,2337","2335,2336,2337",661,658,0,3,2,0,9,15,45,"3,5",coincident: 7-series mod-15 required-divisor
C_2339_2341,2339,2341,coincident,"2339,2340,2341","2339,2340,2341",662,659,0,3,4,0,9,15,45,"3,5",coincident: 7-series mod-15 required-divisor
C_2343_2345,2343,2345,coincident,"2343,2344,2345","2343,2344,2345",663,660,0,1,3,0,9,15,45,"3,5",coincident: 7-series mod-15 required-divisor
C_2347_2349,2347,2349,coincident,"2347,2348,2349","2347,2348,2349",664,661,0,4,4,0,9,15,45,"3,5",coincident: 7-series mod-15 required-divisor
C_2351_2353,2351,2353,coincident,"2351,2352,2353","2351,2352,2353",665,662,0,5,3,0,9,15,45,"3,5",coincident: 7-series mod-15 required-divisor
C_2355_2357,2355,2357,coincident,"2355,2356,2357","2355,2356,2357",666,663,0,3,2,0,9,15,45,"3,5",coincident: 7-series mod-15 required-divisor
C_2359_2361,2359,2361,coincident,"2359,2360,2361","2359,2360,2361",667,664,0,1,2,0,9,15,45,"3,5",coincident: 7-series mod-15 required-divisor
C_2363_2365,2363,2365,coincident,"2363,2364,2365","2363,2364,2365",668,665,0,4,1,0,9,15,45,"3,5",coincident: 7-series mod-15 required-divisor
C_2367_2369,2367,2369,coincident,"2367,2368,2369","2367,2368,2369",669,666,0,5,3,0,3,15,15,"3,5",coincident: 7-series mod-15 required-divisor
C_2371_2373,2371,2373,coincident,"2371,2372,2373","2371,2372,2373",670,667,0,5,2,0,3,15,15,"3,5",coincident: 7-series mod-15 required-divisor
C_2375_2377,2375,2377,coincident,"2375,2376,2377","2375,2376,2377",671,668,0,6,2,0,3,15,15,"3,5",coincident: 7-series mod-15 required-divisor
C_2379_2381,2379,2381,coincident,"2379,2380,2381","2379,2380,2381",672,669,0,4,3,0,3,15,15,"3,5",coincident: 7-series mod-15 required-divisor
C_2383_2385,2383,2385,coincident,"2383,2384,2385","2383,2384,2385",673,670,0,3,3,0,3,15,15,"3,5",coincident: 7-series mod-15 required-divisor
C_2387_2410,2387,2410,partial-coincident,"2387,2388,2389,2391,2392,2393,2395,2396,2397,2399,2400,2401,2403,2404,2405,2407,2408,2409,2410","2387,2388,2389,2390,2392,2393,2394,2396,2397,2398,2400,2401,2402,2404,2405,2406,2408,2409,2410",679,671,0,5,4,0,3,3,3,3,partial-coincident: defaulted to mod-3 lifts
C_2412_2414,2412,2414,coincident,"2412,2413,2414","2412,2413,2414",680,677,0,5,2,0,21,15,105,"3,5,7",coincident: 7-series mod-15 required-divisor
C_2416_2418,2416,2418,coincident,"2416,2417,2418","2416,2417,2418",681,678,0,2,2,0,9,15,45,"3,5",coincident: 7-series mod-15 required-divisor
C_2420_2422,2420,2422,coincident,"2420,2421,2422","2420,2421,2422",682,679,0,3,4,0,9,15,45,"3,5",coincident: 7-series mod-15 required-divisor
C_2424_2426,2424,2426,coincident,"2424,2425,2426","2424,2425,2426",683,680,0,4,1,0,9,15,45,"3,5",coincident: 7-series mod-15 required-divisor
C_2428_2430,2428,2430,coincident,"2428,2429,2430","2428,2429,2430",684,681,0,4,3,0,9,15,45,"3,5",coincident: 7-series mod-15 required-divisor
C_2432_2434,2432,2434,coincident,"2432,2433,2434","2432,2433,2434",685,682,0,6,4,0,9,15,45,"3,5",coincident: 7-series mod-15 required-divisor
C_2436_2438,2436,2438,coincident,"2436,2437,2438","2436,2437,2438",686,683,0,4,3,0,9,15,45,"3,5",coincident: 7-series mod-15 required-divisor
C_2440_2442,2440,2442,coincident,"2440,2441,2442","2440,2441,2442",687,684,0,1,4,0,9,15,45,"3,5",coincident: 7-series mod-15 required-divisor
C_2444_2446,2444,2446,coincident,"2444,2445,2446","2444,2445,2446",688,685,0,2,3,0,9,15,45,"3,5",coincident: 7-series mod-15 required-divisor
C_2448_2450,2448,2450,coincident,"2448,2449,2450","2448,2449,2450",689,686,0,1,3,0,9,15,45,"3,5",coincident: 7-series mod-15 required-divisor
C_2452_2454,2452,2454,coincident,"2452,2453,2454","2452,2453,2454",690,687,0,1,1,0,3,15,15,"3,5",coincident: 7-series mod-15 required-divisor
C_2456_2458,2456,2458,coincident,"2456,2457,2458","2456,2457,2458",691,688,0,4,3,0,3,15,15,"3,5",coincident: 7-series mod-15 required-divisor
C_2460_2483,2460,2483,partial-coincident,"2460,2461,2462,2464,2465,2466,2468,2469,2470,2472,2473,2474,2476,2477,2478,2480,2481,2482,2483","2460,2461,2462,2463,2465,2466,2467,2469,2470,2471,2473,2474,2475,2477,2478,2479,2481,2482,2483",697,689,0,4,1,0,3,3,3,3,partial-coincident: defaulted to mod-3 lifts
C_2485_2487,2485,2487,coincident,"2485,2486,2487","2485,2486,2487",698,695,0,1,1,0,21,15,105,"3,5,7",coincident: 7-series mod-15 required-divisor
C_2489_2491,2489,2491,coincident,"2489,2490,2491","2489,2490,2491",699,696,0,4,1,0,9,15,45,"3,5",coincident: 7-series mod-15 required-divisor
C_2493_2495,2493,2495,coincident,"2493,2494,2495","2493,2494,2495",700,697,0,3,4,0,9,15,45,"3,5",coincident: 7-series mod-15 required-divisor
C_2497_2499,2497,2499,coincident,"2497,2498,2499","2497,2498,2499",701,698,0,3,4,0,9,15,45,"3,5",coincident: 7-series mod-15 required-divisor
C_2501_2503,2501,2503,coincident,"2501,2502,2503","2501,2502,2503",702,699,0,1,2,0,9,15,45,"3,5",coincident: 7-series mod-15 required-divisor
C_2505_2507,2505,2507,coincident,"2505,2506,2507","2505,2506,2507",703,700,0,1,3,0,9,15,45,"3,5",coincident: 7-series mod-15 required-divisor
C_2509_2511,2509,2511,coincident,"2509,2510,2511","2509,2510,2511",704,701,0,6,3,0,9,15,45,"3,5",coincident: 7-series mod-15 required-divisor
C_2513_2515,2513,2515,coincident,"2513,2514,2515","2513,2514,2515",705,702,0,5,1,0,9,15,45,"3,5",coincident: 7-series mod-15 required-divisor
C_2517_2544,2517,2544,partial-coincident,"2517,2518,2519,2521,2522,2523,2525,2526,2527,2529,2530,2531,2533,2534,2535,2537,2538,2539,2541,2542,2543,2544","2517,2518,2519,2520,2522,2523,2524,2526,2527,2528,2530,2531,2532,2534,2535,2536,2538,2539,2540,2542,2543,2544",712,703,0,6,3,0,3,3,3,3,partial-coincident: defaulted to mod-3 lifts
C_2546_2548,2546,2548,coincident,"2546,2547,2548","2546,2547,2548",713,710,0,2,2,0,21,15,105,"3,5,7",coincident: 7-series mod-15 required-divisor
C_2550_2552,2550,2552,coincident,"2550,2551,2552","2550,2551,2552",714,711,0,1,2,0,9,15,45,"3,5",coincident: 7-series mod-15 required-divisor
C_2554_2556,2554,2556,coincident,"2554,2555,2556","2554,2555,2556",715,712,0,1,4,0,9,15,45,"3,5",coincident: 7-series mod-15 required-divisor
C_2558_2560,2558,2560,coincident,"2558,2559,2560","2558,2559,2560",716,713,0,2,3,0,9,15,45,"3,5",coincident: 7-series mod-15 required-divisor
C_2562_2564,2562,2564,coincident,"2562,2563,2564","2562,2563,2564",717,714,0,1,4,0,9,15,45,"3,5",coincident: 7-series mod-15 required-divisor
C_2566_2568,2566,2568,coincident,"2566,2567,2568","2566,2567,2568",718,715,0,3,1,0,9,15,45,"3,5",coincident: 7-series mod-15 required-divisor
C_2570_2597,2570,2597,partial-coincident,"2570,2571,2572,2574,2575,2576,2578,2579,2580,2582,2583,2584,2586,2587,2588,2590,2591,2592,2594,2595,2596,2597","2570,2571,2572,2573,2575,2576,2577,2579,2580,2581,2583,2584,2585,2587,2588,2589,2591,2592,2593,2595,2596,2597",725,716,0,5,3,0,3,3,3,3,partial-coincident: defaulted to mod-3 lifts
C_2599_2601,2599,2601,coincident,"2599,2600,2601","2599,2600,2601",726,723,0,2,2,0,21,15,105,"3,5,7",coincident: 7-series mod-15 required-divisor
C_2603_2605,2603,2605,coincident,"2603,2604,2605","2603,2604,2605",727,724,0,2,4,0,9,15,45,"3,5",coincident: 7-series mod-15 required-divisor
C_2607_2609,2607,2609,coincident,"2607,2608,2609","2607,2608,2609",728,725,0,6,1,0,9,15,45,"3,5",coincident: 7-series mod-15 required-divisor
C_2611_2613,2611,2613,coincident,"2611,2612,2613","2611,2612,2613",729,726,0,2,1,0,9,15,45,"3,5",coincident: 7-series mod-15 required-divisor
C_2615_2646,2615,2646,partial-coincident,"2615,2616,2617,2619,2620,2621,2623,2624,2625,2627,2628,2629,2631,2632,2633,2635,2636,2637,2639,2640,2641,2643,2644,2645,2646","2615,2616,2617,2618,2620,2621,2622,2624,2625,2626,2628,2629,2630,2632,2633,2634,2636,2637,2638,2640,2641,2642,2644,2645,2646",737,727,0,5,3,0,3,3,3,3,partial-coincident: defaulted to mod-3 lifts
C_2648_2650,2648,2650,coincident,"2648,2649,2650","2648,2649,2650",738,735,0,4,4,0,21,15,105,"3,5,7",coincident: 7-series mod-15 required-divisor
C_2652_2654,2652,2654,coincident,"2652,2653,2654","2652,2653,2654",739,736,0,5,3,0,9,15,45,"3,5",coincident: 7-series mod-15 required-divisor
C_2656_2658,2656,2658,coincident,"2656,2657,2658","2656,2657,2658",740,737,0,5,3,0,9,15,45,"3,5",coincident: 7-series mod-15 required-divisor
C_2660_2691,2660,2691,partial-coincident,"2660,2661,2662,2664,2665,2666,2668,2669,2670,2672,2673,2674,2676,2677,2678,2680,2681,2682,2684,2685,2686,2688,2689,2690,2691","2660,2661,2662,2663,2665,2666,2667,2669,2670,2671,2673,2674,2675,2677,2678,2679,2681,2682,2683,2685,2686,2687,2689,2690,2691",748,738,0,1,1,0,3,3,3,3,partial-coincident: defaulted to mod-3 lifts
C_2693_2695,2693,2695,coincident,"2693,2694,2695","2693,2694,2695",749,746,0,2,2,0,21,15,105,"3,5,7",coincident: 7-series mod-15 required-divisor
C_2697_2699,2697,2699,coincident,"2697,2698,2699","2697,2698,2699",750,747,0,3,3,0,9,15,45,"3,5",coincident: 7-series mod-15 required-divisor
C_2701_2736,2701,2736,partial-coincident,"2701,2702,2703,2705,2706,2707,2709,2710,2711,2713,2714,2715,2717,2718,2719,2721,2722,2723,2725,2726,2727,2729,2730,2731,2733,2734,2735,2736","2701,2702,2703,2704,2706,2707,2708,2710,2711,2712,2714,2715,2716,2718,2719,2720,2722,2723,2724,2726,2727,2728,2730,2731,2732,2734,2735,2736",759,748,0,2,1,0,3,3,3,3,partial-coincident: defaulted to mod-3 lifts
C_2738_2773,2738,2773,partial-coincident,"2738,2739,2740,2742,2743,2744,2746,2747,2748,2750,2751,2752,2754,2755,2756,2758,2759,2760,2762,2763,2764,2766,2767,2768,2770,2771,2772,2773","2738,2739,2740,2741,2743,2744,2745,2747,2748,2749,2751,2752,2753,2755,2756,2757,2759,2760,2761,2763,2764,2765,2767,2768,2769,2771,2772,2773",768,757,0,5,3,0,3,3,3,3,partial-coincident: defaulted to mod-3 lifts
C_2775_2810,2775,2810,partial-coincident,"2775,2776,2777,2779,2780,2781,2783,2784,2785,2787,2788,2789,2791,2792,2793,2795,2796,2797,2799,2800,2801,2803,2804,2805,2807,2808,2809,2810","2775,2776,2777,2778,2780,2781,2782,2784,2785,2786,2788,2789,2790,2792,2793,2794,2796,2797,2798,2800,2801,2802,2804,2805,2806,2808,2809,2810",777,766,0,5,3,0,3,3,3,3,partial-coincident: defaulted to mod-3 lifts
M_2812_4231,2812,4231,asymptotic-merged,,,,,,,,,n/a (width 1420),n/a (width 1420),,,asymptotic-merged regime (width 1420 >= 100)
C_4233_4274,4233,4274,partial-coincident,"4233,4234,4235,4236,4238,4239,4240,4242,4243,4244,4246,4247,4248,4249,4251,4252,4253,4255,4256,4257,4259,4260,4261,4262,4264,4265,4266,4268,4269,4270,4272,4273,4274","4233,4234,4235,4237,4238,4239,4241,4242,4243,4245,4246,4247,4248,4250,4251,4252,4254,4255,4256,4258,4259,4260,4261,4263,4264,4265,4267,4268,4269,4271,4272,4273,4274",1116,1115,0,3,1,0,3,3,3,3,partial-coincident: defaulted to mod-3 lifts
C_4276_4317,4276,4317,partial-coincident,"4276,4277,4278,4279,4281,4282,4283,4285,4286,4287,4289,4290,4291,4292,4294,4295,4296,4298,4299,4300,4302,4303,4304,4305,4307,4308,4309,4311,4312,4313,4315,4316,4317","4276,4277,4278,4280,4281,4282,4284,4285,4286,4288,4289,4290,4291,4293,4294,4295,4297,4298,4299,4301,4302,4303,4304,4306,4307,4308,4310,4311,4312,4314,4315,4316,4317",1126,1125,0,6,1,0,3,3,3,3,partial-coincident: defaulted to mod-3 lifts
C_4319_4360,4319,4360,partial-coincident,"4319,4320,4321,4322,4324,4325,4326,4328,4329,4330,4332,4333,4334,4335,4337,4338,4339,4341,4342,4343,4345,4346,4347,4348,4350,4351,4352,4354,4355,4356,4358,4359,4360","4319,4320,4321,4323,4324,4325,4327,4328,4329,4331,4332,4333,4334,4336,4337,4338,4340,4341,4342,4344,4345,4346,4347,4349,4350,4351,4353,4354,4355,4357,4358,4359,4360",1136,1135,0,3,2,0,3,3,3,3,partial-coincident: defaulted to mod-3 lifts
C_4362_4373,4362,4373,partial-coincident,"4362,4363,4364,4365,4367,4368,4369,4371,4372,4373","4362,4363,4364,4366,4367,4368,4370,4371,4372,4373",1146,1144,0,2,2,0,3,3,3,3,partial-coincident: defaulted to mod-3 lifts
C_4375_4416,4375,4416,partial-coincident,"4375,4376,4377,4378,4380,4381,4382,4384,4385,4386,4388,4389,4390,4391,4393,4394,4395,4397,4398,4399,4401,4402,4403,4404,4406,4407,4408,4410,4411,4412,4414,4415,4416","4375,4376,4377,4379,4380,4381,4383,4384,4385,4387,4388,4389,4390,4392,4393,4394,4396,4397,4398,4400,4401,4402,4403,4405,4406,4407,4409,4410,4411,4413,4414,4415,4416",1149,1148,0,2,4,0,3,3,3,3,partial-coincident: defaulted to mod-3 lifts
C_4418_4429,4418,4429,partial-coincident,"4418,4419,4420,4421,4423,4424,4425,4427,4428,4429","4418,4419,4420,4422,4423,4424,4426,4427,4428,4429",1159,1157,0,5,1,0,3,3,3,3,partial-coincident: defaulted to mod-3 lifts
C_4431_4442,4431,4442,partial-coincident,"4431,4432,4433,4434,4436,4437,4438,4440,4441,4442","4431,4432,4433,4435,4436,4437,4439,4440,4441,4442",1162,1160,0,5,2,0,3,3,3,3,partial-coincident: defaulted to mod-3 lifts
C_4444_4498,4444,4498,partial-coincident,"4444,4445,4446,4447,4449,4450,4451,4453,4454,4455,4457,4458,4459,4460,4462,4463,4464,4466,4467,4468,4470,4471,4472,4473,4475,4476,4477,4479,4480,4481,4483,4484,4485,4486,4488,4489,4490,4492,4493,4494,4496,4497,4498","4444,4445,4446,4448,4449,4450,4452,4453,4454,4456,4457,4458,4459,4461,4462,4463,4465,4466,4467,4469,4470,4471,4472,4474,4475,4476,4478,4479,4480,4482,4483,4484,4485,4487,4488,4489,4491,4492,4493,4495,4496,4497,4498",1165,1164,0,3,1,0,3,3,3,3,partial-coincident: defaulted to mod-3 lifts
C_4500_4511,4500,4511,partial-coincident,"4500,4501,4502,4503,4505,4506,4507,4509,4510,4511","4500,4501,4502,4504,4505,4506,4508,4509,4510,4511",1178,1176,0,2,4,0,3,3,3,3,partial-coincident: defaulted to mod-3 lifts
C_4513_4524,4513,4524,partial-coincident,"4513,4514,4515,4516,4518,4519,4520,4522,4523,4524","4513,4514,4515,4517,4518,4519,4521,4522,4523,4524",1181,1179,0,6,3,0,3,3,3,3,partial-coincident: defaulted to mod-3 lifts
C_4526_4537,4526,4537,partial-coincident,"4526,4527,4528,4529,4531,4532,4533,4535,4536,4537","4526,4527,4528,4530,4531,4532,4534,4535,4536,4537",1184,1182,0,6,4,0,3,3,3,3,partial-coincident: defaulted to mod-3 lifts
C_4539_4550,4539,4550,partial-coincident,"4539,4540,4541,4542,4544,4545,4546,4548,4549,4550","4539,4540,4541,4543,4544,4545,4547,4548,4549,4550",1187,1185,0,4,1,0,3,3,3,3,partial-coincident: defaulted to mod-3 lifts
C_4552_4563,4552,4563,partial-coincident,"4552,4553,4554,4555,4557,4558,4559,4561,4562,4563","4552,4553,4554,4556,4557,4558,4560,4561,4562,4563",1190,1188,0,1,1,0,3,3,3,3,partial-coincident: defaulted to mod-3 lifts
C_4565_4576,4565,4576,partial-coincident,"4565,4566,4567,4568,4570,4571,4572,4574,4575,4576","4565,4566,4567,4569,4570,4571,4573,4574,4575,4576",1193,1191,0,4,3,0,3,3,3,3,partial-coincident: defaulted to mod-3 lifts
C_4578_4589,4578,4589,partial-coincident,"4578,4579,4580,4581,4583,4584,4585,4587,4588,4589","4578,4579,4580,4582,4583,4584,4586,4587,4588,4589",1196,1194,0,1,3,0,3,3,3,3,partial-coincident: defaulted to mod-3 lifts
C_4591_4602,4591,4602,partial-coincident,"4591,4592,4593,4594,4596,4597,4598,4600,4601,4602","4591,4592,4593,4595,4596,4597,4599,4600,4601,4602",1199,1197,0,1,3,0,3,3,3,3,partial-coincident: defaulted to mod-3 lifts
C_4604_4615,4604,4615,partial-coincident,"4604,4605,4606,4607,4609,4610,4611,4613,4614,4615","4604,4605,4606,4608,4609,4610,4612,4613,4614,4615",1202,1200,0,3,2,0,3,3,3,3,partial-coincident: defaulted to mod-3 lifts
C_4617_4628,4617,4628,partial-coincident,"4617,4618,4619,4620,4622,4623,4624,4626,4627,4628","4617,4618,4619,4621,4622,4623,4625,4626,4627,4628",1205,1203,0,3,3,0,3,3,3,3,partial-coincident: defaulted to mod-3 lifts
C_4630_4641,4630,4641,partial-coincident,"4630,4631,4632,4633,4635,4636,4637,4639,4640,4641","4630,4631,4632,4634,4635,4636,4638,4639,4640,4641",1208,1206,0,1,1,0,3,3,3,3,partial-coincident: defaulted to mod-3 lifts
C_4643_4654,4643,4654,partial-coincident,"4643,4644,4645,4646,4648,4649,4650,4652,4653,4654","4643,4644,4645,4647,4648,4649,4651,4652,4653,4654",1211,1209,0,2,2,0,3,3,3,3,partial-coincident: defaulted to mod-3 lifts
C_4656_4667,4656,4667,partial-coincident,"4656,4657,4658,4659,4661,4662,4663,4665,4666,4667","4656,4657,4658,4660,4661,4662,4664,4665,4666,4667",1214,1212,0,2,2,0,3,3,3,3,partial-coincident: defaulted to mod-3 lifts
C_4669_4680,4669,4680,partial-coincident,"4669,4670,4671,4672,4674,4675,4676,4678,4679,4680","4669,4670,4671,4673,4674,4675,4677,4678,4679,4680",1217,1215,0,5,1,0,3,3,3,3,partial-coincident: defaulted to mod-3 lifts
C_4682_4693,4682,4693,partial-coincident,"4682,4683,4684,4685,4687,4688,4689,4691,4692,4693","4682,4683,4684,4686,4687,4688,4690,4691,4692,4693",1220,1218,0,2,1,0,3,3,3,3,partial-coincident: defaulted to mod-3 lifts
C_4695_4706,4695,4706,partial-coincident,"4695,4696,4697,4698,4700,4701,4702,4704,4705,4706","4695,4696,4697,4699,4700,4701,4703,4704,4705,4706",1223,1221,0,6,4,0,3,3,3,3,partial-coincident: defaulted to mod-3 lifts
C_4708_4719,4708,4719,partial-coincident,"4708,4709,4710,4711,4713,4714,4715,4717,4718,4719","4708,4709,4710,4712,4713,4714,4716,4717,4718,4719",1226,1224,0,4,4,0,3,3,3,3,partial-coincident: defaulted to mod-3 lifts
C_4721_4732,4721,4732,partial-coincident,"4721,4722,4723,4724,4726,4727,4728,4730,4731,4732","4721,4722,4723,4725,4726,4727,4729,4730,4731,4732",1229,1227,0,2,4,0,3,3,3,3,partial-coincident: defaulted to mod-3 lifts
C_4734_4745,4734,4745,partial-coincident,"4734,4735,4736,4737,4739,4740,4741,4743,4744,4745","4734,4735,4736,4738,4739,4740,4742,4743,4744,4745",1232,1230,0,5,2,0,3,3,3,3,partial-coincident: defaulted to mod-3 lifts
C_4747_4758,4747,4758,partial-coincident,"4747,4748,4749,4750,4752,4753,4754,4756,4757,4758","4747,4748,4749,4751,4752,4753,4755,4756,4757,4758",1235,1233,0,2,3,0,3,3,3,3,partial-coincident: defaulted to mod-3 lifts
C_4760_4771,4760,4771,partial-coincident,"4760,4761,4762,4763,4765,4766,4767,4769,4770,4771","4760,4761,4762,4764,4765,4766,4768,4769,4770,4771",1238,1236,0,3,2,0,3,3,3,3,partial-coincident: defaulted to mod-3 lifts
C_4773_4784,4773,4784,partial-coincident,"4773,4774,4775,4776,4778,4779,4780,4782,4783,4784","4773,4774,4775,4777,4778,4779,4781,4782,4783,4784",1241,1239,0,4,4,0,3,3,3,3,partial-coincident: defaulted to mod-3 lifts
C_4786_4797,4786,4797,partial-coincident,"4786,4787,4788,4789,4791,4792,4793,4795,4796,4797","4786,4787,4788,4790,4791,4792,4794,4795,4796,4797",1244,1242,0,2,2,0,3,3,3,3,partial-coincident: defaulted to mod-3 lifts
C_4799_4806,4799,4806,partial-coincident,"4799,4800,4801,4802,4804,4805,4806","4799,4800,4801,4803,4804,4805,4806",1247,1244,0,2,1,0,3,3,3,3,partial-coincident: defaulted to mod-3 lifts
C_4808_4810,4808,4810,coincident,"4808,4809,4810","4808,4809,4810",1249,1245,0,1,4,0,3,15,15,"3,5",coincident: 7-series mod-15 required-divisor
C_4812_4819,4812,4819,partial-coincident,"4812,4813,4814,4815,4817,4818,4819","4812,4813,4814,4816,4817,4818,4819",1250,1247,0,6,4,0,3,3,3,3,partial-coincident: defaulted to mod-3 lifts
C_4821_4832,4821,4832,partial-coincident,"4821,4822,4823,4824,4826,4827,4828,4830,4831,4832","4821,4822,4823,4825,4826,4827,4829,4830,4831,4832",1252,1250,0,2,2,0,3,3,3,3,partial-coincident: defaulted to mod-3 lifts
C_4834_4845,4834,4845,partial-coincident,"4834,4835,4836,4837,4839,4840,4841,4843,4844,4845","4834,4835,4836,4838,4839,4840,4842,4843,4844,4845",1255,1253,0,1,1,0,3,3,3,3,partial-coincident: defaulted to mod-3 lifts
C_4847_4858,4847,4858,partial-coincident,"4847,4848,4849,4850,4852,4853,4854,4856,4857,4858","4847,4848,4849,4851,4852,4853,4855,4856,4857,4858",1258,1256,0,1,4,0,3,3,3,3,partial-coincident: defaulted to mod-3 lifts
C_4860_4871,4860,4871,partial-coincident,"4860,4861,4862,4863,4865,4866,4867,4869,4870,4871","4860,4861,4862,4864,4865,4866,4868,4869,4870,4871",1261,1259,0,5,1,0,3,3,3,3,partial-coincident: defaulted to mod-3 lifts
C_4873_4880,4873,4880,partial-coincident,"4873,4874,4875,4876,4878,4879,4880","4873,4874,4875,4877,4878,4879,4880",1264,1261,0,6,1,0,3,3,3,3,partial-coincident: defaulted to mod-3 lifts
C_4882_4884,4882,4884,coincident,"4882,4883,4884","4882,4883,4884",1266,1262,0,4,2,0,3,15,15,"3,5",coincident: 7-series mod-15 required-divisor
C_4886_4893,4886,4893,partial-coincident,"4886,4887,4888,4889,4891,4892,4893","4886,4887,4888,4890,4891,4892,4893",1267,1264,0,5,4,0,3,3,3,3,partial-coincident: defaulted to mod-3 lifts
C_4895_4906,4895,4906,partial-coincident,"4895,4896,4897,4898,4900,4901,4902,4904,4905,4906","4895,4896,4897,4899,4900,4901,4903,4904,4905,4906",1269,1267,0,4,4,0,3,3,3,3,partial-coincident: defaulted to mod-3 lifts
C_4908_4919,4908,4919,partial-coincident,"4908,4909,4910,4911,4913,4914,4915,4917,4918,4919","4908,4909,4910,4912,4913,4914,4916,4917,4918,4919",1272,1270,0,4,1,0,3,3,3,3,partial-coincident: defaulted to mod-3 lifts
C_4921_4932,4921,4932,partial-coincident,"4921,4922,4923,4924,4926,4927,4928,4930,4931,4932","4921,4922,4923,4925,4926,4927,4929,4930,4931,4932",1275,1273,0,2,3,0,3,3,3,3,partial-coincident: defaulted to mod-3 lifts
C_4934_4941,4934,4941,partial-coincident,"4934,4935,4936,4937,4939,4940,4941","4934,4935,4936,4938,4939,4940,4941",1278,1275,0,2,4,0,3,3,3,3,partial-coincident: defaulted to mod-3 lifts
C_4943_4945,4943,4945,coincident,"4943,4944,4945","4943,4944,4945",1280,1276,0,6,1,0,3,15,15,"3,5",coincident: 7-series mod-15 required-divisor
C_4947_4954,4947,4954,partial-coincident,"4947,4948,4949,4950,4952,4953,4954","4947,4948,4949,4951,4952,4953,4954",1281,1278,0,2,1,0,3,3,3,3,partial-coincident: defaulted to mod-3 lifts
C_4956_4967,4956,4967,partial-coincident,"4956,4957,4958,4959,4961,4962,4963,4965,4966,4967","4956,4957,4958,4960,4961,4962,4964,4965,4966,4967",1283,1281,0,5,3,0,3,3,3,3,partial-coincident: defaulted to mod-3 lifts
C_4969_4980,4969,4980,partial-coincident,"4969,4970,4971,4972,4974,4975,4976,4978,4979,4980","4969,4970,4971,4973,4974,4975,4977,4978,4979,4980",1286,1284,0,5,2,0,3,3,3,3,partial-coincident: defaulted to mod-3 lifts
C_4982_4989,4982,4989,partial-coincident,"4982,4983,4984,4985,4987,4988,4989","4982,4983,4984,4986,4987,4988,4989",1289,1286,0,6,4,0,3,3,3,3,partial-coincident: defaulted to mod-3 lifts
C_4991_4993,4991,4993,coincident,"4991,4992,4993","4991,4992,4993",1291,1287,0,3,1,0,3,15,15,"3,5",coincident: 7-series mod-15 required-divisor
C_4995_5002,4995,5002,partial-coincident,"4995,4996,4997,4998,5000,5001,5002","4995,4996,4997,4999,5000,5001,5002",1292,1289,0,4,3,0,3,3,3,3,partial-coincident: defaulted to mod-3 lifts
C_5004_5006,5004,5006,coincident,"5004,5005,5006","5004,5005,5006",1294,1290,0,6,3,0,3,15,15,"3,5",coincident: 7-series mod-15 required-divisor
C_5008_5015,5008,5015,partial-coincident,"5008,5009,5010,5011,5013,5014,5015","5008,5009,5010,5012,5013,5014,5015",1295,1292,0,3,4,0,3,3,3,3,partial-coincident: defaulted to mod-3 lifts
C_5017_5024,5017,5024,partial-coincident,"5017,5018,5019,5020,5022,5023,5024","5017,5018,5019,5021,5022,5023,5024",1297,1294,0,1,2,0,3,3,3,3,partial-coincident: defaulted to mod-3 lifts
C_5026_5028,5026,5028,coincident,"5026,5027,5028","5026,5027,5028",1299,1295,0,3,3,0,9,15,45,"3,5",coincident: 7-series mod-15 required-divisor
C_5030_5037,5030,5037,partial-coincident,"5030,5031,5032,5033,5035,5036,5037","5030,5031,5032,5034,5035,5036,5037",1300,1297,0,3,3,0,3,3,3,3,partial-coincident: defaulted to mod-3 lifts
C_5039_5041,5039,5041,coincident,"5039,5040,5041","5039,5040,5041",1302,1298,0,5,3,0,9,15,45,"3,5",coincident: 7-series mod-15 required-divisor
C_5043_5050,5043,5050,partial-coincident,"5043,5044,5045,5046,5048,5049,5050","5043,5044,5045,5047,5048,5049,5050",1303,1300,0,1,1,0,3,3,3,3,partial-coincident: defaulted to mod-3 lifts
C_5052_5054,5052,5054,coincident,"5052,5053,5054","5052,5053,5054",1305,1301,0,1,3,0,3,15,15,"3,5",coincident: 7-series mod-15 required-divisor
C_5056_5059,5056,5059,coincident,"5056,5057,5058,5059","5056,5057,5058,5059",1306,1302,0,4,2,0,3,15,15,"3,5",coincident: 7-series mod-15 required-divisor
C_5061_5063,5061,5063,coincident,"5061,5062,5063","5061,5062,5063",1307,1303,0,1,2,0,9,15,45,"3,5",coincident: 7-series mod-15 required-divisor
C_5065_5072,5065,5072,partial-coincident,"5065,5066,5067,5068,5070,5071,5072","5065,5066,5067,5069,5070,5071,5072",1308,1305,0,1,1,0,3,3,3,3,partial-coincident: defaulted to mod-3 lifts
C_5074_5076,5074,5076,coincident,"5074,5075,5076","5074,5075,5076",1310,1306,0,5,4,0,9,15,45,"3,5",coincident: 7-series mod-15 required-divisor
C_5078_5085,5078,5085,partial-coincident,"5078,5079,5080,5081,5083,5084,5085","5078,5079,5080,5082,5083,5084,5085",1311,1308,0,3,2,0,3,3,3,3,partial-coincident: defaulted to mod-3 lifts
C_5087_5089,5087,5089,coincident,"5087,5088,5089","5087,5088,5089",1313,1309,0,1,4,0,3,15,15,"3,5",coincident: 7-series mod-15 required-divisor
C_5091_5094,5091,5094,coincident,"5091,5092,5093,5094","5091,5092,5093,5094",1314,1310,0,3,2,0,3,15,15,"3,5",coincident: 7-series mod-15 required-divisor
C_5096_5098,5096,5098,coincident,"5096,5097,5098","5096,5097,5098",1315,1311,0,1,4,0,9,15,45,"3,5",coincident: 7-series mod-15 required-divisor
C_5100_5107,5100,5107,partial-coincident,"5100,5101,5102,5103,5105,5106,5107","5100,5101,5102,5104,5105,5106,5107",1316,1313,0,2,4,0,3,3,3,3,partial-coincident: defaulted to mod-3 lifts
C_5109_5111,5109,5111,coincident,"5109,5110,5111","5109,5110,5111",1318,1314,0,2,1,0,9,15,45,"3,5",coincident: 7-series mod-15 required-divisor
C_5113_5120,5113,5120,partial-coincident,"5113,5114,5115,5116,5118,5119,5120","5113,5114,5115,5117,5118,5119,5120",1319,1316,0,1,1,0,3,3,3,3,partial-coincident: defaulted to mod-3 lifts
C_5122_5124,5122,5124,coincident,"5122,5123,5124","5122,5123,5124",1321,1317,0,3,4,0,9,15,45,"3,5",coincident: 7-series mod-15 required-divisor
C_5126_5129,5126,5129,coincident,"5126,5127,5128,5129","5126,5127,5128,5129",1322,1318,0,4,4,0,3,15,15,"3,5",coincident: 7-series mod-15 required-divisor
C_5131_5133,5131,5133,coincident,"5131,5132,5133","5131,5132,5133",1323,1319,0,6,3,0,9,15,45,"3,5",coincident: 7-series mod-15 required-divisor
C_5135_5142,5135,5142,partial-coincident,"5135,5136,5137,5138,5140,5141,5142","5135,5136,5137,5139,5140,5141,5142",1324,1321,0,1,2,0,3,3,3,3,partial-coincident: defaulted to mod-3 lifts
C_5144_5146,5144,5146,coincident,"5144,5145,5146","5144,5145,5146",1326,1322,0,3,4,0,9,15,45,"3,5",coincident: 7-series mod-15 required-divisor
C_5148_5155,5148,5155,partial-coincident,"5148,5149,5150,5151,5153,5154,5155","5148,5149,5150,5152,5153,5154,5155",1327,1324,0,3,3,0,3,3,3,3,partial-coincident: defaulted to mod-3 lifts
C_5157_5159,5157,5159,coincident,"5157,5158,5159","5157,5158,5159",1329,1325,0,4,2,0,9,15,45,"3,5",coincident: 7-series mod-15 required-divisor
C_5161_5164,5161,5164,coincident,"5161,5162,5163,5164","5161,5162,5163,5164",1330,1326,0,3,1,0,3,15,15,"3,5",coincident: 7-series mod-15 required-divisor
C_5166_5168,5166,5168,coincident,"5166,5167,5168","5166,5167,5168",1331,1327,0,5,4,0,9,15,45,"3,5",coincident: 7-series mod-15 required-divisor
C_5170_5177,5170,5177,partial-coincident,"5170,5171,5172,5173,5175,5176,5177","5170,5171,5172,5174,5175,5176,5177",1332,1329,0,1,4,0,3,3,3,3,partial-coincident: defaulted to mod-3 lifts
C_5179_5181,5179,5181,coincident,"5179,5180,5181","5179,5180,5181",1334,1330,0,6,3,0,9,15,45,"3,5",coincident: 7-series mod-15 required-divisor
C_5183_5186,5183,5186,coincident,"5183,5184,5185,5186","5183,5184,5185,5186",1335,1331,0,6,4,0,3,15,15,"3,5",coincident: 7-series mod-15 required-divisor
C_5188_5190,5188,5190,coincident,"5188,5189,5190","5188,5189,5190",1336,1332,0,1,1,0,9,15,45,"3,5",coincident: 7-series mod-15 required-divisor
C_5192_5194,5192,5194,coincident,"5192,5193,5194","5192,5193,5194",1337,1333,0,5,1,0,9,15,45,"3,5",coincident: 7-series mod-15 required-divisor
C_5196_5199,5196,5199,coincident,"5196,5197,5198,5199","5196,5197,5198,5199",1338,1334,0,1,3,0,3,15,15,"3,5",coincident: 7-series mod-15 required-divisor
C_5201_5203,5201,5203,coincident,"5201,5202,5203","5201,5202,5203",1339,1335,0,3,3,0,9,15,45,"3,5",coincident: 7-series mod-15 required-divisor
C_5205_5212,5205,5212,partial-coincident,"5205,5206,5207,5208,5210,5211,5212","5205,5206,5207,5209,5210,5211,5212",1340,1337,0,6,2,0,3,3,3,3,partial-coincident: defaulted to mod-3 lifts
C_5214_5216,5214,5216,coincident,"5214,5215,5216","5214,5215,5216",1342,1338,0,2,1,0,9,15,45,"3,5",coincident: 7-series mod-15 required-divisor
C_5218_5221,5218,5221,coincident,"5218,5219,5220,5221","5218,5219,5220,5221",1343,1339,0,5,4,0,3,15,15,"3,5",coincident: 7-series mod-15 required-divisor
C_5223_5225,5223,5225,coincident,"5223,5224,5225","5223,5224,5225",1344,1340,0,6,3,0,9,15,45,"3,5",coincident: 7-series mod-15 required-divisor
C_5227_5229,5227,5229,coincident,"5227,5228,5229","5227,5228,5229",1345,1341,0,1,1,0,3,15,15,"3,5",coincident: 7-series mod-15 required-divisor
C_5231_5234,5231,5234,coincident,"5231,5232,5233,5234","5231,5232,5233,5234",1346,1342,0,5,3,0,3,15,15,"3,5",coincident: 7-series mod-15 required-divisor
C_5236_5238,5236,5238,coincident,"5236,5237,5238","5236,5237,5238",1347,1343,0,4,2,0,9,15,45,"3,5",coincident: 7-series mod-15 required-divisor
C_5240_5243,5240,5243,coincident,"5240,5241,5242,5243","5240,5241,5242,5243",1348,1344,0,2,2,0,3,15,15,"3,5",coincident: 7-series mod-15 required-divisor
C_5245_5247,5245,5247,coincident,"5245,5246,5247","5245,5246,5247",1349,1345,0,6,2,0,9,15,45,"3,5",coincident: 7-series mod-15 required-divisor
C_5249_5251,5249,5251,coincident,"5249,5250,5251","5249,5250,5251",1350,1346,0,1,3,0,9,15,45,"3,5",coincident: 7-series mod-15 required-divisor
C_5253_5256,5253,5256,coincident,"5253,5254,5255,5256","5253,5254,5255,5256",1351,1347,0,5,2,0,3,15,15,"3,5",coincident: 7-series mod-15 required-divisor
C_5258_5260,5258,5260,coincident,"5258,5259,5260","5258,5259,5260",1352,1348,0,5,2,0,9,15,45,"3,5",coincident: 7-series mod-15 required-divisor
C_5262_5264,5262,5264,coincident,"5262,5263,5264","5262,5263,5264",1353,1349,0,5,3,0,3,15,15,"3,5",coincident: 7-series mod-15 required-divisor
C_5266_5269,5266,5269,coincident,"5266,5267,5268,5269","5266,5267,5268,5269",1354,1350,0,4,1,0,3,15,15,"3,5",coincident: 7-series mod-15 required-divisor
C_5271_5273,5271,5273,coincident,"5271,5272,5273","5271,5272,5273",1355,1351,0,2,2,0,9,15,45,"3,5",coincident: 7-series mod-15 required-divisor
C_5275_5278,5275,5278,coincident,"5275,5276,5277,5278","5275,5276,5277,5278",1356,1352,0,3,2,0,3,15,15,"3,5",coincident: 7-series mod-15 required-divisor
C_5280_5282,5280,5282,coincident,"5280,5281,5282","5280,5281,5282",1357,1353,0,2,2,0,9,15,45,"3,5",coincident: 7-series mod-15 required-divisor
C_5284_5286,5284,5286,coincident,"5284,5285,5286","5284,5285,5286",1358,1354,0,3,2,0,9,15,45,"3,5",coincident: 7-series mod-15 required-divisor
C_5288_5291,5288,5291,coincident,"5288,5289,5290,5291","5288,5289,5290,5291",1359,1355,0,4,4,0,3,15,15,"3,5",coincident: 7-series mod-15 required-divisor
C_5293_5295,5293,5295,coincident,"5293,5294,5295","5293,5294,5295",1360,1356,0,2,1,0,9,15,45,"3,5",coincident: 7-series mod-15 required-divisor
C_5297_5300,5297,5300,coincident,"5297,5298,5299,5300","5297,5298,5299,5300",1361,1357,0,5,3,0,3,15,15,"3,5",coincident: 7-series mod-15 required-divisor
C_5302_5304,5302,5304,coincident,"5302,5303,5304","5302,5303,5304",1362,1358,0,6,4,0,9,15,45,"3,5",coincident: 7-series mod-15 required-divisor
C_5306_5308,5306,5308,coincident,"5306,5307,5308","5306,5307,5308",1363,1359,0,2,4,0,9,15,45,"3,5",coincident: 7-series mod-15 required-divisor
C_5310_5313,5310,5313,coincident,"5310,5311,5312,5313","5310,5311,5312,5313",1364,1360,0,1,2,0,3,15,15,"3,5",coincident: 7-series mod-15 required-divisor
C_5315_5317,5315,5317,coincident,"5315,5316,5317","5315,5316,5317",1365,1361,0,3,3,0,9,15,45,"3,5",coincident: 7-series mod-15 required-divisor
C_5319_5322,5319,5322,coincident,"5319,5320,5321,5322","5319,5320,5321,5322",1366,1362,0,4,3,0,3,15,15,"3,5",coincident: 7-series mod-15 required-divisor
C_5324_5326,5324,5326,coincident,"5324,5325,5326","5324,5325,5326",1367,1363,0,4,1,0,21,15,105,"3,5,7",coincident: 7-series mod-15 required-divisor
C_5328_5330,5328,5330,coincident,"5328,5329,5330","5328,5329,5330",1368,1364,0,1,4,0,9,15,45,"3,5",coincident: 7-series mod-15 required-divisor
C_5332_5335,5332,5335,coincident,"5332,5333,5334,5335","5332,5333,5334,5335",1369,1365,0,6,3,0,3,15,15,"3,5",coincident: 7-series mod-15 required-divisor
C_5337_5339,5337,5339,coincident,"5337,5338,5339","5337,5338,5339",1370,1366,0,2,2,0,9,15,45,"3,5",coincident: 7-series mod-15 required-divisor
C_5341_5348,5341,5348,partial-coincident,"5341,5342,5343,5345,5346,5347,5348","5341,5342,5343,5344,5346,5347,5348",1372,1367,0,1,4,0,3,3,3,3,partial-coincident: defaulted to mod-3 lifts
C_5350_5352,5350,5352,coincident,"5350,5351,5352","5350,5351,5352",1373,1369,0,6,3,0,9,15,45,"3,5",coincident: 7-series mod-15 required-divisor
C_5354_5357,5354,5357,coincident,"5354,5355,5356,5357","5354,5355,5356,5357",1374,1370,0,3,1,0,3,15,15,"3,5",coincident: 7-series mod-15 required-divisor
C_5359_5361,5359,5361,coincident,"5359,5360,5361","5359,5360,5361",1375,1371,0,1,4,0,9,15,45,"3,5",coincident: 7-series mod-15 required-divisor
C_5363_5370,5363,5370,partial-coincident,"5363,5364,5365,5367,5368,5369,5370","5363,5364,5365,5366,5368,5369,5370",1377,1372,0,6,2,0,3,3,3,3,partial-coincident: defaulted to mod-3 lifts
C_5372_5374,5372,5374,coincident,"5372,5373,5374","5372,5373,5374",1378,1374,0,6,3,0,9,15,45,"3,5",coincident: 7-series mod-15 required-divisor
C_5376_5379,5376,5379,coincident,"5376,5377,5378,5379","5376,5377,5378,5379",1379,1375,0,3,3,0,3,15,15,"3,5",coincident: 7-series mod-15 required-divisor
C_5381_5383,5381,5383,coincident,"5381,5382,5383","5381,5382,5383",1380,1376,0,3,1,0,9,15,45,"3,5",coincident: 7-series mod-15 required-divisor
C_5385_5392,5385,5392,partial-coincident,"5385,5386,5387,5389,5390,5391,5392","5385,5386,5387,5388,5390,5391,5392",1382,1377,0,4,2,0,3,3,3,3,partial-coincident: defaulted to mod-3 lifts
C_5394_5396,5394,5396,coincident,"5394,5395,5396","5394,5395,5396",1383,1379,0,4,1,0,9,15,45,"3,5",coincident: 7-series mod-15 required-divisor
C_5398_5401,5398,5401,coincident,"5398,5399,5400,5401","5398,5399,5400,5401",1384,1380,0,2,3,0,3,15,15,"3,5",coincident: 7-series mod-15 required-divisor
C_5403_5405,5403,5405,coincident,"5403,5404,5405","5403,5404,5405",1385,1381,0,6,2,0,9,15,45,"3,5",coincident: 7-series mod-15 required-divisor
C_5407_5414,5407,5414,partial-coincident,"5407,5408,5409,5411,5412,5413,5414","5407,5408,5409,5410,5412,5413,5414",1387,1382,0,4,3,0,3,3,3,3,partial-coincident: defaulted to mod-3 lifts
C_5416_5418,5416,5418,coincident,"5416,5417,5418","5416,5417,5418",1388,1384,0,4,3,0,9,15,45,"3,5",coincident: 7-series mod-15 required-divisor
C_5420_5423,5420,5423,coincident,"5420,5421,5422,5423","5420,5421,5422,5423",1389,1385,0,3,3,0,3,15,15,"3,5",coincident: 7-series mod-15 required-divisor
C_5425_5427,5425,5427,coincident,"5425,5426,5427","5425,5426,5427",1390,1386,0,6,4,0,9,15,45,"3,5",coincident: 7-series mod-15 required-divisor
C_5429_5436,5429,5436,partial-coincident,"5429,5430,5431,5433,5434,5435,5436","5429,5430,5431,5432,5434,5435,5436",1392,1387,0,5,1,0,3,3,3,3,partial-coincident: defaulted to mod-3 lifts
C_5438_5440,5438,5440,coincident,"5438,5439,5440","5438,5439,5440",1393,1389,0,2,4,0,9,15,45,"3,5",coincident: 7-series mod-15 required-divisor
C_5442_5445,5442,5445,coincident,"5442,5443,5444,5445","5442,5443,5444,5445",1394,1390,0,4,3,0,3,15,15,"3,5",coincident: 7-series mod-15 required-divisor
C_5447_5449,5447,5449,coincident,"5447,5448,5449","5447,5448,5449",1395,1391,0,6,3,0,9,15,45,"3,5",coincident: 7-series mod-15 required-divisor
C_5451_5458,5451,5458,partial-coincident,"5451,5452,5453,5455,5456,5457,5458","5451,5452,5453,5454,5456,5457,5458",1397,1392,0,1,4,0,3,3,3,3,partial-coincident: defaulted to mod-3 lifts
C_5460_5462,5460,5462,coincident,"5460,5461,5462","5460,5461,5462",1398,1394,0,4,4,0,9,15,45,"3,5",coincident: 7-series mod-15 required-divisor
C_5464_5467,5464,5467,coincident,"5464,5465,5466,5467","5464,5465,5466,5467",1399,1395,0,4,4,0,3,15,15,"3,5",coincident: 7-series mod-15 required-divisor
C_5469_5471,5469,5471,coincident,"5469,5470,5471","5469,5470,5471",1400,1396,0,6,3,0,9,15,45,"3,5",coincident: 7-series mod-15 required-divisor
C_5473_5480,5473,5480,partial-coincident,"5473,5474,5475,5477,5478,5479,5480","5473,5474,5475,5476,5478,5479,5480",1402,1397,0,2,3,0,3,3,3,3,partial-coincident: defaulted to mod-3 lifts
C_5482_5484,5482,5484,coincident,"5482,5483,5484","5482,5483,5484",1403,1399,0,4,1,0,9,15,45,"3,5",coincident: 7-series mod-15 required-divisor
C_5486_5489,5486,5489,coincident,"5486,5487,5488,5489","5486,5487,5488,5489",1404,1400,0,5,4,0,3,15,15,"3,5",coincident: 7-series mod-15 required-divisor
C_5491_5493,5491,5493,coincident,"5491,5492,5493","5491,5492,5493",1405,1401,0,3,4,0,9,15,45,"3,5",coincident: 7-series mod-15 required-divisor
C_5495_5502,5495,5502,partial-coincident,"5495,5496,5497,5499,5500,5501,5502","5495,5496,5497,5498,5500,5501,5502",1407,1402,0,6,2,0,3,3,3,3,partial-coincident: defaulted to mod-3 lifts
C_5504_5506,5504,5506,coincident,"5504,5505,5506","5504,5505,5506",1408,1404,0,5,1,0,9,15,45,"3,5",coincident: 7-series mod-15 required-divisor
C_5508_5511,5508,5511,coincident,"5508,5509,5510,5511","5508,5509,5510,5511",1409,1405,0,2,3,0,3,15,15,"3,5",coincident: 7-series mod-15 required-divisor
C_5513_5515,5513,5515,coincident,"5513,5514,5515","5513,5514,5515",1410,1406,0,2,1,0,9,15,45,"3,5",coincident: 7-series mod-15 required-divisor
C_5517_5524,5517,5524,partial-coincident,"5517,5518,5519,5521,5522,5523,5524","5517,5518,5519,5520,5522,5523,5524",1412,1407,0,5,1,0,3,3,3,3,partial-coincident: defaulted to mod-3 lifts
C_5526_5533,5526,5533,partial-coincident,"5526,5527,5528,5530,5531,5532,5533","5526,5527,5528,5529,5531,5532,5533",1414,1409,0,1,3,0,3,3,3,3,partial-coincident: defaulted to mod-3 lifts
C_5535_5537,5535,5537,coincident,"5535,5536,5537","5535,5536,5537",1415,1411,0,5,3,0,9,15,45,"3,5",coincident: 7-series mod-15 required-divisor
C_5539_5546,5539,5546,partial-coincident,"5539,5540,5541,5543,5544,5545,5546","5539,5540,5541,5542,5544,5545,5546",1417,1412,0,3,2,0,3,3,3,3,partial-coincident: defaulted to mod-3 lifts
C_5548_5555,5548,5555,partial-coincident,"5548,5549,5550,5552,5553,5554,5555","5548,5549,5550,5551,5553,5554,5555",1419,1414,0,3,1,0,3,3,3,3,partial-coincident: defaulted to mod-3 lifts
C_5557_5559,5557,5559,coincident,"5557,5558,5559","5557,5558,5559",1420,1416,0,6,4,0,9,15,45,"3,5",coincident: 7-series mod-15 required-divisor
C_5561_5568,5561,5568,partial-coincident,"5561,5562,5563,5565,5566,5567,5568","5561,5562,5563,5564,5566,5567,5568",1422,1417,0,1,2,0,3,3,3,3,partial-coincident: defaulted to mod-3 lifts
C_5570_5577,5570,5577,partial-coincident,"5570,5571,5572,5574,5575,5576,5577","5570,5571,5572,5573,5575,5576,5577",1424,1419,0,4,3,0,3,3,3,3,partial-coincident: defaulted to mod-3 lifts
C_5579_5586,5579,5586,partial-coincident,"5579,5580,5581,5583,5584,5585,5586","5579,5580,5581,5582,5584,5585,5586",1426,1421,0,5,2,0,3,3,3,3,partial-coincident: defaulted to mod-3 lifts
C_5588_5590,5588,5590,coincident,"5588,5589,5590","5588,5589,5590",1427,1423,0,4,1,0,9,15,45,"3,5",coincident: 7-series mod-15 required-divisor
C_5592_5599,5592,5599,partial-coincident,"5592,5593,5594,5596,5597,5598,5599","5592,5593,5594,5595,5597,5598,5599",1429,1424,0,1,4,0,3,3,3,3,partial-coincident: defaulted to mod-3 lifts
C_5601_5608,5601,5608,partial-coincident,"5601,5602,5603,5605,5606,5607,5608","5601,5602,5603,5604,5606,5607,5608",1431,1426,0,2,2,0,3,3,3,3,partial-coincident: defaulted to mod-3 lifts
C_5610_5612,5610,5612,coincident,"5610,5611,5612","5610,5611,5612",1432,1428,0,5,2,0,9,15,45,"3,5",coincident: 7-series mod-15 required-divisor
C_5614_5621,5614,5621,partial-coincident,"5614,5615,5616,5618,5619,5620,5621","5614,5615,5616,5617,5619,5620,5621",1434,1429,0,5,1,0,3,3,3,3,partial-coincident: defaulted to mod-3 lifts
C_5623_5630,5623,5630,partial-coincident,"5623,5624,5625,5627,5628,5629,5630","5623,5624,5625,5626,5628,5629,5630",1436,1431,0,2,4,0,3,3,3,3,partial-coincident: defaulted to mod-3 lifts
C_5632_5639,5632,5639,partial-coincident,"5632,5633,5634,5636,5637,5638,5639","5632,5633,5634,5635,5637,5638,5639",1438,1433,0,6,3,0,3,3,3,3,partial-coincident: defaulted to mod-3 lifts
C_5641_5643,5641,5643,coincident,"5641,5642,5643","5641,5642,5643",1439,1435,0,4,1,0,21,15,105,"3,5,7",coincident: 7-series mod-15 required-divisor
C_5645_5652,5645,5652,partial-coincident,"5645,5646,5647,5649,5650,5651,5652","5645,5646,5647,5648,5650,5651,5652",1441,1436,0,5,3,0,3,3,3,3,partial-coincident: defaulted to mod-3 lifts
C_5654_5661,5654,5661,partial-coincident,"5654,5655,5656,5658,5659,5660,5661","5654,5655,5656,5657,5659,5660,5661",1443,1438,0,4,3,0,3,3,3,3,partial-coincident: defaulted to mod-3 lifts
C_5663_5665,5663,5665,coincident,"5663,5664,5665","5663,5664,5665",1444,1440,0,2,1,0,9,15,45,"3,5",coincident: 7-series mod-15 required-divisor
C_5667_5674,5667,5674,partial-coincident,"5667,5668,5669,5671,5672,5673,5674","5667,5668,5669,5670,5672,5673,5674",1446,1441,0,5,2,0,3,3,3,3,partial-coincident: defaulted to mod-3 lifts
C_5676_5683,5676,5683,partial-coincident,"5676,5677,5678,5680,5681,5682,5683","5676,5677,5678,5679,5681,5682,5683",1448,1443,0,2,4,0,3,3,3,3,partial-coincident: defaulted to mod-3 lifts
C_5685_5692,5685,5692,partial-coincident,"5685,5686,5687,5689,5690,5691,5692","5685,5686,5687,5688,5690,5691,5692",1450,1445,0,3,4,0,3,3,3,3,partial-coincident: defaulted to mod-3 lifts
C_5694_5696,5694,5696,coincident,"5694,5695,5696","5694,5695,5696",1451,1447,0,1,2,0,21,15,105,"3,5,7",coincident: 7-series mod-15 required-divisor
C_5698_5705,5698,5705,partial-coincident,"5698,5699,5700,5702,5703,5704,5705","5698,5699,5700,5701,5703,5704,5705",1453,1448,0,3,4,0,3,3,3,3,partial-coincident: defaulted to mod-3 lifts
C_5707_5714,5707,5714,partial-coincident,"5707,5708,5709,5711,5712,5713,5714","5707,5708,5709,5710,5712,5713,5714",1455,1450,0,2,3,0,3,3,3,3,partial-coincident: defaulted to mod-3 lifts
C_5716_5727,5716,5727,partial-coincident,"5716,5717,5718,5720,5721,5722,5724,5725,5726,5727","5716,5717,5718,5719,5721,5722,5723,5725,5726,5727",1458,1452,0,6,4,0,3,3,3,3,partial-coincident: defaulted to mod-3 lifts
C_5729_5736,5729,5736,partial-coincident,"5729,5730,5731,5733,5734,5735,5736","5729,5730,5731,5732,5734,5735,5736",1460,1455,0,5,4,0,3,3,3,3,partial-coincident: defaulted to mod-3 lifts
C_5738_5745,5738,5745,partial-coincident,"5738,5739,5740,5742,5743,5744,5745","5738,5739,5740,5741,5743,5744,5745",1462,1457,0,2,2,0,3,3,3,3,partial-coincident: defaulted to mod-3 lifts
C_5747_5758,5747,5758,partial-coincident,"5747,5748,5749,5751,5752,5753,5755,5756,5757,5758","5747,5748,5749,5750,5752,5753,5754,5756,5757,5758",1465,1459,0,4,4,0,3,3,3,3,partial-coincident: defaulted to mod-3 lifts
C_5760_5767,5760,5767,partial-coincident,"5760,5761,5762,5764,5765,5766,5767","5760,5761,5762,5763,5765,5766,5767",1467,1462,0,6,4,0,3,3,3,3,partial-coincident: defaulted to mod-3 lifts
C_5769_5776,5769,5776,partial-coincident,"5769,5770,5771,5773,5774,5775,5776","5769,5770,5771,5772,5774,5775,5776",1469,1464,0,4,3,0,3,3,3,3,partial-coincident: defaulted to mod-3 lifts
C_5778_5789,5778,5789,partial-coincident,"5778,5779,5780,5782,5783,5784,5786,5787,5788,5789","5778,5779,5780,5781,5783,5784,5785,5787,5788,5789",1472,1466,0,4,4,0,3,3,3,3,partial-coincident: defaulted to mod-3 lifts
C_5791_5798,5791,5798,partial-coincident,"5791,5792,5793,5795,5796,5797,5798","5791,5792,5793,5794,5796,5797,5798",1474,1469,0,3,4,0,3,3,3,3,partial-coincident: defaulted to mod-3 lifts
C_5800_5807,5800,5807,partial-coincident,"5800,5801,5802,5804,5805,5806,5807","5800,5801,5802,5803,5805,5806,5807",1476,1471,0,4,2,0,3,3,3,3,partial-coincident: defaulted to mod-3 lifts
C_5809_5820,5809,5820,partial-coincident,"5809,5810,5811,5813,5814,5815,5817,5818,5819,5820","5809,5810,5811,5812,5814,5815,5816,5818,5819,5820",1479,1473,0,2,1,0,3,3,3,3,partial-coincident: defaulted to mod-3 lifts
C_5822_5829,5822,5829,partial-coincident,"5822,5823,5824,5826,5827,5828,5829","5822,5823,5824,5825,5827,5828,5829",1481,1476,0,6,3,0,3,3,3,3,partial-coincident: defaulted to mod-3 lifts
C_5831_5838,5831,5838,partial-coincident,"5831,5832,5833,5835,5836,5837,5838","5831,5832,5833,5834,5836,5837,5838",1483,1478,0,2,2,0,3,3,3,3,partial-coincident: defaulted to mod-3 lifts
C_5840_5860,5840,5860,partial-coincident,"5840,5841,5842,5844,5845,5846,5848,5849,5850,5851,5853,5854,5855,5857,5858,5859,5860","5840,5841,5842,5843,5845,5846,5847,5849,5850,5851,5852,5854,5855,5856,5858,5859,5860",1486,1480,0,6,2,0,3,3,3,3,partial-coincident: defaulted to mod-3 lifts
C_5862_5869,5862,5869,partial-coincident,"5862,5863,5864,5866,5867,5868,5869","5862,5863,5864,5865,5867,5868,5869",1490,1485,0,6,4,0,3,3,3,3,partial-coincident: defaulted to mod-3 lifts
C_5871_5891,5871,5891,partial-coincident,"5871,5872,5873,5875,5876,5877,5879,5880,5881,5882,5884,5885,5886,5888,5889,5890,5891","5871,5872,5873,5874,5876,5877,5878,5880,5881,5882,5883,5885,5886,5887,5889,5890,5891",1493,1487,0,6,1,0,3,3,3,3,partial-coincident: defaulted to mod-3 lifts
C_5893_5900,5893,5900,partial-coincident,"5893,5894,5895,5897,5898,5899,5900","5893,5894,5895,5896,5898,5899,5900",1497,1492,0,2,4,0,3,3,3,3,partial-coincident: defaulted to mod-3 lifts
C_5902_5931,5902,5931,partial-coincident,"5902,5903,5904,5906,5907,5908,5910,5911,5912,5913,5915,5916,5917,5919,5920,5921,5922,5924,5925,5926,5928,5929,5930,5931","5902,5903,5904,5905,5907,5908,5909,5911,5912,5913,5914,5916,5917,5918,5920,5921,5922,5923,5925,5926,5927,5929,5930,5931",1500,1494,0,3,2,0,3,3,3,3,partial-coincident: defaulted to mod-3 lifts
C_5933_5971,5933,5971,partial-coincident,"5933,5934,5935,5937,5938,5939,5941,5942,5943,5944,5946,5947,5948,5950,5951,5952,5953,5955,5956,5957,5959,5960,5961,5962,5964,5965,5966,5968,5969,5970,5971","5933,5934,5935,5936,5938,5939,5940,5942,5943,5944,5945,5947,5948,5949,5951,5952,5953,5954,5956,5957,5958,5960,5961,5962,5963,5965,5966,5967,5969,5970,5971",1507,1501,0,2,2,0,3,3,3,3,partial-coincident: defaulted to mod-3 lifts
C_5973_6011,5973,6011,partial-coincident,"5973,5974,5975,5977,5978,5979,5981,5982,5983,5984,5986,5987,5988,5990,5991,5992,5993,5995,5996,5997,5999,6000,6001,6002,6004,6005,6006,6008,6009,6010,6011","5973,5974,5975,5976,5978,5979,5980,5982,5983,5984,5985,5987,5988,5989,5991,5992,5993,5994,5996,5997,5998,6000,6001,6002,6003,6005,6006,6007,6009,6010,6011",1516,1510,0,5,1,0,3,3,3,3,partial-coincident: defaulted to mod-3 lifts
M_6013_8318,6013,8318,asymptotic-merged,,,,,,,,,n/a (width 2306),n/a (width 2306),,,asymptotic-merged regime (width 2306 >= 100)
C_8320_8396,8320,8396,partial-coincident,"8320,8321,8322,8323,8325,8326,8327,8328,8330,8331,8332,8334,8335,8336,8337,8339,8340,8341,8343,8344,8345,8346,8348,8349,8350,8351,8353,8354,8355,8357,8358,8359,8360,8362,8363,8364,8366,8367,8368,8369,8371,8372,8373,8374,8376,8377,8378,8380,8381,8382,8383,8385,8386,8387,8389,8390,8391,8392,8394,8395,8396","8320,8321,8322,8324,8325,8326,8327,8329,8330,8331,8333,8334,8335,8336,8338,8339,8340,8342,8343,8344,8345,8347,8348,8349,8350,8352,8353,8354,8356,8357,8358,8359,8361,8362,8363,8365,8366,8367,8368,8370,8371,8372,8373,8375,8376,8377,8379,8380,8381,8382,8384,8385,8386,8388,8389,8390,8391,8393,8394,8395,8396",2034,2030,0,2,1,0,3,3,3,3,partial-coincident: defaulted to mod-3 lifts
C_8398_8419,8398,8419,partial-coincident,"8398,8399,8400,8401,8403,8404,8405,8406,8408,8409,8410,8412,8413,8414,8415,8417,8418,8419","8398,8399,8400,8402,8403,8404,8405,8407,8408,8409,8411,8412,8413,8414,8416,8417,8418,8419",2051,2047,0,3,1,0,3,3,3,3,partial-coincident: defaulted to mod-3 lifts
C_8421_8474,8421,8474,partial-coincident,"8421,8422,8423,8424,8426,8427,8428,8429,8431,8432,8433,8435,8436,8437,8438,8440,8441,8442,8444,8445,8446,8447,8449,8450,8451,8452,8454,8455,8456,8458,8459,8460,8461,8463,8464,8465,8467,8468,8469,8470,8472,8473,8474","8421,8422,8423,8425,8426,8427,8428,8430,8431,8432,8434,8435,8436,8437,8439,8440,8441,8443,8444,8445,8446,8448,8449,8450,8451,8453,8454,8455,8457,8458,8459,8460,8462,8463,8464,8466,8467,8468,8469,8471,8472,8473,8474",2056,2052,0,5,4,0,3,3,3,3,partial-coincident: defaulted to mod-3 lifts
C_8476_8497,8476,8497,partial-coincident,"8476,8477,8478,8479,8481,8482,8483,8484,8486,8487,8488,8490,8491,8492,8493,8495,8496,8497","8476,8477,8478,8480,8481,8482,8483,8485,8486,8487,8489,8490,8491,8492,8494,8495,8496,8497",2068,2064,0,6,2,0,3,3,3,3,partial-coincident: defaulted to mod-3 lifts
C_8499_8520,8499,8520,partial-coincident,"8499,8500,8501,8502,8504,8505,8506,8507,8509,8510,8511,8513,8514,8515,8516,8518,8519,8520","8499,8500,8501,8503,8504,8505,8506,8508,8509,8510,8512,8513,8514,8515,8517,8518,8519,8520",2073,2069,0,3,3,0,3,3,3,3,partial-coincident: defaulted to mod-3 lifts
C_8522_8543,8522,8543,partial-coincident,"8522,8523,8524,8525,8527,8528,8529,8530,8532,8533,8534,8536,8537,8538,8539,8541,8542,8543","8522,8523,8524,8526,8527,8528,8529,8531,8532,8533,8535,8536,8537,8538,8540,8541,8542,8543",2078,2074,0,1,3,0,3,3,3,3,partial-coincident: defaulted to mod-3 lifts
C_8545_8566,8545,8566,partial-coincident,"8545,8546,8547,8548,8550,8551,8552,8553,8555,8556,8557,8559,8560,8561,8562,8564,8565,8566","8545,8546,8547,8549,8550,8551,8552,8554,8555,8556,8558,8559,8560,8561,8563,8564,8565,8566",2083,2079,0,2,4,0,3,3,3,3,partial-coincident: defaulted to mod-3 lifts
C_8568_8589,8568,8589,partial-coincident,"8568,8569,8570,8571,8573,8574,8575,8576,8578,8579,8580,8582,8583,8584,8585,8587,8588,8589","8568,8569,8570,8572,8573,8574,8575,8577,8578,8579,8581,8582,8583,8584,8586,8587,8588,8589",2088,2084,0,2,2,0,3,3,3,3,partial-coincident: defaulted to mod-3 lifts
C_8591_8612,8591,8612,partial-coincident,"8591,8592,8593,8594,8596,8597,8598,8599,8601,8602,8603,8605,8606,8607,8608,8610,8611,8612","8591,8592,8593,8595,8596,8597,8598,8600,8601,8602,8604,8605,8606,8607,8609,8610,8611,8612",2093,2089,0,1,1,0,3,3,3,3,partial-coincident: defaulted to mod-3 lifts
C_8614_8635,8614,8635,partial-coincident,"8614,8615,8616,8617,8619,8620,8621,8622,8624,8625,8626,8628,8629,8630,8631,8633,8634,8635","8614,8615,8616,8618,8619,8620,8621,8623,8624,8625,8627,8628,8629,8630,8632,8633,8634,8635",2098,2094,0,3,3,0,3,3,3,3,partial-coincident: defaulted to mod-3 lifts
C_8637_8658,8637,8658,partial-coincident,"8637,8638,8639,8640,8642,8643,8644,8645,8647,8648,8649,8651,8652,8653,8654,8656,8657,8658","8637,8638,8639,8641,8642,8643,8644,8646,8647,8648,8650,8651,8652,8653,8655,8656,8657,8658",2103,2099,0,1,2,0,3,3,3,3,partial-coincident: defaulted to mod-3 lifts
C_8660_8681,8660,8681,partial-coincident,"8660,8661,8662,8663,8665,8666,8667,8668,8670,8671,8672,8674,8675,8676,8677,8679,8680,8681","8660,8661,8662,8664,8665,8666,8667,8669,8670,8671,8673,8674,8675,8676,8678,8679,8680,8681",2108,2104,0,1,1,0,3,3,3,3,partial-coincident: defaulted to mod-3 lifts
C_8683_8695,8683,8695,partial-coincident,"8683,8684,8685,8686,8688,8689,8690,8691,8693,8694,8695","8683,8684,8685,8687,8688,8689,8690,8692,8693,8694,8695",2113,2109,0,1,3,0,3,3,3,3,partial-coincident: defaulted to mod-3 lifts
C_8697_8704,8697,8704,partial-coincident,"8697,8698,8699,8700,8702,8703,8704","8697,8698,8699,8701,8702,8703,8704",2116,2112,0,4,1,0,3,3,3,3,partial-coincident: defaulted to mod-3 lifts
C_8706_8718,8706,8718,partial-coincident,"8706,8707,8708,8709,8711,8712,8713,8714,8716,8717,8718","8706,8707,8708,8710,8711,8712,8713,8715,8716,8717,8718",2118,2114,0,5,3,0,3,3,3,3,partial-coincident: defaulted to mod-3 lifts
C_8720_8727,8720,8727,partial-coincident,"8720,8721,8722,8723,8725,8726,8727","8720,8721,8722,8724,8725,8726,8727",2121,2117,0,2,4,0,3,3,3,3,partial-coincident: defaulted to mod-3 lifts
C_8729_8741,8729,8741,partial-coincident,"8729,8730,8731,8732,8734,8735,8736,8737,8739,8740,8741","8729,8730,8731,8733,8734,8735,8736,8738,8739,8740,8741",2123,2119,0,1,2,0,3,3,3,3,partial-coincident: defaulted to mod-3 lifts
C_8743_8750,8743,8750,partial-coincident,"8743,8744,8745,8746,8748,8749,8750","8743,8744,8745,8747,8748,8749,8750",2126,2122,0,5,3,0,3,3,3,3,partial-coincident: defaulted to mod-3 lifts
C_8752_8764,8752,8764,partial-coincident,"8752,8753,8754,8755,8757,8758,8759,8760,8762,8763,8764","8752,8753,8754,8756,8757,8758,8759,8761,8762,8763,8764",2128,2124,0,4,3,0,3,3,3,3,partial-coincident: defaulted to mod-3 lifts
C_8766_8773,8766,8773,partial-coincident,"8766,8767,8768,8769,8771,8772,8773","8766,8767,8768,8770,8771,8772,8773",2131,2127,0,1,4,0,3,3,3,3,partial-coincident: defaulted to mod-3 lifts
C_8775_8787,8775,8787,partial-coincident,"8775,8776,8777,8778,8780,8781,8782,8783,8785,8786,8787","8775,8776,8777,8779,8780,8781,8782,8784,8785,8786,8787",2133,2129,0,3,4,0,3,3,3,3,partial-coincident: defaulted to mod-3 lifts
C_8789_8801,8789,8801,partial-coincident,"8789,8790,8791,8792,8794,8795,8796,8797,8799,8800,8801","8789,8790,8791,8793,8794,8795,8796,8798,8799,8800,8801",2136,2132,0,4,4,0,3,3,3,3,partial-coincident: defaulted to mod-3 lifts
C_8803_8810,8803,8810,partial-coincident,"8803,8804,8805,8806,8808,8809,8810","8803,8804,8805,8807,8808,8809,8810",2139,2135,0,3,2,0,3,3,3,3,partial-coincident: defaulted to mod-3 lifts
C_8812_8824,8812,8824,partial-coincident,"8812,8813,8814,8815,8817,8818,8819,8820,8822,8823,8824","8812,8813,8814,8816,8817,8818,8819,8821,8822,8823,8824",2141,2137,0,2,4,0,3,3,3,3,partial-coincident: defaulted to mod-3 lifts
C_8826_8833,8826,8833,partial-coincident,"8826,8827,8828,8829,8831,8832,8833","8826,8827,8828,8830,8831,8832,8833",2144,2140,0,1,4,0,3,3,3,3,partial-coincident: defaulted to mod-3 lifts
C_8835_8847,8835,8847,partial-coincident,"8835,8836,8837,8838,8840,8841,8842,8843,8845,8846,8847","8835,8836,8837,8839,8840,8841,8842,8844,8845,8846,8847",2146,2142,0,1,1,0,3,3,3,3,partial-coincident: defaulted to mod-3 lifts
C_8849_8856,8849,8856,partial-coincident,"8849,8850,8851,8852,8854,8855,8856","8849,8850,8851,8853,8854,8855,8856",2149,2145,0,6,4,0,3,3,3,3,partial-coincident: defaulted to mod-3 lifts
C_8858_8861,8858,8861,coincident,"8858,8859,8860,8861","8858,8859,8860,8861",2151,2146,0,4,1,0,3,15,15,"3,5",coincident: 7-series mod-15 required-divisor
C_8863_8870,8863,8870,partial-coincident,"8863,8864,8865,8866,8868,8869,8870","8863,8864,8865,8867,8868,8869,8870",2152,2148,0,1,4,0,3,3,3,3,partial-coincident: defaulted to mod-3 lifts
C_8872_8884,8872,8884,partial-coincident,"8872,8873,8874,8875,8877,8878,8879,8880,8882,8883,8884","8872,8873,8874,8876,8877,8878,8879,8881,8882,8883,8884",2154,2150,0,1,2,0,3,3,3,3,partial-coincident: defaulted to mod-3 lifts
C_8886_8893,8886,8893,partial-coincident,"8886,8887,8888,8889,8891,8892,8893","8886,8887,8888,8890,8891,8892,8893",2157,2153,0,4,4,0,3,3,3,3,partial-coincident: defaulted to mod-3 lifts
C_8895_8907,8895,8907,partial-coincident,"8895,8896,8897,8898,8900,8901,8902,8903,8905,8906,8907","8895,8896,8897,8899,8900,8901,8902,8904,8905,8906,8907",2159,2155,0,3,3,0,3,3,3,3,partial-coincident: defaulted to mod-3 lifts
C_8909_8916,8909,8916,partial-coincident,"8909,8910,8911,8912,8914,8915,8916","8909,8910,8911,8913,8914,8915,8916",2162,2158,0,1,2,0,3,3,3,3,partial-coincident: defaulted to mod-3 lifts
C_8918_8921,8918,8921,coincident,"8918,8919,8920,8921","8918,8919,8920,8921",2164,2159,0,4,3,0,3,15,15,"3,5",coincident: 7-series mod-15 required-divisor
C_8923_8930,8923,8930,partial-coincident,"8923,8924,8925,8926,8928,8929,8930","8923,8924,8925,8927,8928,8929,8930",2165,2161,0,3,2,0,3,3,3,3,partial-coincident: defaulted to mod-3 lifts
C_8932_8944,8932,8944,partial-coincident,"8932,8933,8934,8935,8937,8938,8939,8940,8942,8943,8944","8932,8933,8934,8936,8937,8938,8939,8941,8942,8943,8944",2167,2163,0,2,1,0,3,3,3,3,partial-coincident: defaulted to mod-3 lifts
C_8946_8953,8946,8953,partial-coincident,"8946,8947,8948,8949,8951,8952,8953","8946,8947,8948,8950,8951,8952,8953",2170,2166,0,3,4,0,3,3,3,3,partial-coincident: defaulted to mod-3 lifts
C_8955_8967,8955,8967,partial-coincident,"8955,8956,8957,8958,8960,8961,8962,8963,8965,8966,8967","8955,8956,8957,8959,8960,8961,8962,8964,8965,8966,8967",2172,2168,0,4,2,0,3,3,3,3,partial-coincident: defaulted to mod-3 lifts
C_8969_8976,8969,8976,partial-coincident,"8969,8970,8971,8972,8974,8975,8976","8969,8970,8971,8973,8974,8975,8976",2175,2171,0,1,3,0,3,3,3,3,partial-coincident: defaulted to mod-3 lifts
C_8978_8981,8978,8981,coincident,"8978,8979,8980,8981","8978,8979,8980,8981",2177,2172,0,3,2,0,3,15,15,"3,5",coincident: 7-series mod-15 required-divisor
C_8983_8990,8983,8990,partial-coincident,"8983,8984,8985,8986,8988,8989,8990","8983,8984,8985,8987,8988,8989,8990",2178,2174,0,5,1,0,3,3,3,3,partial-coincident: defaulted to mod-3 lifts
C_8992_9004,8992,9004,partial-coincident,"8992,8993,8994,8995,8997,8998,8999,9000,9002,9003,9004","8992,8993,8994,8996,8997,8998,8999,9001,9002,9003,9004",2180,2176,0,6,4,0,3,3,3,3,partial-coincident: defaulted to mod-3 lifts
C_9006_9013,9006,9013,partial-coincident,"9006,9007,9008,9009,9011,9012,9013","9006,9007,9008,9010,9011,9012,9013",2183,2179,0,2,4,0,3,3,3,3,partial-coincident: defaulted to mod-3 lifts
C_9015_9018,9015,9018,coincident,"9015,9016,9017,9018","9015,9016,9017,9018",2185,2180,0,3,2,0,3,15,15,"3,5",coincident: 7-series mod-15 required-divisor
C_9020_9027,9020,9027,partial-coincident,"9020,9021,9022,9023,9025,9026,9027","9020,9021,9022,9024,9025,9026,9027",2186,2182,0,1,2,0,3,3,3,3,partial-coincident: defaulted to mod-3 lifts
C_9029_9041,9029,9041,partial-coincident,"9029,9030,9031,9032,9034,9035,9036,9037,9039,9040,9041","9029,9030,9031,9033,9034,9035,9036,9038,9039,9040,9041",2188,2184,0,6,2,0,3,3,3,3,partial-coincident: defaulted to mod-3 lifts
C_9043_9050,9043,9050,partial-coincident,"9043,9044,9045,9046,9048,9049,9050","9043,9044,9045,9047,9048,9049,9050",2191,2187,0,5,2,0,3,3,3,3,partial-coincident: defaulted to mod-3 lifts
C_9052_9055,9052,9055,coincident,"9052,9053,9054,9055","9052,9053,9054,9055",2193,2188,0,6,3,0,3,15,15,"3,5",coincident: 7-series mod-15 required-divisor
C_9057_9064,9057,9064,partial-coincident,"9057,9058,9059,9060,9062,9063,9064","9057,9058,9059,9061,9062,9063,9064",2194,2190,0,5,4,0,9,3,9,3,partial-coincident: defaulted to mod-3 lifts
C_9066_9073,9066,9073,partial-coincident,"9066,9067,9068,9069,9071,9072,9073","9066,9067,9068,9070,9071,9072,9073",2196,2192,0,4,3,0,3,3,3,3,partial-coincident: defaulted to mod-3 lifts
C_9075_9078,9075,9078,coincident,"9075,9076,9077,9078","9075,9076,9077,9078",2198,2193,0,5,1,0,3,15,15,"3,5",coincident: 7-series mod-15 required-divisor
C_9080_9087,9080,9087,partial-coincident,"9080,9081,9082,9083,9085,9086,9087","9080,9081,9082,9084,9085,9086,9087",2199,2195,0,5,4,0,3,3,3,3,partial-coincident: defaulted to mod-3 lifts
C_9089_9092,9089,9092,coincident,"9089,9090,9091,9092","9089,9090,9091,9092",2201,2196,0,1,3,0,3,15,15,"3,5",coincident: 7-series mod-15 required-divisor
C_9094_9101,9094,9101,partial-coincident,"9094,9095,9096,9097,9099,9100,9101","9094,9095,9096,9098,9099,9100,9101",2202,2198,0,4,2,0,9,3,9,3,partial-coincident: defaulted to mod-3 lifts
C_9103_9110,9103,9110,partial-coincident,"9103,9104,9105,9106,9108,9109,9110","9103,9104,9105,9107,9108,9109,9110",2204,2200,0,6,2,0,3,3,3,3,partial-coincident: defaulted to mod-3 lifts
C_9112_9115,9112,9115,coincident,"9112,9113,9114,9115","9112,9113,9114,9115",2206,2201,0,1,2,0,3,15,15,"3,5",coincident: 7-series mod-15 required-divisor
C_9117_9124,9117,9124,partial-coincident,"9117,9118,9119,9120,9122,9123,9124","9117,9118,9119,9121,9122,9123,9124",2207,2203,0,1,1,0,3,3,3,3,partial-coincident: defaulted to mod-3 lifts
C_9126_9129,9126,9129,coincident,"9126,9127,9128,9129","9126,9127,9128,9129",2209,2204,0,2,3,0,3,15,15,"3,5",coincident: 7-series mod-15 required-divisor
C_9131_9138,9131,9138,partial-coincident,"9131,9132,9133,9134,9136,9137,9138","9131,9132,9133,9135,9136,9137,9138",2210,2206,0,6,2,0,9,3,9,3,partial-coincident: defaulted to mod-3 lifts
C_9140_9147,9140,9147,partial-coincident,"9140,9141,9142,9143,9145,9146,9147","9140,9141,9142,9144,9145,9146,9147",2212,2208,0,1,2,0,3,3,3,3,partial-coincident: defaulted to mod-3 lifts
C_9149_9152,9149,9152,coincident,"9149,9150,9151,9152","9149,9150,9151,9152",2214,2209,0,6,3,0,3,15,15,"3,5",coincident: 7-series mod-15 required-divisor
C_9154_9161,9154,9161,partial-coincident,"9154,9155,9156,9157,9159,9160,9161","9154,9155,9156,9158,9159,9160,9161",2215,2211,0,3,4,0,3,3,3,3,partial-coincident: defaulted to mod-3 lifts
C_9163_9166,9163,9166,coincident,"9163,9164,9165,9166","9163,9164,9165,9166",2217,2212,0,2,3,0,3,15,15,"3,5",coincident: 7-series mod-15 required-divisor
C_9168_9175,9168,9175,partial-coincident,"9168,9169,9170,9171,9173,9174,9175","9168,9169,9170,9172,9173,9174,9175",2218,2214,0,3,3,0,9,3,9,3,partial-coincident: defaulted to mod-3 lifts
C_9177_9184,9177,9184,partial-coincident,"9177,9178,9179,9180,9182,9183,9184","9177,9178,9179,9181,9182,9183,9184",2220,2216,0,4,2,0,3,3,3,3,partial-coincident: defaulted to mod-3 lifts
C_9186_9189,9186,9189,coincident,"9186,9187,9188,9189","9186,9187,9188,9189",2222,2217,0,6,4,0,3,15,15,"3,5",coincident: 7-series mod-15 required-divisor
C_9191_9198,9191,9198,partial-coincident,"9191,9192,9193,9194,9196,9197,9198","9191,9192,9193,9195,9196,9197,9198",2223,2219,0,5,3,0,3,3,3,3,partial-coincident: defaulted to mod-3 lifts
C_9200_9203,9200,9203,coincident,"9200,9201,9202,9203","9200,9201,9202,9203",2225,2220,0,1,2,0,3,15,15,"3,5",coincident: 7-series mod-15 required-divisor
C_9205_9212,9205,9212,partial-coincident,"9205,9206,9207,9208,9210,9211,9212","9205,9206,9207,9209,9210,9211,9212",2226,2222,0,2,3,0,9,3,9,3,partial-coincident: defaulted to mod-3 lifts
C_9214_9226,9214,9226,partial-coincident,"9214,9215,9216,9217,9219,9220,9221,9222,9224,9225,9226","9214,9215,9216,9218,9219,9220,9221,9223,9224,9225,9226",2228,2224,0,4,1,0,3,3,3,3,partial-coincident: defaulted to mod-3 lifts
C_9228_9235,9228,9235,partial-coincident,"9228,9229,9230,9231,9233,9234,9235","9228,9229,9230,9232,9233,9234,9235",2231,2227,0,3,4,0,3,3,3,3,partial-coincident: defaulted to mod-3 lifts
C_9237_9240,9237,9240,coincident,"9237,9238,9239,9240","9237,9238,9239,9240",2233,2228,0,5,2,0,3,15,15,"3,5",coincident: 7-series mod-15 required-divisor
C_9242_9249,9242,9249,partial-coincident,"9242,9243,9244,9245,9247,9248,9249","9242,9243,9244,9246,9247,9248,9249",2234,2230,0,3,3,0,3,3,3,3,partial-coincident: defaulted to mod-3 lifts
C_9251_9254,9251,9254,coincident,"9251,9252,9253,9254","9251,9252,9253,9254",2236,2231,0,3,4,0,3,15,15,"3,5",coincident: 7-series mod-15 required-divisor
C_9256_9263,9256,9263,partial-coincident,"9256,9257,9258,9259,9261,9262,9263","9256,9257,9258,9260,9261,9262,9263",2237,2233,0,1,1,0,9,3,9,3,partial-coincident: defaulted to mod-3 lifts
C_9265_9272,9265,9272,partial-coincident,"9265,9266,9267,9268,9270,9271,9272","9265,9266,9267,9269,9270,9271,9272",2239,2235,0,5,1,0,3,3,3,3,partial-coincident: defaulted to mod-3 lifts
C_9274_9277,9274,9277,coincident,"9274,9275,9276,9277","9274,9275,9276,9277",2241,2236,0,4,1,0,3,15,15,"3,5",coincident: 7-series mod-15 required-divisor
C_9279_9286,9279,9286,partial-coincident,"9279,9280,9281,9282,9284,9285,9286","9279,9280,9281,9283,9284,9285,9286",2242,2238,0,1,3,0,3,3,3,3,partial-coincident: defaulted to mod-3 lifts
C_9288_9291,9288,9291,coincident,"9288,9289,9290,9291","9288,9289,9290,9291",2244,2239,0,4,4,0,3,15,15,"3,5",coincident: 7-series mod-15 required-divisor
C_9293_9300,9293,9300,partial-coincident,"9293,9294,9295,9296,9298,9299,9300","9293,9294,9295,9297,9298,9299,9300",2245,2241,0,5,2,0,9,3,9,3,partial-coincident: defaulted to mod-3 lifts
C_9302_9309,9302,9309,partial-coincident,"9302,9303,9304,9305,9307,9308,9309","9302,9303,9304,9306,9307,9308,9309",2247,2243,0,4,2,0,3,3,3,3,partial-coincident: defaulted to mod-3 lifts
C_9311_9314,9311,9314,coincident,"9311,9312,9313,9314","9311,9312,9313,9314",2249,2244,0,6,3,0,3,15,15,"3,5",coincident: 7-series mod-15 required-divisor
C_9316_9323,9316,9323,partial-coincident,"9316,9317,9318,9319,9321,9322,9323","9316,9317,9318,9320,9321,9322,9323",2250,2246,0,4,4,0,3,3,3,3,partial-coincident: defaulted to mod-3 lifts
C_9325_9328,9325,9328,coincident,"9325,9326,9327,9328","9325,9326,9327,9328",2252,2247,0,1,4,0,3,15,15,"3,5",coincident: 7-series mod-15 required-divisor
C_9330_9337,9330,9337,partial-coincident,"9330,9331,9332,9333,9335,9336,9337","9330,9331,9332,9334,9335,9336,9337",2253,2249,0,1,1,0,9,3,9,3,partial-coincident: defaulted to mod-3 lifts
C_9339_9342,9339,9342,coincident,"9339,9340,9341,9342","9339,9340,9341,9342",2255,2250,0,3,1,0,3,15,15,"3,5",coincident: 7-series mod-15 required-divisor
C_9344_9351,9344,9351,partial-coincident,"9344,9345,9346,9347,9349,9350,9351","9344,9345,9346,9348,9349,9350,9351",2256,2252,0,5,1,0,9,3,9,3,partial-coincident: defaulted to mod-3 lifts
C_9353_9360,9353,9360,partial-coincident,"9353,9354,9355,9356,9358,9359,9360","9353,9354,9355,9357,9358,9359,9360",2258,2254,0,2,4,0,3,3,3,3,partial-coincident: defaulted to mod-3 lifts
C_9362_9365,9362,9365,coincident,"9362,9363,9364,9365","9362,9363,9364,9365",2260,2255,0,3,4,0,3,15,15,"3,5",coincident: 7-series mod-15 required-divisor
C_9367_9374,9367,9374,partial-coincident,"9367,9368,9369,9370,9372,9373,9374","9367,9368,9369,9371,9372,9373,9374",2261,2257,0,4,1,0,3,3,3,3,partial-coincident: defaulted to mod-3 lifts
C_9376_9379,9376,9379,coincident,"9376,9377,9378,9379","9376,9377,9378,9379",2263,2258,0,4,4,0,3,15,15,"3,5",coincident: 7-series mod-15 required-divisor
C_9381_9388,9381,9388,partial-coincident,"9381,9382,9383,9384,9386,9387,9388","9381,9382,9383,9385,9386,9387,9388",2264,2260,0,2,3,0,9,3,9,3,partial-coincident: defaulted to mod-3 lifts
C_9390_9393,9390,9393,coincident,"9390,9391,9392,9393","9390,9391,9392,9393",2266,2261,0,2,2,0,3,15,15,"3,5",coincident: 7-series mod-15 required-divisor
C_9395_9402,9395,9402,partial-coincident,"9395,9396,9397,9398,9400,9401,9402","9395,9396,9397,9399,9400,9401,9402",2267,2263,0,6,2,0,9,3,9,3,partial-coincident: defaulted to mod-3 lifts
C_9404_9407,9404,9407,coincident,"9404,9405,9406,9407","9404,9405,9406,9407",2269,2264,0,2,2,0,3,15,15,"3,5",coincident: 7-series mod-15 required-divisor
C_9409_9411,9409,9411,coincident,"9409,9410,9411","9409,9410,9411",2270,2265,0,1,3,0,9,15,45,"3,5",coincident: 7-series mod-15 required-divisor
C_9413_9416,9413,9416,coincident,"9413,9414,9415,9416","9413,9414,9415,9416",2271,2266,0,3,3,0,3,15,15,"3,5",coincident: 7-series mod-15 required-divisor
C_9418_9425,9418,9425,partial-coincident,"9418,9419,9420,9421,9423,9424,9425","9418,9419,9420,9422,9423,9424,9425",2272,2268,0,4,3,0,3,3,3,3,partial-coincident: defaulted to mod-3 lifts
C_9427_9430,9427,9430,coincident,"9427,9428,9429,9430","9427,9428,9429,9430",2274,2269,0,1,2,0,3,15,15,"3,5",coincident: 7-series mod-15 required-divisor
C_9432_9439,9432,9439,partial-coincident,"9432,9433,9434,9435,9437,9438,9439","9432,9433,9434,9436,9437,9438,9439",2275,2271,0,4,2,0,9,3,9,3,partial-coincident: defaulted to mod-3 lifts
C_9441_9444,9441,9444,coincident,"9441,9442,9443,9444","9441,9442,9443,9444",2277,2272,0,5,3,0,3,15,15,"3,5",coincident: 7-series mod-15 required-divisor
C_9446_9453,9446,9453,partial-coincident,"9446,9447,9448,9449,9451,9452,9453","9446,9447,9448,9450,9451,9452,9453",2278,2274,0,4,1,0,9,3,9,3,partial-coincident: defaulted to mod-3 lifts
C_9455_9458,9455,9458,coincident,"9455,9456,9457,9458","9455,9456,9457,9458",2280,2275,0,1,1,0,3,15,15,"3,5",coincident: 7-series mod-15 required-divisor
C_9460_9462,9460,9462,coincident,"9460,9461,9462","9460,9461,9462",2281,2276,0,4,3,0,9,15,45,"3,5",coincident: 7-series mod-15 required-divisor
C_9464_9467,9464,9467,coincident,"9464,9465,9466,9467","9464,9465,9466,9467",2282,2277,0,5,3,0,3,15,15,"3,5",coincident: 7-series mod-15 required-divisor
C_9469_9472,9469,9472,coincident,"9469,9470,9471,9472","9469,9470,9471,9472",2283,2278,0,6,4,0,3,15,15,"3,5",coincident: 7-series mod-15 required-divisor
C_9474_9476,9474,9476,coincident,"9474,9475,9476","9474,9475,9476",2284,2279,0,5,1,0,9,15,45,"3,5",coincident: 7-series mod-15 required-divisor
C_9478_9481,9478,9481,coincident,"9478,9479,9480,9481","9478,9479,9480,9481",2285,2280,0,6,2,0,3,15,15,"3,5",coincident: 7-series mod-15 required-divisor
C_9483_9490,9483,9490,partial-coincident,"9483,9484,9485,9486,9488,9489,9490","9483,9484,9485,9487,9488,9489,9490",2286,2282,0,1,1,0,3,3,3,3,partial-coincident: defaulted to mod-3 lifts
C_9492_9495,9492,9495,coincident,"9492,9493,9494,9495","9492,9493,9494,9495",2288,2283,0,6,1,0,3,15,15,"3,5",coincident: 7-series mod-15 required-divisor
C_9497_9504,9497,9504,partial-coincident,"9497,9498,9499,9500,9502,9503,9504","9497,9498,9499,9501,9502,9503,9504",2289,2285,0,6,2,0,9,3,9,3,partial-coincident: defaulted to mod-3 lifts
C_9506_9509,9506,9509,coincident,"9506,9507,9508,9509","9506,9507,9508,9509",2291,2286,0,5,2,0,3,15,15,"3,5",coincident: 7-series mod-15 required-divisor
C_9511_9518,9511,9518,partial-coincident,"9511,9512,9513,9514,9516,9517,9518","9511,9512,9513,9515,9516,9517,9518",2292,2288,0,3,3,0,9,3,9,3,partial-coincident: defaulted to mod-3 lifts
C_9520_9523,9520,9523,coincident,"9520,9521,9522,9523","9520,9521,9522,9523",2294,2289,0,5,2,0,3,15,15,"3,5",coincident: 7-series mod-15 required-divisor
C_9525_9527,9525,9527,coincident,"9525,9526,9527","9525,9526,9527",2295,2290,0,2,2,0,9,15,45,"3,5",coincident: 7-series mod-15 required-divisor
C_9529_9532,9529,9532,coincident,"9529,9530,9531,9532","9529,9530,9531,9532",2296,2291,0,6,3,0,3,15,15,"3,5",coincident: 7-series mod-15 required-divisor
C_9534_9537,9534,9537,coincident,"9534,9535,9536,9537","9534,9535,9536,9537",2297,2292,0,5,4,0,3,15,15,"3,5",coincident: 7-series mod-15 required-divisor
C_9539_9541,9539,9541,coincident,"9539,9540,9541","9539,9540,9541",2298,2293,0,4,4,0,9,15,45,"3,5",coincident: 7-series mod-15 required-divisor
C_9543_9546,9543,9546,coincident,"9543,9544,9545,9546","9543,9544,9545,9546",2299,2294,0,2,3,0,3,15,15,"3,5",coincident: 7-series mod-15 required-divisor
C_9548_9555,9548,9555,partial-coincident,"9548,9549,9550,9551,9553,9554,9555","9548,9549,9550,9552,9553,9554,9555",2300,2296,0,2,1,0,3,3,3,3,partial-coincident: defaulted to mod-3 lifts
C_9557_9560,9557,9560,coincident,"9557,9558,9559,9560","9557,9558,9559,9560",2302,2297,0,2,1,0,3,15,15,"3,5",coincident: 7-series mod-15 required-divisor
C_9562_9569,9562,9569,partial-coincident,"9562,9563,9564,9565,9567,9568,9569","9562,9563,9564,9566,9567,9568,9569",2303,2299,0,2,3,0,9,3,9,3,partial-coincident: defaulted to mod-3 lifts
C_9571_9574,9571,9574,coincident,"9571,9572,9573,9574","9571,9572,9573,9574",2305,2300,0,6,4,0,3,15,15,"3,5",coincident: 7-series mod-15 required-divisor
C_9576_9583,9576,9583,partial-coincident,"9576,9577,9578,9579,9581,9582,9583","9576,9577,9578,9580,9581,9582,9583",2306,2302,0,2,4,0,9,3,9,3,partial-coincident: defaulted to mod-3 lifts
C_9585_9588,9585,9588,coincident,"9585,9586,9587,9588","9585,9586,9587,9588",2308,2303,0,5,4,0,3,15,15,"3,5",coincident: 7-series mod-15 required-divisor
C_9590_9592,9590,9592,coincident,"9590,9591,9592","9590,9591,9592",2309,2304,0,3,3,0,9,15,45,"3,5",coincident: 7-series mod-15 required-divisor
C_9594_9597,9594,9597,coincident,"9594,9595,9596,9597","9594,9595,9596,9597",2310,2305,0,4,4,0,3,15,15,"3,5",coincident: 7-series mod-15 required-divisor
C_9599_9602,9599,9602,coincident,"9599,9600,9601,9602","9599,9600,9601,9602",2311,2306,0,6,2,0,3,15,15,"3,5",coincident: 7-series mod-15 required-divisor
C_9604_9606,9604,9606,coincident,"9604,9605,9606","9604,9605,9606",2312,2307,0,3,4,0,9,15,45,"3,5",coincident: 7-series mod-15 required-divisor
C_9608_9611,9608,9611,coincident,"9608,9609,9610,9611","9608,9609,9610,9611",2313,2308,0,4,3,0,3,15,15,"3,5",coincident: 7-series mod-15 required-divisor
C_9613_9616,9613,9616,coincident,"9613,9614,9615,9616","9613,9614,9615,9616",2314,2309,0,6,4,0,3,15,15,"3,5",coincident: 7-series mod-15 required-divisor
C_9618_9620,9618,9620,coincident,"9618,9619,9620","9618,9619,9620",2315,2310,0,6,4,0,9,15,45,"3,5",coincident: 7-series mod-15 required-divisor
C_9622_9625,9622,9625,coincident,"9622,9623,9624,9625","9622,9623,9624,9625",2316,2311,0,5,3,0,3,15,15,"3,5",coincident: 7-series mod-15 required-divisor
C_9627_9634,9627,9634,partial-coincident,"9627,9628,9629,9630,9632,9633,9634","9627,9628,9629,9631,9632,9633,9634",2317,2313,0,1,4,0,9,3,9,3,partial-coincident: defaulted to mod-3 lifts
C_9636_9639,9636,9639,coincident,"9636,9637,9638,9639","9636,9637,9638,9639",2319,2314,0,3,2,0,3,15,15,"3,5",coincident: 7-series mod-15 required-divisor
C_9641_9648,9641,9648,partial-coincident,"9641,9642,9643,9644,9646,9647,9648","9641,9642,9643,9645,9646,9647,9648",2320,2316,0,3,1,0,9,3,9,3,partial-coincident: defaulted to mod-3 lifts
C_9650_9653,9650,9653,coincident,"9650,9651,9652,9653","9650,9651,9652,9653",2322,2317,0,2,4,0,3,15,15,"3,5",coincident: 7-series mod-15 required-divisor
C_9655_9662,9655,9662,partial-coincident,"9655,9656,9657,9658,9660,9661,9662","9655,9656,9657,9659,9660,9661,9662",2323,2319,0,6,3,0,9,3,9,3,partial-coincident: defaulted to mod-3 lifts
C_9664_9667,9664,9667,coincident,"9664,9665,9666,9667","9664,9665,9666,9667",2325,2320,0,5,4,0,3,15,15,"3,5",coincident: 7-series mod-15 required-divisor
C_9669_9676,9669,9676,partial-coincident,"9669,9670,9671,9672,9674,9675,9676","9669,9670,9671,9673,9674,9675,9676",2326,2322,0,1,4,0,9,3,9,3,partial-coincident: defaulted to mod-3 lifts
C_9678_9681,9678,9681,coincident,"9678,9679,9680,9681","9678,9679,9680,9681",2328,2323,0,3,1,0,3,15,15,"3,5",coincident: 7-series mod-15 required-divisor
C_9683_9685,9683,9685,coincident,"9683,9684,9685","9683,9684,9685",2329,2324,0,1,1,0,9,15,45,"3,5",coincident: 7-series mod-15 required-divisor
C_9687_9690,9687,9690,coincident,"9687,9688,9689,9690","9687,9688,9689,9690",2330,2325,0,4,3,0,3,15,15,"3,5",coincident: 7-series mod-15 required-divisor
C_9692_9695,9692,9695,coincident,"9692,9693,9694,9695","9692,9693,9694,9695",2331,2326,0,3,1,0,3,15,15,"3,5",coincident: 7-series mod-15 required-divisor
C_9697_9699,9697,9699,coincident,"9697,9698,9699","9697,9698,9699",2332,2327,0,5,3,0,9,15,45,"3,5",coincident: 7-series mod-15 required-divisor
C_9701_9704,9701,9704,coincident,"9701,9702,9703,9704","9701,9702,9703,9704",2333,2328,0,3,3,0,3,15,15,"3,5",coincident: 7-series mod-15 required-divisor
C_9706_9709,9706,9709,coincident,"9706,9707,9708,9709","9706,9707,9708,9709",2334,2329,0,4,3,0,3,15,15,"3,5",coincident: 7-series mod-15 required-divisor
C_9711_9713,9711,9713,coincident,"9711,9712,9713","9711,9712,9713",2335,2330,0,2,1,0,9,15,45,"3,5",coincident: 7-series mod-15 required-divisor
C_9715_9718,9715,9718,coincident,"9715,9716,9717,9718","9715,9716,9717,9718",2336,2331,0,4,4,0,3,15,15,"3,5",coincident: 7-series mod-15 required-divisor
C_9720_9723,9720,9723,coincident,"9720,9721,9722,9723","9720,9721,9722,9723",2337,2332,0,3,4,0,9,15,45,"3,5",coincident: 7-series mod-15 required-divisor
C_9725_9727,9725,9727,coincident,"9725,9726,9727","9725,9726,9727",2338,2333,0,1,3,0,9,15,45,"3,5",coincident: 7-series mod-15 required-divisor
C_9729_9732,9729,9732,coincident,"9729,9730,9731,9732","9729,9730,9731,9732",2339,2334,0,3,2,0,3,15,15,"3,5",coincident: 7-series mod-15 required-divisor
C_9734_9737,9734,9737,coincident,"9734,9735,9736,9737","9734,9735,9736,9737",2340,2335,0,1,3,0,9,15,45,"3,5",coincident: 7-series mod-15 required-divisor
C_9739_9741,9739,9741,coincident,"9739,9740,9741","9739,9740,9741",2341,2336,0,1,1,0,9,15,45,"3,5",coincident: 7-series mod-15 required-divisor
C_9743_9746,9743,9746,coincident,"9743,9744,9745,9746","9743,9744,9745,9746",2342,2337,0,4,4,0,3,15,15,"3,5",coincident: 7-series mod-15 required-divisor
C_9748_9755,9748,9755,partial-coincident,"9748,9749,9750,9751,9753,9754,9755","9748,9749,9750,9752,9753,9754,9755",2343,2339,0,1,4,0,9,3,9,3,partial-coincident: defaulted to mod-3 lifts
C_9757_9760,9757,9760,coincident,"9757,9758,9759,9760","9757,9758,9759,9760",2345,2340,0,4,4,0,3,15,15,"3,5",coincident: 7-series mod-15 required-divisor
C_9762_9769,9762,9769,partial-coincident,"9762,9763,9764,9765,9767,9768,9769","9762,9763,9764,9766,9767,9768,9769",2346,2342,0,3,4,0,9,3,9,3,partial-coincident: defaulted to mod-3 lifts
C_9771_9774,9771,9774,coincident,"9771,9772,9773,9774","9771,9772,9773,9774",2348,2343,0,2,2,0,3,15,15,"3,5",coincident: 7-series mod-15 required-divisor
C_9776_9778,9776,9778,coincident,"9776,9777,9778","9776,9777,9778",2349,2344,0,2,3,0,9,15,45,"3,5",coincident: 7-series mod-15 required-divisor
C_9780_9783,9780,9783,coincident,"9780,9781,9782,9783","9780,9781,9782,9783",2350,2345,0,1,3,0,3,15,15,"3,5",coincident: 7-series mod-15 required-divisor
C_9785_9788,9785,9788,coincident,"9785,9786,9787,9788","9785,9786,9787,9788",2351,2346,0,3,4,0,3,15,15,"3,5",coincident: 7-series mod-15 required-divisor
C_9790_9792,9790,9792,coincident,"9790,9791,9792","9790,9791,9792",2352,2347,0,5,4,0,9,15,45,"3,5",coincident: 7-series mod-15 required-divisor
C_9794_9797,9794,9797,coincident,"9794,9795,9796,9797","9794,9795,9796,9797",2353,2348,0,3,2,0,3,15,15,"3,5",coincident: 7-series mod-15 required-divisor
C_9799_9802,9799,9802,coincident,"9799,9800,9801,9802","9799,9800,9801,9802",2354,2349,0,3,3,0,3,15,15,"3,5",coincident: 7-series mod-15 required-divisor
C_9804_9806,9804,9806,coincident,"9804,9805,9806","9804,9805,9806",2355,2350,0,5,4,0,9,15,45,"3,5",coincident: 7-series mod-15 required-divisor
C_9808_9811,9808,9811,coincident,"9808,9809,9810,9811","9808,9809,9810,9811",2356,2351,0,5,4,0,3,15,15,"3,5",coincident: 7-series mod-15 required-divisor
C_9813_9816,9813,9816,coincident,"9813,9814,9815,9816","9813,9814,9815,9816",2357,2352,0,2,3,0,3,15,15,"3,5",coincident: 7-series mod-15 required-divisor
C_9818_9820,9818,9820,coincident,"9818,9819,9820","9818,9819,9820",2358,2353,0,3,4,0,9,15,45,"3,5",coincident: 7-series mod-15 required-divisor
C_9822_9825,9822,9825,coincident,"9822,9823,9824,9825","9822,9823,9824,9825",2359,2354,0,4,4,0,3,15,15,"3,5",coincident: 7-series mod-15 required-divisor
C_9827_9830,9827,9830,coincident,"9827,9828,9829,9830","9827,9828,9829,9830",2360,2355,0,4,3,0,3,15,15,"3,5",coincident: 7-series mod-15 required-divisor
C_9832_9834,9832,9834,coincident,"9832,9833,9834","9832,9833,9834",2361,2356,0,6,3,0,9,15,45,"3,5",coincident: 7-series mod-15 required-divisor
C_9836_9839,9836,9839,coincident,"9836,9837,9838,9839","9836,9837,9838,9839",2362,2357,0,4,1,0,3,15,15,"3,5",coincident: 7-series mod-15 required-divisor
C_9841_9844,9841,9844,coincident,"9841,9842,9843,9844","9841,9842,9843,9844",2363,2358,0,3,3,0,9,15,45,"3,5",coincident: 7-series mod-15 required-divisor
C_9846_9848,9846,9848,coincident,"9846,9847,9848","9846,9847,9848",2364,2359,0,5,1,0,9,15,45,"3,5",coincident: 7-series mod-15 required-divisor
C_9850_9853,9850,9853,coincident,"9850,9851,9852,9853","9850,9851,9852,9853",2365,2360,0,3,3,0,3,15,15,"3,5",coincident: 7-series mod-15 required-divisor
C_9855_9858,9855,9858,coincident,"9855,9856,9857,9858","9855,9856,9857,9858",2366,2361,0,2,3,0,9,15,45,"3,5",coincident: 7-series mod-15 required-divisor
C_9860_9862,9860,9862,coincident,"9860,9861,9862","9860,9861,9862",2367,2362,0,2,4,0,9,15,45,"3,5",coincident: 7-series mod-15 required-divisor
C_9864_9867,9864,9867,coincident,"9864,9865,9866,9867","9864,9865,9866,9867",2368,2363,0,1,2,0,3,15,15,"3,5",coincident: 7-series mod-15 required-divisor
C_9869_9872,9869,9872,coincident,"9869,9870,9871,9872","9869,9870,9871,9872",2369,2364,0,5,3,0,9,15,45,"3,5",coincident: 7-series mod-15 required-divisor
C_9874_9876,9874,9876,coincident,"9874,9875,9876","9874,9875,9876",2370,2365,0,6,2,0,9,15,45,"3,5",coincident: 7-series mod-15 required-divisor
C_9878_9881,9878,9881,coincident,"9878,9879,9880,9881","9878,9879,9880,9881",2371,2366,0,4,2,0,3,15,15,"3,5",coincident: 7-series mod-15 required-divisor
C_9883_9886,9883,9886,coincident,"9883,9884,9885,9886","9883,9884,9885,9886",2372,2367,0,6,4,0,9,15,45,"3,5",coincident: 7-series mod-15 required-divisor
C_9888_9890,9888,9890,coincident,"9888,9889,9890","9888,9889,9890",2373,2368,0,6,4,0,9,15,45,"3,5",coincident: 7-series mod-15 required-divisor
C_9892_9895,9892,9895,coincident,"9892,9893,9894,9895","9892,9893,9894,9895",2374,2369,0,1,2,0,3,15,15,"3,5",coincident: 7-series mod-15 required-divisor
C_9897_9900,9897,9900,coincident,"9897,9898,9899,9900","9897,9898,9899,9900",2375,2370,0,3,3,0,9,15,45,"3,5",coincident: 7-series mod-15 required-divisor
C_9902_9904,9902,9904,coincident,"9902,9903,9904","9902,9903,9904",2376,2371,0,3,3,0,9,15,45,"3,5",coincident: 7-series mod-15 required-divisor
C_9906_9909,9906,9909,coincident,"9906,9907,9908,9909","9906,9907,9908,9909",2377,2372,0,3,1,0,3,15,15,"3,5",coincident: 7-series mod-15 required-divisor
C_9911_9914,9911,9914,coincident,"9911,9912,9913,9914","9911,9912,9913,9914",2378,2373,0,1,3,0,9,15,45,"3,5",coincident: 7-series mod-15 required-divisor
C_9916_9918,9916,9918,coincident,"9916,9917,9918","9916,9917,9918",2379,2374,0,2,3,0,21,15,105,"3,5,7",coincident: 7-series mod-15 required-divisor
C_9920_9923,9920,9923,coincident,"9920,9921,9922,9923","9920,9921,9922,9923",2380,2375,0,1,4,0,3,15,15,"3,5",coincident: 7-series mod-15 required-divisor
C_9925_9928,9925,9928,coincident,"9925,9926,9927,9928","9925,9926,9927,9928",2381,2376,0,6,1,0,9,15,45,"3,5",coincident: 7-series mod-15 required-divisor
C_9930_9932,9930,9932,coincident,"9930,9931,9932","9930,9931,9932",2382,2377,0,6,2,0,21,15,105,"3,5,7",coincident: 7-series mod-15 required-divisor
C_9934_9937,9934,9937,coincident,"9934,9935,9936,9937","9934,9935,9936,9937",2383,2378,0,1,2,0,3,15,15,"3,5",coincident: 7-series mod-15 required-divisor
C_9939_9942,9939,9942,coincident,"9939,9940,9941,9942","9939,9940,9941,9942",2384,2379,0,6,1,0,9,15,45,"3,5",coincident: 7-series mod-15 required-divisor
C_9944_9946,9944,9946,coincident,"9944,9945,9946","9944,9945,9946",2385,2380,0,2,4,0,21,15,105,"3,5,7",coincident: 7-series mod-15 required-divisor
C_9948_9951,9948,9951,coincident,"9948,9949,9950,9951","9948,9949,9950,9951",2386,2381,0,1,1,0,3,15,15,"3,5",coincident: 7-series mod-15 required-divisor
C_9953_9960,9953,9960,partial-coincident,"9953,9954,9955,9957,9958,9959,9960","9953,9954,9955,9956,9958,9959,9960",2388,2382,0,2,2,0,3,9,9,3,partial-coincident: defaulted to mod-3 lifts
C_9962_9965,9962,9965,coincident,"9962,9963,9964,9965","9962,9963,9964,9965",2389,2384,0,4,2,0,3,15,15,"3,5",coincident: 7-series mod-15 required-divisor
C_9967_9974,9967,9974,partial-coincident,"9967,9968,9969,9971,9972,9973,9974","9967,9968,9969,9970,9972,9973,9974",2391,2385,0,6,3,0,3,9,9,3,partial-coincident: defaulted to mod-3 lifts
C_9976_9979,9976,9979,coincident,"9976,9977,9978,9979","9976,9977,9978,9979",2392,2387,0,3,3,0,3,15,15,"3,5",coincident: 7-series mod-15 required-divisor
C_9981_9988,9981,9988,partial-coincident,"9981,9982,9983,9985,9986,9987,9988","9981,9982,9983,9984,9986,9987,9988",2394,2388,0,1,1,0,3,9,9,3,partial-coincident: defaulted to mod-3 lifts
C_9990_9993,9990,9993,coincident,"9990,9991,9992,9993","9990,9991,9992,9993",2395,2390,0,3,2,0,3,15,15,"3,5",coincident: 7-series mod-15 required-divisor
