regime,trial_id,n_5_sim,n_7_sim,lead_sim,lead_observed
2,0,506,504,2,3
2,1,506,504,2,3
2,2,506,504,2,3
2,3,506,504,2,3
2,4,506,504,2,3
2,5,506,503,3,3
2,6,506,504,2,3
2,7,506,504,2,3
2,8,506,504,2,3
2,9,506,504,2,3
2,10,506,504,2,3
2,11,506,504,2,3
2,12,506,504,2,3
2,13,506,504,2,3
2,14,506,504,2,3
2,15,506,504,2,3
2,16,506,504,2,3
2,17,506,504,2,3
2,18,506,504,2,3
2,19,506,504,2,3
2,20,506,504,2,3
2,21,506,504,2,3
2,22,506,504,2,3
2,23,506,504,2,3
2,24,506,504,2,3
2,25,506,504,2,3
2,26,506,504,2,3
2,27,506,504,2,3
2,28,506,504,2,3
2,29,506,504,2,3
2,30,506,504,2,3
2,31,506,504,2,3
2,32,506,504,2,3
2,33,506,503,3,3
2,34,506,504,2,3
2,35,506,504,2,3
2,36,506,504,2,3
2,37,506,504,2,3
2,38,506,504,2,3
2,39,506,504,2,3
2,40,506,504,2,3
2,41,506,504,2,3
2,42,506,504,2,3
2,43,506,504,2,3
2,44,506,504,2,3
2,45,506,504,2,3
2,46,506,504,2,3
2,47,506,504,2,3
2,48,506,504,2,3
2,49,506,504,2,3
2,50,506,504,2,3
2,51,506,504,2,3
2,52,506,504,2,3
2,53,506,504,2,3
2,54,506,504,2,3
2,55,506,504,2,3
2,56,506,504,2,3
2,57,506,504,2,3
2,58,506,504,2,3
2,59,506,504,2,3
2,60,506,504,2,3
2,61,506,504,2,3
2,62,506,504,2,3
2,63,506,504,2,3
2,64,506,504,2,3
2,65,506,504,2,3
2,66,506,504,2,3
2,67,506,504,2,3
2,68,506,504,2,3
2,69,506,504,2,3
2,70,506,504,2,3
2,71,506,504,2,3
2,72,506,504,2,3
2,73,506,504,2,3
2,74,506,504,2,3
2,75,506,504,2,3
2,76,506,504,2,3
2,77,506,504,2,3
2,78,506,504,2,3
2,79,506,504,2,3
2,80,506,504,2,3
2,81,506,504,2,3
2,82,506,504,2,3
2,83,506,504,2,3
2,84,506,504,2,3
2,85,506,504,2,3
2,86,506,504,2,3
2,87,506,504,2,3
2,88,506,504,2,3
2,89,506,504,2,3
2,90,506,504,2,3
2,91,506,504,2,3
2,92,506,504,2,3
2,93,506,504,2,3
2,94,506,504,2,3
2,95,506,504,2,3
2,96,506,504,2,3
2,97,506,504,2,3
2,98,506,504,2,3
2,99,506,504,2,3
2,100,506,504,2,3
2,101,506,504,2,3
2,102,506,504,2,3
2,103,506,504,2,3
2,104,506,504,2,3
2,105,506,504,2,3
2,106,506,504,2,3
2,107,506,504,2,3
2,108,506,504,2,3
2,109,506,504,2,3
2,110,506,504,2,3
2,111,506,504,2,3
2,112,506,504,2,3
2,113,506,504,2,3
2,114,506,504,2,3
2,115,506,504,2,3
2,116,506,504,2,3
2,117,506,504,2,3
2,118,506,504,2,3
2,119,506,504,2,3
2,120,506,504,2,3
2,121,506,504,2,3
2,122,506,504,2,3
2,123,506,504,2,3
2,124,506,504,2,3
2,125,506,504,2,3
2,126,506,504,2,3
2,127,506,504,2,3
2,128,506,504,2,3
2,129,506,504,2,3
2,130,506,504,2,3
2,131,506,504,2,3
2,132,506,504,2,3
2,133,506,504,2,3
2,134,506,504,2,3
2,135,506,504,2,3
2,136,506,504,2,3
2,137,506,504,2,3
2,138,506,504,2,3
2,139,506,504,2,3
2,140,506,504,2,3
2,141,506,504,2,3
2,142,506,504,2,3
2,143,506,504,2,3
2,144,506,504,2,3
2,145,506,504,2,3
2,146,506,504,2,3
2,147,506,504,2,3
2,148,506,504,2,3
2,149,506,504,2,3
2,150,506,503,3,3
2,151,506,504,2,3
2,152,506,504,2,3
2,153,506,504,2,3
2,154,506,504,2,3
2,155,506,504,2,3
2,156,506,503,3,3
2,157,506,504,2,3
2,158,506,504,2,3
2,159,506,504,2,3
2,160,506,504,2,3
2,161,506,504,2,3
2,162,506,504,2,3
2,163,506,504,2,3
2,164,506,504,2,3
2,165,506,504,2,3
2,166,506,504,2,3
2,167,506,504,2,3
2,168,506,504,2,3
2,169,506,504,2,3
2,170,506,504,2,3
2,171,506,504,2,3
2,172,506,504,2,3
2,173,506,504,2,3
2,174,506,504,2,3
2,175,506,504,2,3
2,176,506,504,2,3
2,177,506,504,2,3
2,178,506,504,2,3
2,179,506,504,2,3
2,180,506,504,2,3
2,181,506,504,2,3
2,182,506,504,2,3
2,183,506,504,2,3
2,184,506,504,2,3
2,185,506,504,2,3
2,186,506,504,2,3
2,187,506,504,2,3
2,188,506,504,2,3
2,189,506,503,3,3
2,190,506,504,2,3
2,191,506,504,2,3
2,192,506,504,2,3
2,193,506,504,2,3
2,194,506,504,2,3
2,195,506,504,2,3
2,196,506,503,3,3
2,197,506,504,2,3
2,198,506,504,2,3
2,199,506,504,2,3
2,200,506,504,2,3
2,201,506,504,2,3
2,202,506,504,2,3
2,203,506,504,2,3
2,204,506,504,2,3
2,205,506,504,2,3
2,206,506,504,2,3
2,207,506,504,2,3
2,208,506,504,2,3
2,209,506,504,2,3
2,210,506,504,2,3
2,211,506,504,2,3
2,212,506,504,2,3
2,213,506,504,2,3
2,214,506,504,2,3
2,215,506,504,2,3
2,216,506,504,2,3
2,217,506,504,2,3
2,218,506,504,2,3
2,219,506,504,2,3
2,220,506,504,2,3
2,221,506,504,2,3
2,222,506,504,2,3
2,223,506,504,2,3
2,224,506,504,2,3
2,225,506,504,2,3
2,226,506,504,2,3
2,227,506,504,2,3
2,228,506,504,2,3
2,229,506,504,2,3
2,230,506,504,2,3
2,231,506,504,2,3
2,232,506,504,2,3
2,233,506,504,2,3
2,234,506,504,2,3
2,235,506,504,2,3
2,236,506,504,2,3
2,237,506,504,2,3
2,238,506,504,2,3
2,239,506,504,2,3
2,240,506,504,2,3
2,241,506,504,2,3
2,242,506,504,2,3
2,243,506,504,2,3
2,244,506,504,2,3
2,245,506,504,2,3
2,246,506,504,2,3
2,247,506,504,2,3
2,248,506,504,2,3
2,249,506,504,2,3
2,250,506,504,2,3
2,251,506,504,2,3
2,252,506,504,2,3
2,253,506,504,2,3
2,254,506,504,2,3
2,255,506,504,2,3
2,256,506,504,2,3
2,257,506,503,3,3
2,258,506,504,2,3
2,259,506,504,2,3
2,260,506,504,2,3
2,261,506,504,2,3
2,262,506,504,2,3
2,263,506,504,2,3
2,264,506,503,3,3
2,265,506,504,2,3
2,266,506,504,2,3
2,267,506,504,2,3
2,268,506,504,2,3
2,269,506,504,2,3
2,270,506,504,2,3
2,271,506,504,2,3
2,272,506,504,2,3
2,273,506,504,2,3
2,274,506,504,2,3
2,275,506,504,2,3
2,276,506,504,2,3
2,277,506,504,2,3
2,278,506,504,2,3
2,279,506,504,2,3
2,280,506,504,2,3
2,281,506,504,2,3
2,282,506,504,2,3
2,283,506,504,2,3
2,284,506,504,2,3
2,285,506,504,2,3
2,286,506,504,2,3
2,287,506,504,2,3
2,288,506,504,2,3
2,289,506,504,2,3
2,290,506,504,2,3
2,291,506,504,2,3
2,292,506,504,2,3
2,293,506,504,2,3
2,294,506,504,2,3
2,295,506,504,2,3
2,296,506,504,2,3
2,297,506,504,2,3
2,298,506,504,2,3
2,299,506,504,2,3
2,300,506,504,2,3
2,301,506,504,2,3
2,302,506,504,2,3
2,303,506,504,2,3
2,304,506,504,2,3
2,305,506,504,2,3
2,306,506,504,2,3
2,307,506,504,2,3
2,308,506,504,2,3
2,309,506,504,2,3
2,310,506,504,2,3
2,311,506,504,2,3
2,312,506,504,2,3
2,313,506,504,2,3
2,314,506,504,2,3
2,315,506,504,2,3
2,316,506,503,3,3
2,317,506,504,2,3
2,318,506,504,2,3
2,319,506,504,2,3
2,320,506,504,2,3
2,321,506,504,2,3
2,322,506,504,2,3
2,323,506,504,2,3
2,324,506,504,2,3
2,325,506,504,2,3
2,326,506,504,2,3
2,327,506,504,2,3
2,328,506,504,2,3
2,329,506,504,2,3
2,330,506,504,2,3
2,331,506,503,3,3
2,332,506,504,2,3
2,333,506,504,2,3
2,334,506,504,2,3
2,335,506,504,2,3
2,336,506,504,2,3
2,337,506,504,2,3
2,338,506,504,2,3
2,339,506,504,2,3
2,340,506,504,2,3
2,341,506,504,2,3
2,342,506,504,2,3
2,343,506,504,2,3
2,344,506,504,2,3
2,345,506,504,2,3
2,346,506,504,2,3
2,347,506,504,2,3
2,348,506,504,2,3
2,349,506,504,2,3
2,350,506,504,2,3
2,351,506,504,2,3
2,352,506,504,2,3
2,353,506,504,2,3
2,354,506,504,2,3
2,355,506,504,2,3
2,356,506,504,2,3
2,357,506,504,2,3
2,358,506,504,2,3
2,359,506,504,2,3
2,360,506,504,2,3
2,361,506,504,2,3
2,362,506,504,2,3
2,363,506,504,2,3
2,364,506,504,2,3
2,365,506,504,2,3
2,366,506,504,2,3
2,367,506,504,2,3
2,368,506,504,2,3
2,369,506,504,2,3
2,370,506,504,2,3
2,371,506,504,2,3
2,372,506,504,2,3
2,373,506,504,2,3
2,374,506,504,2,3
2,375,506,504,2,3
2,376,506,504,2,3
2,377,506,504,2,3
2,378,506,504,2,3
2,379,506,504,2,3
2,380,506,504,2,3
2,381,506,504,2,3
2,382,506,504,2,3
2,383,506,504,2,3
2,384,506,504,2,3
2,385,506,504,2,3
2,386,506,504,2,3
2,387,506,504,2,3
2,388,506,504,2,3
2,389,506,504,2,3
2,390,506,504,2,3
2,391,506,504,2,3
2,392,506,504,2,3
2,393,506,504,2,3
2,394,506,504,2,3
2,395,506,504,2,3
2,396,506,504,2,3
2,397,506,504,2,3
2,398,506,504,2,3
2,399,506,504,2,3
2,400,506,504,2,3
2,401,506,504,2,3
2,402,506,503,3,3
2,403,506,503,3,3
2,404,506,504,2,3
2,405,506,504,2,3
2,406,506,504,2,3
2,407,506,504,2,3
2,408,506,504,2,3
2,409,506,504,2,3
2,410,506,504,2,3
2,411,506,504,2,3
2,412,506,504,2,3
2,413,506,504,2,3
2,414,506,504,2,3
2,415,506,504,2,3
2,416,506,504,2,3
2,417,506,504,2,3
2,418,506,504,2,3
2,419,506,504,2,3
2,420,506,504,2,3
2,421,506,504,2,3
2,422,506,504,2,3
2,423,506,504,2,3
2,424,506,504,2,3
2,425,506,504,2,3
2,426,506,504,2,3
2,427,506,504,2,3
2,428,506,504,2,3
2,429,506,504,2,3
2,430,506,504,2,3
2,431,506,504,2,3
2,432,506,504,2,3
2,433,506,504,2,3
2,434,506,504,2,3
2,435,506,504,2,3
2,436,506,504,2,3
2,437,506,504,2,3
2,438,506,504,2,3
2,439,506,504,2,3
2,440,506,503,3,3
2,441,506,504,2,3
2,442,506,504,2,3
2,443,506,504,2,3
2,444,506,504,2,3
2,445,506,504,2,3
2,446,506,504,2,3
2,447,506,504,2,3
2,448,506,504,2,3
2,449,506,504,2,3
2,450,506,504,2,3
2,451,506,504,2,3
2,452,506,504,2,3
2,453,506,504,2,3
2,454,506,504,2,3
2,455,506,504,2,3
2,456,506,504,2,3
2,457,506,504,2,3
2,458,506,504,2,3
2,459,506,504,2,3
2,460,506,504,2,3
2,461,506,504,2,3
2,462,506,504,2,3
2,463,506,504,2,3
2,464,506,504,2,3
2,465,506,503,3,3
2,466,506,504,2,3
2,467,506,504,2,3
2,468,506,504,2,3
2,469,506,504,2,3
2,470,506,504,2,3
2,471,506,504,2,3
2,472,506,504,2,3
2,473,506,503,3,3
2,474,506,504,2,3
2,475,506,504,2,3
2,476,506,504,2,3
2,477,506,504,2,3
2,478,506,504,2,3
2,479,506,504,2,3
2,480,506,504,2,3
2,481,506,504,2,3
2,482,506,504,2,3
2,483,506,504,2,3
2,484,506,504,2,3
2,485,506,504,2,3
2,486,506,504,2,3
2,487,506,504,2,3
2,488,506,504,2,3
2,489,506,504,2,3
2,490,506,504,2,3
2,491,506,504,2,3
2,492,506,504,2,3
2,493,506,504,2,3
2,494,506,504,2,3
2,495,506,504,2,3
2,496,506,504,2,3
2,497,506,504,2,3
2,498,506,504,2,3
2,499,506,504,2,3
2,500,506,504,2,3
2,501,506,504,2,3
2,502,506,504,2,3
2,503,506,503,3,3
2,504,506,504,2,3
2,505,506,504,2,3
2,506,506,504,2,3
2,507,506,504,2,3
2,508,506,504,2,3
2,509,506,504,2,3
2,510,506,504,2,3
2,511,506,504,2,3
2,512,506,504,2,3
2,513,506,504,2,3
2,514,506,504,2,3
2,515,506,504,2,3
2,516,506,504,2,3
2,517,506,504,2,3
2,518,506,504,2,3
2,519,506,504,2,3
2,520,506,504,2,3
2,521,506,504,2,3
2,522,506,504,2,3
2,523,506,504,2,3
2,524,506,504,2,3
2,525,506,504,2,3
2,526,506,504,2,3
2,527,506,504,2,3
2,528,506,504,2,3
2,529,506,504,2,3
2,530,506,504,2,3
2,531,506,504,2,3
2,532,506,504,2,3
2,533,506,504,2,3
2,534,506,504,2,3
2,535,506,504,2,3
2,536,506,504,2,3
2,537,506,504,2,3
2,538,506,504,2,3
2,539,506,504,2,3
2,540,506,504,2,3
2,541,506,504,2,3
2,542,506,504,2,3
2,543,506,504,2,3
2,544,506,504,2,3
2,545,506,504,2,3
2,546,506,504,2,3
2,547,506,504,2,3
2,548,506,504,2,3
2,549,506,504,2,3
2,550,506,504,2,3
2,551,506,504,2,3
2,552,506,504,2,3
2,553,506,504,2,3
2,554,506,504,2,3
2,555,506,504,2,3
2,556,506,504,2,3
2,557,506,504,2,3
2,558,506,503,3,3
2,559,506,504,2,3
2,560,506,504,2,3
2,561,506,504,2,3
2,562,506,504,2,3
2,563,506,504,2,3
2,564,506,504,2,3
2,565,506,504,2,3
2,566,506,504,2,3
2,567,506,504,2,3
2,568,506,503,3,3
2,569,506,504,2,3
2,570,506,504,2,3
2,571,506,504,2,3
2,572,506,504,2,3
2,573,506,504,2,3
2,574,506,504,2,3
2,575,506,504,2,3
2,576,506,504,2,3
2,577,506,504,2,3
2,578,506,504,2,3
2,579,506,504,2,3
2,580,506,504,2,3
2,581,506,504,2,3
2,582,506,504,2,3
2,583,506,504,2,3
2,584,506,504,2,3
2,585,506,504,2,3
2,586,506,504,2,3
2,587,506,504,2,3
2,588,506,504,2,3
2,589,506,504,2,3
2,590,506,504,2,3
2,591,506,504,2,3
2,592,506,504,2,3
2,593,506,504,2,3
2,594,506,504,2,3
2,595,506,504,2,3
2,596,506,504,2,3
2,597,506,504,2,3
2,598,506,504,2,3
2,599,506,503,3,3
2,600,506,504,2,3
2,601,506,504,2,3
2,602,506,504,2,3
2,603,506,504,2,3
2,604,506,504,2,3
2,605,506,504,2,3
2,606,506,504,2,3
2,607,506,504,2,3
2,608,506,504,2,3
2,609,506,504,2,3
2,610,506,504,2,3
2,611,506,504,2,3
2,612,506,504,2,3
2,613,506,504,2,3
2,614,506,504,2,3
2,615,506,504,2,3
2,616,506,504,2,3
2,617,506,504,2,3
2,618,506,504,2,3
2,619,506,504,2,3
2,620,506,504,2,3
2,621,506,504,2,3
2,622,506,504,2,3
2,623,506,504,2,3
2,624,506,504,2,3
2,625,506,503,3,3
2,626,506,504,2,3
2,627,506,504,2,3
2,628,506,504,2,3
2,629,506,504,2,3
2,630,506,504,2,3
2,631,506,504,2,3
2,632,506,504,2,3
2,633,506,504,2,3
2,634,506,504,2,3
2,635,506,504,2,3
2,636,506,504,2,3
2,637,506,504,2,3
2,638,506,504,2,3
2,639,506,504,2,3
2,640,506,504,2,3
2,641,506,504,2,3
2,642,506,504,2,3
2,643,506,504,2,3
2,644,506,503,3,3
2,645,506,504,2,3
2,646,506,504,2,3
2,647,506,504,2,3
2,648,506,504,2,3
2,649,506,504,2,3
2,650,506,504,2,3
2,651,506,504,2,3
2,652,506,504,2,3
2,653,506,504,2,3
2,654,506,504,2,3
2,655,506,504,2,3
2,656,506,504,2,3
2,657,506,504,2,3
2,658,506,503,3,3
2,659,506,504,2,3
2,660,506,504,2,3
2,661,506,504,2,3
2,662,506,504,2,3
2,663,506,504,2,3
2,664,506,504,2,3
2,665,506,504,2,3
2,666,506,504,2,3
2,667,506,504,2,3
2,668,506,503,3,3
2,669,506,504,2,3
2,670,506,504,2,3
2,671,506,504,2,3
2,672,506,504,2,3
2,673,506,504,2,3
2,674,506,504,2,3
2,675,506,504,2,3
2,676,506,504,2,3
2,677,506,504,2,3
2,678,506,504,2,3
2,679,506,504,2,3
2,680,506,504,2,3
2,681,506,503,3,3
2,682,506,504,2,3
2,683,506,504,2,3
2,684,506,504,2,3
2,685,506,504,2,3
2,686,506,504,2,3
2,687,506,504,2,3
2,688,506,504,2,3
2,689,506,504,2,3
2,690,506,504,2,3
2,691,506,504,2,3
2,692,506,504,2,3
2,693,506,504,2,3
2,694,506,504,2,3
2,695,506,504,2,3
2,696,506,504,2,3
2,697,506,504,2,3
2,698,506,504,2,3
2,699,506,504,2,3
2,700,506,504,2,3
2,701,506,504,2,3
2,702,506,504,2,3
2,703,506,504,2,3
2,704,506,504,2,3
2,705,506,504,2,3
2,706,506,504,2,3
2,707,506,504,2,3
2,708,506,504,2,3
2,709,506,504,2,3
2,710,506,504,2,3
2,711,506,504,2,3
2,712,506,504,2,3
2,713,506,504,2,3
2,714,506,504,2,3
2,715,506,504,2,3
2,716,506,504,2,3
2,717,506,504,2,3
2,718,506,504,2,3
2,719,506,504,2,3
2,720,506,504,2,3
2,721,506,504,2,3
2,722,506,504,2,3
2,723,506,504,2,3
2,724,506,504,2,3
2,725,506,504,2,3
2,726,506,504,2,3
2,727,506,504,2,3
2,728,506,504,2,3
2,729,506,504,2,3
2,730,506,504,2,3
2,731,506,504,2,3
2,732,506,503,3,3
2,733,506,504,2,3
2,734,506,504,2,3
2,735,506,504,2,3
2,736,506,504,2,3
2,737,506,504,2,3
2,738,506,504,2,3
2,739,506,503,3,3
2,740,506,504,2,3
2,741,506,504,2,3
2,742,506,504,2,3
2,743,506,504,2,3
2,744,506,504,2,3
2,745,506,504,2,3
2,746,506,504,2,3
2,747,506,504,2,3
2,748,506,504,2,3
2,749,506,504,2,3
2,750,506,504,2,3
2,751,506,504,2,3
2,752,506,504,2,3
2,753,506,504,2,3
2,754,506,504,2,3
2,755,506,504,2,3
2,756,506,504,2,3
2,757,506,504,2,3
2,758,506,504,2,3
2,759,506,504,2,3
2,760,506,503,3,3
2,761,506,504,2,3
2,762,506,504,2,3
2,763,506,504,2,3
2,764,506,504,2,3
2,765,506,504,2,3
2,766,506,504,2,3
2,767,506,504,2,3
2,768,506,504,2,3
2,769,506,504,2,3
2,770,506,503,3,3
2,771,506,504,2,3
2,772,506,504,2,3
2,773,506,504,2,3
2,774,506,504,2,3
2,775,506,504,2,3
2,776,506,504,2,3
2,777,506,504,2,3
2,778,506,504,2,3
2,779,506,504,2,3
2,780,506,504,2,3
2,781,506,504,2,3
2,782,506,504,2,3
2,783,506,504,2,3
2,784,506,504,2,3
2,785,506,504,2,3
2,786,506,504,2,3
2,787,506,504,2,3
2,788,506,504,2,3
2,789,506,504,2,3
2,790,506,504,2,3
2,791,506,504,2,3
2,792,506,504,2,3
2,793,506,504,2,3
2,794,506,504,2,3
2,795,506,503,3,3
2,796,506,504,2,3
2,797,506,504,2,3
2,798,506,504,2,3
2,799,506,504,2,3
2,800,506,504,2,3
2,801,506,503,3,3
2,802,506,504,2,3
2,803,506,504,2,3
2,804,506,504,2,3
2,805,506,504,2,3
2,806,506,504,2,3
2,807,506,504,2,3
2,808,506,504,2,3
2,809,506,504,2,3
2,810,506,504,2,3
2,811,506,504,2,3
2,812,506,504,2,3
2,813,506,504,2,3
2,814,506,504,2,3
2,815,506,504,2,3
2,816,506,504,2,3
2,817,506,504,2,3
2,818,506,504,2,3
2,819,506,504,2,3
2,820,506,504,2,3
2,821,506,504,2,3
2,822,506,504,2,3
2,823,506,504,2,3
2,824,506,504,2,3
2,825,506,504,2,3
2,826,506,504,2,3
2,827,506,504,2,3
2,828,506,504,2,3
2,829,506,504,2,3
2,830,506,504,2,3
2,831,506,504,2,3
2,832,506,504,2,3
2,833,506,504,2,3
2,834,506,504,2,3
2,835,506,504,2,3
2,836,506,504,2,3
2,837,506,504,2,3
2,838,506,504,2,3
2,839,506,504,2,3
2,840,506,504,2,3
2,841,506,504,2,3
2,842,506,504,2,3
2,843,506,504,2,3
2,844,506,504,2,3
2,845,506,504,2,3
2,846,506,504,2,3
2,847,506,504,2,3
2,848,506,504,2,3
2,849,506,504,2,3
2,850,506,504,2,3
2,851,506,504,2,3
2,852,506,504,2,3
2,853,506,504,2,3
2,854,506,504,2,3
2,855,506,504,2,3
2,856,506,504,2,3
2,857,506,504,2,3
2,858,506,504,2,3
2,859,506,504,2,3
2,860,506,504,2,3
2,861,506,504,2,3
2,862,506,504,2,3
2,863,506,504,2,3
2,864,506,504,2,3
2,865,506,504,2,3
2,866,506,504,2,3
2,867,506,504,2,3
2,868,506,504,2,3
2,869,506,504,2,3
2,870,506,504,2,3
2,871,506,504,2,3
2,872,506,504,2,3
2,873,506,504,2,3
2,874,506,504,2,3
2,875,506,504,2,3
2,876,506,504,2,3
2,877,506,504,2,3
2,878,506,504,2,3
2,879,506,504,2,3
2,880,506,504,2,3
2,881,506,504,2,3
2,882,506,504,2,3
2,883,506,504,2,3
2,884,506,504,2,3
2,885,506,504,2,3
2,886,506,504,2,3
2,887,506,504,2,3
2,888,506,504,2,3
2,889,506,504,2,3
2,890,506,504,2,3
2,891,506,504,2,3
2,892,506,504,2,3
2,893,506,503,3,3
2,894,506,504,2,3
2,895,506,504,2,3
2,896,506,504,2,3
2,897,506,504,2,3
2,898,506,504,2,3
2,899,506,504,2,3
2,900,506,504,2,3
2,901,506,504,2,3
2,902,506,504,2,3
2,903,506,504,2,3
2,904,506,504,2,3
2,905,506,504,2,3
2,906,506,504,2,3
2,907,506,504,2,3
2,908,506,504,2,3
2,909,506,504,2,3
2,910,506,504,2,3
2,911,506,504,2,3
2,912,506,504,2,3
2,913,506,504,2,3
2,914,506,503,3,3
2,915,506,504,2,3
2,916,506,504,2,3
2,917,506,504,2,3
2,918,506,504,2,3
2,919,506,504,2,3
2,920,506,504,2,3
2,921,506,504,2,3
2,922,506,504,2,3
2,923,506,504,2,3
2,924,506,504,2,3
2,925,506,504,2,3
2,926,506,504,2,3
2,927,506,504,2,3
2,928,506,504,2,3
2,929,506,504,2,3
2,930,506,504,2,3
2,931,506,504,2,3
2,932,506,504,2,3
2,933,506,504,2,3
2,934,506,504,2,3
2,935,506,504,2,3
2,936,506,504,2,3
2,937,506,504,2,3
2,938,506,504,2,3
2,939,506,504,2,3
2,940,506,504,2,3
2,941,506,504,2,3
2,942,506,504,2,3
2,943,506,504,2,3
2,944,506,504,2,3
2,945,506,504,2,3
2,946,506,504,2,3
2,947,506,504,2,3
2,948,506,504,2,3
2,949,506,504,2,3
2,950,506,504,2,3
2,951,506,504,2,3
2,952,506,504,2,3
2,953,506,504,2,3
2,954,506,504,2,3
2,955,506,504,2,3
2,956,506,504,2,3
2,957,506,504,2,3
2,958,506,504,2,3
2,959,506,504,2,3
2,960,506,504,2,3
2,961,506,504,2,3
2,962,506,504,2,3
2,963,506,504,2,3
2,964,506,504,2,3
2,965,506,504,2,3
2,966,506,504,2,3
2,967,506,504,2,3
2,968,506,504,2,3
2,969,506,504,2,3
2,970,506,504,2,3
2,971,506,504,2,3
2,972,506,504,2,3
2,973,506,504,2,3
2,974,506,504,2,3
2,975,506,504,2,3
2,976,506,504,2,3
2,977,506,504,2,3
2,978,506,504,2,3
2,979,506,504,2,3
2,980,506,504,2,3
2,981,506,504,2,3
2,982,506,504,2,3
2,983,506,504,2,3
2,984,506,504,2,3
2,985,506,504,2,3
2,986,506,504,2,3
2,987,506,504,2,3
2,988,506,504,2,3
2,989,506,504,2,3
2,990,506,504,2,3
2,991,506,504,2,3
2,992,506,504,2,3
2,993,506,504,2,3
2,994,506,504,2,3
2,995,506,504,2,3
2,996,506,504,2,3
2,997,506,504,2,3
2,998,506,504,2,3
2,999,506,504,2,3
2,1000,506,504,2,3
2,1001,506,504,2,3
2,1002,506,504,2,3
2,1003,506,504,2,3
2,1004,506,504,2,3
2,1005,506,504,2,3
2,1006,506,504,2,3
2,1007,506,504,2,3
2,1008,506,504,2,3
2,1009,506,504,2,3
2,1010,506,504,2,3
2,1011,506,503,3,3
2,1012,506,504,2,3
2,1013,506,504,2,3
2,1014,506,504,2,3
2,1015,506,504,2,3
2,1016,506,504,2,3
2,1017,506,504,2,3
2,1018,506,504,2,3
2,1019,506,504,2,3
2,1020,506,504,2,3
2,1021,506,504,2,3
2,1022,506,504,2,3
2,1023,506,504,2,3
2,1024,506,504,2,3
2,1025,506,504,2,3
2,1026,506,504,2,3
2,1027,506,504,2,3
2,1028,506,504,2,3
2,1029,506,504,2,3
2,1030,506,504,2,3
2,1031,506,504,2,3
2,1032,506,504,2,3
2,1033,506,504,2,3
2,1034,506,504,2,3
2,1035,506,504,2,3
2,1036,506,504,2,3
2,1037,506,504,2,3
2,1038,506,504,2,3
2,1039,506,504,2,3
2,1040,506,504,2,3
2,1041,506,504,2,3
2,1042,506,504,2,3
2,1043,506,504,2,3
2,1044,506,504,2,3
2,1045,506,504,2,3
2,1046,506,504,2,3
2,1047,506,504,2,3
2,1048,506,503,3,3
2,1049,506,504,2,3
2,1050,506,504,2,3
2,1051,506,504,2,3
2,1052,506,504,2,3
2,1053,506,503,3,3
2,1054,506,504,2,3
2,1055,506,504,2,3
2,1056,506,504,2,3
2,1057,506,504,2,3
2,1058,506,504,2,3
2,1059,506,504,2,3
2,1060,506,504,2,3
2,1061,506,504,2,3
2,1062,506,504,2,3
2,1063,506,504,2,3
2,1064,506,504,2,3
2,1065,506,504,2,3
2,1066,506,504,2,3
2,1067,506,504,2,3
2,1068,506,504,2,3
2,1069,506,504,2,3
2,1070,506,504,2,3
2,1071,506,504,2,3
2,1072,506,504,2,3
2,1073,506,504,2,3
2,1074,506,504,2,3
2,1075,506,504,2,3
2,1076,506,504,2,3
2,1077,506,504,2,3
2,1078,506,504,2,3
2,1079,506,504,2,3
2,1080,506,503,3,3
2,1081,506,504,2,3
2,1082,506,504,2,3
2,1083,506,504,2,3
2,1084,506,504,2,3
2,1085,506,504,2,3
2,1086,506,504,2,3
2,1087,506,504,2,3
2,1088,506,504,2,3
2,1089,506,504,2,3
2,1090,506,504,2,3
2,1091,506,504,2,3
2,1092,506,504,2,3
2,1093,506,504,2,3
2,1094,506,504,2,3
2,1095,506,504,2,3
2,1096,506,504,2,3
2,1097,506,503,3,3
2,1098,506,504,2,3
2,1099,506,504,2,3
2,1100,506,504,2,3
2,1101,506,504,2,3
2,1102,506,504,2,3
2,1103,506,504,2,3
2,1104,506,504,2,3
2,1105,506,504,2,3
2,1106,506,504,2,3
2,1107,506,504,2,3
2,1108,506,504,2,3
2,1109,506,504,2,3
2,1110,506,504,2,3
2,1111,506,504,2,3
2,1112,506,504,2,3
2,1113,506,504,2,3
2,1114,506,504,2,3
2,1115,506,504,2,3
2,1116,506,504,2,3
2,1117,506,504,2,3
2,1118,506,504,2,3
2,1119,506,504,2,3
2,1120,506,504,2,3
2,1121,506,504,2,3
2,1122,506,504,2,3
2,1123,506,504,2,3
2,1124,506,504,2,3
2,1125,506,504,2,3
2,1126,506,504,2,3
2,1127,506,504,2,3
2,1128,506,504,2,3
2,1129,506,504,2,3
2,1130,506,504,2,3
2,1131,506,504,2,3
2,1132,506,504,2,3
2,1133,506,504,2,3
2,1134,506,504,2,3
2,1135,506,504,2,3
2,1136,506,504,2,3
2,1137,506,504,2,3
2,1138,506,504,2,3
2,1139,506,504,2,3
2,1140,506,504,2,3
2,1141,506,504,2,3
2,1142,506,504,2,3
2,1143,506,504,2,3
2,1144,506,504,2,3
2,1145,506,504,2,3
2,1146,506,504,2,3
2,1147,506,504,2,3
2,1148,506,504,2,3
2,1149,506,504,2,3
2,1150,506,504,2,3
2,1151,506,504,2,3
2,1152,506,504,2,3
2,1153,506,504,2,3
2,1154,506,504,2,3
2,1155,506,504,2,3
2,1156,506,504,2,3
2,1157,506,504,2,3
2,1158,506,504,2,3
2,1159,506,504,2,3
2,1160,506,504,2,3
2,1161,506,504,2,3
2,1162,506,504,2,3
2,1163,506,504,2,3
2,1164,506,504,2,3
2,1165,506,504,2,3
2,1166,506,504,2,3
2,1167,506,503,3,3
2,1168,506,504,2,3
2,1169,506,504,2,3
2,1170,506,504,2,3
2,1171,506,504,2,3
2,1172,506,504,2,3
2,1173,506,504,2,3
2,1174,506,504,2,3
2,1175,506,503,3,3
2,1176,506,504,2,3
2,1177,506,504,2,3
2,1178,506,504,2,3
2,1179,506,504,2,3
2,1180,506,504,2,3
2,1181,506,504,2,3
2,1182,506,504,2,3
2,1183,506,504,2,3
2,1184,506,504,2,3
2,1185,506,504,2,3
2,1186,506,504,2,3
2,1187,506,504,2,3
2,1188,506,504,2,3
2,1189,506,504,2,3
2,1190,506,504,2,3
2,1191,506,503,3,3
2,1192,506,504,2,3
2,1193,506,504,2,3
2,1194,506,504,2,3
2,1195,506,504,2,3
2,1196,506,504,2,3
2,1197,506,504,2,3
2,1198,506,504,2,3
2,1199,506,504,2,3
2,1200,506,504,2,3
2,1201,506,504,2,3
2,1202,506,503,3,3
2,1203,506,504,2,3
2,1204,506,504,2,3
2,1205,506,504,2,3
2,1206,506,504,2,3
2,1207,506,504,2,3
2,1208,506,504,2,3
2,1209,506,504,2,3
2,1210,506,504,2,3
2,1211,506,504,2,3
2,1212,506,504,2,3
2,1213,506,504,2,3
2,1214,506,504,2,3
2,1215,506,504,2,3
2,1216,506,504,2,3
2,1217,506,504,2,3
2,1218,506,504,2,3
2,1219,506,504,2,3
2,1220,506,504,2,3
2,1221,506,504,2,3
2,1222,506,504,2,3
2,1223,506,504,2,3
2,1224,506,504,2,3
2,1225,506,504,2,3
2,1226,506,504,2,3
2,1227,506,504,2,3
2,1228,506,504,2,3
2,1229,506,504,2,3
2,1230,506,504,2,3
2,1231,506,504,2,3
2,1232,506,504,2,3
2,1233,506,504,2,3
2,1234,506,504,2,3
2,1235,506,504,2,3
2,1236,506,504,2,3
2,1237,506,504,2,3
2,1238,506,504,2,3
2,1239,506,504,2,3
2,1240,506,504,2,3
2,1241,506,504,2,3
2,1242,506,504,2,3
2,1243,506,504,2,3
2,1244,506,504,2,3
2,1245,506,504,2,3
2,1246,506,504,2,3
2,1247,506,504,2,3
2,1248,506,504,2,3
2,1249,506,504,2,3
2,1250,506,504,2,3
2,1251,506,504,2,3
2,1252,506,504,2,3
2,1253,506,504,2,3
2,1254,506,504,2,3
2,1255,506,504,2,3
2,1256,506,504,2,3
2,1257,506,503,3,3
2,1258,506,504,2,3
2,1259,506,503,3,3
2,1260,506,504,2,3
2,1261,506,504,2,3
2,1262,506,504,2,3
2,1263,506,504,2,3
2,1264,506,504,2,3
2,1265,506,504,2,3
2,1266,506,504,2,3
2,1267,506,504,2,3
2,1268,506,503,3,3
2,1269,506,504,2,3
2,1270,506,504,2,3
2,1271,506,504,2,3
2,1272,506,504,2,3
2,1273,506,504,2,3
2,1274,506,504,2,3
2,1275,506,504,2,3
2,1276,506,504,2,3
2,1277,506,504,2,3
2,1278,506,504,2,3
2,1279,506,504,2,3
2,1280,506,504,2,3
2,1281,506,504,2,3
2,1282,506,504,2,3
2,1283,506,504,2,3
2,1284,506,504,2,3
2,1285,506,504,2,3
2,1286,506,504,2,3
2,1287,506,504,2,3
2,1288,506,504,2,3
2,1289,506,504,2,3
2,1290,506,504,2,3
2,1291,506,504,2,3
2,1292,506,504,2,3
2,1293,506,504,2,3
2,1294,506,504,2,3
2,1295,506,504,2,3
2,1296,506,504,2,3
2,1297,506,504,2,3
2,1298,506,504,2,3
2,1299,506,504,2,3
2,1300,506,504,2,3
2,1301,506,504,2,3
2,1302,506,504,2,3
2,1303,506,504,2,3
2,1304,506,504,2,3
2,1305,506,504,2,3
2,1306,506,504,2,3
2,1307,506,504,2,3
2,1308,506,503,3,3
2,1309,506,504,2,3
2,1310,506,504,2,3
2,1311,506,504,2,3
2,1312,506,504,2,3
2,1313,506,504,2,3
2,1314,506,504,2,3
2,1315,506,504,2,3
2,1316,506,504,2,3
2,1317,506,504,2,3
2,1318,506,504,2,3
2,1319,506,504,2,3
2,1320,506,504,2,3
2,1321,506,504,2,3
2,1322,506,504,2,3
2,1323,506,504,2,3
2,1324,506,504,2,3
2,1325,506,504,2,3
2,1326,506,504,2,3
2,1327,506,504,2,3
2,1328,506,504,2,3
2,1329,506,504,2,3
2,1330,506,504,2,3
2,1331,506,504,2,3
2,1332,506,504,2,3
2,1333,506,504,2,3
2,1334,506,504,2,3
2,1335,506,504,2,3
2,1336,506,504,2,3
2,1337,506,504,2,3
2,1338,506,504,2,3
2,1339,506,504,2,3
2,1340,506,504,2,3
2,1341,506,504,2,3
2,1342,506,504,2,3
2,1343,506,504,2,3
2,1344,506,504,2,3
2,1345,506,504,2,3
2,1346,506,504,2,3
2,1347,506,504,2,3
2,1348,506,504,2,3
2,1349,506,504,2,3
2,1350,506,504,2,3
2,1351,506,504,2,3
2,1352,506,504,2,3
2,1353,506,504,2,3
2,1354,506,504,2,3
2,1355,506,504,2,3
2,1356,506,504,2,3
2,1357,506,504,2,3
2,1358,506,504,2,3
2,1359,506,504,2,3
2,1360,506,504,2,3
2,1361,506,504,2,3
2,1362,506,504,2,3
2,1363,506,504,2,3
2,1364,506,504,2,3
2,1365,506,504,2,3
2,1366,506,504,2,3
2,1367,506,504,2,3
2,1368,506,504,2,3
2,1369,506,504,2,3
2,1370,506,504,2,3
2,1371,506,504,2,3
2,1372,506,504,2,3
2,1373,506,504,2,3
2,1374,506,504,2,3
2,1375,506,504,2,3
2,1376,506,504,2,3
2,1377,506,504,2,3
2,1378,506,504,2,3
2,1379,506,504,2,3
2,1380,506,504,2,3
2,1381,506,504,2,3
2,1382,506,504,2,3
2,1383,506,504,2,3
2,1384,506,504,2,3
2,1385,506,504,2,3
2,1386,506,504,2,3
2,1387,506,504,2,3
2,1388,506,504,2,3
2,1389,506,504,2,3
2,1390,506,504,2,3
2,1391,506,504,2,3
2,1392,506,504,2,3
2,1393,506,504,2,3
2,1394,506,504,2,3
2,1395,506,504,2,3
2,1396,506,504,2,3
2,1397,506,504,2,3
2,1398,506,504,2,3
2,1399,506,504,2,3
2,1400,506,504,2,3
2,1401,506,504,2,3
2,1402,506,504,2,3
2,1403,506,503,3,3
2,1404,506,504,2,3
2,1405,506,504,2,3
2,1406,506,504,2,3
2,1407,506,504,2,3
2,1408,506,503,3,3
2,1409,506,504,2,3
2,1410,506,504,2,3
2,1411,506,504,2,3
2,1412,506,504,2,3
2,1413,506,504,2,3
2,1414,506,504,2,3
2,1415,506,504,2,3
2,1416,506,504,2,3
2,1417,506,504,2,3
2,1418,506,504,2,3
2,1419,506,504,2,3
2,1420,506,504,2,3
2,1421,506,504,2,3
2,1422,506,504,2,3
2,1423,506,504,2,3
2,1424,506,504,2,3
2,1425,506,504,2,3
2,1426,506,504,2,3
2,1427,506,504,2,3
2,1428,506,504,2,3
2,1429,506,504,2,3
2,1430,506,504,2,3
2,1431,506,504,2,3
2,1432,506,504,2,3
2,1433,506,504,2,3
2,1434,506,504,2,3
2,1435,506,504,2,3
2,1436,506,504,2,3
2,1437,506,504,2,3
2,1438,506,504,2,3
2,1439,506,504,2,3
2,1440,506,504,2,3
2,1441,506,504,2,3
2,1442,506,504,2,3
2,1443,506,504,2,3
2,1444,506,504,2,3
2,1445,506,504,2,3
2,1446,506,504,2,3
2,1447,506,504,2,3
2,1448,506,504,2,3
2,1449,506,504,2,3
2,1450,506,504,2,3
2,1451,506,504,2,3
2,1452,506,504,2,3
2,1453,506,504,2,3
2,1454,506,504,2,3
2,1455,506,504,2,3
2,1456,506,504,2,3
2,1457,506,504,2,3
2,1458,506,504,2,3
2,1459,506,504,2,3
2,1460,506,504,2,3
2,1461,506,504,2,3
2,1462,506,504,2,3
2,1463,506,504,2,3
2,1464,506,504,2,3
2,1465,506,504,2,3
2,1466,506,504,2,3
2,1467,506,504,2,3
2,1468,506,504,2,3
2,1469,506,504,2,3
2,1470,506,504,2,3
2,1471,506,504,2,3
2,1472,506,504,2,3
2,1473,506,504,2,3
2,1474,506,504,2,3
2,1475,506,504,2,3
2,1476,506,504,2,3
2,1477,506,504,2,3
2,1478,506,504,2,3
2,1479,506,504,2,3
2,1480,506,504,2,3
2,1481,506,504,2,3
2,1482,506,504,2,3
2,1483,506,504,2,3
2,1484,506,504,2,3
2,1485,506,504,2,3
2,1486,506,504,2,3
2,1487,506,504,2,3
2,1488,506,504,2,3
2,1489,506,504,2,3
2,1490,506,504,2,3
2,1491,506,504,2,3
2,1492,506,504,2,3
2,1493,506,504,2,3
2,1494,506,504,2,3
2,1495,506,504,2,3
2,1496,506,504,2,3
2,1497,506,504,2,3
2,1498,506,504,2,3
2,1499,506,504,2,3
2,1500,506,504,2,3
2,1501,506,504,2,3
2,1502,506,504,2,3
2,1503,506,504,2,3
2,1504,506,504,2,3
2,1505,506,504,2,3
2,1506,506,504,2,3
2,1507,506,504,2,3
2,1508,506,504,2,3
2,1509,506,504,2,3
2,1510,506,503,3,3
2,1511,506,504,2,3
2,1512,506,504,2,3
2,1513,506,504,2,3
2,1514,506,504,2,3
2,1515,506,504,2,3
2,1516,506,504,2,3
2,1517,506,504,2,3
2,1518,506,504,2,3
2,1519,506,504,2,3
2,1520,506,504,2,3
2,1521,506,504,2,3
2,1522,506,504,2,3
2,1523,506,504,2,3
2,1524,506,504,2,3
2,1525,506,504,2,3
2,1526,506,504,2,3
2,1527,506,504,2,3
2,1528,506,504,2,3
2,1529,506,504,2,3
2,1530,506,504,2,3
2,1531,506,504,2,3
2,1532,506,504,2,3
2,1533,506,504,2,3
2,1534,506,504,2,3
2,1535,506,504,2,3
2,1536,506,504,2,3
2,1537,506,504,2,3
2,1538,506,504,2,3
2,1539,506,504,2,3
2,1540,506,504,2,3
2,1541,506,504,2,3
2,1542,506,504,2,3
2,1543,506,504,2,3
2,1544,506,504,2,3
2,1545,506,504,2,3
2,1546,506,504,2,3
2,1547,506,504,2,3
2,1548,506,504,2,3
2,1549,506,504,2,3
2,1550,506,504,2,3
2,1551,506,504,2,3
2,1552,506,504,2,3
2,1553,506,504,2,3
2,1554,506,504,2,3
2,1555,506,504,2,3
2,1556,506,504,2,3
2,1557,506,504,2,3
2,1558,506,504,2,3
2,1559,506,504,2,3
2,1560,506,504,2,3
2,1561,506,504,2,3
2,1562,506,504,2,3
2,1563,506,504,2,3
2,1564,506,504,2,3
2,1565,506,504,2,3
2,1566,506,504,2,3
2,1567,506,504,2,3
2,1568,506,504,2,3
2,1569,506,504,2,3
2,1570,506,504,2,3
2,1571,506,504,2,3
2,1572,506,504,2,3
2,1573,506,504,2,3
2,1574,506,504,2,3
2,1575,506,504,2,3
2,1576,506,504,2,3
2,1577,506,504,2,3
2,1578,506,504,2,3
2,1579,506,504,2,3
2,1580,506,504,2,3
2,1581,506,504,2,3
2,1582,506,504,2,3
2,1583,506,503,3,3
2,1584,506,504,2,3
2,1585,506,504,2,3
2,1586,506,504,2,3
2,1587,506,504,2,3
2,1588,506,504,2,3
2,1589,506,504,2,3
2,1590,506,504,2,3
2,1591,506,504,2,3
2,1592,506,504,2,3
2,1593,506,504,2,3
2,1594,506,504,2,3
2,1595,506,503,3,3
2,1596,506,504,2,3
2,1597,506,504,2,3
2,1598,506,504,2,3
2,1599,506,504,2,3
2,1600,506,504,2,3
2,1601,506,504,2,3
2,1602,506,504,2,3
2,1603,506,504,2,3
2,1604,506,504,2,3
2,1605,506,504,2,3
2,1606,506,504,2,3
2,1607,506,504,2,3
2,1608,506,504,2,3
2,1609,506,503,3,3
2,1610,506,504,2,3
2,1611,506,504,2,3
2,1612,506,504,2,3
2,1613,506,504,2,3
2,1614,506,504,2,3
2,1615,506,504,2,3
2,1616,506,504,2,3
2,1617,506,504,2,3
2,1618,506,504,2,3
2,1619,506,504,2,3
2,1620,506,504,2,3
2,1621,506,504,2,3
2,1622,506,504,2,3
2,1623,506,504,2,3
2,1624,506,504,2,3
2,1625,506,504,2,3
2,1626,506,504,2,3
2,1627,506,504,2,3
2,1628,506,504,2,3
2,1629,506,504,2,3
2,1630,506,504,2,3
2,1631,506,504,2,3
2,1632,506,504,2,3
2,1633,506,504,2,3
2,1634,506,504,2,3
2,1635,506,504,2,3
2,1636,506,504,2,3
2,1637,506,504,2,3
2,1638,506,504,2,3
2,1639,506,504,2,3
2,1640,506,504,2,3
2,1641,506,504,2,3
2,1642,506,504,2,3
2,1643,506,504,2,3
2,1644,506,504,2,3
2,1645,506,504,2,3
2,1646,506,504,2,3
2,1647,506,504,2,3
2,1648,506,504,2,3
2,1649,506,504,2,3
2,1650,506,504,2,3
2,1651,506,504,2,3
2,1652,506,503,3,3
2,1653,506,504,2,3
2,1654,506,503,3,3
2,1655,506,504,2,3
2,1656,506,504,2,3
2,1657,506,504,2,3
2,1658,506,504,2,3
2,1659,506,504,2,3
2,1660,506,504,2,3
2,1661,506,504,2,3
2,1662,506,504,2,3
2,1663,506,504,2,3
2,1664,506,504,2,3
2,1665,506,504,2,3
2,1666,506,504,2,3
2,1667,506,504,2,3
2,1668,506,504,2,3
2,1669,506,504,2,3
2,1670,506,504,2,3
2,1671,506,504,2,3
2,1672,506,504,2,3
2,1673,506,504,2,3
2,1674,506,504,2,3
2,1675,506,504,2,3
2,1676,506,503,3,3
2,1677,506,504,2,3
2,1678,506,504,2,3
2,1679,506,504,2,3
2,1680,506,504,2,3
2,1681,506,504,2,3
2,1682,506,504,2,3
2,1683,506,504,2,3
2,1684,506,504,2,3
2,1685,506,504,2,3
2,1686,506,504,2,3
2,1687,506,504,2,3
2,1688,506,504,2,3
2,1689,506,504,2,3
2,1690,506,504,2,3
2,1691,506,504,2,3
2,1692,506,504,2,3
2,1693,506,504,2,3
2,1694,506,504,2,3
2,1695,506,504,2,3
2,1696,506,504,2,3
2,1697,506,504,2,3
2,1698,506,504,2,3
2,1699,506,504,2,3
2,1700,506,504,2,3
2,1701,506,504,2,3
2,1702,506,504,2,3
2,1703,506,504,2,3
2,1704,506,504,2,3
2,1705,506,504,2,3
2,1706,506,504,2,3
2,1707,506,504,2,3
2,1708,506,504,2,3
2,1709,506,504,2,3
2,1710,506,504,2,3
2,1711,506,504,2,3
2,1712,506,504,2,3
2,1713,506,504,2,3
2,1714,506,504,2,3
2,1715,506,504,2,3
2,1716,506,504,2,3
2,1717,506,504,2,3
2,1718,506,504,2,3
2,1719,506,504,2,3
2,1720,506,504,2,3
2,1721,506,504,2,3
2,1722,506,504,2,3
2,1723,506,504,2,3
2,1724,506,504,2,3
2,1725,506,504,2,3
2,1726,506,504,2,3
2,1727,506,503,3,3
2,1728,506,504,2,3
2,1729,506,504,2,3
2,1730,506,504,2,3
2,1731,506,504,2,3
2,1732,506,504,2,3
2,1733,506,504,2,3
2,1734,506,504,2,3
2,1735,506,504,2,3
2,1736,506,504,2,3
2,1737,506,504,2,3
2,1738,506,504,2,3
2,1739,506,504,2,3
2,1740,506,504,2,3
2,1741,506,504,2,3
2,1742,506,504,2,3
2,1743,506,504,2,3
2,1744,506,504,2,3
2,1745,506,504,2,3
2,1746,506,504,2,3
2,1747,506,503,3,3
2,1748,506,504,2,3
2,1749,506,504,2,3
2,1750,506,504,2,3
2,1751,506,504,2,3
2,1752,506,503,3,3
2,1753,506,504,2,3
2,1754,506,504,2,3
2,1755,506,504,2,3
2,1756,506,504,2,3
2,1757,506,504,2,3
2,1758,506,504,2,3
2,1759,506,504,2,3
2,1760,506,504,2,3
2,1761,506,504,2,3
2,1762,506,504,2,3
2,1763,506,504,2,3
2,1764,506,503,3,3
2,1765,506,504,2,3
2,1766,506,504,2,3
2,1767,506,504,2,3
2,1768,506,504,2,3
2,1769,506,504,2,3
2,1770,506,504,2,3
2,1771,506,504,2,3
2,1772,506,504,2,3
2,1773,506,504,2,3
2,1774,506,504,2,3
2,1775,506,504,2,3
2,1776,506,504,2,3
2,1777,506,504,2,3
2,1778,506,503,3,3
2,1779,506,504,2,3
2,1780,506,504,2,3
2,1781,506,504,2,3
2,1782,506,504,2,3
2,1783,506,504,2,3
2,1784,506,504,2,3
2,1785,506,504,2,3
2,1786,506,504,2,3
2,1787,506,504,2,3
2,1788,506,504,2,3
2,1789,506,504,2,3
2,1790,506,504,2,3
2,1791,506,504,2,3
2,1792,506,504,2,3
2,1793,506,504,2,3
2,1794,506,504,2,3
2,1795,506,504,2,3
2,1796,506,504,2,3
2,1797,506,504,2,3
2,1798,506,504,2,3
2,1799,506,504,2,3
2,1800,506,504,2,3
2,1801,506,504,2,3
2,1802,506,504,2,3
2,1803,506,504,2,3
2,1804,506,504,2,3
2,1805,506,504,2,3
2,1806,506,504,2,3
2,1807,506,504,2,3
2,1808,506,504,2,3
2,1809,506,504,2,3
2,1810,506,504,2,3
2,1811,506,503,3,3
2,1812,506,504,2,3
2,1813,506,504,2,3
2,1814,506,504,2,3
2,1815,506,504,2,3
2,1816,506,504,2,3
2,1817,506,504,2,3
2,1818,506,504,2,3
2,1819,506,504,2,3
2,1820,506,503,3,3
2,1821,506,504,2,3
2,1822,506,504,2,3
2,1823,506,504,2,3
2,1824,506,504,2,3
2,1825,506,504,2,3
2,1826,506,504,2,3
2,1827,506,504,2,3
2,1828,506,504,2,3
2,1829,506,504,2,3
2,1830,506,504,2,3
2,1831,506,504,2,3
2,1832,506,504,2,3
2,1833,506,504,2,3
2,1834,506,503,3,3
2,1835,506,504,2,3
2,1836,506,504,2,3
2,1837,506,504,2,3
2,1838,506,504,2,3
2,1839,506,504,2,3
2,1840,506,504,2,3
2,1841,506,504,2,3
2,1842,506,504,2,3
2,1843,506,504,2,3
2,1844,506,504,2,3
2,1845,506,504,2,3
2,1846,506,504,2,3
2,1847,506,504,2,3
2,1848,506,504,2,3
2,1849,506,504,2,3
2,1850,506,504,2,3
2,1851,506,504,2,3
2,1852,506,504,2,3
2,1853,506,504,2,3
2,1854,506,504,2,3
2,1855,506,504,2,3
2,1856,506,504,2,3
2,1857,506,504,2,3
2,1858,506,504,2,3
2,1859,506,503,3,3
2,1860,506,504,2,3
2,1861,506,504,2,3
2,1862,506,504,2,3
2,1863,506,504,2,3
2,1864,506,504,2,3
2,1865,506,504,2,3
2,1866,506,504,2,3
2,1867,506,504,2,3
2,1868,506,504,2,3
2,1869,506,504,2,3
2,1870,506,504,2,3
2,1871,506,504,2,3
2,1872,506,504,2,3
2,1873,506,504,2,3
2,1874,506,503,3,3
2,1875,506,504,2,3
2,1876,506,504,2,3
2,1877,506,504,2,3
2,1878,506,504,2,3
2,1879,506,504,2,3
2,1880,506,504,2,3
2,1881,506,504,2,3
2,1882,506,504,2,3
2,1883,506,504,2,3
2,1884,506,504,2,3
2,1885,506,504,2,3
2,1886,506,504,2,3
2,1887,506,504,2,3
2,1888,506,504,2,3
2,1889,506,504,2,3
2,1890,506,504,2,3
2,1891,506,504,2,3
2,1892,506,504,2,3
2,1893,506,504,2,3
2,1894,506,504,2,3
2,1895,506,504,2,3
2,1896,506,504,2,3
2,1897,506,504,2,3
2,1898,506,504,2,3
2,1899,506,504,2,3
2,1900,506,504,2,3
2,1901,506,504,2,3
2,1902,506,504,2,3
2,1903,506,504,2,3
2,1904,506,504,2,3
2,1905,506,504,2,3
2,1906,506,504,2,3
2,1907,506,504,2,3
2,1908,506,504,2,3
2,1909,506,504,2,3
2,1910,506,504,2,3
2,1911,506,504,2,3
2,1912,506,504,2,3
2,1913,506,504,2,3
2,1914,506,504,2,3
2,1915,506,504,2,3
2,1916,506,504,2,3
2,1917,506,504,2,3
2,1918,506,504,2,3
2,1919,506,504,2,3
2,1920,506,504,2,3
2,1921,506,504,2,3
2,1922,506,504,2,3
2,1923,506,504,2,3
2,1924,506,504,2,3
2,1925,506,504,2,3
2,1926,506,504,2,3
2,1927,506,504,2,3
2,1928,506,504,2,3
2,1929,506,504,2,3
2,1930,506,504,2,3
2,1931,506,504,2,3
2,1932,506,504,2,3
2,1933,506,503,3,3
2,1934,506,504,2,3
2,1935,506,504,2,3
2,1936,506,504,2,3
2,1937,506,504,2,3
2,1938,506,504,2,3
2,1939,506,504,2,3
2,1940,506,504,2,3
2,1941,506,504,2,3
2,1942,506,504,2,3
2,1943,506,504,2,3
2,1944,506,504,2,3
2,1945,506,504,2,3
2,1946,506,504,2,3
2,1947,506,503,3,3
2,1948,506,504,2,3
2,1949,506,503,3,3
2,1950,506,504,2,3
2,1951,506,504,2,3
2,1952,506,504,2,3
2,1953,506,504,2,3
2,1954,506,503,3,3
2,1955,506,504,2,3
2,1956,506,504,2,3
2,1957,506,504,2,3
2,1958,506,504,2,3
2,1959,506,504,2,3
2,1960,506,504,2,3
2,1961,506,504,2,3
2,1962,506,504,2,3
2,1963,506,504,2,3
2,1964,506,504,2,3
2,1965,506,504,2,3
2,1966,506,504,2,3
2,1967,506,504,2,3
2,1968,506,504,2,3
2,1969,506,504,2,3
2,1970,506,504,2,3
2,1971,506,504,2,3
2,1972,506,504,2,3
2,1973,506,503,3,3
2,1974,506,504,2,3
2,1975,506,504,2,3
2,1976,506,504,2,3
2,1977,506,504,2,3
2,1978,506,504,2,3
2,1979,506,504,2,3
2,1980,506,504,2,3
2,1981,506,504,2,3
2,1982,506,504,2,3
2,1983,506,504,2,3
2,1984,506,504,2,3
2,1985,506,504,2,3
2,1986,506,504,2,3
2,1987,506,504,2,3
2,1988,506,504,2,3
2,1989,506,504,2,3
2,1990,506,504,2,3
2,1991,506,504,2,3
2,1992,506,504,2,3
2,1993,506,504,2,3
2,1994,506,504,2,3
2,1995,506,504,2,3
2,1996,506,504,2,3
2,1997,506,504,2,3
2,1998,506,504,2,3
2,1999,506,504,2,3
2,2000,506,504,2,3
2,2001,506,504,2,3
2,2002,506,504,2,3
2,2003,506,504,2,3
2,2004,506,504,2,3
2,2005,506,504,2,3
2,2006,506,504,2,3
2,2007,506,504,2,3
2,2008,506,504,2,3
2,2009,506,504,2,3
2,2010,506,504,2,3
2,2011,506,504,2,3
2,2012,506,504,2,3
2,2013,506,504,2,3
2,2014,506,504,2,3
2,2015,506,504,2,3
2,2016,506,504,2,3
2,2017,506,503,3,3
2,2018,506,504,2,3
2,2019,506,504,2,3
2,2020,506,504,2,3
2,2021,506,504,2,3
2,2022,506,504,2,3
2,2023,506,504,2,3
2,2024,506,504,2,3
2,2025,506,504,2,3
2,2026,506,504,2,3
2,2027,506,504,2,3
2,2028,506,504,2,3
2,2029,506,504,2,3
2,2030,506,504,2,3
2,2031,506,504,2,3
2,2032,506,503,3,3
2,2033,506,504,2,3
2,2034,506,504,2,3
2,2035,506,504,2,3
2,2036,506,504,2,3
2,2037,506,504,2,3
2,2038,506,504,2,3
2,2039,506,504,2,3
2,2040,506,504,2,3
2,2041,506,504,2,3
2,2042,506,504,2,3
2,2043,506,504,2,3
2,2044,506,504,2,3
2,2045,506,504,2,3
2,2046,506,504,2,3
2,2047,506,504,2,3
2,2048,506,504,2,3
2,2049,506,504,2,3
2,2050,506,504,2,3
2,2051,506,504,2,3
2,2052,506,504,2,3
2,2053,506,504,2,3
2,2054,506,504,2,3
2,2055,506,504,2,3
2,2056,506,504,2,3
2,2057,506,504,2,3
2,2058,506,504,2,3
2,2059,506,504,2,3
2,2060,506,504,2,3
2,2061,506,504,2,3
2,2062,506,504,2,3
2,2063,506,504,2,3
2,2064,506,504,2,3
2,2065,506,504,2,3
2,2066,506,504,2,3
2,2067,506,504,2,3
2,2068,506,504,2,3
2,2069,506,504,2,3
2,2070,506,504,2,3
2,2071,506,504,2,3
2,2072,506,504,2,3
2,2073,506,504,2,3
2,2074,506,504,2,3
2,2075,506,504,2,3
2,2076,506,504,2,3
2,2077,506,504,2,3
2,2078,506,504,2,3
2,2079,506,504,2,3
2,2080,506,504,2,3
2,2081,506,504,2,3
2,2082,506,504,2,3
2,2083,506,504,2,3
2,2084,506,504,2,3
2,2085,506,504,2,3
2,2086,506,504,2,3
2,2087,506,504,2,3
2,2088,506,504,2,3
2,2089,506,504,2,3
2,2090,506,504,2,3
2,2091,506,504,2,3
2,2092,506,504,2,3
2,2093,506,504,2,3
2,2094,506,504,2,3
2,2095,506,504,2,3
2,2096,506,504,2,3
2,2097,506,504,2,3
2,2098,506,504,2,3
2,2099,506,504,2,3
2,2100,506,504,2,3
2,2101,506,504,2,3
2,2102,506,504,2,3
2,2103,506,504,2,3
2,2104,506,504,2,3
2,2105,506,504,2,3
2,2106,506,504,2,3
2,2107,506,504,2,3
2,2108,506,504,2,3
2,2109,506,504,2,3
2,2110,506,504,2,3
2,2111,506,504,2,3
2,2112,506,504,2,3
2,2113,506,504,2,3
2,2114,506,504,2,3
2,2115,506,504,2,3
2,2116,506,504,2,3
2,2117,506,504,2,3
2,2118,506,503,3,3
2,2119,506,504,2,3
2,2120,506,504,2,3
2,2121,506,504,2,3
2,2122,506,504,2,3
2,2123,506,504,2,3
2,2124,506,504,2,3
2,2125,506,504,2,3
2,2126,506,504,2,3
2,2127,506,504,2,3
2,2128,506,504,2,3
2,2129,506,504,2,3
2,2130,506,504,2,3
2,2131,506,504,2,3
2,2132,506,504,2,3
2,2133,506,504,2,3
2,2134,506,504,2,3
2,2135,506,504,2,3
2,2136,506,504,2,3
2,2137,506,504,2,3
2,2138,506,504,2,3
2,2139,506,504,2,3
2,2140,506,504,2,3
2,2141,506,504,2,3
2,2142,506,504,2,3
2,2143,506,504,2,3
2,2144,506,504,2,3
2,2145,506,504,2,3
2,2146,506,504,2,3
2,2147,506,504,2,3
2,2148,506,504,2,3
2,2149,506,504,2,3
2,2150,506,504,2,3
2,2151,506,504,2,3
2,2152,506,504,2,3
2,2153,506,504,2,3
2,2154,506,504,2,3
2,2155,506,504,2,3
2,2156,506,504,2,3
2,2157,506,504,2,3
2,2158,506,504,2,3
2,2159,506,504,2,3
2,2160,506,504,2,3
2,2161,506,504,2,3
2,2162,506,504,2,3
2,2163,506,504,2,3
2,2164,506,504,2,3
2,2165,506,504,2,3
2,2166,506,504,2,3
2,2167,506,504,2,3
2,2168,506,504,2,3
2,2169,506,504,2,3
2,2170,506,504,2,3
2,2171,506,504,2,3
2,2172,506,504,2,3
2,2173,506,504,2,3
2,2174,506,504,2,3
2,2175,506,504,2,3
2,2176,506,504,2,3
2,2177,506,504,2,3
2,2178,506,504,2,3
2,2179,506,504,2,3
2,2180,506,504,2,3
2,2181,506,504,2,3
2,2182,506,504,2,3
2,2183,506,504,2,3
2,2184,506,504,2,3
2,2185,506,504,2,3
2,2186,506,504,2,3
2,2187,506,504,2,3
2,2188,506,504,2,3
2,2189,506,504,2,3
2,2190,506,504,2,3
2,2191,506,504,2,3
2,2192,506,504,2,3
2,2193,506,504,2,3
2,2194,506,504,2,3
2,2195,506,504,2,3
2,2196,506,504,2,3
2,2197,506,504,2,3
2,2198,506,504,2,3
2,2199,506,504,2,3
2,2200,506,504,2,3
2,2201,506,504,2,3
2,2202,506,504,2,3
2,2203,506,504,2,3
2,2204,506,504,2,3
2,2205,506,504,2,3
2,2206,506,504,2,3
2,2207,506,504,2,3
2,2208,506,504,2,3
2,2209,506,504,2,3
2,2210,506,504,2,3
2,2211,506,504,2,3
2,2212,506,504,2,3
2,2213,506,504,2,3
2,2214,506,504,2,3
2,2215,506,504,2,3
2,2216,506,504,2,3
2,2217,506,504,2,3
2,2218,506,504,2,3
2,2219,506,504,2,3
2,2220,506,504,2,3
2,2221,506,504,2,3
2,2222,506,504,2,3
2,2223,506,504,2,3
2,2224,506,504,2,3
2,2225,506,503,3,3
2,2226,506,504,2,3
2,2227,506,504,2,3
2,2228,506,504,2,3
2,2229,506,504,2,3
2,2230,506,504,2,3
2,2231,506,504,2,3
2,2232,506,504,2,3
2,2233,506,504,2,3
2,2234,506,504,2,3
2,2235,506,504,2,3
2,2236,506,504,2,3
2,2237,506,504,2,3
2,2238,506,504,2,3
2,2239,506,504,2,3
2,2240,506,504,2,3
2,2241,506,504,2,3
2,2242,506,504,2,3
2,2243,506,504,2,3
2,2244,506,504,2,3
2,2245,506,504,2,3
2,2246,506,504,2,3
2,2247,506,504,2,3
2,2248,506,504,2,3
2,2249,506,504,2,3
2,2250,506,504,2,3
2,2251,506,504,2,3
2,2252,506,503,3,3
2,2253,506,504,2,3
2,2254,506,504,2,3
2,2255,506,504,2,3
2,2256,506,504,2,3
2,2257,506,504,2,3
2,2258,506,504,2,3
2,2259,506,504,2,3
2,2260,506,504,2,3
2,2261,506,504,2,3
2,2262,506,504,2,3
2,2263,506,504,2,3
2,2264,506,504,2,3
2,2265,506,504,2,3
2,2266,506,504,2,3
2,2267,506,504,2,3
2,2268,506,504,2,3
2,2269,506,504,2,3
2,2270,506,504,2,3
2,2271,506,504,2,3
2,2272,506,504,2,3
2,2273,506,504,2,3
2,2274,506,504,2,3
2,2275,506,504,2,3
2,2276,506,504,2,3
2,2277,506,504,2,3
2,2278,506,504,2,3
2,2279,506,504,2,3
2,2280,506,504,2,3
2,2281,506,504,2,3
2,2282,506,504,2,3
2,2283,506,504,2,3
2,2284,506,504,2,3
2,2285,506,504,2,3
2,2286,506,504,2,3
2,2287,506,504,2,3
2,2288,506,503,3,3
2,2289,506,504,2,3
2,2290,506,504,2,3
2,2291,506,504,2,3
2,2292,506,504,2,3
2,2293,506,504,2,3
2,2294,506,504,2,3
2,2295,506,504,2,3
2,2296,506,504,2,3
2,2297,506,504,2,3
2,2298,506,504,2,3
2,2299,506,504,2,3
2,2300,506,504,2,3
2,2301,506,504,2,3
2,2302,506,504,2,3
2,2303,506,504,2,3
2,2304,506,504,2,3
2,2305,506,504,2,3
2,2306,506,504,2,3
2,2307,506,504,2,3
2,2308,506,504,2,3
2,2309,506,504,2,3
2,2310,506,504,2,3
2,2311,506,504,2,3
2,2312,506,504,2,3
2,2313,506,504,2,3
2,2314,506,504,2,3
2,2315,506,504,2,3
2,2316,506,504,2,3
2,2317,506,504,2,3
2,2318,506,504,2,3
2,2319,506,504,2,3
2,2320,506,504,2,3
2,2321,506,504,2,3
2,2322,506,504,2,3
2,2323,506,504,2,3
2,2324,506,504,2,3
2,2325,506,504,2,3
2,2326,506,504,2,3
2,2327,506,504,2,3
2,2328,506,504,2,3
2,2329,506,504,2,3
2,2330,506,504,2,3
2,2331,506,504,2,3
2,2332,506,504,2,3
2,2333,506,504,2,3
2,2334,506,504,2,3
2,2335,506,504,2,3
2,2336,506,504,2,3
2,2337,506,504,2,3
2,2338,506,504,2,3
2,2339,506,504,2,3
2,2340,506,504,2,3
2,2341,506,504,2,3
2,2342,506,504,2,3
2,2343,506,504,2,3
2,2344,506,504,2,3
2,2345,506,504,2,3
2,2346,506,504,2,3
2,2347,506,504,2,3
2,2348,506,504,2,3
2,2349,506,504,2,3
2,2350,506,504,2,3
2,2351,506,504,2,3
2,2352,506,504,2,3
2,2353,506,504,2,3
2,2354,506,504,2,3
2,2355,506,504,2,3
2,2356,506,504,2,3
2,2357,506,504,2,3
2,2358,506,504,2,3
2,2359,506,504,2,3
2,2360,506,504,2,3
2,2361,506,504,2,3
2,2362,506,504,2,3
2,2363,506,503,3,3
2,2364,506,504,2,3
2,2365,506,504,2,3
2,2366,506,504,2,3
2,2367,506,504,2,3
2,2368,506,504,2,3
2,2369,506,504,2,3
2,2370,506,504,2,3
2,2371,506,504,2,3
2,2372,506,504,2,3
2,2373,506,504,2,3
2,2374,506,504,2,3
2,2375,506,504,2,3
2,2376,506,504,2,3
2,2377,506,504,2,3
2,2378,506,504,2,3
2,2379,506,504,2,3
2,2380,506,504,2,3
2,2381,506,504,2,3
2,2382,506,504,2,3
2,2383,506,504,2,3
2,2384,506,504,2,3
2,2385,506,504,2,3
2,2386,506,504,2,3
2,2387,506,504,2,3
2,2388,506,504,2,3
2,2389,506,504,2,3
2,2390,506,504,2,3
2,2391,506,504,2,3
2,2392,506,504,2,3
2,2393,506,504,2,3
2,2394,506,504,2,3
2,2395,506,504,2,3
2,2396,506,504,2,3
2,2397,506,504,2,3
2,2398,506,504,2,3
2,2399,506,504,2,3
2,2400,506,504,2,3
2,2401,506,504,2,3
2,2402,506,504,2,3
2,2403,506,504,2,3
2,2404,506,504,2,3
2,2405,506,504,2,3
2,2406,506,504,2,3
2,2407,506,504,2,3
2,2408,506,504,2,3
2,2409,506,504,2,3
2,2410,506,504,2,3
2,2411,506,504,2,3
2,2412,506,503,3,3
2,2413,506,504,2,3
2,2414,506,504,2,3
2,2415,506,504,2,3
2,2416,506,504,2,3
2,2417,506,504,2,3
2,2418,506,504,2,3
2,2419,506,504,2,3
2,2420,506,504,2,3
2,2421,506,504,2,3
2,2422,506,504,2,3
2,2423,506,504,2,3
2,2424,506,504,2,3
2,2425,506,504,2,3
2,2426,506,504,2,3
2,2427,506,504,2,3
2,2428,506,504,2,3
2,2429,506,504,2,3
2,2430,506,504,2,3
2,2431,506,504,2,3
2,2432,506,504,2,3
2,2433,506,504,2,3
2,2434,506,504,2,3
2,2435,506,504,2,3
2,2436,506,504,2,3
2,2437,506,504,2,3
2,2438,506,504,2,3
2,2439,506,504,2,3
2,2440,506,504,2,3
2,2441,506,504,2,3
2,2442,506,504,2,3
2,2443,506,504,2,3
2,2444,506,504,2,3
2,2445,506,504,2,3
2,2446,506,504,2,3
2,2447,506,504,2,3
2,2448,506,504,2,3
2,2449,506,504,2,3
2,2450,506,504,2,3
2,2451,506,504,2,3
2,2452,506,504,2,3
2,2453,506,504,2,3
2,2454,506,504,2,3
2,2455,506,504,2,3
2,2456,506,504,2,3
2,2457,506,504,2,3
2,2458,506,504,2,3
2,2459,506,504,2,3
2,2460,506,504,2,3
2,2461,506,504,2,3
2,2462,506,504,2,3
2,2463,506,504,2,3
2,2464,506,504,2,3
2,2465,506,504,2,3
2,2466,506,504,2,3
2,2467,506,504,2,3
2,2468,506,504,2,3
2,2469,506,504,2,3
2,2470,506,504,2,3
2,2471,506,504,2,3
2,2472,506,504,2,3
2,2473,506,504,2,3
2,2474,506,504,2,3
2,2475,506,504,2,3
2,2476,506,504,2,3
2,2477,506,504,2,3
2,2478,506,504,2,3
2,2479,506,504,2,3
2,2480,506,504,2,3
2,2481,506,504,2,3
2,2482,506,504,2,3
2,2483,506,504,2,3
2,2484,506,504,2,3
2,2485,506,504,2,3
2,2486,506,504,2,3
2,2487,506,504,2,3
2,2488,506,504,2,3
2,2489,506,504,2,3
2,2490,506,504,2,3
2,2491,506,504,2,3
2,2492,506,504,2,3
2,2493,506,504,2,3
2,2494,506,504,2,3
2,2495,506,504,2,3
2,2496,506,504,2,3
2,2497,506,504,2,3
2,2498,506,504,2,3
2,2499,506,504,2,3
2,2500,506,504,2,3
2,2501,506,504,2,3
2,2502,506,504,2,3
2,2503,506,504,2,3
2,2504,506,504,2,3
2,2505,506,504,2,3
2,2506,506,504,2,3
2,2507,506,504,2,3
2,2508,506,504,2,3
2,2509,506,504,2,3
2,2510,506,504,2,3
2,2511,506,504,2,3
2,2512,506,504,2,3
2,2513,506,504,2,3
2,2514,506,504,2,3
2,2515,506,504,2,3
2,2516,506,504,2,3
2,2517,506,504,2,3
2,2518,506,504,2,3
2,2519,506,504,2,3
2,2520,506,504,2,3
2,2521,506,504,2,3
2,2522,506,504,2,3
2,2523,506,504,2,3
2,2524,506,504,2,3
2,2525,506,504,2,3
2,2526,506,504,2,3
2,2527,506,504,2,3
2,2528,506,504,2,3
2,2529,506,504,2,3
2,2530,506,504,2,3
2,2531,506,503,3,3
2,2532,506,504,2,3
2,2533,506,504,2,3
2,2534,506,504,2,3
2,2535,506,504,2,3
2,2536,506,504,2,3
2,2537,506,504,2,3
2,2538,506,504,2,3
2,2539,506,504,2,3
2,2540,506,504,2,3
2,2541,506,504,2,3
2,2542,506,504,2,3
2,2543,506,504,2,3
2,2544,506,504,2,3
2,2545,506,503,3,3
2,2546,506,504,2,3
2,2547,506,504,2,3
2,2548,506,504,2,3
2,2549,506,504,2,3
2,2550,506,504,2,3
2,2551,506,504,2,3
2,2552,506,504,2,3
2,2553,506,503,3,3
2,2554,506,504,2,3
2,2555,506,504,2,3
2,2556,506,504,2,3
2,2557,506,504,2,3
2,2558,506,504,2,3
2,2559,506,504,2,3
2,2560,506,504,2,3
2,2561,506,504,2,3
2,2562,506,504,2,3
2,2563,506,504,2,3
2,2564,506,504,2,3
2,2565,506,504,2,3
2,2566,506,504,2,3
2,2567,506,504,2,3
2,2568,506,504,2,3
2,2569,506,504,2,3
2,2570,506,504,2,3
2,2571,506,504,2,3
2,2572,506,504,2,3
2,2573,506,504,2,3
2,2574,506,504,2,3
2,2575,506,504,2,3
2,2576,506,504,2,3
2,2577,506,504,2,3
2,2578,506,504,2,3
2,2579,506,503,3,3
2,2580,506,504,2,3
2,2581,506,504,2,3
2,2582,506,504,2,3
2,2583,506,504,2,3
2,2584,506,504,2,3
2,2585,506,504,2,3
2,2586,506,504,2,3
2,2587,506,504,2,3
2,2588,506,504,2,3
2,2589,506,504,2,3
2,2590,506,504,2,3
2,2591,506,504,2,3
2,2592,506,504,2,3
2,2593,506,504,2,3
2,2594,506,504,2,3
2,2595,506,504,2,3
2,2596,506,504,2,3
2,2597,506,504,2,3
2,2598,506,504,2,3
2,2599,506,503,3,3
2,2600,506,504,2,3
2,2601,506,504,2,3
2,2602,506,504,2,3
2,2603,506,504,2,3
2,2604,506,504,2,3
2,2605,506,504,2,3
2,2606,506,504,2,3
2,2607,506,504,2,3
2,2608,506,504,2,3
2,2609,506,504,2,3
2,2610,506,504,2,3
2,2611,506,504,2,3
2,2612,506,504,2,3
2,2613,506,504,2,3
2,2614,506,504,2,3
2,2615,506,504,2,3
2,2616,506,504,2,3
2,2617,506,504,2,3
2,2618,506,504,2,3
2,2619,506,504,2,3
2,2620,506,504,2,3
2,2621,506,504,2,3
2,2622,506,504,2,3
2,2623,506,504,2,3
2,2624,506,504,2,3
2,2625,506,504,2,3
2,2626,506,504,2,3
2,2627,506,504,2,3
2,2628,506,504,2,3
2,2629,506,504,2,3
2,2630,506,504,2,3
2,2631,506,504,2,3
2,2632,506,504,2,3
2,2633,506,504,2,3
2,2634,506,504,2,3
2,2635,506,504,2,3
2,2636,506,504,2,3
2,2637,506,504,2,3
2,2638,506,504,2,3
2,2639,506,504,2,3
2,2640,506,504,2,3
2,2641,506,504,2,3
2,2642,506,504,2,3
2,2643,506,504,2,3
2,2644,506,504,2,3
2,2645,506,504,2,3
2,2646,506,504,2,3
2,2647,506,504,2,3
2,2648,506,504,2,3
2,2649,506,504,2,3
2,2650,506,503,3,3
2,2651,506,504,2,3
2,2652,506,504,2,3
2,2653,506,504,2,3
2,2654,506,504,2,3
2,2655,506,504,2,3
2,2656,506,504,2,3
2,2657,506,504,2,3
2,2658,506,504,2,3
2,2659,506,504,2,3
2,2660,506,504,2,3
2,2661,506,504,2,3
2,2662,506,504,2,3
2,2663,506,504,2,3
2,2664,506,504,2,3
2,2665,506,504,2,3
2,2666,506,504,2,3
2,2667,506,504,2,3
2,2668,506,504,2,3
2,2669,506,504,2,3
2,2670,506,504,2,3
2,2671,506,504,2,3
2,2672,506,504,2,3
2,2673,506,504,2,3
2,2674,506,504,2,3
2,2675,506,504,2,3
2,2676,506,504,2,3
2,2677,506,504,2,3
2,2678,506,504,2,3
2,2679,506,504,2,3
2,2680,506,504,2,3
2,2681,506,504,2,3
2,2682,506,504,2,3
2,2683,506,504,2,3
2,2684,506,504,2,3
2,2685,506,504,2,3
2,2686,506,504,2,3
2,2687,506,504,2,3
2,2688,506,503,3,3
2,2689,506,504,2,3
2,2690,506,504,2,3
2,2691,506,504,2,3
2,2692,506,504,2,3
2,2693,506,504,2,3
2,2694,506,503,3,3
2,2695,506,504,2,3
2,2696,506,504,2,3
2,2697,506,504,2,3
2,2698,506,504,2,3
2,2699,506,503,3,3
2,2700,506,504,2,3
2,2701,506,504,2,3
2,2702,506,503,3,3
2,2703,506,504,2,3
2,2704,506,504,2,3
2,2705,506,504,2,3
2,2706,506,504,2,3
2,2707,506,504,2,3
2,2708,506,504,2,3
2,2709,506,504,2,3
2,2710,506,504,2,3
2,2711,506,504,2,3
2,2712,506,504,2,3
2,2713,506,504,2,3
2,2714,506,504,2,3
2,2715,506,504,2,3
2,2716,506,504,2,3
2,2717,506,504,2,3
2,2718,506,504,2,3
2,2719,506,503,3,3
2,2720,506,504,2,3
2,2721,506,504,2,3
2,2722,506,504,2,3
2,2723,506,504,2,3
2,2724,506,504,2,3
2,2725,506,504,2,3
2,2726,506,504,2,3
2,2727,506,504,2,3
2,2728,506,504,2,3
2,2729,506,504,2,3
2,2730,506,504,2,3
2,2731,506,504,2,3
2,2732,506,504,2,3
2,2733,506,504,2,3
2,2734,506,504,2,3
2,2735,506,504,2,3
2,2736,506,504,2,3
2,2737,506,504,2,3
2,2738,506,504,2,3
2,2739,506,504,2,3
2,2740,506,504,2,3
2,2741,506,504,2,3
2,2742,506,504,2,3
2,2743,506,504,2,3
2,2744,506,504,2,3
2,2745,506,504,2,3
2,2746,506,504,2,3
2,2747,506,504,2,3
2,2748,506,504,2,3
2,2749,506,504,2,3
2,2750,506,504,2,3
2,2751,506,504,2,3
2,2752,506,504,2,3
2,2753,506,504,2,3
2,2754,506,504,2,3
2,2755,506,504,2,3
2,2756,506,503,3,3
2,2757,506,504,2,3
2,2758,506,504,2,3
2,2759,506,504,2,3
2,2760,506,504,2,3
2,2761,506,504,2,3
2,2762,506,504,2,3
2,2763,506,504,2,3
2,2764,506,504,2,3
2,2765,506,504,2,3
2,2766,506,504,2,3
2,2767,506,504,2,3
2,2768,506,504,2,3
2,2769,506,504,2,3
2,2770,506,504,2,3
2,2771,506,504,2,3
2,2772,506,504,2,3
2,2773,506,504,2,3
2,2774,506,504,2,3
2,2775,506,504,2,3
2,2776,506,504,2,3
2,2777,506,504,2,3
2,2778,506,504,2,3
2,2779,506,504,2,3
2,2780,506,504,2,3
2,2781,506,504,2,3
2,2782,506,504,2,3
2,2783,506,504,2,3
2,2784,506,504,2,3
2,2785,506,504,2,3
2,2786,506,504,2,3
2,2787,506,504,2,3
2,2788,506,504,2,3
2,2789,506,504,2,3
2,2790,506,504,2,3
2,2791,506,504,2,3
2,2792,506,504,2,3
2,2793,506,504,2,3
2,2794,506,504,2,3
2,2795,506,504,2,3
2,2796,506,504,2,3
2,2797,506,504,2,3
2,2798,506,504,2,3
2,2799,506,504,2,3
2,2800,506,504,2,3
2,2801,506,504,2,3
2,2802,506,504,2,3
2,2803,506,504,2,3
2,2804,506,503,3,3
2,2805,506,504,2,3
2,2806,506,504,2,3
2,2807,506,504,2,3
2,2808,506,504,2,3
2,2809,506,504,2,3
2,2810,506,504,2,3
2,2811,506,504,2,3
2,2812,506,504,2,3
2,2813,506,504,2,3
2,2814,506,504,2,3
2,2815,506,504,2,3
2,2816,506,504,2,3
2,2817,506,504,2,3
2,2818,506,504,2,3
2,2819,506,504,2,3
2,2820,506,504,2,3
2,2821,506,504,2,3
2,2822,506,504,2,3
2,2823,506,504,2,3
2,2824,506,504,2,3
2,2825,506,504,2,3
2,2826,506,504,2,3
2,2827,506,504,2,3
2,2828,506,504,2,3
2,2829,506,504,2,3
2,2830,506,504,2,3
2,2831,506,504,2,3
2,2832,506,504,2,3
2,2833,506,504,2,3
2,2834,506,504,2,3
2,2835,506,504,2,3
2,2836,506,504,2,3
2,2837,506,504,2,3
2,2838,506,504,2,3
2,2839,506,504,2,3
2,2840,506,504,2,3
2,2841,506,504,2,3
2,2842,506,504,2,3
2,2843,506,504,2,3
2,2844,506,504,2,3
2,2845,506,504,2,3
2,2846,506,504,2,3
2,2847,506,504,2,3
2,2848,506,504,2,3
2,2849,506,504,2,3
2,2850,506,504,2,3
2,2851,506,504,2,3
2,2852,506,504,2,3
2,2853,506,504,2,3
2,2854,506,504,2,3
2,2855,506,504,2,3
2,2856,506,504,2,3
2,2857,506,504,2,3
2,2858,506,504,2,3
2,2859,506,504,2,3
2,2860,506,504,2,3
2,2861,506,503,3,3
2,2862,506,504,2,3
2,2863,506,504,2,3
2,2864,506,504,2,3
2,2865,506,504,2,3
2,2866,506,504,2,3
2,2867,506,504,2,3
2,2868,506,504,2,3
2,2869,506,503,3,3
2,2870,506,503,3,3
2,2871,506,504,2,3
2,2872,506,504,2,3
2,2873,506,504,2,3
2,2874,506,504,2,3
2,2875,506,504,2,3
2,2876,506,504,2,3
2,2877,506,504,2,3
2,2878,506,504,2,3
2,2879,506,504,2,3
2,2880,506,504,2,3
2,2881,506,504,2,3
2,2882,506,504,2,3
2,2883,506,504,2,3
2,2884,506,504,2,3
2,2885,506,504,2,3
2,2886,506,504,2,3
2,2887,506,504,2,3
2,2888,506,504,2,3
2,2889,506,504,2,3
2,2890,506,504,2,3
2,2891,506,504,2,3
2,2892,506,504,2,3
2,2893,506,504,2,3
2,2894,506,504,2,3
2,2895,506,504,2,3
2,2896,506,504,2,3
2,2897,506,504,2,3
2,2898,506,504,2,3
2,2899,506,504,2,3
2,2900,506,504,2,3
2,2901,506,504,2,3
2,2902,506,504,2,3
2,2903,506,504,2,3
2,2904,506,504,2,3
2,2905,506,504,2,3
2,2906,506,504,2,3
2,2907,506,504,2,3
2,2908,506,504,2,3
2,2909,506,504,2,3
2,2910,506,504,2,3
2,2911,506,504,2,3
2,2912,506,504,2,3
2,2913,506,504,2,3
2,2914,506,504,2,3
2,2915,506,504,2,3
2,2916,506,504,2,3
2,2917,506,504,2,3
2,2918,506,504,2,3
2,2919,506,504,2,3
2,2920,506,504,2,3
2,2921,506,504,2,3
2,2922,506,504,2,3
2,2923,506,504,2,3
2,2924,506,504,2,3
2,2925,506,504,2,3
2,2926,506,504,2,3
2,2927,506,504,2,3
2,2928,506,504,2,3
2,2929,506,504,2,3
2,2930,506,504,2,3
2,2931,506,504,2,3
2,2932,506,504,2,3
2,2933,506,504,2,3
2,2934,506,504,2,3
2,2935,506,504,2,3
2,2936,506,504,2,3
2,2937,506,503,3,3
2,2938,506,504,2,3
2,2939,506,504,2,3
2,2940,506,504,2,3
2,2941,506,504,2,3
2,2942,506,504,2,3
2,2943,506,504,2,3
2,2944,506,504,2,3
2,2945,506,504,2,3
2,2946,506,504,2,3
2,2947,506,504,2,3
2,2948,506,504,2,3
2,2949,506,504,2,3
2,2950,506,504,2,3
2,2951,506,504,2,3
2,2952,506,504,2,3
2,2953,506,504,2,3
2,2954,506,504,2,3
2,2955,506,504,2,3
2,2956,506,504,2,3
2,2957,506,504,2,3
2,2958,506,504,2,3
2,2959,506,504,2,3
2,2960,506,504,2,3
2,2961,506,504,2,3
2,2962,506,504,2,3
2,2963,506,504,2,3
2,2964,506,504,2,3
2,2965,506,504,2,3
2,2966,506,504,2,3
2,2967,506,504,2,3
2,2968,506,504,2,3
2,2969,506,504,2,3
2,2970,506,504,2,3
2,2971,506,504,2,3
2,2972,506,504,2,3
2,2973,506,504,2,3
2,2974,506,504,2,3
2,2975,506,504,2,3
2,2976,506,504,2,3
2,2977,506,504,2,3
2,2978,506,504,2,3
2,2979,506,504,2,3
2,2980,506,504,2,3
2,2981,506,504,2,3
2,2982,506,504,2,3
2,2983,506,504,2,3
2,2984,506,504,2,3
2,2985,506,504,2,3
2,2986,506,504,2,3
2,2987,506,504,2,3
2,2988,506,504,2,3
2,2989,506,504,2,3
2,2990,506,504,2,3
2,2991,506,504,2,3
2,2992,506,504,2,3
2,2993,506,504,2,3
2,2994,506,504,2,3
2,2995,506,504,2,3
2,2996,506,504,2,3
2,2997,506,504,2,3
2,2998,506,504,2,3
2,2999,506,504,2,3
2,3000,506,504,2,3
2,3001,506,504,2,3
2,3002,506,504,2,3
2,3003,506,504,2,3
2,3004,506,504,2,3
2,3005,506,504,2,3
2,3006,506,504,2,3
2,3007,506,504,2,3
2,3008,506,504,2,3
2,3009,506,504,2,3
2,3010,506,504,2,3
2,3011,506,504,2,3
2,3012,506,504,2,3
2,3013,506,504,2,3
2,3014,506,504,2,3
2,3015,506,504,2,3
2,3016,506,504,2,3
2,3017,506,504,2,3
2,3018,506,504,2,3
2,3019,506,504,2,3
2,3020,506,503,3,3
2,3021,506,504,2,3
2,3022,506,504,2,3
2,3023,506,504,2,3
2,3024,506,504,2,3
2,3025,506,504,2,3
2,3026,506,504,2,3
2,3027,506,504,2,3
2,3028,506,504,2,3
2,3029,506,504,2,3
2,3030,506,504,2,3
2,3031,506,504,2,3
2,3032,506,504,2,3
2,3033,506,504,2,3
2,3034,506,504,2,3
2,3035,506,504,2,3
2,3036,506,504,2,3
2,3037,506,504,2,3
2,3038,506,504,2,3
2,3039,506,504,2,3
2,3040,506,504,2,3
2,3041,506,504,2,3
2,3042,506,504,2,3
2,3043,506,504,2,3
2,3044,506,504,2,3
2,3045,506,504,2,3
2,3046,506,504,2,3
2,3047,506,504,2,3
2,3048,506,504,2,3
2,3049,506,504,2,3
2,3050,506,504,2,3
2,3051,506,504,2,3
2,3052,506,504,2,3
2,3053,506,504,2,3
2,3054,506,504,2,3
2,3055,506,504,2,3
2,3056,506,504,2,3
2,3057,506,504,2,3
2,3058,506,504,2,3
2,3059,506,504,2,3
2,3060,506,504,2,3
2,3061,506,504,2,3
2,3062,506,504,2,3
2,3063,506,504,2,3
2,3064,506,504,2,3
2,3065,506,504,2,3
2,3066,506,504,2,3
2,3067,506,504,2,3
2,3068,506,504,2,3
2,3069,506,504,2,3
2,3070,506,504,2,3
2,3071,506,503,3,3
2,3072,506,504,2,3
2,3073,506,504,2,3
2,3074,506,504,2,3
2,3075,506,504,2,3
2,3076,506,504,2,3
2,3077,506,504,2,3
2,3078,506,504,2,3
2,3079,506,504,2,3
2,3080,506,504,2,3
2,3081,506,504,2,3
2,3082,506,504,2,3
2,3083,506,504,2,3
2,3084,506,504,2,3
2,3085,506,504,2,3
2,3086,506,504,2,3
2,3087,506,504,2,3
2,3088,506,504,2,3
2,3089,506,504,2,3
2,3090,506,504,2,3
2,3091,506,504,2,3
2,3092,506,504,2,3
2,3093,506,504,2,3
2,3094,506,504,2,3
2,3095,506,504,2,3
2,3096,506,504,2,3
2,3097,506,504,2,3
2,3098,506,504,2,3
2,3099,506,504,2,3
2,3100,506,504,2,3
2,3101,506,504,2,3
2,3102,506,503,3,3
2,3103,506,504,2,3
2,3104,506,504,2,3
2,3105,506,504,2,3
2,3106,506,504,2,3
2,3107,506,503,3,3
2,3108,506,504,2,3
2,3109,506,504,2,3
2,3110,506,504,2,3
2,3111,506,504,2,3
2,3112,506,504,2,3
2,3113,506,504,2,3
2,3114,506,504,2,3
2,3115,506,504,2,3
2,3116,506,504,2,3
2,3117,506,504,2,3
2,3118,506,503,3,3
2,3119,506,504,2,3
2,3120,506,504,2,3
2,3121,506,504,2,3
2,3122,506,504,2,3
2,3123,506,504,2,3
2,3124,506,504,2,3
2,3125,506,504,2,3
2,3126,506,504,2,3
2,3127,506,504,2,3
2,3128,506,504,2,3
2,3129,506,504,2,3
2,3130,506,504,2,3
2,3131,506,504,2,3
2,3132,506,504,2,3
2,3133,506,504,2,3
2,3134,506,504,2,3
2,3135,506,504,2,3
2,3136,506,504,2,3
2,3137,506,504,2,3
2,3138,506,504,2,3
2,3139,506,504,2,3
2,3140,506,504,2,3
2,3141,506,504,2,3
2,3142,506,504,2,3
2,3143,506,504,2,3
2,3144,506,504,2,3
2,3145,506,504,2,3
2,3146,506,504,2,3
2,3147,506,504,2,3
2,3148,506,504,2,3
2,3149,506,504,2,3
2,3150,506,504,2,3
2,3151,506,504,2,3
2,3152,506,504,2,3
2,3153,506,504,2,3
2,3154,506,504,2,3
2,3155,506,504,2,3
2,3156,506,504,2,3
2,3157,506,504,2,3
2,3158,506,504,2,3
2,3159,506,504,2,3
2,3160,506,504,2,3
2,3161,506,504,2,3
2,3162,506,504,2,3
2,3163,506,504,2,3
2,3164,506,504,2,3
2,3165,506,504,2,3
2,3166,506,503,3,3
2,3167,506,504,2,3
2,3168,506,504,2,3
2,3169,506,504,2,3
2,3170,506,504,2,3
2,3171,506,503,3,3
2,3172,506,504,2,3
2,3173,506,504,2,3
2,3174,506,504,2,3
2,3175,506,504,2,3
2,3176,506,504,2,3
2,3177,506,504,2,3
2,3178,506,504,2,3
2,3179,506,504,2,3
2,3180,506,504,2,3
2,3181,506,504,2,3
2,3182,506,504,2,3
2,3183,506,504,2,3
2,3184,506,504,2,3
2,3185,506,504,2,3
2,3186,506,503,3,3
2,3187,506,504,2,3
2,3188,506,504,2,3
2,3189,506,504,2,3
2,3190,506,504,2,3
2,3191,506,504,2,3
2,3192,506,504,2,3
2,3193,506,504,2,3
2,3194,506,504,2,3
2,3195,506,504,2,3
2,3196,506,504,2,3
2,3197,506,504,2,3
2,3198,506,504,2,3
2,3199,506,504,2,3
2,3200,506,504,2,3
2,3201,506,504,2,3
2,3202,506,504,2,3
2,3203,506,504,2,3
2,3204,506,504,2,3
2,3205,506,504,2,3
2,3206,506,504,2,3
2,3207,506,504,2,3
2,3208,506,503,3,3
2,3209,506,504,2,3
2,3210,506,504,2,3
2,3211,506,504,2,3
2,3212,506,504,2,3
2,3213,506,504,2,3
2,3214,506,504,2,3
2,3215,506,504,2,3
2,3216,506,504,2,3
2,3217,506,504,2,3
2,3218,506,504,2,3
2,3219,506,504,2,3
2,3220,506,504,2,3
2,3221,506,503,3,3
2,3222,506,504,2,3
2,3223,506,504,2,3
2,3224,506,504,2,3
2,3225,506,504,2,3
2,3226,506,504,2,3
2,3227,506,504,2,3
2,3228,506,504,2,3
2,3229,506,504,2,3
2,3230,506,504,2,3
2,3231,506,504,2,3
2,3232,506,504,2,3
2,3233,506,504,2,3
2,3234,506,504,2,3
2,3235,506,504,2,3
2,3236,506,504,2,3
2,3237,506,504,2,3
2,3238,506,504,2,3
2,3239,506,504,2,3
2,3240,506,504,2,3
2,3241,506,504,2,3
2,3242,506,504,2,3
2,3243,506,504,2,3
2,3244,506,504,2,3
2,3245,506,504,2,3
2,3246,506,504,2,3
2,3247,506,504,2,3
2,3248,506,504,2,3
2,3249,506,504,2,3
2,3250,506,504,2,3
2,3251,506,504,2,3
2,3252,506,504,2,3
2,3253,506,504,2,3
2,3254,506,504,2,3
2,3255,506,504,2,3
2,3256,506,504,2,3
2,3257,506,504,2,3
2,3258,506,504,2,3
2,3259,506,504,2,3
2,3260,506,504,2,3
2,3261,506,504,2,3
2,3262,506,504,2,3
2,3263,506,504,2,3
2,3264,506,504,2,3
2,3265,506,504,2,3
2,3266,506,504,2,3
2,3267,506,504,2,3
2,3268,506,504,2,3
2,3269,506,503,3,3
2,3270,506,504,2,3
2,3271,506,503,3,3
2,3272,506,504,2,3
2,3273,506,504,2,3
2,3274,506,504,2,3
2,3275,506,503,3,3
2,3276,506,504,2,3
2,3277,506,504,2,3
2,3278,506,504,2,3
2,3279,506,504,2,3
2,3280,506,504,2,3
2,3281,506,504,2,3
2,3282,506,504,2,3
2,3283,506,504,2,3
2,3284,506,504,2,3
2,3285,506,504,2,3
2,3286,506,503,3,3
2,3287,506,504,2,3
2,3288,506,504,2,3
2,3289,506,504,2,3
2,3290,506,504,2,3
2,3291,506,504,2,3
2,3292,506,504,2,3
2,3293,506,504,2,3
2,3294,506,504,2,3
2,3295,506,503,3,3
2,3296,506,504,2,3
2,3297,506,504,2,3
2,3298,506,504,2,3
2,3299,506,504,2,3
2,3300,506,504,2,3
2,3301,506,504,2,3
2,3302,506,503,3,3
2,3303,506,504,2,3
2,3304,506,504,2,3
2,3305,506,504,2,3
2,3306,506,504,2,3
2,3307,506,503,3,3
2,3308,506,504,2,3
2,3309,506,504,2,3
2,3310,506,504,2,3
2,3311,506,503,3,3
2,3312,506,504,2,3
2,3313,506,504,2,3
2,3314,506,504,2,3
2,3315,506,504,2,3
2,3316,506,504,2,3
2,3317,506,504,2,3
2,3318,506,504,2,3
2,3319,506,504,2,3
2,3320,506,504,2,3
2,3321,506,504,2,3
2,3322,506,504,2,3
2,3323,506,504,2,3
2,3324,506,504,2,3
2,3325,506,504,2,3
2,3326,506,504,2,3
2,3327,506,504,2,3
2,3328,506,504,2,3
2,3329,506,504,2,3
2,3330,506,504,2,3
2,3331,506,504,2,3
2,3332,506,504,2,3
2,3333,506,504,2,3
2,3334,506,504,2,3
2,3335,506,504,2,3
2,3336,506,504,2,3
2,3337,506,504,2,3
2,3338,506,504,2,3
2,3339,506,504,2,3
2,3340,506,503,3,3
2,3341,506,504,2,3
2,3342,506,504,2,3
2,3343,506,504,2,3
2,3344,506,504,2,3
2,3345,506,504,2,3
2,3346,506,504,2,3
2,3347,506,504,2,3
2,3348,506,504,2,3
2,3349,506,504,2,3
2,3350,506,504,2,3
2,3351,506,504,2,3
2,3352,506,504,2,3
2,3353,506,504,2,3
2,3354,506,504,2,3
2,3355,506,504,2,3
2,3356,506,504,2,3
2,3357,506,504,2,3
2,3358,506,504,2,3
2,3359,506,504,2,3
2,3360,506,504,2,3
2,3361,506,504,2,3
2,3362,506,504,2,3
2,3363,506,504,2,3
2,3364,506,504,2,3
2,3365,506,504,2,3
2,3366,506,504,2,3
2,3367,506,504,2,3
2,3368,506,504,2,3
2,3369,506,504,2,3
2,3370,506,504,2,3
2,3371,506,504,2,3
2,3372,506,504,2,3
2,3373,506,504,2,3
2,3374,506,504,2,3
2,3375,506,504,2,3
2,3376,506,504,2,3
2,3377,506,504,2,3
2,3378,506,503,3,3
2,3379,506,504,2,3
2,3380,506,504,2,3
2,3381,506,504,2,3
2,3382,506,504,2,3
2,3383,506,504,2,3
2,3384,506,504,2,3
2,3385,506,504,2,3
2,3386,506,504,2,3
2,3387,506,504,2,3
2,3388,506,504,2,3
2,3389,506,504,2,3
2,3390,506,504,2,3
2,3391,506,504,2,3
2,3392,506,503,3,3
2,3393,506,504,2,3
2,3394,506,504,2,3
2,3395,506,504,2,3
2,3396,506,503,3,3
2,3397,506,504,2,3
2,3398,506,504,2,3
2,3399,506,504,2,3
2,3400,506,504,2,3
2,3401,506,504,2,3
2,3402,506,504,2,3
2,3403,506,504,2,3
2,3404,506,503,3,3
2,3405,506,504,2,3
2,3406,506,504,2,3
2,3407,506,504,2,3
2,3408,506,504,2,3
2,3409,506,504,2,3
2,3410,506,504,2,3
2,3411,506,504,2,3
2,3412,506,504,2,3
2,3413,506,504,2,3
2,3414,506,504,2,3
2,3415,506,504,2,3
2,3416,506,504,2,3
2,3417,506,504,2,3
2,3418,506,504,2,3
2,3419,506,504,2,3
2,3420,506,504,2,3
2,3421,506,504,2,3
2,3422,506,504,2,3
2,3423,506,504,2,3
2,3424,506,504,2,3
2,3425,506,504,2,3
2,3426,506,504,2,3
2,3427,506,504,2,3
2,3428,506,504,2,3
2,3429,506,504,2,3
2,3430,506,504,2,3
2,3431,506,504,2,3
2,3432,506,504,2,3
2,3433,506,504,2,3
2,3434,506,504,2,3
2,3435,506,504,2,3
2,3436,506,504,2,3
2,3437,506,504,2,3
2,3438,506,504,2,3
2,3439,506,504,2,3
2,3440,506,503,3,3
2,3441,506,504,2,3
2,3442,506,504,2,3
2,3443,506,504,2,3
2,3444,506,504,2,3
2,3445,506,504,2,3
2,3446,506,504,2,3
2,3447,506,504,2,3
2,3448,506,504,2,3
2,3449,506,504,2,3
2,3450,506,504,2,3
2,3451,506,504,2,3
2,3452,506,504,2,3
2,3453,506,504,2,3
2,3454,506,504,2,3
2,3455,506,504,2,3
2,3456,506,504,2,3
2,3457,506,504,2,3
2,3458,506,504,2,3
2,3459,506,504,2,3
2,3460,506,503,3,3
2,3461,506,504,2,3
2,3462,506,504,2,3
2,3463,506,504,2,3
2,3464,506,504,2,3
2,3465,506,504,2,3
2,3466,506,504,2,3
2,3467,506,504,2,3
2,3468,506,504,2,3
2,3469,506,504,2,3
2,3470,506,504,2,3
2,3471,506,504,2,3
2,3472,506,504,2,3
2,3473,506,503,3,3
2,3474,506,504,2,3
2,3475,506,504,2,3
2,3476,506,504,2,3
2,3477,506,504,2,3
2,3478,506,504,2,3
2,3479,506,504,2,3
2,3480,506,504,2,3
2,3481,506,504,2,3
2,3482,506,504,2,3
2,3483,506,504,2,3
2,3484,506,504,2,3
2,3485,506,504,2,3
2,3486,506,504,2,3
2,3487,506,504,2,3
2,3488,506,504,2,3
2,3489,506,504,2,3
2,3490,506,504,2,3
2,3491,506,504,2,3
2,3492,506,504,2,3
2,3493,506,504,2,3
2,3494,506,504,2,3
2,3495,506,504,2,3
2,3496,506,504,2,3
2,3497,506,504,2,3
2,3498,506,504,2,3
2,3499,506,504,2,3
2,3500,506,504,2,3
2,3501,506,504,2,3
2,3502,506,504,2,3
2,3503,506,504,2,3
2,3504,506,504,2,3
2,3505,506,504,2,3
2,3506,506,504,2,3
2,3507,506,504,2,3
2,3508,506,504,2,3
2,3509,506,504,2,3
2,3510,506,504,2,3
2,3511,506,504,2,3
2,3512,506,504,2,3
2,3513,506,504,2,3
2,3514,506,504,2,3
2,3515,506,504,2,3
2,3516,506,504,2,3
2,3517,506,504,2,3
2,3518,506,504,2,3
2,3519,506,504,2,3
2,3520,506,504,2,3
2,3521,506,504,2,3
2,3522,506,504,2,3
2,3523,506,504,2,3
2,3524,506,504,2,3
2,3525,506,504,2,3
2,3526,506,504,2,3
2,3527,506,504,2,3
2,3528,506,503,3,3
2,3529,506,504,2,3
2,3530,506,504,2,3
2,3531,506,504,2,3
2,3532,506,504,2,3
2,3533,506,504,2,3
2,3534,506,504,2,3
2,3535,506,504,2,3
2,3536,506,504,2,3
2,3537,506,504,2,3
2,3538,506,504,2,3
2,3539,506,504,2,3
2,3540,506,504,2,3
2,3541,506,504,2,3
2,3542,506,504,2,3
2,3543,506,504,2,3
2,3544,506,504,2,3
2,3545,506,504,2,3
2,3546,506,504,2,3
2,3547,506,504,2,3
2,3548,506,504,2,3
2,3549,506,504,2,3
2,3550,506,504,2,3
2,3551,506,504,2,3
2,3552,506,504,2,3
2,3553,506,504,2,3
2,3554,506,504,2,3
2,3555,506,504,2,3
2,3556,506,504,2,3
2,3557,506,504,2,3
2,3558,506,504,2,3
2,3559,506,504,2,3
2,3560,506,504,2,3
2,3561,506,504,2,3
2,3562,506,504,2,3
2,3563,506,504,2,3
2,3564,506,504,2,3
2,3565,506,504,2,3
2,3566,506,504,2,3
2,3567,506,504,2,3
2,3568,506,504,2,3
2,3569,506,504,2,3
2,3570,506,504,2,3
2,3571,506,504,2,3
2,3572,506,504,2,3
2,3573,506,504,2,3
2,3574,506,504,2,3
2,3575,506,504,2,3
2,3576,506,504,2,3
2,3577,506,504,2,3
2,3578,506,504,2,3
2,3579,506,504,2,3
2,3580,506,504,2,3
2,3581,506,504,2,3
2,3582,506,504,2,3
2,3583,506,504,2,3
2,3584,506,504,2,3
2,3585,506,504,2,3
2,3586,506,504,2,3
2,3587,506,504,2,3
2,3588,506,504,2,3
2,3589,506,504,2,3
2,3590,506,504,2,3
2,3591,506,504,2,3
2,3592,506,504,2,3
2,3593,506,504,2,3
2,3594,506,504,2,3
2,3595,506,504,2,3
2,3596,506,504,2,3
2,3597,506,504,2,3
2,3598,506,504,2,3
2,3599,506,504,2,3
2,3600,506,504,2,3
2,3601,506,504,2,3
2,3602,506,504,2,3
2,3603,506,504,2,3
2,3604,506,504,2,3
2,3605,506,503,3,3
2,3606,506,504,2,3
2,3607,506,504,2,3
2,3608,506,504,2,3
2,3609,506,504,2,3
2,3610,506,504,2,3
2,3611,506,504,2,3
2,3612,506,504,2,3
2,3613,506,504,2,3
2,3614,506,504,2,3
2,3615,506,504,2,3
2,3616,506,504,2,3
2,3617,506,504,2,3
2,3618,506,503,3,3
2,3619,506,504,2,3
2,3620,506,504,2,3
2,3621,506,504,2,3
2,3622,506,504,2,3
2,3623,506,504,2,3
2,3624,506,504,2,3
2,3625,506,504,2,3
2,3626,506,504,2,3
2,3627,506,504,2,3
2,3628,506,504,2,3
2,3629,506,504,2,3
2,3630,506,504,2,3
2,3631,506,504,2,3
2,3632,506,504,2,3
2,3633,506,504,2,3
2,3634,506,504,2,3
2,3635,506,504,2,3
2,3636,506,504,2,3
2,3637,506,504,2,3
2,3638,506,504,2,3
2,3639,506,504,2,3
2,3640,506,504,2,3
2,3641,506,504,2,3
2,3642,506,504,2,3
2,3643,506,504,2,3
2,3644,506,504,2,3
2,3645,506,504,2,3
2,3646,506,504,2,3
2,3647,506,504,2,3
2,3648,506,504,2,3
2,3649,506,504,2,3
2,3650,506,504,2,3
2,3651,506,504,2,3
2,3652,506,504,2,3
2,3653,506,504,2,3
2,3654,506,504,2,3
2,3655,506,504,2,3
2,3656,506,504,2,3
2,3657,506,504,2,3
2,3658,506,504,2,3
2,3659,506,504,2,3
2,3660,506,504,2,3
2,3661,506,504,2,3
2,3662,506,504,2,3
2,3663,506,504,2,3
2,3664,506,504,2,3
2,3665,506,504,2,3
2,3666,506,504,2,3
2,3667,506,504,2,3
2,3668,506,504,2,3
2,3669,506,504,2,3
2,3670,506,504,2,3
2,3671,506,504,2,3
2,3672,506,504,2,3
2,3673,506,503,3,3
2,3674,506,504,2,3
2,3675,506,504,2,3
2,3676,506,504,2,3
2,3677,506,504,2,3
2,3678,506,504,2,3
2,3679,506,504,2,3
2,3680,506,504,2,3
2,3681,506,504,2,3
2,3682,506,504,2,3
2,3683,506,504,2,3
2,3684,506,504,2,3
2,3685,506,504,2,3
2,3686,506,504,2,3
2,3687,506,504,2,3
2,3688,506,504,2,3
2,3689,506,504,2,3
2,3690,506,504,2,3
2,3691,506,504,2,3
2,3692,506,504,2,3
2,3693,506,504,2,3
2,3694,506,504,2,3
2,3695,506,504,2,3
2,3696,506,504,2,3
2,3697,506,504,2,3
2,3698,506,504,2,3
2,3699,506,504,2,3
2,3700,506,504,2,3
2,3701,506,504,2,3
2,3702,506,504,2,3
2,3703,506,504,2,3
2,3704,506,504,2,3
2,3705,506,504,2,3
2,3706,506,504,2,3
2,3707,506,504,2,3
2,3708,506,504,2,3
2,3709,506,504,2,3
2,3710,506,504,2,3
2,3711,506,504,2,3
2,3712,506,504,2,3
2,3713,506,504,2,3
2,3714,506,504,2,3
2,3715,506,504,2,3
2,3716,506,504,2,3
2,3717,506,504,2,3
2,3718,506,504,2,3
2,3719,506,504,2,3
2,3720,506,504,2,3
2,3721,506,504,2,3
2,3722,506,504,2,3
2,3723,506,504,2,3
2,3724,506,504,2,3
2,3725,506,504,2,3
2,3726,506,504,2,3
2,3727,506,504,2,3
2,3728,506,504,2,3
2,3729,506,504,2,3
2,3730,506,504,2,3
2,3731,506,504,2,3
2,3732,506,504,2,3
2,3733,506,504,2,3
2,3734,506,504,2,3
2,3735,506,504,2,3
2,3736,506,504,2,3
2,3737,506,504,2,3
2,3738,506,504,2,3
2,3739,506,504,2,3
2,3740,506,504,2,3
2,3741,506,504,2,3
2,3742,506,504,2,3
2,3743,506,504,2,3
2,3744,506,504,2,3
2,3745,506,504,2,3
2,3746,506,504,2,3
2,3747,506,504,2,3
2,3748,506,504,2,3
2,3749,506,504,2,3
2,3750,506,504,2,3
2,3751,506,504,2,3
2,3752,506,504,2,3
2,3753,506,504,2,3
2,3754,506,504,2,3
2,3755,506,504,2,3
2,3756,506,504,2,3
2,3757,506,504,2,3
2,3758,506,504,2,3
2,3759,506,504,2,3
2,3760,506,504,2,3
2,3761,506,504,2,3
2,3762,506,504,2,3
2,3763,506,504,2,3
2,3764,506,504,2,3
2,3765,506,504,2,3
2,3766,506,504,2,3
2,3767,506,504,2,3
2,3768,506,504,2,3
2,3769,506,504,2,3
2,3770,506,504,2,3
2,3771,506,504,2,3
2,3772,506,504,2,3
2,3773,506,504,2,3
2,3774,506,504,2,3
2,3775,506,504,2,3
2,3776,506,504,2,3
2,3777,506,504,2,3
2,3778,506,504,2,3
2,3779,506,504,2,3
2,3780,506,504,2,3
2,3781,506,504,2,3
2,3782,506,504,2,3
2,3783,506,504,2,3
2,3784,506,503,3,3
2,3785,506,504,2,3
2,3786,506,504,2,3
2,3787,506,504,2,3
2,3788,506,504,2,3
2,3789,506,504,2,3
2,3790,506,504,2,3
2,3791,506,504,2,3
2,3792,506,504,2,3
2,3793,506,504,2,3
2,3794,506,503,3,3
2,3795,506,504,2,3
2,3796,506,504,2,3
2,3797,506,504,2,3
2,3798,506,504,2,3
2,3799,506,504,2,3
2,3800,506,504,2,3
2,3801,506,504,2,3
2,3802,506,504,2,3
2,3803,506,504,2,3
2,3804,506,504,2,3
2,3805,506,504,2,3
2,3806,506,504,2,3
2,3807,506,504,2,3
2,3808,506,504,2,3
2,3809,506,504,2,3
2,3810,506,504,2,3
2,3811,506,504,2,3
2,3812,506,504,2,3
2,3813,506,504,2,3
2,3814,506,504,2,3
2,3815,506,504,2,3
2,3816,506,504,2,3
2,3817,506,504,2,3
2,3818,506,504,2,3
2,3819,506,504,2,3
2,3820,506,504,2,3
2,3821,506,504,2,3
2,3822,506,504,2,3
2,3823,506,504,2,3
2,3824,506,504,2,3
2,3825,506,504,2,3
2,3826,506,504,2,3
2,3827,506,504,2,3
2,3828,506,504,2,3
2,3829,506,504,2,3
2,3830,506,504,2,3
2,3831,506,504,2,3
2,3832,506,504,2,3
2,3833,506,504,2,3
2,3834,506,504,2,3
2,3835,506,504,2,3
2,3836,506,504,2,3
2,3837,506,504,2,3
2,3838,506,504,2,3
2,3839,506,504,2,3
2,3840,506,503,3,3
2,3841,506,504,2,3
2,3842,506,504,2,3
2,3843,506,504,2,3
2,3844,506,504,2,3
2,3845,506,504,2,3
2,3846,506,504,2,3
2,3847,506,504,2,3
2,3848,506,504,2,3
2,3849,506,504,2,3
2,3850,506,504,2,3
2,3851,506,504,2,3
2,3852,506,504,2,3
2,3853,506,504,2,3
2,3854,506,504,2,3
2,3855,506,504,2,3
2,3856,506,504,2,3
2,3857,506,504,2,3
2,3858,506,504,2,3
2,3859,506,504,2,3
2,3860,506,504,2,3
2,3861,506,504,2,3
2,3862,506,504,2,3
2,3863,506,504,2,3
2,3864,506,504,2,3
2,3865,506,504,2,3
2,3866,506,504,2,3
2,3867,506,504,2,3
2,3868,506,504,2,3
2,3869,506,504,2,3
2,3870,506,503,3,3
2,3871,506,504,2,3
2,3872,506,504,2,3
2,3873,506,504,2,3
2,3874,506,504,2,3
2,3875,506,504,2,3
2,3876,506,503,3,3
2,3877,506,504,2,3
2,3878,506,504,2,3
2,3879,506,504,2,3
2,3880,506,504,2,3
2,3881,506,504,2,3
2,3882,506,504,2,3
2,3883,506,503,3,3
2,3884,506,504,2,3
2,3885,506,504,2,3
2,3886,506,504,2,3
2,3887,506,504,2,3
2,3888,506,504,2,3
2,3889,506,504,2,3
2,3890,506,504,2,3
2,3891,506,504,2,3
2,3892,506,504,2,3
2,3893,506,503,3,3
2,3894,506,504,2,3
2,3895,506,504,2,3
2,3896,506,503,3,3
2,3897,506,504,2,3
2,3898,506,504,2,3
2,3899,506,503,3,3
2,3900,506,504,2,3
2,3901,506,504,2,3
2,3902,506,504,2,3
2,3903,506,504,2,3
2,3904,506,504,2,3
2,3905,506,504,2,3
2,3906,506,504,2,3
2,3907,506,504,2,3
2,3908,506,504,2,3
2,3909,506,504,2,3
2,3910,506,504,2,3
2,3911,506,504,2,3
2,3912,506,504,2,3
2,3913,506,504,2,3
2,3914,506,504,2,3
2,3915,506,504,2,3
2,3916,506,504,2,3
2,3917,506,504,2,3
2,3918,506,504,2,3
2,3919,506,504,2,3
2,3920,506,504,2,3
2,3921,506,504,2,3
2,3922,506,504,2,3
2,3923,506,504,2,3
2,3924,506,504,2,3
2,3925,506,504,2,3
2,3926,506,504,2,3
2,3927,506,504,2,3
2,3928,506,504,2,3
2,3929,506,504,2,3
2,3930,506,504,2,3
2,3931,506,503,3,3
2,3932,506,504,2,3
2,3933,506,504,2,3
2,3934,506,504,2,3
2,3935,506,504,2,3
2,3936,506,504,2,3
2,3937,506,504,2,3
2,3938,506,504,2,3
2,3939,506,504,2,3
2,3940,506,504,2,3
2,3941,506,504,2,3
2,3942,506,504,2,3
2,3943,506,504,2,3
2,3944,506,504,2,3
2,3945,506,504,2,3
2,3946,506,504,2,3
2,3947,506,504,2,3
2,3948,506,504,2,3
2,3949,506,504,2,3
2,3950,506,504,2,3
2,3951,506,504,2,3
2,3952,506,504,2,3
2,3953,506,504,2,3
2,3954,506,504,2,3
2,3955,506,504,2,3
2,3956,506,504,2,3
2,3957,506,504,2,3
2,3958,506,504,2,3
2,3959,506,504,2,3
2,3960,506,504,2,3
2,3961,506,504,2,3
2,3962,506,504,2,3
2,3963,506,504,2,3
2,3964,506,504,2,3
2,3965,506,504,2,3
2,3966,506,504,2,3
2,3967,506,504,2,3
2,3968,506,504,2,3
2,3969,506,504,2,3
2,3970,506,504,2,3
2,3971,506,504,2,3
2,3972,506,504,2,3
2,3973,506,504,2,3
2,3974,506,503,3,3
2,3975,506,504,2,3
2,3976,506,504,2,3
2,3977,506,504,2,3
2,3978,506,504,2,3
2,3979,506,504,2,3
2,3980,506,504,2,3
2,3981,506,504,2,3
2,3982,506,504,2,3
2,3983,506,504,2,3
2,3984,506,504,2,3
2,3985,506,504,2,3
2,3986,506,504,2,3
2,3987,506,504,2,3
2,3988,506,504,2,3
2,3989,506,504,2,3
2,3990,506,504,2,3
2,3991,506,504,2,3
2,3992,506,504,2,3
2,3993,506,504,2,3
2,3994,506,504,2,3
2,3995,506,504,2,3
2,3996,506,504,2,3
2,3997,506,504,2,3
2,3998,506,504,2,3
2,3999,506,504,2,3
2,4000,506,504,2,3
2,4001,506,504,2,3
2,4002,506,504,2,3
2,4003,506,504,2,3
2,4004,506,504,2,3
2,4005,506,504,2,3
2,4006,506,504,2,3
2,4007,506,504,2,3
2,4008,506,504,2,3
2,4009,506,504,2,3
2,4010,506,504,2,3
2,4011,506,504,2,3
2,4012,506,504,2,3
2,4013,506,504,2,3
2,4014,506,504,2,3
2,4015,506,504,2,3
2,4016,506,504,2,3
2,4017,506,504,2,3
2,4018,506,504,2,3
2,4019,506,504,2,3
2,4020,506,504,2,3
2,4021,506,504,2,3
2,4022,506,504,2,3
2,4023,506,504,2,3
2,4024,506,504,2,3
2,4025,506,504,2,3
2,4026,506,504,2,3
2,4027,506,504,2,3
2,4028,506,504,2,3
2,4029,506,504,2,3
2,4030,506,504,2,3
2,4031,506,504,2,3
2,4032,506,504,2,3
2,4033,506,504,2,3
2,4034,506,504,2,3
2,4035,506,504,2,3
2,4036,506,504,2,3
2,4037,506,504,2,3
2,4038,506,504,2,3
2,4039,506,504,2,3
2,4040,506,504,2,3
2,4041,506,504,2,3
2,4042,506,504,2,3
2,4043,506,504,2,3
2,4044,506,504,2,3
2,4045,506,504,2,3
2,4046,506,504,2,3
2,4047,506,504,2,3
2,4048,506,504,2,3
2,4049,506,504,2,3
2,4050,506,504,2,3
2,4051,506,504,2,3
2,4052,506,504,2,3
2,4053,506,504,2,3
2,4054,506,504,2,3
2,4055,506,504,2,3
2,4056,506,504,2,3
2,4057,506,504,2,3
2,4058,506,504,2,3
2,4059,506,504,2,3
2,4060,506,504,2,3
2,4061,506,504,2,3
2,4062,506,504,2,3
2,4063,506,504,2,3
2,4064,506,504,2,3
2,4065,506,504,2,3
2,4066,506,504,2,3
2,4067,506,504,2,3
2,4068,506,504,2,3
2,4069,506,504,2,3
2,4070,506,504,2,3
2,4071,506,503,3,3
2,4072,506,504,2,3
2,4073,506,504,2,3
2,4074,506,504,2,3
2,4075,506,504,2,3
2,4076,506,504,2,3
2,4077,506,504,2,3
2,4078,506,504,2,3
2,4079,506,504,2,3
2,4080,506,503,3,3
2,4081,506,504,2,3
2,4082,506,504,2,3
2,4083,506,504,2,3
2,4084,506,504,2,3
2,4085,506,504,2,3
2,4086,506,504,2,3
2,4087,506,504,2,3
2,4088,506,504,2,3
2,4089,506,504,2,3
2,4090,506,504,2,3
2,4091,506,504,2,3
2,4092,506,504,2,3
2,4093,506,504,2,3
2,4094,506,504,2,3
2,4095,506,504,2,3
2,4096,506,504,2,3
2,4097,506,504,2,3
2,4098,506,503,3,3
2,4099,506,504,2,3
2,4100,506,504,2,3
2,4101,506,504,2,3
2,4102,506,504,2,3
2,4103,506,504,2,3
2,4104,506,504,2,3
2,4105,506,504,2,3
2,4106,506,504,2,3
2,4107,506,504,2,3
2,4108,506,504,2,3
2,4109,506,504,2,3
2,4110,506,504,2,3
2,4111,506,504,2,3
2,4112,506,504,2,3
2,4113,506,504,2,3
2,4114,506,504,2,3
2,4115,506,504,2,3
2,4116,506,504,2,3
2,4117,506,504,2,3
2,4118,506,504,2,3
2,4119,506,504,2,3
2,4120,506,504,2,3
2,4121,506,503,3,3
2,4122,506,504,2,3
2,4123,506,504,2,3
2,4124,506,504,2,3
2,4125,506,504,2,3
2,4126,506,504,2,3
2,4127,506,504,2,3
2,4128,506,504,2,3
2,4129,506,504,2,3
2,4130,506,504,2,3
2,4131,506,504,2,3
2,4132,506,504,2,3
2,4133,506,504,2,3
2,4134,506,504,2,3
2,4135,506,504,2,3
2,4136,506,504,2,3
2,4137,506,504,2,3
2,4138,506,504,2,3
2,4139,506,504,2,3
2,4140,506,504,2,3
2,4141,506,504,2,3
2,4142,506,504,2,3
2,4143,506,504,2,3
2,4144,506,504,2,3
2,4145,506,504,2,3
2,4146,506,504,2,3
2,4147,506,504,2,3
2,4148,506,504,2,3
2,4149,506,504,2,3
2,4150,506,504,2,3
2,4151,506,504,2,3
2,4152,506,504,2,3
2,4153,506,504,2,3
2,4154,506,504,2,3
2,4155,506,504,2,3
2,4156,506,504,2,3
2,4157,506,504,2,3
2,4158,506,504,2,3
2,4159,506,504,2,3
2,4160,506,504,2,3
2,4161,506,504,2,3
2,4162,506,504,2,3
2,4163,506,504,2,3
2,4164,506,504,2,3
2,4165,506,504,2,3
2,4166,506,504,2,3
2,4167,506,504,2,3
2,4168,506,504,2,3
2,4169,506,504,2,3
2,4170,506,504,2,3
2,4171,506,504,2,3
2,4172,506,504,2,3
2,4173,506,504,2,3
2,4174,506,504,2,3
2,4175,506,504,2,3
2,4176,506,504,2,3
2,4177,506,504,2,3
2,4178,506,504,2,3
2,4179,506,504,2,3
2,4180,506,504,2,3
2,4181,506,504,2,3
2,4182,506,504,2,3
2,4183,506,504,2,3
2,4184,506,504,2,3
2,4185,506,504,2,3
2,4186,506,504,2,3
2,4187,506,504,2,3
2,4188,506,504,2,3
2,4189,506,504,2,3
2,4190,506,504,2,3
2,4191,506,504,2,3
2,4192,506,504,2,3
2,4193,506,504,2,3
2,4194,506,504,2,3
2,4195,506,504,2,3
2,4196,506,504,2,3
2,4197,506,504,2,3
2,4198,506,504,2,3
2,4199,506,504,2,3
2,4200,506,504,2,3
2,4201,506,504,2,3
2,4202,506,504,2,3
2,4203,506,504,2,3
2,4204,506,504,2,3
2,4205,506,504,2,3
2,4206,506,504,2,3
2,4207,506,504,2,3
2,4208,506,504,2,3
2,4209,506,504,2,3
2,4210,506,504,2,3
2,4211,506,504,2,3
2,4212,506,504,2,3
2,4213,506,504,2,3
2,4214,506,504,2,3
2,4215,506,504,2,3
2,4216,506,504,2,3
2,4217,506,504,2,3
2,4218,506,504,2,3
2,4219,506,504,2,3
2,4220,506,504,2,3
2,4221,506,504,2,3
2,4222,506,504,2,3
2,4223,506,503,3,3
2,4224,506,504,2,3
2,4225,506,504,2,3
2,4226,506,504,2,3
2,4227,506,504,2,3
2,4228,506,504,2,3
2,4229,506,504,2,3
2,4230,506,504,2,3
2,4231,506,504,2,3
2,4232,506,504,2,3
2,4233,506,504,2,3
2,4234,506,504,2,3
2,4235,506,503,3,3
2,4236,506,504,2,3
2,4237,506,504,2,3
2,4238,506,504,2,3
2,4239,506,504,2,3
2,4240,506,504,2,3
2,4241,506,504,2,3
2,4242,506,504,2,3
2,4243,506,504,2,3
2,4244,506,504,2,3
2,4245,506,504,2,3
2,4246,506,504,2,3
2,4247,506,504,2,3
2,4248,506,504,2,3
2,4249,506,504,2,3
2,4250,506,504,2,3
2,4251,506,504,2,3
2,4252,506,504,2,3
2,4253,506,504,2,3
2,4254,506,504,2,3
2,4255,506,504,2,3
2,4256,506,504,2,3
2,4257,506,504,2,3
2,4258,506,504,2,3
2,4259,506,504,2,3
2,4260,506,504,2,3
2,4261,506,504,2,3
2,4262,506,504,2,3
2,4263,506,504,2,3
2,4264,506,504,2,3
2,4265,506,504,2,3
2,4266,506,504,2,3
2,4267,506,504,2,3
2,4268,506,504,2,3
2,4269,506,504,2,3
2,4270,506,504,2,3
2,4271,506,504,2,3
2,4272,506,504,2,3
2,4273,506,504,2,3
2,4274,506,504,2,3
2,4275,506,504,2,3
2,4276,506,504,2,3
2,4277,506,504,2,3
2,4278,506,504,2,3
2,4279,506,504,2,3
2,4280,506,504,2,3
2,4281,506,504,2,3
2,4282,506,504,2,3
2,4283,506,504,2,3
2,4284,506,504,2,3
2,4285,506,504,2,3
2,4286,506,504,2,3
2,4287,506,504,2,3
2,4288,506,504,2,3
2,4289,506,504,2,3
2,4290,506,504,2,3
2,4291,506,504,2,3
2,4292,506,504,2,3
2,4293,506,504,2,3
2,4294,506,504,2,3
2,4295,506,504,2,3
2,4296,506,504,2,3
2,4297,506,504,2,3
2,4298,506,504,2,3
2,4299,506,504,2,3
2,4300,506,504,2,3
2,4301,506,504,2,3
2,4302,506,504,2,3
2,4303,506,503,3,3
2,4304,506,504,2,3
2,4305,506,504,2,3
2,4306,506,504,2,3
2,4307,506,504,2,3
2,4308,506,504,2,3
2,4309,506,504,2,3
2,4310,506,504,2,3
2,4311,506,504,2,3
2,4312,506,504,2,3
2,4313,506,504,2,3
2,4314,506,504,2,3
2,4315,506,504,2,3
2,4316,506,504,2,3
2,4317,506,504,2,3
2,4318,506,504,2,3
2,4319,506,504,2,3
2,4320,506,504,2,3
2,4321,506,504,2,3
2,4322,506,504,2,3
2,4323,506,504,2,3
2,4324,506,504,2,3
2,4325,506,504,2,3
2,4326,506,504,2,3
2,4327,506,504,2,3
2,4328,506,504,2,3
2,4329,506,504,2,3
2,4330,506,504,2,3
2,4331,506,504,2,3
2,4332,506,504,2,3
2,4333,506,504,2,3
2,4334,506,504,2,3
2,4335,506,504,2,3
2,4336,506,504,2,3
2,4337,506,504,2,3
2,4338,506,504,2,3
2,4339,506,504,2,3
2,4340,506,504,2,3
2,4341,506,504,2,3
2,4342,506,504,2,3
2,4343,506,504,2,3
2,4344,506,504,2,3
2,4345,506,504,2,3
2,4346,506,504,2,3
2,4347,506,504,2,3
2,4348,506,504,2,3
2,4349,506,504,2,3
2,4350,506,504,2,3
2,4351,506,504,2,3
2,4352,506,504,2,3
2,4353,506,504,2,3
2,4354,506,504,2,3
2,4355,506,504,2,3
2,4356,506,504,2,3
2,4357,506,504,2,3
2,4358,506,504,2,3
2,4359,506,504,2,3
2,4360,506,504,2,3
2,4361,506,504,2,3
2,4362,506,504,2,3
2,4363,506,504,2,3
2,4364,506,504,2,3
2,4365,506,504,2,3
2,4366,506,504,2,3
2,4367,506,504,2,3
2,4368,506,504,2,3
2,4369,506,504,2,3
2,4370,506,503,3,3
2,4371,506,504,2,3
2,4372,506,504,2,3
2,4373,506,504,2,3
2,4374,506,504,2,3
2,4375,506,504,2,3
2,4376,506,504,2,3
2,4377,506,504,2,3
2,4378,506,504,2,3
2,4379,506,504,2,3
2,4380,506,504,2,3
2,4381,506,504,2,3
2,4382,506,504,2,3
2,4383,506,504,2,3
2,4384,506,504,2,3
2,4385,506,504,2,3
2,4386,506,504,2,3
2,4387,506,504,2,3
2,4388,506,503,3,3
2,4389,506,504,2,3
2,4390,506,504,2,3
2,4391,506,504,2,3
2,4392,506,504,2,3
2,4393,506,504,2,3
2,4394,506,504,2,3
2,4395,506,504,2,3
2,4396,506,504,2,3
2,4397,506,504,2,3
2,4398,506,504,2,3
2,4399,506,504,2,3
2,4400,506,504,2,3
2,4401,506,504,2,3
2,4402,506,504,2,3
2,4403,506,504,2,3
2,4404,506,504,2,3
2,4405,506,504,2,3
2,4406,506,504,2,3
2,4407,506,503,3,3
2,4408,506,504,2,3
2,4409,506,504,2,3
2,4410,506,504,2,3
2,4411,506,504,2,3
2,4412,506,504,2,3
2,4413,506,504,2,3
2,4414,506,504,2,3
2,4415,506,504,2,3
2,4416,506,504,2,3
2,4417,506,504,2,3
2,4418,506,504,2,3
2,4419,506,504,2,3
2,4420,506,504,2,3
2,4421,506,504,2,3
2,4422,506,504,2,3
2,4423,506,504,2,3
2,4424,506,503,3,3
2,4425,506,504,2,3
2,4426,506,504,2,3
2,4427,506,504,2,3
2,4428,506,504,2,3
2,4429,506,504,2,3
2,4430,506,504,2,3
2,4431,506,504,2,3
2,4432,506,504,2,3
2,4433,506,504,2,3
2,4434,506,504,2,3
2,4435,506,504,2,3
2,4436,506,504,2,3
2,4437,506,504,2,3
2,4438,506,504,2,3
2,4439,506,504,2,3
2,4440,506,504,2,3
2,4441,506,504,2,3
2,4442,506,504,2,3
2,4443,506,504,2,3
2,4444,506,504,2,3
2,4445,506,504,2,3
2,4446,506,504,2,3
2,4447,506,504,2,3
2,4448,506,504,2,3
2,4449,506,504,2,3
2,4450,506,504,2,3
2,4451,506,504,2,3
2,4452,506,504,2,3
2,4453,506,504,2,3
2,4454,506,503,3,3
2,4455,506,504,2,3
2,4456,506,504,2,3
2,4457,506,504,2,3
2,4458,506,504,2,3
2,4459,506,504,2,3
2,4460,506,504,2,3
2,4461,506,504,2,3
2,4462,506,504,2,3
2,4463,506,504,2,3
2,4464,506,504,2,3
2,4465,506,504,2,3
2,4466,506,504,2,3
2,4467,506,504,2,3
2,4468,506,504,2,3
2,4469,506,504,2,3
2,4470,506,504,2,3
2,4471,506,504,2,3
2,4472,506,504,2,3
2,4473,506,504,2,3
2,4474,506,504,2,3
2,4475,506,504,2,3
2,4476,506,504,2,3
2,4477,506,504,2,3
2,4478,506,504,2,3
2,4479,506,504,2,3
2,4480,506,504,2,3
2,4481,506,504,2,3
2,4482,506,504,2,3
2,4483,506,504,2,3
2,4484,506,504,2,3
2,4485,506,504,2,3
2,4486,506,504,2,3
2,4487,506,504,2,3
2,4488,506,504,2,3
2,4489,506,504,2,3
2,4490,506,504,2,3
2,4491,506,504,2,3
2,4492,506,504,2,3
2,4493,506,504,2,3
2,4494,506,504,2,3
2,4495,506,504,2,3
2,4496,506,504,2,3
2,4497,506,504,2,3
2,4498,506,504,2,3
2,4499,506,504,2,3
2,4500,506,504,2,3
2,4501,506,504,2,3
2,4502,506,504,2,3
2,4503,506,504,2,3
2,4504,506,504,2,3
2,4505,506,504,2,3
2,4506,506,504,2,3
2,4507,506,504,2,3
2,4508,506,504,2,3
2,4509,506,504,2,3
2,4510,506,504,2,3
2,4511,506,504,2,3
2,4512,506,504,2,3
2,4513,506,504,2,3
2,4514,506,504,2,3
2,4515,506,504,2,3
2,4516,506,504,2,3
2,4517,506,504,2,3
2,4518,506,503,3,3
2,4519,506,504,2,3
2,4520,506,504,2,3
2,4521,506,504,2,3
2,4522,506,504,2,3
2,4523,506,503,3,3
2,4524,506,504,2,3
2,4525,506,504,2,3
2,4526,506,504,2,3
2,4527,506,504,2,3
2,4528,506,504,2,3
2,4529,506,504,2,3
2,4530,506,504,2,3
2,4531,506,504,2,3
2,4532,506,504,2,3
2,4533,506,504,2,3
2,4534,506,504,2,3
2,4535,506,504,2,3
2,4536,506,504,2,3
2,4537,506,504,2,3
2,4538,506,504,2,3
2,4539,506,504,2,3
2,4540,506,504,2,3
2,4541,506,504,2,3
2,4542,506,504,2,3
2,4543,506,504,2,3
2,4544,506,504,2,3
2,4545,506,504,2,3
2,4546,506,504,2,3
2,4547,506,504,2,3
2,4548,506,504,2,3
2,4549,506,504,2,3
2,4550,506,504,2,3
2,4551,506,504,2,3
2,4552,506,504,2,3
2,4553,506,504,2,3
2,4554,506,504,2,3
2,4555,506,504,2,3
2,4556,506,504,2,3
2,4557,506,504,2,3
2,4558,506,504,2,3
2,4559,506,504,2,3
2,4560,506,504,2,3
2,4561,506,504,2,3
2,4562,506,504,2,3
2,4563,506,504,2,3
2,4564,506,504,2,3
2,4565,506,504,2,3
2,4566,506,504,2,3
2,4567,506,504,2,3
2,4568,506,504,2,3
2,4569,506,504,2,3
2,4570,506,504,2,3
2,4571,506,504,2,3
2,4572,506,504,2,3
2,4573,506,504,2,3
2,4574,506,504,2,3
2,4575,506,504,2,3
2,4576,506,504,2,3
2,4577,506,504,2,3
2,4578,506,504,2,3
2,4579,506,504,2,3
2,4580,506,503,3,3
2,4581,506,504,2,3
2,4582,506,504,2,3
2,4583,506,504,2,3
2,4584,506,504,2,3
2,4585,506,504,2,3
2,4586,506,503,3,3
2,4587,506,504,2,3
2,4588,506,504,2,3
2,4589,506,504,2,3
2,4590,506,504,2,3
2,4591,506,504,2,3
2,4592,506,504,2,3
2,4593,506,504,2,3
2,4594,506,504,2,3
2,4595,506,504,2,3
2,4596,506,504,2,3
2,4597,506,504,2,3
2,4598,506,504,2,3
2,4599,506,504,2,3
2,4600,506,504,2,3
2,4601,506,504,2,3
2,4602,506,504,2,3
2,4603,506,504,2,3
2,4604,506,504,2,3
2,4605,506,504,2,3
2,4606,506,504,2,3
2,4607,506,504,2,3
2,4608,506,504,2,3
2,4609,506,504,2,3
2,4610,506,504,2,3
2,4611,506,504,2,3
2,4612,506,504,2,3
2,4613,506,504,2,3
2,4614,506,504,2,3
2,4615,506,504,2,3
2,4616,506,504,2,3
2,4617,506,504,2,3
2,4618,506,504,2,3
2,4619,506,504,2,3
2,4620,506,504,2,3
2,4621,506,504,2,3
2,4622,506,504,2,3
2,4623,506,504,2,3
2,4624,506,504,2,3
2,4625,506,504,2,3
2,4626,506,504,2,3
2,4627,506,504,2,3
2,4628,506,504,2,3
2,4629,506,504,2,3
2,4630,506,504,2,3
2,4631,506,504,2,3
2,4632,506,504,2,3
2,4633,506,504,2,3
2,4634,506,504,2,3
2,4635,506,504,2,3
2,4636,506,504,2,3
2,4637,506,504,2,3
2,4638,506,504,2,3
2,4639,506,504,2,3
2,4640,506,504,2,3
2,4641,506,503,3,3
2,4642,506,504,2,3
2,4643,506,504,2,3
2,4644,506,504,2,3
2,4645,506,504,2,3
2,4646,506,504,2,3
2,4647,506,504,2,3
2,4648,506,504,2,3
2,4649,506,504,2,3
2,4650,506,504,2,3
2,4651,506,504,2,3
2,4652,506,504,2,3
2,4653,506,504,2,3
2,4654,506,504,2,3
2,4655,506,504,2,3
2,4656,506,504,2,3
2,4657,506,504,2,3
2,4658,506,504,2,3
2,4659,506,504,2,3
2,4660,506,504,2,3
2,4661,506,504,2,3
2,4662,506,504,2,3
2,4663,506,504,2,3
2,4664,506,504,2,3
2,4665,506,504,2,3
2,4666,506,504,2,3
2,4667,506,504,2,3
2,4668,506,504,2,3
2,4669,506,504,2,3
2,4670,506,504,2,3
2,4671,506,504,2,3
2,4672,506,504,2,3
2,4673,506,504,2,3
2,4674,506,503,3,3
2,4675,506,504,2,3
2,4676,506,504,2,3
2,4677,506,504,2,3
2,4678,506,504,2,3
2,4679,506,504,2,3
2,4680,506,504,2,3
2,4681,506,504,2,3
2,4682,506,504,2,3
2,4683,506,504,2,3
2,4684,506,504,2,3
2,4685,506,504,2,3
2,4686,506,504,2,3
2,4687,506,504,2,3
2,4688,506,504,2,3
2,4689,506,504,2,3
2,4690,506,504,2,3
2,4691,506,504,2,3
2,4692,506,504,2,3
2,4693,506,503,3,3
2,4694,506,504,2,3
2,4695,506,504,2,3
2,4696,506,504,2,3
2,4697,506,504,2,3
2,4698,506,504,2,3
2,4699,506,504,2,3
2,4700,506,504,2,3
2,4701,506,504,2,3
2,4702,506,504,2,3
2,4703,506,504,2,3
2,4704,506,504,2,3
2,4705,506,504,2,3
2,4706,506,504,2,3
2,4707,506,504,2,3
2,4708,506,504,2,3
2,4709,506,504,2,3
2,4710,506,504,2,3
2,4711,506,504,2,3
2,4712,506,504,2,3
2,4713,506,504,2,3
2,4714,506,504,2,3
2,4715,506,504,2,3
2,4716,506,504,2,3
2,4717,506,504,2,3
2,4718,506,504,2,3
2,4719,506,504,2,3
2,4720,506,504,2,3
2,4721,506,504,2,3
2,4722,506,504,2,3
2,4723,506,504,2,3
2,4724,506,504,2,3
2,4725,506,504,2,3
2,4726,506,504,2,3
2,4727,506,504,2,3
2,4728,506,504,2,3
2,4729,506,504,2,3
2,4730,506,504,2,3
2,4731,506,504,2,3
2,4732,506,504,2,3
2,4733,506,504,2,3
2,4734,506,504,2,3
2,4735,506,504,2,3
2,4736,506,504,2,3
2,4737,506,504,2,3
2,4738,506,504,2,3
2,4739,506,504,2,3
2,4740,506,504,2,3
2,4741,506,504,2,3
2,4742,506,504,2,3
2,4743,506,504,2,3
2,4744,506,504,2,3
2,4745,506,504,2,3
2,4746,506,504,2,3
2,4747,506,504,2,3
2,4748,506,504,2,3
2,4749,506,504,2,3
2,4750,506,504,2,3
2,4751,506,504,2,3
2,4752,506,504,2,3
2,4753,506,504,2,3
2,4754,506,504,2,3
2,4755,506,504,2,3
2,4756,506,504,2,3
2,4757,506,504,2,3
2,4758,506,504,2,3
2,4759,506,504,2,3
2,4760,506,504,2,3
2,4761,506,504,2,3
2,4762,506,504,2,3
2,4763,506,504,2,3
2,4764,506,504,2,3
2,4765,506,504,2,3
2,4766,506,504,2,3
2,4767,506,504,2,3
2,4768,506,504,2,3
2,4769,506,504,2,3
2,4770,506,504,2,3
2,4771,506,504,2,3
2,4772,506,504,2,3
2,4773,506,504,2,3
2,4774,506,504,2,3
2,4775,506,504,2,3
2,4776,506,504,2,3
2,4777,506,504,2,3
2,4778,506,504,2,3
2,4779,506,504,2,3
2,4780,506,504,2,3
2,4781,506,504,2,3
2,4782,506,504,2,3
2,4783,506,504,2,3
2,4784,506,504,2,3
2,4785,506,504,2,3
2,4786,506,504,2,3
2,4787,506,504,2,3
2,4788,506,504,2,3
2,4789,506,504,2,3
2,4790,506,504,2,3
2,4791,506,504,2,3
2,4792,506,504,2,3
2,4793,506,504,2,3
2,4794,506,504,2,3
2,4795,506,504,2,3
2,4796,506,504,2,3
2,4797,506,504,2,3
2,4798,506,504,2,3
2,4799,506,504,2,3
2,4800,506,503,3,3
2,4801,506,504,2,3
2,4802,506,504,2,3
2,4803,506,504,2,3
2,4804,506,504,2,3
2,4805,506,504,2,3
2,4806,506,504,2,3
2,4807,506,504,2,3
2,4808,506,504,2,3
2,4809,506,504,2,3
2,4810,506,504,2,3
2,4811,506,504,2,3
2,4812,506,504,2,3
2,4813,506,504,2,3
2,4814,506,504,2,3
2,4815,506,504,2,3
2,4816,506,504,2,3
2,4817,506,504,2,3
2,4818,506,504,2,3
2,4819,506,504,2,3
2,4820,506,504,2,3
2,4821,506,504,2,3
2,4822,506,504,2,3
2,4823,506,504,2,3
2,4824,506,504,2,3
2,4825,506,504,2,3
2,4826,506,504,2,3
2,4827,506,504,2,3
2,4828,506,504,2,3
2,4829,506,504,2,3
2,4830,506,504,2,3
2,4831,506,504,2,3
2,4832,506,504,2,3
2,4833,506,504,2,3
2,4834,506,504,2,3
2,4835,506,504,2,3
2,4836,506,504,2,3
2,4837,506,504,2,3
2,4838,506,504,2,3
2,4839,506,504,2,3
2,4840,506,504,2,3
2,4841,506,504,2,3
2,4842,506,504,2,3
2,4843,506,504,2,3
2,4844,506,504,2,3
2,4845,506,504,2,3
2,4846,506,504,2,3
2,4847,506,504,2,3
2,4848,506,504,2,3
2,4849,506,504,2,3
2,4850,506,504,2,3
2,4851,506,504,2,3
2,4852,506,504,2,3
2,4853,506,504,2,3
2,4854,506,504,2,3
2,4855,506,504,2,3
2,4856,506,504,2,3
2,4857,506,504,2,3
2,4858,506,504,2,3
2,4859,506,504,2,3
2,4860,506,504,2,3
2,4861,506,504,2,3
2,4862,506,504,2,3
2,4863,506,504,2,3
2,4864,506,504,2,3
2,4865,506,504,2,3
2,4866,506,504,2,3
2,4867,506,504,2,3
2,4868,506,504,2,3
2,4869,506,504,2,3
2,4870,506,504,2,3
2,4871,506,504,2,3
2,4872,506,504,2,3
2,4873,506,504,2,3
2,4874,506,504,2,3
2,4875,506,504,2,3
2,4876,506,504,2,3
2,4877,506,504,2,3
2,4878,506,504,2,3
2,4879,506,504,2,3
2,4880,506,504,2,3
2,4881,506,504,2,3
2,4882,506,504,2,3
2,4883,506,504,2,3
2,4884,506,504,2,3
2,4885,506,504,2,3
2,4886,506,504,2,3
2,4887,506,504,2,3
2,4888,506,504,2,3
2,4889,506,504,2,3
2,4890,506,504,2,3
2,4891,506,504,2,3
2,4892,506,504,2,3
2,4893,506,504,2,3
2,4894,506,504,2,3
2,4895,506,504,2,3
2,4896,506,504,2,3
2,4897,506,504,2,3
2,4898,506,504,2,3
2,4899,506,504,2,3
2,4900,506,504,2,3
2,4901,506,504,2,3
2,4902,506,504,2,3
2,4903,506,504,2,3
2,4904,506,504,2,3
2,4905,506,504,2,3
2,4906,506,504,2,3
2,4907,506,504,2,3
2,4908,506,504,2,3
2,4909,506,504,2,3
2,4910,506,504,2,3
2,4911,506,504,2,3
2,4912,506,504,2,3
2,4913,506,504,2,3
2,4914,506,504,2,3
2,4915,506,504,2,3
2,4916,506,504,2,3
2,4917,506,504,2,3
2,4918,506,504,2,3
2,4919,506,504,2,3
2,4920,506,504,2,3
2,4921,506,504,2,3
2,4922,506,504,2,3
2,4923,506,504,2,3
2,4924,506,504,2,3
2,4925,506,504,2,3
2,4926,506,504,2,3
2,4927,506,504,2,3
2,4928,506,504,2,3
2,4929,506,504,2,3
2,4930,506,504,2,3
2,4931,506,504,2,3
2,4932,506,504,2,3
2,4933,506,504,2,3
2,4934,506,504,2,3
2,4935,506,504,2,3
2,4936,506,504,2,3
2,4937,506,504,2,3
2,4938,506,504,2,3
2,4939,506,504,2,3
2,4940,506,504,2,3
2,4941,506,504,2,3
2,4942,506,504,2,3
2,4943,506,504,2,3
2,4944,506,504,2,3
2,4945,506,504,2,3
2,4946,506,504,2,3
2,4947,506,504,2,3
2,4948,506,504,2,3
2,4949,506,504,2,3
2,4950,506,504,2,3
2,4951,506,504,2,3
2,4952,506,504,2,3
2,4953,506,504,2,3
2,4954,506,504,2,3
2,4955,506,504,2,3
2,4956,506,504,2,3
2,4957,506,504,2,3
2,4958,506,504,2,3
2,4959,506,504,2,3
2,4960,506,504,2,3
2,4961,506,504,2,3
2,4962,506,504,2,3
2,4963,506,504,2,3
2,4964,506,504,2,3
2,4965,506,504,2,3
2,4966,506,504,2,3
2,4967,506,504,2,3
2,4968,506,504,2,3
2,4969,506,504,2,3
2,4970,506,504,2,3
2,4971,506,504,2,3
2,4972,506,504,2,3
2,4973,506,504,2,3
2,4974,506,504,2,3
2,4975,506,504,2,3
2,4976,506,504,2,3
2,4977,506,504,2,3
2,4978,506,504,2,3
2,4979,506,504,2,3
2,4980,506,504,2,3
2,4981,506,503,3,3
2,4982,506,504,2,3
2,4983,506,504,2,3
2,4984,506,504,2,3
2,4985,506,504,2,3
2,4986,506,504,2,3
2,4987,506,504,2,3
2,4988,506,504,2,3
2,4989,506,504,2,3
2,4990,506,504,2,3
2,4991,506,504,2,3
2,4992,506,504,2,3
2,4993,506,504,2,3
2,4994,506,504,2,3
2,4995,506,504,2,3
2,4996,506,504,2,3
2,4997,506,504,2,3
2,4998,506,504,2,3
2,4999,506,504,2,3
2,5000,506,504,2,3
2,5001,506,504,2,3
2,5002,506,504,2,3
2,5003,506,504,2,3
2,5004,506,504,2,3
2,5005,506,504,2,3
2,5006,506,504,2,3
2,5007,506,504,2,3
2,5008,506,504,2,3
2,5009,506,504,2,3
2,5010,506,504,2,3
2,5011,506,504,2,3
2,5012,506,504,2,3
2,5013,506,504,2,3
2,5014,506,504,2,3
2,5015,506,504,2,3
2,5016,506,504,2,3
2,5017,506,504,2,3
2,5018,506,504,2,3
2,5019,506,504,2,3
2,5020,506,504,2,3
2,5021,506,504,2,3
2,5022,506,503,3,3
2,5023,506,504,2,3
2,5024,506,504,2,3
2,5025,506,504,2,3
2,5026,506,504,2,3
2,5027,506,504,2,3
2,5028,506,504,2,3
2,5029,506,504,2,3
2,5030,506,504,2,3
2,5031,506,504,2,3
2,5032,506,504,2,3
2,5033,506,504,2,3
2,5034,506,504,2,3
2,5035,506,504,2,3
2,5036,506,504,2,3
2,5037,506,504,2,3
2,5038,506,504,2,3
2,5039,506,504,2,3
2,5040,506,504,2,3
2,5041,506,504,2,3
2,5042,506,503,3,3
2,5043,506,504,2,3
2,5044,506,504,2,3
2,5045,506,504,2,3
2,5046,506,504,2,3
2,5047,506,504,2,3
2,5048,506,504,2,3
2,5049,506,504,2,3
2,5050,506,504,2,3
2,5051,506,504,2,3
2,5052,506,504,2,3
2,5053,506,504,2,3
2,5054,506,504,2,3
2,5055,506,504,2,3
2,5056,506,504,2,3
2,5057,506,504,2,3
2,5058,506,504,2,3
2,5059,506,504,2,3
2,5060,506,504,2,3
2,5061,506,504,2,3
2,5062,506,504,2,3
2,5063,506,504,2,3
2,5064,506,504,2,3
2,5065,506,504,2,3
2,5066,506,504,2,3
2,5067,506,504,2,3
2,5068,506,504,2,3
2,5069,506,504,2,3
2,5070,506,503,3,3
2,5071,506,504,2,3
2,5072,506,504,2,3
2,5073,506,504,2,3
2,5074,506,504,2,3
2,5075,506,504,2,3
2,5076,506,504,2,3
2,5077,506,504,2,3
2,5078,506,504,2,3
2,5079,506,504,2,3
2,5080,506,504,2,3
2,5081,506,504,2,3
2,5082,506,504,2,3
2,5083,506,504,2,3
2,5084,506,504,2,3
2,5085,506,504,2,3
2,5086,506,504,2,3
2,5087,506,504,2,3
2,5088,506,504,2,3
2,5089,506,504,2,3
2,5090,506,503,3,3
2,5091,506,504,2,3
2,5092,506,504,2,3
2,5093,506,504,2,3
2,5094,506,504,2,3
2,5095,506,504,2,3
2,5096,506,504,2,3
2,5097,506,504,2,3
2,5098,506,504,2,3
2,5099,506,504,2,3
2,5100,506,504,2,3
2,5101,506,504,2,3
2,5102,506,504,2,3
2,5103,506,504,2,3
2,5104,506,504,2,3
2,5105,506,504,2,3
2,5106,506,504,2,3
2,5107,506,504,2,3
2,5108,506,504,2,3
2,5109,506,504,2,3
2,5110,506,504,2,3
2,5111,506,504,2,3
2,5112,506,504,2,3
2,5113,506,504,2,3
2,5114,506,504,2,3
2,5115,506,504,2,3
2,5116,506,504,2,3
2,5117,506,504,2,3
2,5118,506,504,2,3
2,5119,506,504,2,3
2,5120,506,503,3,3
2,5121,506,504,2,3
2,5122,506,504,2,3
2,5123,506,504,2,3
2,5124,506,504,2,3
2,5125,506,504,2,3
2,5126,506,504,2,3
2,5127,506,504,2,3
2,5128,506,504,2,3
2,5129,506,504,2,3
2,5130,506,503,3,3
2,5131,506,504,2,3
2,5132,506,504,2,3
2,5133,506,504,2,3
2,5134,506,504,2,3
2,5135,506,504,2,3
2,5136,506,504,2,3
2,5137,506,504,2,3
2,5138,506,504,2,3
2,5139,506,504,2,3
2,5140,506,504,2,3
2,5141,506,503,3,3
2,5142,506,504,2,3
2,5143,506,504,2,3
2,5144,506,504,2,3
2,5145,506,504,2,3
2,5146,506,504,2,3
2,5147,506,504,2,3
2,5148,506,504,2,3
2,5149,506,504,2,3
2,5150,506,504,2,3
2,5151,506,504,2,3
2,5152,506,504,2,3
2,5153,506,504,2,3
2,5154,506,504,2,3
2,5155,506,504,2,3
2,5156,506,504,2,3
2,5157,506,504,2,3
2,5158,506,504,2,3
2,5159,506,503,3,3
2,5160,506,504,2,3
2,5161,506,504,2,3
2,5162,506,504,2,3
2,5163,506,504,2,3
2,5164,506,504,2,3
2,5165,506,504,2,3
2,5166,506,504,2,3
2,5167,506,504,2,3
2,5168,506,504,2,3
2,5169,506,504,2,3
2,5170,506,504,2,3
2,5171,506,504,2,3
2,5172,506,504,2,3
2,5173,506,504,2,3
2,5174,506,504,2,3
2,5175,506,504,2,3
2,5176,506,504,2,3
2,5177,506,504,2,3
2,5178,506,504,2,3
2,5179,506,504,2,3
2,5180,506,504,2,3
2,5181,506,504,2,3
2,5182,506,504,2,3
2,5183,506,504,2,3
2,5184,506,504,2,3
2,5185,506,504,2,3
2,5186,506,504,2,3
2,5187,506,504,2,3
2,5188,506,504,2,3
2,5189,506,504,2,3
2,5190,506,504,2,3
2,5191,506,504,2,3
2,5192,506,504,2,3
2,5193,506,504,2,3
2,5194,506,504,2,3
2,5195,506,504,2,3
2,5196,506,504,2,3
2,5197,506,504,2,3
2,5198,506,504,2,3
2,5199,506,504,2,3
2,5200,506,504,2,3
2,5201,506,504,2,3
2,5202,506,504,2,3
2,5203,506,504,2,3
2,5204,506,504,2,3
2,5205,506,504,2,3
2,5206,506,504,2,3
2,5207,506,504,2,3
2,5208,506,504,2,3
2,5209,506,504,2,3
2,5210,506,504,2,3
2,5211,506,504,2,3
2,5212,506,504,2,3
2,5213,506,504,2,3
2,5214,506,504,2,3
2,5215,506,504,2,3
2,5216,506,504,2,3
2,5217,506,504,2,3
2,5218,506,504,2,3
2,5219,506,504,2,3
2,5220,506,504,2,3
2,5221,506,504,2,3
2,5222,506,504,2,3
2,5223,506,504,2,3
2,5224,506,504,2,3
2,5225,506,504,2,3
2,5226,506,504,2,3
2,5227,506,504,2,3
2,5228,506,504,2,3
2,5229,506,504,2,3
2,5230,506,504,2,3
2,5231,506,504,2,3
2,5232,506,504,2,3
2,5233,506,504,2,3
2,5234,506,504,2,3
2,5235,506,504,2,3
2,5236,506,504,2,3
2,5237,506,504,2,3
2,5238,506,504,2,3
2,5239,506,504,2,3
2,5240,506,504,2,3
2,5241,506,504,2,3
2,5242,506,504,2,3
2,5243,506,504,2,3
2,5244,506,504,2,3
2,5245,506,504,2,3
2,5246,506,504,2,3
2,5247,506,504,2,3
2,5248,506,504,2,3
2,5249,506,504,2,3
2,5250,506,504,2,3
2,5251,506,504,2,3
2,5252,506,504,2,3
2,5253,506,504,2,3
2,5254,506,504,2,3
2,5255,506,504,2,3
2,5256,506,504,2,3
2,5257,506,504,2,3
2,5258,506,504,2,3
2,5259,506,504,2,3
2,5260,506,504,2,3
2,5261,506,504,2,3
2,5262,506,504,2,3
2,5263,506,504,2,3
2,5264,506,504,2,3
2,5265,506,504,2,3
2,5266,506,504,2,3
2,5267,506,504,2,3
2,5268,506,504,2,3
2,5269,506,504,2,3
2,5270,506,504,2,3
2,5271,506,503,3,3
2,5272,506,504,2,3
2,5273,506,504,2,3
2,5274,506,504,2,3
2,5275,506,504,2,3
2,5276,506,504,2,3
2,5277,506,504,2,3
2,5278,506,504,2,3
2,5279,506,504,2,3
2,5280,506,504,2,3
2,5281,506,504,2,3
2,5282,506,504,2,3
2,5283,506,504,2,3
2,5284,506,504,2,3
2,5285,506,504,2,3
2,5286,506,504,2,3
2,5287,506,504,2,3
2,5288,506,504,2,3
2,5289,506,504,2,3
2,5290,506,504,2,3
2,5291,506,504,2,3
2,5292,506,504,2,3
2,5293,506,504,2,3
2,5294,506,504,2,3
2,5295,506,504,2,3
2,5296,506,504,2,3
2,5297,506,504,2,3
2,5298,506,504,2,3
2,5299,506,504,2,3
2,5300,506,504,2,3
2,5301,506,504,2,3
2,5302,506,504,2,3
2,5303,506,504,2,3
2,5304,506,504,2,3
2,5305,506,504,2,3
2,5306,506,504,2,3
2,5307,506,504,2,3
2,5308,506,504,2,3
2,5309,506,504,2,3
2,5310,506,504,2,3
2,5311,506,504,2,3
2,5312,506,504,2,3
2,5313,506,504,2,3
2,5314,506,504,2,3
2,5315,506,504,2,3
2,5316,506,504,2,3
2,5317,506,504,2,3
2,5318,506,504,2,3
2,5319,506,504,2,3
2,5320,506,504,2,3
2,5321,506,504,2,3
2,5322,506,504,2,3
2,5323,506,504,2,3
2,5324,506,504,2,3
2,5325,506,504,2,3
2,5326,506,504,2,3
2,5327,506,504,2,3
2,5328,506,504,2,3
2,5329,506,504,2,3
2,5330,506,504,2,3
2,5331,506,504,2,3
2,5332,506,504,2,3
2,5333,506,504,2,3
2,5334,506,504,2,3
2,5335,506,504,2,3
2,5336,506,504,2,3
2,5337,506,504,2,3
2,5338,506,504,2,3
2,5339,506,504,2,3
2,5340,506,504,2,3
2,5341,506,504,2,3
2,5342,506,504,2,3
2,5343,506,504,2,3
2,5344,506,504,2,3
2,5345,506,504,2,3
2,5346,506,504,2,3
2,5347,506,504,2,3
2,5348,506,504,2,3
2,5349,506,504,2,3
2,5350,506,504,2,3
2,5351,506,504,2,3
2,5352,506,504,2,3
2,5353,506,504,2,3
2,5354,506,504,2,3
2,5355,506,504,2,3
2,5356,506,504,2,3
2,5357,506,504,2,3
2,5358,506,504,2,3
2,5359,506,504,2,3
2,5360,506,504,2,3
2,5361,506,504,2,3
2,5362,506,504,2,3
2,5363,506,504,2,3
2,5364,506,504,2,3
2,5365,506,504,2,3
2,5366,506,504,2,3
2,5367,506,504,2,3
2,5368,506,504,2,3
2,5369,506,504,2,3
2,5370,506,504,2,3
2,5371,506,504,2,3
2,5372,506,504,2,3
2,5373,506,504,2,3
2,5374,506,504,2,3
2,5375,506,504,2,3
2,5376,506,504,2,3
2,5377,506,504,2,3
2,5378,506,504,2,3
2,5379,506,504,2,3
2,5380,506,504,2,3
2,5381,506,504,2,3
2,5382,506,504,2,3
2,5383,506,504,2,3
2,5384,506,504,2,3
2,5385,506,504,2,3
2,5386,506,504,2,3
2,5387,506,504,2,3
2,5388,506,504,2,3
2,5389,506,504,2,3
2,5390,506,504,2,3
2,5391,506,504,2,3
2,5392,506,504,2,3
2,5393,506,504,2,3
2,5394,506,504,2,3
2,5395,506,504,2,3
2,5396,506,504,2,3
2,5397,506,504,2,3
2,5398,506,504,2,3
2,5399,506,504,2,3
2,5400,506,504,2,3
2,5401,506,504,2,3
2,5402,506,504,2,3
2,5403,506,504,2,3
2,5404,506,504,2,3
2,5405,506,504,2,3
2,5406,506,504,2,3
2,5407,506,504,2,3
2,5408,506,504,2,3
2,5409,506,504,2,3
2,5410,506,504,2,3
2,5411,506,504,2,3
2,5412,506,503,3,3
2,5413,506,504,2,3
2,5414,506,504,2,3
2,5415,506,504,2,3
2,5416,506,504,2,3
2,5417,506,504,2,3
2,5418,506,504,2,3
2,5419,506,504,2,3
2,5420,506,504,2,3
2,5421,506,504,2,3
2,5422,506,504,2,3
2,5423,506,504,2,3
2,5424,506,504,2,3
2,5425,506,504,2,3
2,5426,506,504,2,3
2,5427,506,504,2,3
2,5428,506,504,2,3
2,5429,506,504,2,3
2,5430,506,504,2,3
2,5431,506,504,2,3
2,5432,506,504,2,3
2,5433,506,504,2,3
2,5434,506,504,2,3
2,5435,506,503,3,3
2,5436,506,504,2,3
2,5437,506,504,2,3
2,5438,506,504,2,3
2,5439,506,504,2,3
2,5440,506,504,2,3
2,5441,506,504,2,3
2,5442,506,504,2,3
2,5443,506,504,2,3
2,5444,506,504,2,3
2,5445,506,504,2,3
2,5446,506,504,2,3
2,5447,506,504,2,3
2,5448,506,504,2,3
2,5449,506,503,3,3
2,5450,506,504,2,3
2,5451,506,504,2,3
2,5452,506,504,2,3
2,5453,506,504,2,3
2,5454,506,504,2,3
2,5455,506,504,2,3
2,5456,506,504,2,3
2,5457,506,504,2,3
2,5458,506,504,2,3
2,5459,506,504,2,3
2,5460,506,504,2,3
2,5461,506,504,2,3
2,5462,506,504,2,3
2,5463,506,504,2,3
2,5464,506,504,2,3
2,5465,506,504,2,3
2,5466,506,504,2,3
2,5467,506,504,2,3
2,5468,506,504,2,3
2,5469,506,504,2,3
2,5470,506,504,2,3
2,5471,506,504,2,3
2,5472,506,503,3,3
2,5473,506,504,2,3
2,5474,506,504,2,3
2,5475,506,504,2,3
2,5476,506,504,2,3
2,5477,506,504,2,3
2,5478,506,504,2,3
2,5479,506,504,2,3
2,5480,506,504,2,3
2,5481,506,504,2,3
2,5482,506,504,2,3
2,5483,506,504,2,3
2,5484,506,504,2,3
2,5485,506,504,2,3
2,5486,506,504,2,3
2,5487,506,504,2,3
2,5488,506,503,3,3
2,5489,506,504,2,3
2,5490,506,504,2,3
2,5491,506,504,2,3
2,5492,506,504,2,3
2,5493,506,504,2,3
2,5494,506,504,2,3
2,5495,506,504,2,3
2,5496,506,504,2,3
2,5497,506,504,2,3
2,5498,506,504,2,3
2,5499,506,504,2,3
2,5500,506,504,2,3
2,5501,506,504,2,3
2,5502,506,504,2,3
2,5503,506,504,2,3
2,5504,506,504,2,3
2,5505,506,504,2,3
2,5506,506,504,2,3
2,5507,506,504,2,3
2,5508,506,504,2,3
2,5509,506,504,2,3
2,5510,506,504,2,3
2,5511,506,504,2,3
2,5512,506,504,2,3
2,5513,506,504,2,3
2,5514,506,504,2,3
2,5515,506,504,2,3
2,5516,506,504,2,3
2,5517,506,504,2,3
2,5518,506,504,2,3
2,5519,506,504,2,3
2,5520,506,504,2,3
2,5521,506,504,2,3
2,5522,506,504,2,3
2,5523,506,504,2,3
2,5524,506,504,2,3
2,5525,506,504,2,3
2,5526,506,504,2,3
2,5527,506,504,2,3
2,5528,506,504,2,3
2,5529,506,504,2,3
2,5530,506,504,2,3
2,5531,506,504,2,3
2,5532,506,504,2,3
2,5533,506,504,2,3
2,5534,506,504,2,3
2,5535,506,504,2,3
2,5536,506,504,2,3
2,5537,506,504,2,3
2,5538,506,504,2,3
2,5539,506,504,2,3
2,5540,506,504,2,3
2,5541,506,504,2,3
2,5542,506,504,2,3
2,5543,506,504,2,3
2,5544,506,504,2,3
2,5545,506,503,3,3
2,5546,506,504,2,3
2,5547,506,504,2,3
2,5548,506,504,2,3
2,5549,506,504,2,3
2,5550,506,504,2,3
2,5551,506,504,2,3
2,5552,506,504,2,3
2,5553,506,504,2,3
2,5554,506,504,2,3
2,5555,506,504,2,3
2,5556,506,504,2,3
2,5557,506,504,2,3
2,5558,506,504,2,3
2,5559,506,504,2,3
2,5560,506,504,2,3
2,5561,506,504,2,3
2,5562,506,504,2,3
2,5563,506,504,2,3
2,5564,506,504,2,3
2,5565,506,504,2,3
2,5566,506,504,2,3
2,5567,506,504,2,3
2,5568,506,504,2,3
2,5569,506,504,2,3
2,5570,506,504,2,3
2,5571,506,504,2,3
2,5572,506,504,2,3
2,5573,506,504,2,3
2,5574,506,504,2,3
2,5575,506,504,2,3
2,5576,506,504,2,3
2,5577,506,504,2,3
2,5578,506,503,3,3
2,5579,506,504,2,3
2,5580,506,504,2,3
2,5581,506,504,2,3
2,5582,506,504,2,3
2,5583,506,504,2,3
2,5584,506,504,2,3
2,5585,506,504,2,3
2,5586,506,504,2,3
2,5587,506,504,2,3
2,5588,506,504,2,3
2,5589,506,504,2,3
2,5590,506,504,2,3
2,5591,506,504,2,3
2,5592,506,504,2,3
2,5593,506,504,2,3
2,5594,506,504,2,3
2,5595,506,504,2,3
2,5596,506,504,2,3
2,5597,506,504,2,3
2,5598,506,504,2,3
2,5599,506,504,2,3
2,5600,506,504,2,3
2,5601,506,504,2,3
2,5602,506,504,2,3
2,5603,506,504,2,3
2,5604,506,504,2,3
2,5605,506,504,2,3
2,5606,506,503,3,3
2,5607,506,504,2,3
2,5608,506,504,2,3
2,5609,506,504,2,3
2,5610,506,504,2,3
2,5611,506,504,2,3
2,5612,506,504,2,3
2,5613,506,504,2,3
2,5614,506,504,2,3
2,5615,506,504,2,3
2,5616,506,504,2,3
2,5617,506,504,2,3
2,5618,506,504,2,3
2,5619,506,504,2,3
2,5620,506,504,2,3
2,5621,506,504,2,3
2,5622,506,504,2,3
2,5623,506,503,3,3
2,5624,506,504,2,3
2,5625,506,504,2,3
2,5626,506,504,2,3
2,5627,506,503,3,3
2,5628,506,504,2,3
2,5629,506,504,2,3
2,5630,506,504,2,3
2,5631,506,504,2,3
2,5632,506,504,2,3
2,5633,506,504,2,3
2,5634,506,504,2,3
2,5635,506,504,2,3
2,5636,506,504,2,3
2,5637,506,504,2,3
2,5638,506,504,2,3
2,5639,506,504,2,3
2,5640,506,504,2,3
2,5641,506,504,2,3
2,5642,506,504,2,3
2,5643,506,504,2,3
2,5644,506,504,2,3
2,5645,506,504,2,3
2,5646,506,504,2,3
2,5647,506,504,2,3
2,5648,506,504,2,3
2,5649,506,504,2,3
2,5650,506,504,2,3
2,5651,506,504,2,3
2,5652,506,504,2,3
2,5653,506,504,2,3
2,5654,506,504,2,3
2,5655,506,504,2,3
2,5656,506,504,2,3
2,5657,506,504,2,3
2,5658,506,504,2,3
2,5659,506,504,2,3
2,5660,506,504,2,3
2,5661,506,504,2,3
2,5662,506,504,2,3
2,5663,506,504,2,3
2,5664,506,504,2,3
2,5665,506,504,2,3
2,5666,506,504,2,3
2,5667,506,504,2,3
2,5668,506,504,2,3
2,5669,506,504,2,3
2,5670,506,504,2,3
2,5671,506,504,2,3
2,5672,506,504,2,3
2,5673,506,504,2,3
2,5674,506,504,2,3
2,5675,506,504,2,3
2,5676,506,504,2,3
2,5677,506,504,2,3
2,5678,506,504,2,3
2,5679,506,504,2,3
2,5680,506,504,2,3
2,5681,506,504,2,3
2,5682,506,504,2,3
2,5683,506,504,2,3
2,5684,506,504,2,3
2,5685,506,504,2,3
2,5686,506,504,2,3
2,5687,506,504,2,3
2,5688,506,504,2,3
2,5689,506,504,2,3
2,5690,506,504,2,3
2,5691,506,504,2,3
2,5692,506,504,2,3
2,5693,506,504,2,3
2,5694,506,504,2,3
2,5695,506,504,2,3
2,5696,506,504,2,3
2,5697,506,504,2,3
2,5698,506,504,2,3
2,5699,506,504,2,3
2,5700,506,504,2,3
2,5701,506,504,2,3
2,5702,506,504,2,3
2,5703,506,504,2,3
2,5704,506,504,2,3
2,5705,506,504,2,3
2,5706,506,504,2,3
2,5707,506,504,2,3
2,5708,506,504,2,3
2,5709,506,504,2,3
2,5710,506,504,2,3
2,5711,506,504,2,3
2,5712,506,504,2,3
2,5713,506,504,2,3
2,5714,506,504,2,3
2,5715,506,504,2,3
2,5716,506,504,2,3
2,5717,506,504,2,3
2,5718,506,504,2,3
2,5719,506,504,2,3
2,5720,506,504,2,3
2,5721,506,504,2,3
2,5722,506,504,2,3
2,5723,506,504,2,3
2,5724,506,504,2,3
2,5725,506,504,2,3
2,5726,506,504,2,3
2,5727,506,504,2,3
2,5728,506,504,2,3
2,5729,506,504,2,3
2,5730,506,504,2,3
2,5731,506,504,2,3
2,5732,506,504,2,3
2,5733,506,504,2,3
2,5734,506,504,2,3
2,5735,506,504,2,3
2,5736,506,504,2,3
2,5737,506,504,2,3
2,5738,506,504,2,3
2,5739,506,504,2,3
2,5740,506,504,2,3
2,5741,506,504,2,3
2,5742,506,504,2,3
2,5743,506,504,2,3
2,5744,506,504,2,3
2,5745,506,504,2,3
2,5746,506,504,2,3
2,5747,506,504,2,3
2,5748,506,504,2,3
2,5749,506,504,2,3
2,5750,506,504,2,3
2,5751,506,504,2,3
2,5752,506,504,2,3
2,5753,506,504,2,3
2,5754,506,504,2,3
2,5755,506,504,2,3
2,5756,506,504,2,3
2,5757,506,504,2,3
2,5758,506,504,2,3
2,5759,506,504,2,3
2,5760,506,504,2,3
2,5761,506,504,2,3
2,5762,506,504,2,3
2,5763,506,504,2,3
2,5764,506,504,2,3
2,5765,506,504,2,3
2,5766,506,504,2,3
2,5767,506,504,2,3
2,5768,506,504,2,3
2,5769,506,504,2,3
2,5770,506,504,2,3
2,5771,506,504,2,3
2,5772,506,504,2,3
2,5773,506,504,2,3
2,5774,506,504,2,3
2,5775,506,504,2,3
2,5776,506,504,2,3
2,5777,506,504,2,3
2,5778,506,504,2,3
2,5779,506,504,2,3
2,5780,506,504,2,3
2,5781,506,504,2,3
2,5782,506,504,2,3
2,5783,506,504,2,3
2,5784,506,504,2,3
2,5785,506,504,2,3
2,5786,506,504,2,3
2,5787,506,504,2,3
2,5788,506,503,3,3
2,5789,506,504,2,3
2,5790,506,504,2,3
2,5791,506,504,2,3
2,5792,506,503,3,3
2,5793,506,504,2,3
2,5794,506,504,2,3
2,5795,506,504,2,3
2,5796,506,504,2,3
2,5797,506,504,2,3
2,5798,506,504,2,3
2,5799,506,504,2,3
2,5800,506,504,2,3
2,5801,506,504,2,3
2,5802,506,504,2,3
2,5803,506,504,2,3
2,5804,506,504,2,3
2,5805,506,504,2,3
2,5806,506,504,2,3
2,5807,506,504,2,3
2,5808,506,504,2,3
2,5809,506,504,2,3
2,5810,506,504,2,3
2,5811,506,504,2,3
2,5812,506,504,2,3
2,5813,506,504,2,3
2,5814,506,504,2,3
2,5815,506,504,2,3
2,5816,506,504,2,3
2,5817,506,504,2,3
2,5818,506,504,2,3
2,5819,506,503,3,3
2,5820,506,504,2,3
2,5821,506,504,2,3
2,5822,506,504,2,3
2,5823,506,504,2,3
2,5824,506,504,2,3
2,5825,506,503,3,3
2,5826,506,504,2,3
2,5827,506,504,2,3
2,5828,506,504,2,3
2,5829,506,504,2,3
2,5830,506,504,2,3
2,5831,506,504,2,3
2,5832,506,504,2,3
2,5833,506,504,2,3
2,5834,506,504,2,3
2,5835,506,504,2,3
2,5836,506,504,2,3
2,5837,506,504,2,3
2,5838,506,504,2,3
2,5839,506,504,2,3
2,5840,506,504,2,3
2,5841,506,504,2,3
2,5842,506,504,2,3
2,5843,506,504,2,3
2,5844,506,504,2,3
2,5845,506,504,2,3
2,5846,506,504,2,3
2,5847,506,504,2,3
2,5848,506,504,2,3
2,5849,506,504,2,3
2,5850,506,504,2,3
2,5851,506,504,2,3
2,5852,506,504,2,3
2,5853,506,504,2,3
2,5854,506,504,2,3
2,5855,506,504,2,3
2,5856,506,504,2,3
2,5857,506,504,2,3
2,5858,506,504,2,3
2,5859,506,504,2,3
2,5860,506,504,2,3
2,5861,506,504,2,3
2,5862,506,504,2,3
2,5863,506,504,2,3
2,5864,506,504,2,3
2,5865,506,504,2,3
2,5866,506,504,2,3
2,5867,506,504,2,3
2,5868,506,504,2,3
2,5869,506,504,2,3
2,5870,506,504,2,3
2,5871,506,504,2,3
2,5872,506,504,2,3
2,5873,506,504,2,3
2,5874,506,504,2,3
2,5875,506,504,2,3
2,5876,506,504,2,3
2,5877,506,504,2,3
2,5878,506,504,2,3
2,5879,506,504,2,3
2,5880,506,504,2,3
2,5881,506,504,2,3
2,5882,506,504,2,3
2,5883,506,504,2,3
2,5884,506,504,2,3
2,5885,506,504,2,3
2,5886,506,504,2,3
2,5887,506,504,2,3
2,5888,506,504,2,3
2,5889,506,503,3,3
2,5890,506,504,2,3
2,5891,506,504,2,3
2,5892,506,504,2,3
2,5893,506,504,2,3
2,5894,506,504,2,3
2,5895,506,504,2,3
2,5896,506,504,2,3
2,5897,506,504,2,3
2,5898,506,504,2,3
2,5899,506,504,2,3
2,5900,506,504,2,3
2,5901,506,504,2,3
2,5902,506,504,2,3
2,5903,506,504,2,3
2,5904,506,504,2,3
2,5905,506,504,2,3
2,5906,506,504,2,3
2,5907,506,504,2,3
2,5908,506,504,2,3
2,5909,506,504,2,3
2,5910,506,504,2,3
2,5911,506,504,2,3
2,5912,506,504,2,3
2,5913,506,504,2,3
2,5914,506,504,2,3
2,5915,506,504,2,3
2,5916,506,504,2,3
2,5917,506,504,2,3
2,5918,506,504,2,3
2,5919,506,504,2,3
2,5920,506,504,2,3
2,5921,506,504,2,3
2,5922,506,504,2,3
2,5923,506,504,2,3
2,5924,506,504,2,3
2,5925,506,504,2,3
2,5926,506,504,2,3
2,5927,506,504,2,3
2,5928,506,504,2,3
2,5929,506,504,2,3
2,5930,506,504,2,3
2,5931,506,504,2,3
2,5932,506,504,2,3
2,5933,506,504,2,3
2,5934,506,504,2,3
2,5935,506,504,2,3
2,5936,506,504,2,3
2,5937,506,504,2,3
2,5938,506,504,2,3
2,5939,506,504,2,3
2,5940,506,504,2,3
2,5941,506,504,2,3
2,5942,506,504,2,3
2,5943,506,504,2,3
2,5944,506,504,2,3
2,5945,506,503,3,3
2,5946,506,504,2,3
2,5947,506,504,2,3
2,5948,506,504,2,3
2,5949,506,503,3,3
2,5950,506,504,2,3
2,5951,506,504,2,3
2,5952,506,504,2,3
2,5953,506,504,2,3
2,5954,506,504,2,3
2,5955,506,504,2,3
2,5956,506,504,2,3
2,5957,506,504,2,3
2,5958,506,504,2,3
2,5959,506,504,2,3
2,5960,506,504,2,3
2,5961,506,504,2,3
2,5962,506,504,2,3
2,5963,506,504,2,3
2,5964,506,504,2,3
2,5965,506,504,2,3
2,5966,506,504,2,3
2,5967,506,503,3,3
2,5968,506,504,2,3
2,5969,506,504,2,3
2,5970,506,504,2,3
2,5971,506,504,2,3
2,5972,506,504,2,3
2,5973,506,504,2,3
2,5974,506,504,2,3
2,5975,506,504,2,3
2,5976,506,504,2,3
2,5977,506,504,2,3
2,5978,506,504,2,3
2,5979,506,504,2,3
2,5980,506,504,2,3
2,5981,506,504,2,3
2,5982,506,504,2,3
2,5983,506,504,2,3
2,5984,506,503,3,3
2,5985,506,504,2,3
2,5986,506,504,2,3
2,5987,506,504,2,3
2,5988,506,504,2,3
2,5989,506,504,2,3
2,5990,506,504,2,3
2,5991,506,504,2,3
2,5992,506,504,2,3
2,5993,506,504,2,3
2,5994,506,504,2,3
2,5995,506,504,2,3
2,5996,506,504,2,3
2,5997,506,504,2,3
2,5998,506,504,2,3
2,5999,506,504,2,3
2,6000,506,504,2,3
2,6001,506,504,2,3
2,6002,506,504,2,3
2,6003,506,504,2,3
2,6004,506,504,2,3
2,6005,506,504,2,3
2,6006,506,504,2,3
2,6007,506,504,2,3
2,6008,506,504,2,3
2,6009,506,504,2,3
2,6010,506,504,2,3
2,6011,506,504,2,3
2,6012,506,504,2,3
2,6013,506,504,2,3
2,6014,506,504,2,3
2,6015,506,504,2,3
2,6016,506,504,2,3
2,6017,506,504,2,3
2,6018,506,504,2,3
2,6019,506,504,2,3
2,6020,506,504,2,3
2,6021,506,504,2,3
2,6022,506,504,2,3
2,6023,506,504,2,3
2,6024,506,504,2,3
2,6025,506,504,2,3
2,6026,506,504,2,3
2,6027,506,504,2,3
2,6028,506,504,2,3
2,6029,506,504,2,3
2,6030,506,504,2,3
2,6031,506,504,2,3
2,6032,506,504,2,3
2,6033,506,504,2,3
2,6034,506,504,2,3
2,6035,506,504,2,3
2,6036,506,504,2,3
2,6037,506,504,2,3
2,6038,506,504,2,3
2,6039,506,504,2,3
2,6040,506,504,2,3
2,6041,506,504,2,3
2,6042,506,504,2,3
2,6043,506,504,2,3
2,6044,506,504,2,3
2,6045,506,504,2,3
2,6046,506,504,2,3
2,6047,506,504,2,3
2,6048,506,504,2,3
2,6049,506,504,2,3
2,6050,506,504,2,3
2,6051,506,503,3,3
2,6052,506,504,2,3
2,6053,506,504,2,3
2,6054,506,504,2,3
2,6055,506,503,3,3
2,6056,506,504,2,3
2,6057,506,504,2,3
2,6058,506,504,2,3
2,6059,506,504,2,3
2,6060,506,504,2,3
2,6061,506,504,2,3
2,6062,506,504,2,3
2,6063,506,504,2,3
2,6064,506,504,2,3
2,6065,506,504,2,3
2,6066,506,504,2,3
2,6067,506,504,2,3
2,6068,506,504,2,3
2,6069,506,504,2,3
2,6070,506,504,2,3
2,6071,506,504,2,3
2,6072,506,504,2,3
2,6073,506,504,2,3
2,6074,506,504,2,3
2,6075,506,503,3,3
2,6076,506,504,2,3
2,6077,506,504,2,3
2,6078,506,504,2,3
2,6079,506,504,2,3
2,6080,506,504,2,3
2,6081,506,504,2,3
2,6082,506,504,2,3
2,6083,506,504,2,3
2,6084,506,504,2,3
2,6085,506,504,2,3
2,6086,506,504,2,3
2,6087,506,504,2,3
2,6088,506,503,3,3
2,6089,506,504,2,3
2,6090,506,504,2,3
2,6091,506,504,2,3
2,6092,506,504,2,3
2,6093,506,504,2,3
2,6094,506,504,2,3
2,6095,506,504,2,3
2,6096,506,504,2,3
2,6097,506,504,2,3
2,6098,506,504,2,3
2,6099,506,504,2,3
2,6100,506,504,2,3
2,6101,506,504,2,3
2,6102,506,504,2,3
2,6103,506,504,2,3
2,6104,506,504,2,3
2,6105,506,504,2,3
2,6106,506,504,2,3
2,6107,506,504,2,3
2,6108,506,504,2,3
2,6109,506,504,2,3
2,6110,506,504,2,3
2,6111,506,504,2,3
2,6112,506,504,2,3
2,6113,506,504,2,3
2,6114,506,504,2,3
2,6115,506,504,2,3
2,6116,506,504,2,3
2,6117,506,504,2,3
2,6118,506,504,2,3
2,6119,506,504,2,3
2,6120,506,504,2,3
2,6121,506,504,2,3
2,6122,506,504,2,3
2,6123,506,504,2,3
2,6124,506,504,2,3
2,6125,506,504,2,3
2,6126,506,504,2,3
2,6127,506,504,2,3
2,6128,506,504,2,3
2,6129,506,504,2,3
2,6130,506,504,2,3
2,6131,506,504,2,3
2,6132,506,504,2,3
2,6133,506,504,2,3
2,6134,506,504,2,3
2,6135,506,504,2,3
2,6136,506,504,2,3
2,6137,506,504,2,3
2,6138,506,504,2,3
2,6139,506,504,2,3
2,6140,506,504,2,3
2,6141,506,504,2,3
2,6142,506,503,3,3
2,6143,506,504,2,3
2,6144,506,504,2,3
2,6145,506,504,2,3
2,6146,506,504,2,3
2,6147,506,504,2,3
2,6148,506,504,2,3
2,6149,506,504,2,3
2,6150,506,504,2,3
2,6151,506,504,2,3
2,6152,506,504,2,3
2,6153,506,504,2,3
2,6154,506,504,2,3
2,6155,506,504,2,3
2,6156,506,504,2,3
2,6157,506,504,2,3
2,6158,506,504,2,3
2,6159,506,504,2,3
2,6160,506,504,2,3
2,6161,506,504,2,3
2,6162,506,504,2,3
2,6163,506,504,2,3
2,6164,506,504,2,3
2,6165,506,504,2,3
2,6166,506,504,2,3
2,6167,506,504,2,3
2,6168,506,504,2,3
2,6169,506,504,2,3
2,6170,506,504,2,3
2,6171,506,504,2,3
2,6172,506,504,2,3
2,6173,506,504,2,3
2,6174,506,504,2,3
2,6175,506,504,2,3
2,6176,506,504,2,3
2,6177,506,504,2,3
2,6178,506,504,2,3
2,6179,506,504,2,3
2,6180,506,504,2,3
2,6181,506,504,2,3
2,6182,506,504,2,3
2,6183,506,504,2,3
2,6184,506,504,2,3
2,6185,506,504,2,3
2,6186,506,504,2,3
2,6187,506,504,2,3
2,6188,506,504,2,3
2,6189,506,504,2,3
2,6190,506,504,2,3
2,6191,506,504,2,3
2,6192,506,504,2,3
2,6193,506,504,2,3
2,6194,506,504,2,3
2,6195,506,504,2,3
2,6196,506,504,2,3
2,6197,506,504,2,3
2,6198,506,504,2,3
2,6199,506,504,2,3
2,6200,506,504,2,3
2,6201,506,504,2,3
2,6202,506,504,2,3
2,6203,506,504,2,3
2,6204,506,504,2,3
2,6205,506,504,2,3
2,6206,506,504,2,3
2,6207,506,504,2,3
2,6208,506,504,2,3
2,6209,506,504,2,3
2,6210,506,503,3,3
2,6211,506,504,2,3
2,6212,506,504,2,3
2,6213,506,504,2,3
2,6214,506,504,2,3
2,6215,506,504,2,3
2,6216,506,504,2,3
2,6217,506,504,2,3
2,6218,506,504,2,3
2,6219,506,504,2,3
2,6220,506,504,2,3
2,6221,506,504,2,3
2,6222,506,504,2,3
2,6223,506,504,2,3
2,6224,506,504,2,3
2,6225,506,504,2,3
2,6226,506,504,2,3
2,6227,506,504,2,3
2,6228,506,504,2,3
2,6229,506,504,2,3
2,6230,506,504,2,3
2,6231,506,504,2,3
2,6232,506,504,2,3
2,6233,506,503,3,3
2,6234,506,504,2,3
2,6235,506,504,2,3
2,6236,506,504,2,3
2,6237,506,504,2,3
2,6238,506,504,2,3
2,6239,506,504,2,3
2,6240,506,504,2,3
2,6241,506,504,2,3
2,6242,506,504,2,3
2,6243,506,504,2,3
2,6244,506,504,2,3
2,6245,506,504,2,3
2,6246,506,504,2,3
2,6247,506,504,2,3
2,6248,506,504,2,3
2,6249,506,504,2,3
2,6250,506,504,2,3
2,6251,506,504,2,3
2,6252,506,504,2,3
2,6253,506,504,2,3
2,6254,506,504,2,3
2,6255,506,504,2,3
2,6256,506,504,2,3
2,6257,506,504,2,3
2,6258,506,503,3,3
2,6259,506,504,2,3
2,6260,506,504,2,3
2,6261,506,504,2,3
2,6262,506,504,2,3
2,6263,506,504,2,3
2,6264,506,504,2,3
2,6265,506,504,2,3
2,6266,506,504,2,3
2,6267,506,504,2,3
2,6268,506,504,2,3
2,6269,506,504,2,3
2,6270,506,504,2,3
2,6271,506,504,2,3
2,6272,506,504,2,3
2,6273,506,504,2,3
2,6274,506,504,2,3
2,6275,506,504,2,3
2,6276,506,504,2,3
2,6277,506,504,2,3
2,6278,506,504,2,3
2,6279,506,504,2,3
2,6280,506,504,2,3
2,6281,506,504,2,3
2,6282,506,504,2,3
2,6283,506,504,2,3
2,6284,506,504,2,3
2,6285,506,504,2,3
2,6286,506,504,2,3
2,6287,506,504,2,3
2,6288,506,504,2,3
2,6289,506,504,2,3
2,6290,506,504,2,3
2,6291,506,504,2,3
2,6292,506,504,2,3
2,6293,506,504,2,3
2,6294,506,504,2,3
2,6295,506,504,2,3
2,6296,506,504,2,3
2,6297,506,504,2,3
2,6298,506,504,2,3
2,6299,506,504,2,3
2,6300,506,504,2,3
2,6301,506,503,3,3
2,6302,506,504,2,3
2,6303,506,504,2,3
2,6304,506,504,2,3
2,6305,506,504,2,3
2,6306,506,504,2,3
2,6307,506,504,2,3
2,6308,506,504,2,3
2,6309,506,504,2,3
2,6310,506,504,2,3
2,6311,506,504,2,3
2,6312,506,504,2,3
2,6313,506,503,3,3
2,6314,506,504,2,3
2,6315,506,504,2,3
2,6316,506,504,2,3
2,6317,506,504,2,3
2,6318,506,504,2,3
2,6319,506,504,2,3
2,6320,506,504,2,3
2,6321,506,504,2,3
2,6322,506,504,2,3
2,6323,506,504,2,3
2,6324,506,504,2,3
2,6325,506,504,2,3
2,6326,506,504,2,3
2,6327,506,504,2,3
2,6328,506,504,2,3
2,6329,506,504,2,3
2,6330,506,504,2,3
2,6331,506,504,2,3
2,6332,506,504,2,3
2,6333,506,504,2,3
2,6334,506,504,2,3
2,6335,506,504,2,3
2,6336,506,504,2,3
2,6337,506,504,2,3
2,6338,506,504,2,3
2,6339,506,504,2,3
2,6340,506,504,2,3
2,6341,506,504,2,3
2,6342,506,504,2,3
2,6343,506,504,2,3
2,6344,506,504,2,3
2,6345,506,504,2,3
2,6346,506,504,2,3
2,6347,506,504,2,3
2,6348,506,504,2,3
2,6349,506,504,2,3
2,6350,506,504,2,3
2,6351,506,504,2,3
2,6352,506,504,2,3
2,6353,506,504,2,3
2,6354,506,504,2,3
2,6355,506,504,2,3
2,6356,506,504,2,3
2,6357,506,504,2,3
2,6358,506,504,2,3
2,6359,506,504,2,3
2,6360,506,504,2,3
2,6361,506,504,2,3
2,6362,506,504,2,3
2,6363,506,504,2,3
2,6364,506,504,2,3
2,6365,506,504,2,3
2,6366,506,504,2,3
2,6367,506,504,2,3
2,6368,506,504,2,3
2,6369,506,504,2,3
2,6370,506,504,2,3
2,6371,506,504,2,3
2,6372,506,503,3,3
2,6373,506,504,2,3
2,6374,506,504,2,3
2,6375,506,504,2,3
2,6376,506,504,2,3
2,6377,506,504,2,3
2,6378,506,504,2,3
2,6379,506,504,2,3
2,6380,506,504,2,3
2,6381,506,504,2,3
2,6382,506,504,2,3
2,6383,506,504,2,3
2,6384,506,504,2,3
2,6385,506,504,2,3
2,6386,506,504,2,3
2,6387,506,504,2,3
2,6388,506,504,2,3
2,6389,506,504,2,3
2,6390,506,504,2,3
2,6391,506,504,2,3
2,6392,506,504,2,3
2,6393,506,504,2,3
2,6394,506,504,2,3
2,6395,506,504,2,3
2,6396,506,504,2,3
2,6397,506,504,2,3
2,6398,506,504,2,3
2,6399,506,504,2,3
2,6400,506,504,2,3
2,6401,506,504,2,3
2,6402,506,504,2,3
2,6403,506,504,2,3
2,6404,506,504,2,3
2,6405,506,504,2,3
2,6406,506,504,2,3
2,6407,506,504,2,3
2,6408,506,504,2,3
2,6409,506,504,2,3
2,6410,506,504,2,3
2,6411,506,504,2,3
2,6412,506,504,2,3
2,6413,506,504,2,3
2,6414,506,504,2,3
2,6415,506,504,2,3
2,6416,506,504,2,3
2,6417,506,504,2,3
2,6418,506,504,2,3
2,6419,506,504,2,3
2,6420,506,504,2,3
2,6421,506,504,2,3
2,6422,506,504,2,3
2,6423,506,504,2,3
2,6424,506,504,2,3
2,6425,506,504,2,3
2,6426,506,504,2,3
2,6427,506,504,2,3
2,6428,506,504,2,3
2,6429,506,504,2,3
2,6430,506,504,2,3
2,6431,506,504,2,3
2,6432,506,504,2,3
2,6433,506,504,2,3
2,6434,506,504,2,3
2,6435,506,504,2,3
2,6436,506,504,2,3
2,6437,506,504,2,3
2,6438,506,504,2,3
2,6439,506,504,2,3
2,6440,506,504,2,3
2,6441,506,504,2,3
2,6442,506,503,3,3
2,6443,506,504,2,3
2,6444,506,504,2,3
2,6445,506,504,2,3
2,6446,506,504,2,3
2,6447,506,504,2,3
2,6448,506,504,2,3
2,6449,506,504,2,3
2,6450,506,504,2,3
2,6451,506,504,2,3
2,6452,506,504,2,3
2,6453,506,504,2,3
2,6454,506,504,2,3
2,6455,506,504,2,3
2,6456,506,504,2,3
2,6457,506,504,2,3
2,6458,506,504,2,3
2,6459,506,504,2,3
2,6460,506,504,2,3
2,6461,506,504,2,3
2,6462,506,504,2,3
2,6463,506,504,2,3
2,6464,506,504,2,3
2,6465,506,504,2,3
2,6466,506,503,3,3
2,6467,506,504,2,3
2,6468,506,504,2,3
2,6469,506,504,2,3
2,6470,506,504,2,3
2,6471,506,504,2,3
2,6472,506,504,2,3
2,6473,506,504,2,3
2,6474,506,504,2,3
2,6475,506,504,2,3
2,6476,506,504,2,3
2,6477,506,504,2,3
2,6478,506,504,2,3
2,6479,506,504,2,3
2,6480,506,504,2,3
2,6481,506,504,2,3
2,6482,506,504,2,3
2,6483,506,504,2,3
2,6484,506,504,2,3
2,6485,506,504,2,3
2,6486,506,504,2,3
2,6487,506,504,2,3
2,6488,506,504,2,3
2,6489,506,504,2,3
2,6490,506,504,2,3
2,6491,506,504,2,3
2,6492,506,504,2,3
2,6493,506,504,2,3
2,6494,506,504,2,3
2,6495,506,504,2,3
2,6496,506,504,2,3
2,6497,506,504,2,3
2,6498,506,504,2,3
2,6499,506,504,2,3
2,6500,506,504,2,3
2,6501,506,504,2,3
2,6502,506,504,2,3
2,6503,506,504,2,3
2,6504,506,504,2,3
2,6505,506,504,2,3
2,6506,506,504,2,3
2,6507,506,504,2,3
2,6508,506,504,2,3
2,6509,506,504,2,3
2,6510,506,504,2,3
2,6511,506,504,2,3
2,6512,506,504,2,3
2,6513,506,504,2,3
2,6514,506,504,2,3
2,6515,506,504,2,3
2,6516,506,504,2,3
2,6517,506,504,2,3
2,6518,506,504,2,3
2,6519,506,504,2,3
2,6520,506,504,2,3
2,6521,506,504,2,3
2,6522,506,504,2,3
2,6523,506,504,2,3
2,6524,506,504,2,3
2,6525,506,504,2,3
2,6526,506,504,2,3
2,6527,506,504,2,3
2,6528,506,504,2,3
2,6529,506,504,2,3
2,6530,506,504,2,3
2,6531,506,504,2,3
2,6532,506,504,2,3
2,6533,506,504,2,3
2,6534,506,504,2,3
2,6535,506,504,2,3
2,6536,506,504,2,3
2,6537,506,504,2,3
2,6538,506,504,2,3
2,6539,506,504,2,3
2,6540,506,504,2,3
2,6541,506,503,3,3
2,6542,506,504,2,3
2,6543,506,504,2,3
2,6544,506,504,2,3
2,6545,506,504,2,3
2,6546,506,504,2,3
2,6547,506,504,2,3
2,6548,506,504,2,3
2,6549,506,504,2,3
2,6550,506,504,2,3
2,6551,506,504,2,3
2,6552,506,504,2,3
2,6553,506,504,2,3
2,6554,506,503,3,3
2,6555,506,504,2,3
2,6556,506,504,2,3
2,6557,506,504,2,3
2,6558,506,504,2,3
2,6559,506,504,2,3
2,6560,506,504,2,3
2,6561,506,504,2,3
2,6562,506,504,2,3
2,6563,506,504,2,3
2,6564,506,504,2,3
2,6565,506,504,2,3
2,6566,506,504,2,3
2,6567,506,504,2,3
2,6568,506,504,2,3
2,6569,506,504,2,3
2,6570,506,503,3,3
2,6571,506,504,2,3
2,6572,506,504,2,3
2,6573,506,504,2,3
2,6574,506,504,2,3
2,6575,506,504,2,3
2,6576,506,504,2,3
2,6577,506,504,2,3
2,6578,506,504,2,3
2,6579,506,504,2,3
2,6580,506,504,2,3
2,6581,506,504,2,3
2,6582,506,504,2,3
2,6583,506,504,2,3
2,6584,506,504,2,3
2,6585,506,504,2,3
2,6586,506,504,2,3
2,6587,506,504,2,3
2,6588,506,504,2,3
2,6589,506,504,2,3
2,6590,506,504,2,3
2,6591,506,504,2,3
2,6592,506,504,2,3
2,6593,506,504,2,3
2,6594,506,504,2,3
2,6595,506,504,2,3
2,6596,506,504,2,3
2,6597,506,504,2,3
2,6598,506,504,2,3
2,6599,506,504,2,3
2,6600,506,504,2,3
2,6601,506,504,2,3
2,6602,506,504,2,3
2,6603,506,504,2,3
2,6604,506,504,2,3
2,6605,506,504,2,3
2,6606,506,504,2,3
2,6607,506,504,2,3
2,6608,506,504,2,3
2,6609,506,504,2,3
2,6610,506,504,2,3
2,6611,506,504,2,3
2,6612,506,504,2,3
2,6613,506,504,2,3
2,6614,506,504,2,3
2,6615,506,504,2,3
2,6616,506,504,2,3
2,6617,506,504,2,3
2,6618,506,504,2,3
2,6619,506,504,2,3
2,6620,506,504,2,3
2,6621,506,504,2,3
2,6622,506,504,2,3
2,6623,506,504,2,3
2,6624,506,504,2,3
2,6625,506,504,2,3
2,6626,506,504,2,3
2,6627,506,504,2,3
2,6628,506,504,2,3
2,6629,506,504,2,3
2,6630,506,504,2,3
2,6631,506,504,2,3
2,6632,506,504,2,3
2,6633,506,503,3,3
2,6634,506,504,2,3
2,6635,506,504,2,3
2,6636,506,504,2,3
2,6637,506,504,2,3
2,6638,506,504,2,3
2,6639,506,504,2,3
2,6640,506,504,2,3
2,6641,506,504,2,3
2,6642,506,504,2,3
2,6643,506,504,2,3
2,6644,506,504,2,3
2,6645,506,504,2,3
2,6646,506,504,2,3
2,6647,506,504,2,3
2,6648,506,504,2,3
2,6649,506,504,2,3
2,6650,506,504,2,3
2,6651,506,504,2,3
2,6652,506,504,2,3
2,6653,506,503,3,3
2,6654,506,504,2,3
2,6655,506,504,2,3
2,6656,506,504,2,3
2,6657,506,504,2,3
2,6658,506,504,2,3
2,6659,506,504,2,3
2,6660,506,504,2,3
2,6661,506,504,2,3
2,6662,506,504,2,3
2,6663,506,504,2,3
2,6664,506,504,2,3
2,6665,506,504,2,3
2,6666,506,504,2,3
2,6667,506,504,2,3
2,6668,506,504,2,3
2,6669,506,504,2,3
2,6670,506,504,2,3
2,6671,506,504,2,3
2,6672,506,504,2,3
2,6673,506,504,2,3
2,6674,506,504,2,3
2,6675,506,504,2,3
2,6676,506,504,2,3
2,6677,506,504,2,3
2,6678,506,504,2,3
2,6679,506,504,2,3
2,6680,506,504,2,3
2,6681,506,504,2,3
2,6682,506,504,2,3
2,6683,506,504,2,3
2,6684,506,503,3,3
2,6685,506,504,2,3
2,6686,506,504,2,3
2,6687,506,504,2,3
2,6688,506,504,2,3
2,6689,506,504,2,3
2,6690,506,504,2,3
2,6691,506,504,2,3
2,6692,506,504,2,3
2,6693,506,504,2,3
2,6694,506,504,2,3
2,6695,506,504,2,3
2,6696,506,504,2,3
2,6697,506,504,2,3
2,6698,506,504,2,3
2,6699,506,504,2,3
2,6700,506,504,2,3
2,6701,506,504,2,3
2,6702,506,504,2,3
2,6703,506,504,2,3
2,6704,506,504,2,3
2,6705,506,504,2,3
2,6706,506,504,2,3
2,6707,506,504,2,3
2,6708,506,504,2,3
2,6709,506,504,2,3
2,6710,506,504,2,3
2,6711,506,504,2,3
2,6712,506,504,2,3
2,6713,506,504,2,3
2,6714,506,504,2,3
2,6715,506,504,2,3
2,6716,506,504,2,3
2,6717,506,504,2,3
2,6718,506,504,2,3
2,6719,506,504,2,3
2,6720,506,504,2,3
2,6721,506,504,2,3
2,6722,506,503,3,3
2,6723,506,504,2,3
2,6724,506,504,2,3
2,6725,506,504,2,3
2,6726,506,504,2,3
2,6727,506,504,2,3
2,6728,506,504,2,3
2,6729,506,504,2,3
2,6730,506,504,2,3
2,6731,506,504,2,3
2,6732,506,504,2,3
2,6733,506,504,2,3
2,6734,506,504,2,3
2,6735,506,504,2,3
2,6736,506,503,3,3
2,6737,506,504,2,3
2,6738,506,504,2,3
2,6739,506,504,2,3
2,6740,506,504,2,3
2,6741,506,504,2,3
2,6742,506,504,2,3
2,6743,506,504,2,3
2,6744,506,504,2,3
2,6745,506,504,2,3
2,6746,506,504,2,3
2,6747,506,504,2,3
2,6748,506,504,2,3
2,6749,506,504,2,3
2,6750,506,504,2,3
2,6751,506,504,2,3
2,6752,506,504,2,3
2,6753,506,504,2,3
2,6754,506,504,2,3
2,6755,506,504,2,3
2,6756,506,504,2,3
2,6757,506,504,2,3
2,6758,506,504,2,3
2,6759,506,504,2,3
2,6760,506,504,2,3
2,6761,506,504,2,3
2,6762,506,504,2,3
2,6763,506,504,2,3
2,6764,506,504,2,3
2,6765,506,504,2,3
2,6766,506,504,2,3
2,6767,506,504,2,3
2,6768,506,504,2,3
2,6769,506,504,2,3
2,6770,506,504,2,3
2,6771,506,504,2,3
2,6772,506,504,2,3
2,6773,506,503,3,3
2,6774,506,504,2,3
2,6775,506,504,2,3
2,6776,506,504,2,3
2,6777,506,504,2,3
2,6778,506,504,2,3
2,6779,506,504,2,3
2,6780,506,504,2,3
2,6781,506,504,2,3
2,6782,506,504,2,3
2,6783,506,504,2,3
2,6784,506,504,2,3
2,6785,506,504,2,3
2,6786,506,504,2,3
2,6787,506,504,2,3
2,6788,506,504,2,3
2,6789,506,504,2,3
2,6790,506,504,2,3
2,6791,506,504,2,3
2,6792,506,504,2,3
2,6793,506,504,2,3
2,6794,506,504,2,3
2,6795,506,504,2,3
2,6796,506,504,2,3
2,6797,506,504,2,3
2,6798,506,504,2,3
2,6799,506,504,2,3
2,6800,506,504,2,3
2,6801,506,504,2,3
2,6802,506,504,2,3
2,6803,506,504,2,3
2,6804,506,504,2,3
2,6805,506,504,2,3
2,6806,506,504,2,3
2,6807,506,504,2,3
2,6808,506,503,3,3
2,6809,506,504,2,3
2,6810,506,504,2,3
2,6811,506,504,2,3
2,6812,506,504,2,3
2,6813,506,503,3,3
2,6814,506,504,2,3
2,6815,506,504,2,3
2,6816,506,504,2,3
2,6817,506,504,2,3
2,6818,506,504,2,3
2,6819,506,504,2,3
2,6820,506,504,2,3
2,6821,506,503,3,3
2,6822,506,504,2,3
2,6823,506,504,2,3
2,6824,506,504,2,3
2,6825,506,504,2,3
2,6826,506,504,2,3
2,6827,506,504,2,3
2,6828,506,504,2,3
2,6829,506,504,2,3
2,6830,506,504,2,3
2,6831,506,504,2,3
2,6832,506,504,2,3
2,6833,506,504,2,3
2,6834,506,504,2,3
2,6835,506,504,2,3
2,6836,506,504,2,3
2,6837,506,503,3,3
2,6838,506,504,2,3
2,6839,506,504,2,3
2,6840,506,504,2,3
2,6841,506,504,2,3
2,6842,506,504,2,3
2,6843,506,504,2,3
2,6844,506,504,2,3
2,6845,506,504,2,3
2,6846,506,504,2,3
2,6847,506,504,2,3
2,6848,506,504,2,3
2,6849,506,504,2,3
2,6850,506,504,2,3
2,6851,506,504,2,3
2,6852,506,504,2,3
2,6853,506,504,2,3
2,6854,506,504,2,3
2,6855,506,504,2,3
2,6856,506,504,2,3
2,6857,506,504,2,3
2,6858,506,504,2,3
2,6859,506,504,2,3
2,6860,506,504,2,3
2,6861,506,504,2,3
2,6862,506,504,2,3
2,6863,506,504,2,3
2,6864,506,504,2,3
2,6865,506,504,2,3
2,6866,506,504,2,3
2,6867,506,504,2,3
2,6868,506,504,2,3
2,6869,506,504,2,3
2,6870,506,504,2,3
2,6871,506,504,2,3
2,6872,506,503,3,3
2,6873,506,504,2,3
2,6874,506,504,2,3
2,6875,506,504,2,3
2,6876,506,504,2,3
2,6877,506,504,2,3
2,6878,506,504,2,3
2,6879,506,504,2,3
2,6880,506,504,2,3
2,6881,506,504,2,3
2,6882,506,504,2,3
2,6883,506,504,2,3
2,6884,506,504,2,3
2,6885,506,504,2,3
2,6886,506,504,2,3
2,6887,506,504,2,3
2,6888,506,504,2,3
2,6889,506,504,2,3
2,6890,506,504,2,3
2,6891,506,504,2,3
2,6892,506,504,2,3
2,6893,506,504,2,3
2,6894,506,504,2,3
2,6895,506,504,2,3
2,6896,506,504,2,3
2,6897,506,504,2,3
2,6898,506,504,2,3
2,6899,506,504,2,3
2,6900,506,504,2,3
2,6901,506,504,2,3
2,6902,506,504,2,3
2,6903,506,504,2,3
2,6904,506,504,2,3
2,6905,506,504,2,3
2,6906,506,504,2,3
2,6907,506,504,2,3
2,6908,506,504,2,3
2,6909,506,504,2,3
2,6910,506,504,2,3
2,6911,506,504,2,3
2,6912,506,503,3,3
2,6913,506,504,2,3
2,6914,506,504,2,3
2,6915,506,504,2,3
2,6916,506,504,2,3
2,6917,506,504,2,3
2,6918,506,504,2,3
2,6919,506,504,2,3
2,6920,506,504,2,3
2,6921,506,504,2,3
2,6922,506,504,2,3
2,6923,506,504,2,3
2,6924,506,504,2,3
2,6925,506,504,2,3
2,6926,506,504,2,3
2,6927,506,504,2,3
2,6928,506,504,2,3
2,6929,506,504,2,3
2,6930,506,504,2,3
2,6931,506,504,2,3
2,6932,506,504,2,3
2,6933,506,504,2,3
2,6934,506,504,2,3
2,6935,506,504,2,3
2,6936,506,504,2,3
2,6937,506,504,2,3
2,6938,506,504,2,3
2,6939,506,504,2,3
2,6940,506,504,2,3
2,6941,506,504,2,3
2,6942,506,503,3,3
2,6943,506,504,2,3
2,6944,506,504,2,3
2,6945,506,504,2,3
2,6946,506,504,2,3
2,6947,506,504,2,3
2,6948,506,504,2,3
2,6949,506,504,2,3
2,6950,506,504,2,3
2,6951,506,504,2,3
2,6952,506,504,2,3
2,6953,506,504,2,3
2,6954,506,504,2,3
2,6955,506,504,2,3
2,6956,506,504,2,3
2,6957,506,504,2,3
2,6958,506,504,2,3
2,6959,506,504,2,3
2,6960,506,504,2,3
2,6961,506,503,3,3
2,6962,506,504,2,3
2,6963,506,504,2,3
2,6964,506,504,2,3
2,6965,506,503,3,3
2,6966,506,504,2,3
2,6967,506,504,2,3
2,6968,506,504,2,3
2,6969,506,504,2,3
2,6970,506,504,2,3
2,6971,506,504,2,3
2,6972,506,504,2,3
2,6973,506,504,2,3
2,6974,506,504,2,3
2,6975,506,504,2,3
2,6976,506,504,2,3
2,6977,506,504,2,3
2,6978,506,504,2,3
2,6979,506,504,2,3
2,6980,506,504,2,3
2,6981,506,504,2,3
2,6982,506,504,2,3
2,6983,506,504,2,3
2,6984,506,504,2,3
2,6985,506,504,2,3
2,6986,506,504,2,3
2,6987,506,504,2,3
2,6988,506,504,2,3
2,6989,506,504,2,3
2,6990,506,504,2,3
2,6991,506,504,2,3
2,6992,506,504,2,3
2,6993,506,504,2,3
2,6994,506,504,2,3
2,6995,506,504,2,3
2,6996,506,504,2,3
2,6997,506,504,2,3
2,6998,506,504,2,3
2,6999,506,504,2,3
2,7000,506,504,2,3
2,7001,506,503,3,3
2,7002,506,504,2,3
2,7003,506,504,2,3
2,7004,506,504,2,3
2,7005,506,504,2,3
2,7006,506,504,2,3
2,7007,506,504,2,3
2,7008,506,504,2,3
2,7009,506,504,2,3
2,7010,506,504,2,3
2,7011,506,504,2,3
2,7012,506,504,2,3
2,7013,506,504,2,3
2,7014,506,504,2,3
2,7015,506,504,2,3
2,7016,506,504,2,3
2,7017,506,504,2,3
2,7018,506,504,2,3
2,7019,506,504,2,3
2,7020,506,504,2,3
2,7021,506,504,2,3
2,7022,506,504,2,3
2,7023,506,504,2,3
2,7024,506,504,2,3
2,7025,506,504,2,3
2,7026,506,504,2,3
2,7027,506,504,2,3
2,7028,506,504,2,3
2,7029,506,504,2,3
2,7030,506,504,2,3
2,7031,506,504,2,3
2,7032,506,504,2,3
2,7033,506,504,2,3
2,7034,506,504,2,3
2,7035,506,504,2,3
2,7036,506,504,2,3
2,7037,506,504,2,3
2,7038,506,504,2,3
2,7039,506,504,2,3
2,7040,506,504,2,3
2,7041,506,503,3,3
2,7042,506,504,2,3
2,7043,506,504,2,3
2,7044,506,504,2,3
2,7045,506,504,2,3
2,7046,506,504,2,3
2,7047,506,504,2,3
2,7048,506,504,2,3
2,7049,506,504,2,3
2,7050,506,504,2,3
2,7051,506,504,2,3
2,7052,506,504,2,3
2,7053,506,504,2,3
2,7054,506,504,2,3
2,7055,506,504,2,3
2,7056,506,504,2,3
2,7057,506,504,2,3
2,7058,506,504,2,3
2,7059,506,504,2,3
2,7060,506,504,2,3
2,7061,506,504,2,3
2,7062,506,504,2,3
2,7063,506,504,2,3
2,7064,506,504,2,3
2,7065,506,504,2,3
2,7066,506,504,2,3
2,7067,506,504,2,3
2,7068,506,504,2,3
2,7069,506,504,2,3
2,7070,506,504,2,3
2,7071,506,504,2,3
2,7072,506,504,2,3
2,7073,506,504,2,3
2,7074,506,504,2,3
2,7075,506,504,2,3
2,7076,506,504,2,3
2,7077,506,504,2,3
2,7078,506,504,2,3
2,7079,506,504,2,3
2,7080,506,504,2,3
2,7081,506,504,2,3
2,7082,506,504,2,3
2,7083,506,504,2,3
2,7084,506,504,2,3
2,7085,506,504,2,3
2,7086,506,504,2,3
2,7087,506,504,2,3
2,7088,506,504,2,3
2,7089,506,504,2,3
2,7090,506,504,2,3
2,7091,506,504,2,3
2,7092,506,504,2,3
2,7093,506,504,2,3
2,7094,506,504,2,3
2,7095,506,504,2,3
2,7096,506,504,2,3
2,7097,506,504,2,3
2,7098,506,504,2,3
2,7099,506,504,2,3
2,7100,506,504,2,3
2,7101,506,504,2,3
2,7102,506,504,2,3
2,7103,506,504,2,3
2,7104,506,504,2,3
2,7105,506,504,2,3
2,7106,506,504,2,3
2,7107,506,504,2,3
2,7108,506,504,2,3
2,7109,506,504,2,3
2,7110,506,504,2,3
2,7111,506,504,2,3
2,7112,506,504,2,3
2,7113,506,503,3,3
2,7114,506,504,2,3
2,7115,506,504,2,3
2,7116,506,504,2,3
2,7117,506,504,2,3
2,7118,506,504,2,3
2,7119,506,504,2,3
2,7120,506,504,2,3
2,7121,506,504,2,3
2,7122,506,504,2,3
2,7123,506,504,2,3
2,7124,506,504,2,3
2,7125,506,504,2,3
2,7126,506,504,2,3
2,7127,506,504,2,3
2,7128,506,504,2,3
2,7129,506,504,2,3
2,7130,506,504,2,3
2,7131,506,504,2,3
2,7132,506,504,2,3
2,7133,506,504,2,3
2,7134,506,504,2,3
2,7135,506,504,2,3
2,7136,506,504,2,3
2,7137,506,504,2,3
2,7138,506,504,2,3
2,7139,506,503,3,3
2,7140,506,504,2,3
2,7141,506,504,2,3
2,7142,506,504,2,3
2,7143,506,504,2,3
2,7144,506,504,2,3
2,7145,506,504,2,3
2,7146,506,504,2,3
2,7147,506,504,2,3
2,7148,506,504,2,3
2,7149,506,503,3,3
2,7150,506,504,2,3
2,7151,506,504,2,3
2,7152,506,504,2,3
2,7153,506,504,2,3
2,7154,506,504,2,3
2,7155,506,504,2,3
2,7156,506,504,2,3
2,7157,506,504,2,3
2,7158,506,504,2,3
2,7159,506,503,3,3
2,7160,506,504,2,3
2,7161,506,504,2,3
2,7162,506,504,2,3
2,7163,506,504,2,3
2,7164,506,504,2,3
2,7165,506,504,2,3
2,7166,506,504,2,3
2,7167,506,504,2,3
2,7168,506,504,2,3
2,7169,506,504,2,3
2,7170,506,504,2,3
2,7171,506,504,2,3
2,7172,506,504,2,3
2,7173,506,504,2,3
2,7174,506,504,2,3
2,7175,506,504,2,3
2,7176,506,504,2,3
2,7177,506,504,2,3
2,7178,506,504,2,3
2,7179,506,504,2,3
2,7180,506,503,3,3
2,7181,506,504,2,3
2,7182,506,504,2,3
2,7183,506,504,2,3
2,7184,506,504,2,3
2,7185,506,503,3,3
2,7186,506,504,2,3
2,7187,506,504,2,3
2,7188,506,504,2,3
2,7189,506,504,2,3
2,7190,506,504,2,3
2,7191,506,504,2,3
2,7192,506,504,2,3
2,7193,506,504,2,3
2,7194,506,503,3,3
2,7195,506,504,2,3
2,7196,506,504,2,3
2,7197,506,504,2,3
2,7198,506,504,2,3
2,7199,506,504,2,3
2,7200,506,504,2,3
2,7201,506,504,2,3
2,7202,506,504,2,3
2,7203,506,504,2,3
2,7204,506,504,2,3
2,7205,506,504,2,3
2,7206,506,504,2,3
2,7207,506,504,2,3
2,7208,506,504,2,3
2,7209,506,504,2,3
2,7210,506,504,2,3
2,7211,506,504,2,3
2,7212,506,504,2,3
2,7213,506,504,2,3
2,7214,506,504,2,3
2,7215,506,504,2,3
2,7216,506,504,2,3
2,7217,506,504,2,3
2,7218,506,504,2,3
2,7219,506,504,2,3
2,7220,506,504,2,3
2,7221,506,504,2,3
2,7222,506,504,2,3
2,7223,506,504,2,3
2,7224,506,504,2,3
2,7225,506,504,2,3
2,7226,506,504,2,3
2,7227,506,504,2,3
2,7228,506,504,2,3
2,7229,506,504,2,3
2,7230,506,504,2,3
2,7231,506,504,2,3
2,7232,506,504,2,3
2,7233,506,504,2,3
2,7234,506,504,2,3
2,7235,506,503,3,3
2,7236,506,503,3,3
2,7237,506,504,2,3
2,7238,506,504,2,3
2,7239,506,504,2,3
2,7240,506,504,2,3
2,7241,506,504,2,3
2,7242,506,504,2,3
2,7243,506,504,2,3
2,7244,506,504,2,3
2,7245,506,504,2,3
2,7246,506,504,2,3
2,7247,506,504,2,3
2,7248,506,504,2,3
2,7249,506,504,2,3
2,7250,506,504,2,3
2,7251,506,504,2,3
2,7252,506,504,2,3
2,7253,506,504,2,3
2,7254,506,504,2,3
2,7255,506,504,2,3
2,7256,506,504,2,3
2,7257,506,504,2,3
2,7258,506,504,2,3
2,7259,506,504,2,3
2,7260,506,504,2,3
2,7261,506,504,2,3
2,7262,506,504,2,3
2,7263,506,504,2,3
2,7264,506,504,2,3
2,7265,506,504,2,3
2,7266,506,504,2,3
2,7267,506,504,2,3
2,7268,506,504,2,3
2,7269,506,504,2,3
2,7270,506,504,2,3
2,7271,506,504,2,3
2,7272,506,504,2,3
2,7273,506,504,2,3
2,7274,506,504,2,3
2,7275,506,504,2,3
2,7276,506,504,2,3
2,7277,506,504,2,3
2,7278,506,504,2,3
2,7279,506,504,2,3
2,7280,506,504,2,3
2,7281,506,504,2,3
2,7282,506,504,2,3
2,7283,506,504,2,3
2,7284,506,504,2,3
2,7285,506,504,2,3
2,7286,506,504,2,3
2,7287,506,504,2,3
2,7288,506,504,2,3
2,7289,506,504,2,3
2,7290,506,504,2,3
2,7291,506,504,2,3
2,7292,506,504,2,3
2,7293,506,504,2,3
2,7294,506,504,2,3
2,7295,506,504,2,3
2,7296,506,504,2,3
2,7297,506,504,2,3
2,7298,506,504,2,3
2,7299,506,504,2,3
2,7300,506,504,2,3
2,7301,506,504,2,3
2,7302,506,504,2,3
2,7303,506,504,2,3
2,7304,506,504,2,3
2,7305,506,504,2,3
2,7306,506,504,2,3
2,7307,506,504,2,3
2,7308,506,504,2,3
2,7309,506,504,2,3
2,7310,506,504,2,3
2,7311,506,504,2,3
2,7312,506,504,2,3
2,7313,506,504,2,3
2,7314,506,504,2,3
2,7315,506,504,2,3
2,7316,506,504,2,3
2,7317,506,504,2,3
2,7318,506,504,2,3
2,7319,506,504,2,3
2,7320,506,504,2,3
2,7321,506,503,3,3
2,7322,506,504,2,3
2,7323,506,504,2,3
2,7324,506,504,2,3
2,7325,506,504,2,3
2,7326,506,504,2,3
2,7327,506,504,2,3
2,7328,506,504,2,3
2,7329,506,504,2,3
2,7330,506,504,2,3
2,7331,506,504,2,3
2,7332,506,504,2,3
2,7333,506,504,2,3
2,7334,506,504,2,3
2,7335,506,504,2,3
2,7336,506,504,2,3
2,7337,506,504,2,3
2,7338,506,504,2,3
2,7339,506,504,2,3
2,7340,506,504,2,3
2,7341,506,504,2,3
2,7342,506,504,2,3
2,7343,506,504,2,3
2,7344,506,504,2,3
2,7345,506,504,2,3
2,7346,506,504,2,3
2,7347,506,504,2,3
2,7348,506,504,2,3
2,7349,506,504,2,3
2,7350,506,504,2,3
2,7351,506,504,2,3
2,7352,506,504,2,3
2,7353,506,504,2,3
2,7354,506,504,2,3
2,7355,506,504,2,3
2,7356,506,504,2,3
2,7357,506,504,2,3
2,7358,506,503,3,3
2,7359,506,504,2,3
2,7360,506,504,2,3
2,7361,506,504,2,3
2,7362,506,504,2,3
2,7363,506,504,2,3
2,7364,506,504,2,3
2,7365,506,504,2,3
2,7366,506,504,2,3
2,7367,506,504,2,3
2,7368,506,504,2,3
2,7369,506,504,2,3
2,7370,506,504,2,3
2,7371,506,504,2,3
2,7372,506,504,2,3
2,7373,506,504,2,3
2,7374,506,504,2,3
2,7375,506,504,2,3
2,7376,506,504,2,3
2,7377,506,504,2,3
2,7378,506,504,2,3
2,7379,506,504,2,3
2,7380,506,504,2,3
2,7381,506,504,2,3
2,7382,506,504,2,3
2,7383,506,504,2,3
2,7384,506,504,2,3
2,7385,506,504,2,3
2,7386,506,504,2,3
2,7387,506,504,2,3
2,7388,506,504,2,3
2,7389,506,504,2,3
2,7390,506,504,2,3
2,7391,506,504,2,3
2,7392,506,504,2,3
2,7393,506,504,2,3
2,7394,506,504,2,3
2,7395,506,504,2,3
2,7396,506,504,2,3
2,7397,506,504,2,3
2,7398,506,504,2,3
2,7399,506,504,2,3
2,7400,506,504,2,3
2,7401,506,504,2,3
2,7402,506,504,2,3
2,7403,506,504,2,3
2,7404,506,504,2,3
2,7405,506,504,2,3
2,7406,506,504,2,3
2,7407,506,504,2,3
2,7408,506,504,2,3
2,7409,506,504,2,3
2,7410,506,504,2,3
2,7411,506,504,2,3
2,7412,506,504,2,3
2,7413,506,504,2,3
2,7414,506,504,2,3
2,7415,506,504,2,3
2,7416,506,504,2,3
2,7417,506,504,2,3
2,7418,506,504,2,3
2,7419,506,504,2,3
2,7420,506,504,2,3
2,7421,506,504,2,3
2,7422,506,504,2,3
2,7423,506,504,2,3
2,7424,506,504,2,3
2,7425,506,504,2,3
2,7426,506,504,2,3
2,7427,506,504,2,3
2,7428,506,504,2,3
2,7429,506,504,2,3
2,7430,506,504,2,3
2,7431,506,504,2,3
2,7432,506,504,2,3
2,7433,506,504,2,3
2,7434,506,504,2,3
2,7435,506,504,2,3
2,7436,506,504,2,3
2,7437,506,504,2,3
2,7438,506,504,2,3
2,7439,506,504,2,3
2,7440,506,504,2,3
2,7441,506,504,2,3
2,7442,506,504,2,3
2,7443,506,504,2,3
2,7444,506,504,2,3
2,7445,506,504,2,3
2,7446,506,504,2,3
2,7447,506,504,2,3
2,7448,506,504,2,3
2,7449,506,504,2,3
2,7450,506,504,2,3
2,7451,506,504,2,3
2,7452,506,504,2,3
2,7453,506,504,2,3
2,7454,506,504,2,3
2,7455,506,504,2,3
2,7456,506,504,2,3
2,7457,506,504,2,3
2,7458,506,504,2,3
2,7459,506,504,2,3
2,7460,506,504,2,3
2,7461,506,504,2,3
2,7462,506,504,2,3
2,7463,506,504,2,3
2,7464,506,504,2,3
2,7465,506,504,2,3
2,7466,506,504,2,3
2,7467,506,504,2,3
2,7468,506,504,2,3
2,7469,506,504,2,3
2,7470,506,504,2,3
2,7471,506,504,2,3
2,7472,506,504,2,3
2,7473,506,504,2,3
2,7474,506,504,2,3
2,7475,506,504,2,3
2,7476,506,504,2,3
2,7477,506,504,2,3
2,7478,506,504,2,3
2,7479,506,503,3,3
2,7480,506,504,2,3
2,7481,506,504,2,3
2,7482,506,504,2,3
2,7483,506,504,2,3
2,7484,506,504,2,3
2,7485,506,504,2,3
2,7486,506,504,2,3
2,7487,506,504,2,3
2,7488,506,504,2,3
2,7489,506,504,2,3
2,7490,506,503,3,3
2,7491,506,504,2,3
2,7492,506,504,2,3
2,7493,506,504,2,3
2,7494,506,504,2,3
2,7495,506,504,2,3
2,7496,506,504,2,3
2,7497,506,504,2,3
2,7498,506,504,2,3
2,7499,506,504,2,3
2,7500,506,504,2,3
2,7501,506,504,2,3
2,7502,506,504,2,3
2,7503,506,504,2,3
2,7504,506,504,2,3
2,7505,506,504,2,3
2,7506,506,504,2,3
2,7507,506,504,2,3
2,7508,506,504,2,3
2,7509,506,504,2,3
2,7510,506,504,2,3
2,7511,506,504,2,3
2,7512,506,504,2,3
2,7513,506,504,2,3
2,7514,506,504,2,3
2,7515,506,504,2,3
2,7516,506,504,2,3
2,7517,506,504,2,3
2,7518,506,504,2,3
2,7519,506,504,2,3
2,7520,506,504,2,3
2,7521,506,504,2,3
2,7522,506,504,2,3
2,7523,506,504,2,3
2,7524,506,504,2,3
2,7525,506,504,2,3
2,7526,506,504,2,3
2,7527,506,504,2,3
2,7528,506,504,2,3
2,7529,506,504,2,3
2,7530,506,504,2,3
2,7531,506,504,2,3
2,7532,506,504,2,3
2,7533,506,504,2,3
2,7534,506,504,2,3
2,7535,506,504,2,3
2,7536,506,504,2,3
2,7537,506,504,2,3
2,7538,506,504,2,3
2,7539,506,504,2,3
2,7540,506,504,2,3
2,7541,506,504,2,3
2,7542,506,504,2,3
2,7543,506,504,2,3
2,7544,506,504,2,3
2,7545,506,504,2,3
2,7546,506,504,2,3
2,7547,506,504,2,3
2,7548,506,504,2,3
2,7549,506,504,2,3
2,7550,506,504,2,3
2,7551,506,504,2,3
2,7552,506,504,2,3
2,7553,506,504,2,3
2,7554,506,504,2,3
2,7555,506,504,2,3
2,7556,506,504,2,3
2,7557,506,504,2,3
2,7558,506,504,2,3
2,7559,506,504,2,3
2,7560,506,504,2,3
2,7561,506,504,2,3
2,7562,506,504,2,3
2,7563,506,504,2,3
2,7564,506,504,2,3
2,7565,506,504,2,3
2,7566,506,504,2,3
2,7567,506,504,2,3
2,7568,506,504,2,3
2,7569,506,504,2,3
2,7570,506,504,2,3
2,7571,506,504,2,3
2,7572,506,504,2,3
2,7573,506,504,2,3
2,7574,506,504,2,3
2,7575,506,504,2,3
2,7576,506,504,2,3
2,7577,506,504,2,3
2,7578,506,503,3,3
2,7579,506,504,2,3
2,7580,506,504,2,3
2,7581,506,504,2,3
2,7582,506,504,2,3
2,7583,506,504,2,3
2,7584,506,504,2,3
2,7585,506,504,2,3
2,7586,506,504,2,3
2,7587,506,504,2,3
2,7588,506,504,2,3
2,7589,506,504,2,3
2,7590,506,504,2,3
2,7591,506,504,2,3
2,7592,506,504,2,3
2,7593,506,504,2,3
2,7594,506,504,2,3
2,7595,506,504,2,3
2,7596,506,504,2,3
2,7597,506,504,2,3
2,7598,506,504,2,3
2,7599,506,504,2,3
2,7600,506,504,2,3
2,7601,506,504,2,3
2,7602,506,504,2,3
2,7603,506,504,2,3
2,7604,506,504,2,3
2,7605,506,504,2,3
2,7606,506,504,2,3
2,7607,506,504,2,3
2,7608,506,504,2,3
2,7609,506,504,2,3
2,7610,506,504,2,3
2,7611,506,504,2,3
2,7612,506,504,2,3
2,7613,506,504,2,3
2,7614,506,504,2,3
2,7615,506,504,2,3
2,7616,506,504,2,3
2,7617,506,504,2,3
2,7618,506,504,2,3
2,7619,506,504,2,3
2,7620,506,504,2,3
2,7621,506,504,2,3
2,7622,506,504,2,3
2,7623,506,504,2,3
2,7624,506,504,2,3
2,7625,506,504,2,3
2,7626,506,504,2,3
2,7627,506,504,2,3
2,7628,506,504,2,3
2,7629,506,504,2,3
2,7630,506,504,2,3
2,7631,506,504,2,3
2,7632,506,504,2,3
2,7633,506,504,2,3
2,7634,506,504,2,3
2,7635,506,504,2,3
2,7636,506,504,2,3
2,7637,506,503,3,3
2,7638,506,504,2,3
2,7639,506,504,2,3
2,7640,506,504,2,3
2,7641,506,504,2,3
2,7642,506,504,2,3
2,7643,506,504,2,3
2,7644,506,504,2,3
2,7645,506,504,2,3
2,7646,506,504,2,3
2,7647,506,504,2,3
2,7648,506,504,2,3
2,7649,506,504,2,3
2,7650,506,504,2,3
2,7651,506,504,2,3
2,7652,506,504,2,3
2,7653,506,504,2,3
2,7654,506,504,2,3
2,7655,506,504,2,3
2,7656,506,504,2,3
2,7657,506,504,2,3
2,7658,506,504,2,3
2,7659,506,504,2,3
2,7660,506,504,2,3
2,7661,506,504,2,3
2,7662,506,504,2,3
2,7663,506,504,2,3
2,7664,506,504,2,3
2,7665,506,504,2,3
2,7666,506,504,2,3
2,7667,506,504,2,3
2,7668,506,504,2,3
2,7669,506,504,2,3
2,7670,506,504,2,3
2,7671,506,504,2,3
2,7672,506,504,2,3
2,7673,506,504,2,3
2,7674,506,504,2,3
2,7675,506,504,2,3
2,7676,506,504,2,3
2,7677,506,504,2,3
2,7678,506,504,2,3
2,7679,506,504,2,3
2,7680,506,504,2,3
2,7681,506,504,2,3
2,7682,506,504,2,3
2,7683,506,504,2,3
2,7684,506,504,2,3
2,7685,506,504,2,3
2,7686,506,504,2,3
2,7687,506,504,2,3
2,7688,506,504,2,3
2,7689,506,504,2,3
2,7690,506,504,2,3
2,7691,506,504,2,3
2,7692,506,504,2,3
2,7693,506,504,2,3
2,7694,506,504,2,3
2,7695,506,504,2,3
2,7696,506,504,2,3
2,7697,506,504,2,3
2,7698,506,504,2,3
2,7699,506,504,2,3
2,7700,506,504,2,3
2,7701,506,504,2,3
2,7702,506,504,2,3
2,7703,506,504,2,3
2,7704,506,504,2,3
2,7705,506,504,2,3
2,7706,506,504,2,3
2,7707,506,504,2,3
2,7708,506,504,2,3
2,7709,506,504,2,3
2,7710,506,504,2,3
2,7711,506,504,2,3
2,7712,506,504,2,3
2,7713,506,504,2,3
2,7714,506,504,2,3
2,7715,506,504,2,3
2,7716,506,504,2,3
2,7717,506,504,2,3
2,7718,506,504,2,3
2,7719,506,504,2,3
2,7720,506,504,2,3
2,7721,506,504,2,3
2,7722,506,504,2,3
2,7723,506,504,2,3
2,7724,506,504,2,3
2,7725,506,504,2,3
2,7726,506,504,2,3
2,7727,506,504,2,3
2,7728,506,504,2,3
2,7729,506,504,2,3
2,7730,506,503,3,3
2,7731,506,504,2,3
2,7732,506,504,2,3
2,7733,506,504,2,3
2,7734,506,504,2,3
2,7735,506,503,3,3
2,7736,506,504,2,3
2,7737,506,504,2,3
2,7738,506,504,2,3
2,7739,506,504,2,3
2,7740,506,504,2,3
2,7741,506,504,2,3
2,7742,506,504,2,3
2,7743,506,504,2,3
2,7744,506,504,2,3
2,7745,506,503,3,3
2,7746,506,504,2,3
2,7747,506,504,2,3
2,7748,506,504,2,3
2,7749,506,504,2,3
2,7750,506,504,2,3
2,7751,506,504,2,3
2,7752,506,504,2,3
2,7753,506,504,2,3
2,7754,506,504,2,3
2,7755,506,504,2,3
2,7756,506,504,2,3
2,7757,506,504,2,3
2,7758,506,504,2,3
2,7759,506,504,2,3
2,7760,506,504,2,3
2,7761,506,503,3,3
2,7762,506,504,2,3
2,7763,506,504,2,3
2,7764,506,504,2,3
2,7765,506,504,2,3
2,7766,506,504,2,3
2,7767,506,504,2,3
2,7768,506,504,2,3
2,7769,506,504,2,3
2,7770,506,504,2,3
2,7771,506,504,2,3
2,7772,506,504,2,3
2,7773,506,504,2,3
2,7774,506,504,2,3
2,7775,506,504,2,3
2,7776,506,504,2,3
2,7777,506,503,3,3
2,7778,506,504,2,3
2,7779,506,504,2,3
2,7780,506,504,2,3
2,7781,506,504,2,3
2,7782,506,504,2,3
2,7783,506,504,2,3
2,7784,506,504,2,3
2,7785,506,504,2,3
2,7786,506,504,2,3
2,7787,506,504,2,3
2,7788,506,504,2,3
2,7789,506,504,2,3
2,7790,506,504,2,3
2,7791,506,504,2,3
2,7792,506,504,2,3
2,7793,506,504,2,3
2,7794,506,504,2,3
2,7795,506,504,2,3
2,7796,506,504,2,3
2,7797,506,504,2,3
2,7798,506,504,2,3
2,7799,506,504,2,3
2,7800,506,504,2,3
2,7801,506,504,2,3
2,7802,506,504,2,3
2,7803,506,504,2,3
2,7804,506,504,2,3
2,7805,506,504,2,3
2,7806,506,504,2,3
2,7807,506,504,2,3
2,7808,506,504,2,3
2,7809,506,504,2,3
2,7810,506,504,2,3
2,7811,506,504,2,3
2,7812,506,504,2,3
2,7813,506,504,2,3
2,7814,506,504,2,3
2,7815,506,504,2,3
2,7816,506,504,2,3
2,7817,506,504,2,3
2,7818,506,504,2,3
2,7819,506,504,2,3
2,7820,506,504,2,3
2,7821,506,504,2,3
2,7822,506,504,2,3
2,7823,506,504,2,3
2,7824,506,504,2,3
2,7825,506,504,2,3
2,7826,506,504,2,3
2,7827,506,504,2,3
2,7828,506,504,2,3
2,7829,506,504,2,3
2,7830,506,504,2,3
2,7831,506,504,2,3
2,7832,506,504,2,3
2,7833,506,504,2,3
2,7834,506,504,2,3
2,7835,506,504,2,3
2,7836,506,504,2,3
2,7837,506,504,2,3
2,7838,506,504,2,3
2,7839,506,504,2,3
2,7840,506,504,2,3
2,7841,506,504,2,3
2,7842,506,504,2,3
2,7843,506,504,2,3
2,7844,506,504,2,3
2,7845,506,504,2,3
2,7846,506,504,2,3
2,7847,506,504,2,3
2,7848,506,504,2,3
2,7849,506,504,2,3
2,7850,506,504,2,3
2,7851,506,504,2,3
2,7852,506,504,2,3
2,7853,506,504,2,3
2,7854,506,504,2,3
2,7855,506,504,2,3
2,7856,506,504,2,3
2,7857,506,504,2,3
2,7858,506,504,2,3
2,7859,506,504,2,3
2,7860,506,504,2,3
2,7861,506,503,3,3
2,7862,506,504,2,3
2,7863,506,504,2,3
2,7864,506,504,2,3
2,7865,506,504,2,3
2,7866,506,504,2,3
2,7867,506,504,2,3
2,7868,506,504,2,3
2,7869,506,504,2,3
2,7870,506,504,2,3
2,7871,506,504,2,3
2,7872,506,504,2,3
2,7873,506,504,2,3
2,7874,506,504,2,3
2,7875,506,504,2,3
2,7876,506,504,2,3
2,7877,506,504,2,3
2,7878,506,503,3,3
2,7879,506,504,2,3
2,7880,506,504,2,3
2,7881,506,504,2,3
2,7882,506,504,2,3
2,7883,506,504,2,3
2,7884,506,504,2,3
2,7885,506,504,2,3
2,7886,506,504,2,3
2,7887,506,504,2,3
2,7888,506,504,2,3
2,7889,506,504,2,3
2,7890,506,504,2,3
2,7891,506,504,2,3
2,7892,506,504,2,3
2,7893,506,504,2,3
2,7894,506,504,2,3
2,7895,506,504,2,3
2,7896,506,504,2,3
2,7897,506,504,2,3
2,7898,506,504,2,3
2,7899,506,504,2,3
2,7900,506,504,2,3
2,7901,506,504,2,3
2,7902,506,504,2,3
2,7903,506,504,2,3
2,7904,506,504,2,3
2,7905,506,504,2,3
2,7906,506,504,2,3
2,7907,506,504,2,3
2,7908,506,504,2,3
2,7909,506,504,2,3
2,7910,506,504,2,3
2,7911,506,504,2,3
2,7912,506,504,2,3
2,7913,506,504,2,3
2,7914,506,504,2,3
2,7915,506,504,2,3
2,7916,506,504,2,3
2,7917,506,504,2,3
2,7918,506,504,2,3
2,7919,506,503,3,3
2,7920,506,504,2,3
2,7921,506,504,2,3
2,7922,506,504,2,3
2,7923,506,504,2,3
2,7924,506,504,2,3
2,7925,506,504,2,3
2,7926,506,504,2,3
2,7927,506,504,2,3
2,7928,506,504,2,3
2,7929,506,504,2,3
2,7930,506,504,2,3
2,7931,506,504,2,3
2,7932,506,504,2,3
2,7933,506,504,2,3
2,7934,506,504,2,3
2,7935,506,504,2,3
2,7936,506,504,2,3
2,7937,506,504,2,3
2,7938,506,504,2,3
2,7939,506,504,2,3
2,7940,506,504,2,3
2,7941,506,504,2,3
2,7942,506,504,2,3
2,7943,506,504,2,3
2,7944,506,504,2,3
2,7945,506,504,2,3
2,7946,506,504,2,3
2,7947,506,504,2,3
2,7948,506,504,2,3
2,7949,506,504,2,3
2,7950,506,504,2,3
2,7951,506,504,2,3
2,7952,506,503,3,3
2,7953,506,504,2,3
2,7954,506,504,2,3
2,7955,506,504,2,3
2,7956,506,504,2,3
2,7957,506,504,2,3
2,7958,506,504,2,3
2,7959,506,504,2,3
2,7960,506,504,2,3
2,7961,506,504,2,3
2,7962,506,504,2,3
2,7963,506,504,2,3
2,7964,506,504,2,3
2,7965,506,504,2,3
2,7966,506,504,2,3
2,7967,506,504,2,3
2,7968,506,504,2,3
2,7969,506,504,2,3
2,7970,506,504,2,3
2,7971,506,504,2,3
2,7972,506,504,2,3
2,7973,506,504,2,3
2,7974,506,504,2,3
2,7975,506,504,2,3
2,7976,506,504,2,3
2,7977,506,504,2,3
2,7978,506,504,2,3
2,7979,506,504,2,3
2,7980,506,504,2,3
2,7981,506,504,2,3
2,7982,506,504,2,3
2,7983,506,504,2,3
2,7984,506,504,2,3
2,7985,506,504,2,3
2,7986,506,504,2,3
2,7987,506,503,3,3
2,7988,506,504,2,3
2,7989,506,504,2,3
2,7990,506,504,2,3
2,7991,506,504,2,3
2,7992,506,504,2,3
2,7993,506,504,2,3
2,7994,506,504,2,3
2,7995,506,504,2,3
2,7996,506,504,2,3
2,7997,506,504,2,3
2,7998,506,504,2,3
2,7999,506,504,2,3
2,8000,506,504,2,3
2,8001,506,504,2,3
2,8002,506,504,2,3
2,8003,506,504,2,3
2,8004,506,504,2,3
2,8005,506,504,2,3
2,8006,506,504,2,3
2,8007,506,504,2,3
2,8008,506,504,2,3
2,8009,506,504,2,3
2,8010,506,504,2,3
2,8011,506,504,2,3
2,8012,506,504,2,3
2,8013,506,504,2,3
2,8014,506,504,2,3
2,8015,506,504,2,3
2,8016,506,504,2,3
2,8017,506,504,2,3
2,8018,506,504,2,3
2,8019,506,504,2,3
2,8020,506,504,2,3
2,8021,506,504,2,3
2,8022,506,504,2,3
2,8023,506,504,2,3
2,8024,506,504,2,3
2,8025,506,504,2,3
2,8026,506,504,2,3
2,8027,506,504,2,3
2,8028,506,504,2,3
2,8029,506,504,2,3
2,8030,506,504,2,3
2,8031,506,504,2,3
2,8032,506,504,2,3
2,8033,506,504,2,3
2,8034,506,504,2,3
2,8035,506,504,2,3
2,8036,506,504,2,3
2,8037,506,504,2,3
2,8038,506,504,2,3
2,8039,506,504,2,3
2,8040,506,503,3,3
2,8041,506,504,2,3
2,8042,506,504,2,3
2,8043,506,504,2,3
2,8044,506,504,2,3
2,8045,506,504,2,3
2,8046,506,504,2,3
2,8047,506,504,2,3
2,8048,506,504,2,3
2,8049,506,504,2,3
2,8050,506,504,2,3
2,8051,506,504,2,3
2,8052,506,504,2,3
2,8053,506,504,2,3
2,8054,506,504,2,3
2,8055,506,504,2,3
2,8056,506,504,2,3
2,8057,506,503,3,3
2,8058,506,504,2,3
2,8059,506,504,2,3
2,8060,506,503,3,3
2,8061,506,504,2,3
2,8062,506,504,2,3
2,8063,506,504,2,3
2,8064,506,504,2,3
2,8065,506,504,2,3
2,8066,506,504,2,3
2,8067,506,504,2,3
2,8068,506,504,2,3
2,8069,506,504,2,3
2,8070,506,504,2,3
2,8071,506,504,2,3
2,8072,506,504,2,3
2,8073,506,504,2,3
2,8074,506,504,2,3
2,8075,506,504,2,3
2,8076,506,504,2,3
2,8077,506,504,2,3
2,8078,506,504,2,3
2,8079,506,504,2,3
2,8080,506,504,2,3
2,8081,506,504,2,3
2,8082,506,504,2,3
2,8083,506,504,2,3
2,8084,506,504,2,3
2,8085,506,504,2,3
2,8086,506,504,2,3
2,8087,506,504,2,3
2,8088,506,504,2,3
2,8089,506,504,2,3
2,8090,506,504,2,3
2,8091,506,504,2,3
2,8092,506,504,2,3
2,8093,506,504,2,3
2,8094,506,504,2,3
2,8095,506,504,2,3
2,8096,506,504,2,3
2,8097,506,504,2,3
2,8098,506,504,2,3
2,8099,506,504,2,3
2,8100,506,504,2,3
2,8101,506,504,2,3
2,8102,506,504,2,3
2,8103,506,504,2,3
2,8104,506,504,2,3
2,8105,506,504,2,3
2,8106,506,504,2,3
2,8107,506,504,2,3
2,8108,506,504,2,3
2,8109,506,504,2,3
2,8110,506,504,2,3
2,8111,506,504,2,3
2,8112,506,504,2,3
2,8113,506,504,2,3
2,8114,506,504,2,3
2,8115,506,504,2,3
2,8116,506,504,2,3
2,8117,506,504,2,3
2,8118,506,504,2,3
2,8119,506,504,2,3
2,8120,506,504,2,3
2,8121,506,504,2,3
2,8122,506,504,2,3
2,8123,506,504,2,3
2,8124,506,503,3,3
2,8125,506,504,2,3
2,8126,506,504,2,3
2,8127,506,504,2,3
2,8128,506,504,2,3
2,8129,506,504,2,3
2,8130,506,504,2,3
2,8131,506,504,2,3
2,8132,506,504,2,3
2,8133,506,504,2,3
2,8134,506,504,2,3
2,8135,506,504,2,3
2,8136,506,504,2,3
2,8137,506,504,2,3
2,8138,506,504,2,3
2,8139,506,504,2,3
2,8140,506,504,2,3
2,8141,506,504,2,3
2,8142,506,504,2,3
2,8143,506,504,2,3
2,8144,506,504,2,3
2,8145,506,504,2,3
2,8146,506,504,2,3
2,8147,506,504,2,3
2,8148,506,504,2,3
2,8149,506,503,3,3
2,8150,506,504,2,3
2,8151,506,504,2,3
2,8152,506,504,2,3
2,8153,506,504,2,3
2,8154,506,504,2,3
2,8155,506,504,2,3
2,8156,506,504,2,3
2,8157,506,504,2,3
2,8158,506,504,2,3
2,8159,506,504,2,3
2,8160,506,504,2,3
2,8161,506,504,2,3
2,8162,506,504,2,3
2,8163,506,504,2,3
2,8164,506,504,2,3
2,8165,506,504,2,3
2,8166,506,504,2,3
2,8167,506,504,2,3
2,8168,506,504,2,3
2,8169,506,504,2,3
2,8170,506,504,2,3
2,8171,506,504,2,3
2,8172,506,504,2,3
2,8173,506,504,2,3
2,8174,506,504,2,3
2,8175,506,504,2,3
2,8176,506,504,2,3
2,8177,506,504,2,3
2,8178,506,504,2,3
2,8179,506,504,2,3
2,8180,506,504,2,3
2,8181,506,504,2,3
2,8182,506,504,2,3
2,8183,506,504,2,3
2,8184,506,504,2,3
2,8185,506,504,2,3
2,8186,506,504,2,3
2,8187,506,504,2,3
2,8188,506,504,2,3
2,8189,506,504,2,3
2,8190,506,504,2,3
2,8191,506,504,2,3
2,8192,506,504,2,3
2,8193,506,504,2,3
2,8194,506,504,2,3
2,8195,506,504,2,3
2,8196,506,504,2,3
2,8197,506,504,2,3
2,8198,506,504,2,3
2,8199,506,504,2,3
2,8200,506,504,2,3
2,8201,506,504,2,3
2,8202,506,504,2,3
2,8203,506,504,2,3
2,8204,506,503,3,3
2,8205,506,504,2,3
2,8206,506,504,2,3
2,8207,506,504,2,3
2,8208,506,504,2,3
2,8209,506,504,2,3
2,8210,506,504,2,3
2,8211,506,504,2,3
2,8212,506,504,2,3
2,8213,506,504,2,3
2,8214,506,504,2,3
2,8215,506,503,3,3
2,8216,506,504,2,3
2,8217,506,504,2,3
2,8218,506,504,2,3
2,8219,506,504,2,3
2,8220,506,504,2,3
2,8221,506,504,2,3
2,8222,506,504,2,3
2,8223,506,504,2,3
2,8224,506,504,2,3
2,8225,506,504,2,3
2,8226,506,504,2,3
2,8227,506,504,2,3
2,8228,506,503,3,3
2,8229,506,504,2,3
2,8230,506,504,2,3
2,8231,506,504,2,3
2,8232,506,504,2,3
2,8233,506,504,2,3
2,8234,506,504,2,3
2,8235,506,504,2,3
2,8236,506,504,2,3
2,8237,506,504,2,3
2,8238,506,504,2,3
2,8239,506,504,2,3
2,8240,506,504,2,3
2,8241,506,504,2,3
2,8242,506,504,2,3
2,8243,506,504,2,3
2,8244,506,504,2,3
2,8245,506,504,2,3
2,8246,506,504,2,3
2,8247,506,504,2,3
2,8248,506,504,2,3
2,8249,506,504,2,3
2,8250,506,504,2,3
2,8251,506,504,2,3
2,8252,506,504,2,3
2,8253,506,504,2,3
2,8254,506,504,2,3
2,8255,506,504,2,3
2,8256,506,504,2,3
2,8257,506,504,2,3
2,8258,506,504,2,3
2,8259,506,504,2,3
2,8260,506,504,2,3
2,8261,506,504,2,3
2,8262,506,504,2,3
2,8263,506,504,2,3
2,8264,506,504,2,3
2,8265,506,504,2,3
2,8266,506,504,2,3
2,8267,506,504,2,3
2,8268,506,504,2,3
2,8269,506,504,2,3
2,8270,506,504,2,3
2,8271,506,504,2,3
2,8272,506,504,2,3
2,8273,506,504,2,3
2,8274,506,504,2,3
2,8275,506,504,2,3
2,8276,506,504,2,3
2,8277,506,504,2,3
2,8278,506,504,2,3
2,8279,506,504,2,3
2,8280,506,504,2,3
2,8281,506,504,2,3
2,8282,506,504,2,3
2,8283,506,504,2,3
2,8284,506,504,2,3
2,8285,506,504,2,3
2,8286,506,504,2,3
2,8287,506,504,2,3
2,8288,506,504,2,3
2,8289,506,504,2,3
2,8290,506,504,2,3
2,8291,506,504,2,3
2,8292,506,503,3,3
2,8293,506,504,2,3
2,8294,506,504,2,3
2,8295,506,504,2,3
2,8296,506,504,2,3
2,8297,506,504,2,3
2,8298,506,504,2,3
2,8299,506,504,2,3
2,8300,506,504,2,3
2,8301,506,504,2,3
2,8302,506,504,2,3
2,8303,506,504,2,3
2,8304,506,504,2,3
2,8305,506,504,2,3
2,8306,506,504,2,3
2,8307,506,504,2,3
2,8308,506,504,2,3
2,8309,506,504,2,3
2,8310,506,504,2,3
2,8311,506,504,2,3
2,8312,506,504,2,3
2,8313,506,504,2,3
2,8314,506,504,2,3
2,8315,506,504,2,3
2,8316,506,504,2,3
2,8317,506,504,2,3
2,8318,506,504,2,3
2,8319,506,504,2,3
2,8320,506,504,2,3
2,8321,506,504,2,3
2,8322,506,504,2,3
2,8323,506,504,2,3
2,8324,506,504,2,3
2,8325,506,504,2,3
2,8326,506,504,2,3
2,8327,506,504,2,3
2,8328,506,504,2,3
2,8329,506,503,3,3
2,8330,506,504,2,3
2,8331,506,504,2,3
2,8332,506,504,2,3
2,8333,506,504,2,3
2,8334,506,504,2,3
2,8335,506,504,2,3
2,8336,506,504,2,3
2,8337,506,504,2,3
2,8338,506,504,2,3
2,8339,506,504,2,3
2,8340,506,504,2,3
2,8341,506,504,2,3
2,8342,506,504,2,3
2,8343,506,504,2,3
2,8344,506,504,2,3
2,8345,506,504,2,3
2,8346,506,504,2,3
2,8347,506,504,2,3
2,8348,506,504,2,3
2,8349,506,504,2,3
2,8350,506,504,2,3
2,8351,506,503,3,3
2,8352,506,504,2,3
2,8353,506,504,2,3
2,8354,506,504,2,3
2,8355,506,504,2,3
2,8356,506,504,2,3
2,8357,506,504,2,3
2,8358,506,504,2,3
2,8359,506,504,2,3
2,8360,506,504,2,3
2,8361,506,504,2,3
2,8362,506,504,2,3
2,8363,506,504,2,3
2,8364,506,504,2,3
2,8365,506,504,2,3
2,8366,506,504,2,3
2,8367,506,504,2,3
2,8368,506,504,2,3
2,8369,506,504,2,3
2,8370,506,504,2,3
2,8371,506,504,2,3
2,8372,506,504,2,3
2,8373,506,504,2,3
2,8374,506,504,2,3
2,8375,506,504,2,3
2,8376,506,504,2,3
2,8377,506,504,2,3
2,8378,506,504,2,3
2,8379,506,504,2,3
2,8380,506,504,2,3
2,8381,506,504,2,3
2,8382,506,504,2,3
2,8383,506,504,2,3
2,8384,506,504,2,3
2,8385,506,504,2,3
2,8386,506,504,2,3
2,8387,506,504,2,3
2,8388,506,504,2,3
2,8389,506,504,2,3
2,8390,506,504,2,3
2,8391,506,504,2,3
2,8392,506,504,2,3
2,8393,506,504,2,3
2,8394,506,504,2,3
2,8395,506,504,2,3
2,8396,506,504,2,3
2,8397,506,504,2,3
2,8398,506,504,2,3
2,8399,506,504,2,3
2,8400,506,504,2,3
2,8401,506,504,2,3
2,8402,506,504,2,3
2,8403,506,504,2,3
2,8404,506,504,2,3
2,8405,506,504,2,3
2,8406,506,504,2,3
2,8407,506,504,2,3
2,8408,506,504,2,3
2,8409,506,504,2,3
2,8410,506,504,2,3
2,8411,506,504,2,3
2,8412,506,504,2,3
2,8413,506,504,2,3
2,8414,506,504,2,3
2,8415,506,504,2,3
2,8416,506,504,2,3
2,8417,506,504,2,3
2,8418,506,504,2,3
2,8419,506,504,2,3
2,8420,506,504,2,3
2,8421,506,504,2,3
2,8422,506,504,2,3
2,8423,506,504,2,3
2,8424,506,504,2,3
2,8425,506,503,3,3
2,8426,506,504,2,3
2,8427,506,504,2,3
2,8428,506,504,2,3
2,8429,506,504,2,3
2,8430,506,504,2,3
2,8431,506,504,2,3
2,8432,506,504,2,3
2,8433,506,504,2,3
2,8434,506,504,2,3
2,8435,506,504,2,3
2,8436,506,504,2,3
2,8437,506,504,2,3
2,8438,506,504,2,3
2,8439,506,504,2,3
2,8440,506,504,2,3
2,8441,506,504,2,3
2,8442,506,504,2,3
2,8443,506,504,2,3
2,8444,506,504,2,3
2,8445,506,504,2,3
2,8446,506,504,2,3
2,8447,506,504,2,3
2,8448,506,504,2,3
2,8449,506,504,2,3
2,8450,506,504,2,3
2,8451,506,504,2,3
2,8452,506,504,2,3
2,8453,506,504,2,3
2,8454,506,504,2,3
2,8455,506,504,2,3
2,8456,506,504,2,3
2,8457,506,504,2,3
2,8458,506,504,2,3
2,8459,506,504,2,3
2,8460,506,504,2,3
2,8461,506,504,2,3
2,8462,506,504,2,3
2,8463,506,504,2,3
2,8464,506,504,2,3
2,8465,506,504,2,3
2,8466,506,504,2,3
2,8467,506,504,2,3
2,8468,506,504,2,3
2,8469,506,504,2,3
2,8470,506,504,2,3
2,8471,506,504,2,3
2,8472,506,503,3,3
2,8473,506,504,2,3
2,8474,506,504,2,3
2,8475,506,504,2,3
2,8476,506,504,2,3
2,8477,506,504,2,3
2,8478,506,504,2,3
2,8479,506,503,3,3
2,8480,506,504,2,3
2,8481,506,504,2,3
2,8482,506,504,2,3
2,8483,506,504,2,3
2,8484,506,504,2,3
2,8485,506,504,2,3
2,8486,506,504,2,3
2,8487,506,504,2,3
2,8488,506,504,2,3
2,8489,506,504,2,3
2,8490,506,504,2,3
2,8491,506,504,2,3
2,8492,506,504,2,3
2,8493,506,504,2,3
2,8494,506,504,2,3
2,8495,506,504,2,3
2,8496,506,504,2,3
2,8497,506,504,2,3
2,8498,506,504,2,3
2,8499,506,504,2,3
2,8500,506,504,2,3
2,8501,506,504,2,3
2,8502,506,504,2,3
2,8503,506,504,2,3
2,8504,506,504,2,3
2,8505,506,504,2,3
2,8506,506,504,2,3
2,8507,506,504,2,3
2,8508,506,504,2,3
2,8509,506,504,2,3
2,8510,506,504,2,3
2,8511,506,504,2,3
2,8512,506,504,2,3
2,8513,506,504,2,3
2,8514,506,504,2,3
2,8515,506,504,2,3
2,8516,506,504,2,3
2,8517,506,504,2,3
2,8518,506,504,2,3
2,8519,506,504,2,3
2,8520,506,504,2,3
2,8521,506,504,2,3
2,8522,506,504,2,3
2,8523,506,503,3,3
2,8524,506,504,2,3
2,8525,506,504,2,3
2,8526,506,504,2,3
2,8527,506,504,2,3
2,8528,506,504,2,3
2,8529,506,504,2,3
2,8530,506,504,2,3
2,8531,506,504,2,3
2,8532,506,504,2,3
2,8533,506,504,2,3
2,8534,506,504,2,3
2,8535,506,504,2,3
2,8536,506,504,2,3
2,8537,506,504,2,3
2,8538,506,504,2,3
2,8539,506,504,2,3
2,8540,506,504,2,3
2,8541,506,504,2,3
2,8542,506,504,2,3
2,8543,506,504,2,3
2,8544,506,504,2,3
2,8545,506,504,2,3
2,8546,506,504,2,3
2,8547,506,504,2,3
2,8548,506,504,2,3
2,8549,506,504,2,3
2,8550,506,504,2,3
2,8551,506,504,2,3
2,8552,506,504,2,3
2,8553,506,504,2,3
2,8554,506,504,2,3
2,8555,506,504,2,3
2,8556,506,504,2,3
2,8557,506,504,2,3
2,8558,506,504,2,3
2,8559,506,504,2,3
2,8560,506,504,2,3
2,8561,506,504,2,3
2,8562,506,504,2,3
2,8563,506,504,2,3
2,8564,506,504,2,3
2,8565,506,504,2,3
2,8566,506,504,2,3
2,8567,506,504,2,3
2,8568,506,504,2,3
2,8569,506,504,2,3
2,8570,506,504,2,3
2,8571,506,504,2,3
2,8572,506,503,3,3
2,8573,506,504,2,3
2,8574,506,504,2,3
2,8575,506,504,2,3
2,8576,506,504,2,3
2,8577,506,504,2,3
2,8578,506,504,2,3
2,8579,506,504,2,3
2,8580,506,504,2,3
2,8581,506,504,2,3
2,8582,506,504,2,3
2,8583,506,504,2,3
2,8584,506,504,2,3
2,8585,506,504,2,3
2,8586,506,504,2,3
2,8587,506,504,2,3
2,8588,506,504,2,3
2,8589,506,504,2,3
2,8590,506,504,2,3
2,8591,506,504,2,3
2,8592,506,504,2,3
2,8593,506,504,2,3
2,8594,506,504,2,3
2,8595,506,504,2,3
2,8596,506,504,2,3
2,8597,506,504,2,3
2,8598,506,504,2,3
2,8599,506,504,2,3
2,8600,506,504,2,3
2,8601,506,504,2,3
2,8602,506,504,2,3
2,8603,506,504,2,3
2,8604,506,504,2,3
2,8605,506,504,2,3
2,8606,506,504,2,3
2,8607,506,504,2,3
2,8608,506,504,2,3
2,8609,506,504,2,3
2,8610,506,503,3,3
2,8611,506,504,2,3
2,8612,506,504,2,3
2,8613,506,504,2,3
2,8614,506,504,2,3
2,8615,506,504,2,3
2,8616,506,504,2,3
2,8617,506,504,2,3
2,8618,506,504,2,3
2,8619,506,504,2,3
2,8620,506,504,2,3
2,8621,506,504,2,3
2,8622,506,504,2,3
2,8623,506,504,2,3
2,8624,506,504,2,3
2,8625,506,504,2,3
2,8626,506,504,2,3
2,8627,506,504,2,3
2,8628,506,504,2,3
2,8629,506,504,2,3
2,8630,506,504,2,3
2,8631,506,504,2,3
2,8632,506,504,2,3
2,8633,506,504,2,3
2,8634,506,504,2,3
2,8635,506,504,2,3
2,8636,506,504,2,3
2,8637,506,504,2,3
2,8638,506,504,2,3
2,8639,506,504,2,3
2,8640,506,504,2,3
2,8641,506,504,2,3
2,8642,506,504,2,3
2,8643,506,504,2,3
2,8644,506,504,2,3
2,8645,506,504,2,3
2,8646,506,504,2,3
2,8647,506,504,2,3
2,8648,506,504,2,3
2,8649,506,504,2,3
2,8650,506,504,2,3
2,8651,506,504,2,3
2,8652,506,504,2,3
2,8653,506,504,2,3
2,8654,506,504,2,3
2,8655,506,504,2,3
2,8656,506,504,2,3
2,8657,506,504,2,3
2,8658,506,504,2,3
2,8659,506,504,2,3
2,8660,506,504,2,3
2,8661,506,504,2,3
2,8662,506,504,2,3
2,8663,506,504,2,3
2,8664,506,504,2,3
2,8665,506,504,2,3
2,8666,506,504,2,3
2,8667,506,504,2,3
2,8668,506,504,2,3
2,8669,506,504,2,3
2,8670,506,504,2,3
2,8671,506,504,2,3
2,8672,506,504,2,3
2,8673,506,504,2,3
2,8674,506,503,3,3
2,8675,506,504,2,3
2,8676,506,504,2,3
2,8677,506,504,2,3
2,8678,506,504,2,3
2,8679,506,504,2,3
2,8680,506,504,2,3
2,8681,506,504,2,3
2,8682,506,503,3,3
2,8683,506,504,2,3
2,8684,506,504,2,3
2,8685,506,504,2,3
2,8686,506,504,2,3
2,8687,506,504,2,3
2,8688,506,504,2,3
2,8689,506,504,2,3
2,8690,506,504,2,3
2,8691,506,504,2,3
2,8692,506,504,2,3
2,8693,506,504,2,3
2,8694,506,504,2,3
2,8695,506,504,2,3
2,8696,506,504,2,3
2,8697,506,504,2,3
2,8698,506,504,2,3
2,8699,506,503,3,3
2,8700,506,504,2,3
2,8701,506,504,2,3
2,8702,506,504,2,3
2,8703,506,504,2,3
2,8704,506,504,2,3
2,8705,506,504,2,3
2,8706,506,504,2,3
2,8707,506,504,2,3
2,8708,506,504,2,3
2,8709,506,504,2,3
2,8710,506,504,2,3
2,8711,506,504,2,3
2,8712,506,504,2,3
2,8713,506,504,2,3
2,8714,506,504,2,3
2,8715,506,504,2,3
2,8716,506,504,2,3
2,8717,506,504,2,3
2,8718,506,504,2,3
2,8719,506,504,2,3
2,8720,506,504,2,3
2,8721,506,504,2,3
2,8722,506,504,2,3
2,8723,506,503,3,3
2,8724,506,504,2,3
2,8725,506,504,2,3
2,8726,506,504,2,3
2,8727,506,504,2,3
2,8728,506,504,2,3
2,8729,506,504,2,3
2,8730,506,504,2,3
2,8731,506,504,2,3
2,8732,506,504,2,3
2,8733,506,504,2,3
2,8734,506,504,2,3
2,8735,506,504,2,3
2,8736,506,504,2,3
2,8737,506,504,2,3
2,8738,506,504,2,3
2,8739,506,504,2,3
2,8740,506,504,2,3
2,8741,506,504,2,3
2,8742,506,504,2,3
2,8743,506,504,2,3
2,8744,506,504,2,3
2,8745,506,504,2,3
2,8746,506,504,2,3
2,8747,506,504,2,3
2,8748,506,504,2,3
2,8749,506,504,2,3
2,8750,506,504,2,3
2,8751,506,504,2,3
2,8752,506,504,2,3
2,8753,506,504,2,3
2,8754,506,504,2,3
2,8755,506,504,2,3
2,8756,506,504,2,3
2,8757,506,504,2,3
2,8758,506,504,2,3
2,8759,506,504,2,3
2,8760,506,504,2,3
2,8761,506,504,2,3
2,8762,506,504,2,3
2,8763,506,504,2,3
2,8764,506,504,2,3
2,8765,506,504,2,3
2,8766,506,504,2,3
2,8767,506,504,2,3
2,8768,506,504,2,3
2,8769,506,504,2,3
2,8770,506,504,2,3
2,8771,506,503,3,3
2,8772,506,504,2,3
2,8773,506,504,2,3
2,8774,506,504,2,3
2,8775,506,504,2,3
2,8776,506,504,2,3
2,8777,506,504,2,3
2,8778,506,504,2,3
2,8779,506,504,2,3
2,8780,506,504,2,3
2,8781,506,504,2,3
2,8782,506,504,2,3
2,8783,506,504,2,3
2,8784,506,504,2,3
2,8785,506,504,2,3
2,8786,506,504,2,3
2,8787,506,504,2,3
2,8788,506,504,2,3
2,8789,506,504,2,3
2,8790,506,504,2,3
2,8791,506,504,2,3
2,8792,506,504,2,3
2,8793,506,504,2,3
2,8794,506,504,2,3
2,8795,506,504,2,3
2,8796,506,503,3,3
2,8797,506,504,2,3
2,8798,506,504,2,3
2,8799,506,504,2,3
2,8800,506,504,2,3
2,8801,506,504,2,3
2,8802,506,504,2,3
2,8803,506,504,2,3
2,8804,506,503,3,3
2,8805,506,504,2,3
2,8806,506,504,2,3
2,8807,506,504,2,3
2,8808,506,504,2,3
2,8809,506,504,2,3
2,8810,506,504,2,3
2,8811,506,504,2,3
2,8812,506,504,2,3
2,8813,506,504,2,3
2,8814,506,504,2,3
2,8815,506,504,2,3
2,8816,506,504,2,3
2,8817,506,504,2,3
2,8818,506,504,2,3
2,8819,506,504,2,3
2,8820,506,504,2,3
2,8821,506,504,2,3
2,8822,506,504,2,3
2,8823,506,504,2,3
2,8824,506,504,2,3
2,8825,506,503,3,3
2,8826,506,504,2,3
2,8827,506,504,2,3
2,8828,506,504,2,3
2,8829,506,504,2,3
2,8830,506,504,2,3
2,8831,506,504,2,3
2,8832,506,504,2,3
2,8833,506,504,2,3
2,8834,506,504,2,3
2,8835,506,504,2,3
2,8836,506,504,2,3
2,8837,506,504,2,3
2,8838,506,504,2,3
2,8839,506,504,2,3
2,8840,506,504,2,3
2,8841,506,504,2,3
2,8842,506,504,2,3
2,8843,506,504,2,3
2,8844,506,504,2,3
2,8845,506,504,2,3
2,8846,506,504,2,3
2,8847,506,503,3,3
2,8848,506,504,2,3
2,8849,506,504,2,3
2,8850,506,504,2,3
2,8851,506,504,2,3
2,8852,506,504,2,3
2,8853,506,504,2,3
2,8854,506,504,2,3
2,8855,506,504,2,3
2,8856,506,504,2,3
2,8857,506,504,2,3
2,8858,506,504,2,3
2,8859,506,504,2,3
2,8860,506,504,2,3
2,8861,506,504,2,3
2,8862,506,504,2,3
2,8863,506,504,2,3
2,8864,506,504,2,3
2,8865,506,504,2,3
2,8866,506,504,2,3
2,8867,506,504,2,3
2,8868,506,504,2,3
2,8869,506,504,2,3
2,8870,506,504,2,3
2,8871,506,504,2,3
2,8872,506,504,2,3
2,8873,506,504,2,3
2,8874,506,504,2,3
2,8875,506,504,2,3
2,8876,506,504,2,3
2,8877,506,504,2,3
2,8878,506,504,2,3
2,8879,506,504,2,3
2,8880,506,504,2,3
2,8881,506,504,2,3
2,8882,506,504,2,3
2,8883,506,504,2,3
2,8884,506,504,2,3
2,8885,506,504,2,3
2,8886,506,504,2,3
2,8887,506,504,2,3
2,8888,506,503,3,3
2,8889,506,504,2,3
2,8890,506,504,2,3
2,8891,506,504,2,3
2,8892,506,504,2,3
2,8893,506,504,2,3
2,8894,506,504,2,3
2,8895,506,504,2,3
2,8896,506,504,2,3
2,8897,506,504,2,3
2,8898,506,504,2,3
2,8899,506,504,2,3
2,8900,506,504,2,3
2,8901,506,504,2,3
2,8902,506,504,2,3
2,8903,506,504,2,3
2,8904,506,504,2,3
2,8905,506,504,2,3
2,8906,506,504,2,3
2,8907,506,504,2,3
2,8908,506,504,2,3
2,8909,506,504,2,3
2,8910,506,504,2,3
2,8911,506,504,2,3
2,8912,506,504,2,3
2,8913,506,504,2,3
2,8914,506,504,2,3
2,8915,506,503,3,3
2,8916,506,504,2,3
2,8917,506,504,2,3
2,8918,506,504,2,3
2,8919,506,504,2,3
2,8920,506,504,2,3
2,8921,506,504,2,3
2,8922,506,504,2,3
2,8923,506,504,2,3
2,8924,506,504,2,3
2,8925,506,504,2,3
2,8926,506,504,2,3
2,8927,506,504,2,3
2,8928,506,504,2,3
2,8929,506,504,2,3
2,8930,506,504,2,3
2,8931,506,504,2,3
2,8932,506,504,2,3
2,8933,506,504,2,3
2,8934,506,503,3,3
2,8935,506,504,2,3
2,8936,506,504,2,3
2,8937,506,504,2,3
2,8938,506,504,2,3
2,8939,506,504,2,3
2,8940,506,504,2,3
2,8941,506,504,2,3
2,8942,506,504,2,3
2,8943,506,504,2,3
2,8944,506,504,2,3
2,8945,506,504,2,3
2,8946,506,504,2,3
2,8947,506,504,2,3
2,8948,506,504,2,3
2,8949,506,504,2,3
2,8950,506,504,2,3
2,8951,506,504,2,3
2,8952,506,504,2,3
2,8953,506,504,2,3
2,8954,506,504,2,3
2,8955,506,504,2,3
2,8956,506,504,2,3
2,8957,506,504,2,3
2,8958,506,504,2,3
2,8959,506,504,2,3
2,8960,506,504,2,3
2,8961,506,504,2,3
2,8962,506,504,2,3
2,8963,506,504,2,3
2,8964,506,504,2,3
2,8965,506,504,2,3
2,8966,506,504,2,3
2,8967,506,504,2,3
2,8968,506,504,2,3
2,8969,506,504,2,3
2,8970,506,504,2,3
2,8971,506,504,2,3
2,8972,506,504,2,3
2,8973,506,504,2,3
2,8974,506,504,2,3
2,8975,506,504,2,3
2,8976,506,504,2,3
2,8977,506,504,2,3
2,8978,506,504,2,3
2,8979,506,504,2,3
2,8980,506,504,2,3
2,8981,506,504,2,3
2,8982,506,504,2,3
2,8983,506,504,2,3
2,8984,506,504,2,3
2,8985,506,504,2,3
2,8986,506,504,2,3
2,8987,506,504,2,3
2,8988,506,504,2,3
2,8989,506,504,2,3
2,8990,506,504,2,3
2,8991,506,504,2,3
2,8992,506,504,2,3
2,8993,506,504,2,3
2,8994,506,503,3,3
2,8995,506,504,2,3
2,8996,506,504,2,3
2,8997,506,503,3,3
2,8998,506,504,2,3
2,8999,506,504,2,3
2,9000,506,504,2,3
2,9001,506,504,2,3
2,9002,506,504,2,3
2,9003,506,504,2,3
2,9004,506,504,2,3
2,9005,506,504,2,3
2,9006,506,504,2,3
2,9007,506,504,2,3
2,9008,506,504,2,3
2,9009,506,503,3,3
2,9010,506,504,2,3
2,9011,506,504,2,3
2,9012,506,504,2,3
2,9013,506,504,2,3
2,9014,506,504,2,3
2,9015,506,503,3,3
2,9016,506,504,2,3
2,9017,506,504,2,3
2,9018,506,504,2,3
2,9019,506,504,2,3
2,9020,506,504,2,3
2,9021,506,504,2,3
2,9022,506,504,2,3
2,9023,506,504,2,3
2,9024,506,504,2,3
2,9025,506,504,2,3
2,9026,506,504,2,3
2,9027,506,504,2,3
2,9028,506,504,2,3
2,9029,506,504,2,3
2,9030,506,504,2,3
2,9031,506,504,2,3
2,9032,506,504,2,3
2,9033,506,504,2,3
2,9034,506,504,2,3
2,9035,506,504,2,3
2,9036,506,504,2,3
2,9037,506,504,2,3
2,9038,506,504,2,3
2,9039,506,504,2,3
2,9040,506,504,2,3
2,9041,506,504,2,3
2,9042,506,504,2,3
2,9043,506,504,2,3
2,9044,506,504,2,3
2,9045,506,504,2,3
2,9046,506,504,2,3
2,9047,506,504,2,3
2,9048,506,504,2,3
2,9049,506,504,2,3
2,9050,506,504,2,3
2,9051,506,504,2,3
2,9052,506,504,2,3
2,9053,506,504,2,3
2,9054,506,504,2,3
2,9055,506,504,2,3
2,9056,506,504,2,3
2,9057,506,504,2,3
2,9058,506,504,2,3
2,9059,506,504,2,3
2,9060,506,504,2,3
2,9061,506,504,2,3
2,9062,506,504,2,3
2,9063,506,504,2,3
2,9064,506,504,2,3
2,9065,506,504,2,3
2,9066,506,504,2,3
2,9067,506,504,2,3
2,9068,506,504,2,3
2,9069,506,504,2,3
2,9070,506,504,2,3
2,9071,506,504,2,3
2,9072,506,504,2,3
2,9073,506,504,2,3
2,9074,506,504,2,3
2,9075,506,504,2,3
2,9076,506,504,2,3
2,9077,506,504,2,3
2,9078,506,504,2,3
2,9079,506,504,2,3
2,9080,506,504,2,3
2,9081,506,504,2,3
2,9082,506,504,2,3
2,9083,506,504,2,3
2,9084,506,504,2,3
2,9085,506,503,3,3
2,9086,506,504,2,3
2,9087,506,504,2,3
2,9088,506,504,2,3
2,9089,506,504,2,3
2,9090,506,504,2,3
2,9091,506,504,2,3
2,9092,506,504,2,3
2,9093,506,504,2,3
2,9094,506,504,2,3
2,9095,506,504,2,3
2,9096,506,504,2,3
2,9097,506,504,2,3
2,9098,506,504,2,3
2,9099,506,504,2,3
2,9100,506,504,2,3
2,9101,506,504,2,3
2,9102,506,504,2,3
2,9103,506,504,2,3
2,9104,506,504,2,3
2,9105,506,504,2,3
2,9106,506,504,2,3
2,9107,506,504,2,3
2,9108,506,504,2,3
2,9109,506,504,2,3
2,9110,506,504,2,3
2,9111,506,504,2,3
2,9112,506,504,2,3
2,9113,506,504,2,3
2,9114,506,504,2,3
2,9115,506,504,2,3
2,9116,506,504,2,3
2,9117,506,504,2,3
2,9118,506,504,2,3
2,9119,506,504,2,3
2,9120,506,504,2,3
2,9121,506,504,2,3
2,9122,506,504,2,3
2,9123,506,504,2,3
2,9124,506,504,2,3
2,9125,506,504,2,3
2,9126,506,504,2,3
2,9127,506,504,2,3
2,9128,506,504,2,3
2,9129,506,504,2,3
2,9130,506,504,2,3
2,9131,506,504,2,3
2,9132,506,504,2,3
2,9133,506,504,2,3
2,9134,506,504,2,3
2,9135,506,504,2,3
2,9136,506,504,2,3
2,9137,506,504,2,3
2,9138,506,504,2,3
2,9139,506,504,2,3
2,9140,506,504,2,3
2,9141,506,504,2,3
2,9142,506,504,2,3
2,9143,506,504,2,3
2,9144,506,504,2,3
2,9145,506,504,2,3
2,9146,506,504,2,3
2,9147,506,504,2,3
2,9148,506,504,2,3
2,9149,506,504,2,3
2,9150,506,504,2,3
2,9151,506,504,2,3
2,9152,506,504,2,3
2,9153,506,504,2,3
2,9154,506,504,2,3
2,9155,506,504,2,3
2,9156,506,504,2,3
2,9157,506,504,2,3
2,9158,506,504,2,3
2,9159,506,504,2,3
2,9160,506,504,2,3
2,9161,506,504,2,3
2,9162,506,504,2,3
2,9163,506,504,2,3
2,9164,506,504,2,3
2,9165,506,504,2,3
2,9166,506,504,2,3
2,9167,506,504,2,3
2,9168,506,504,2,3
2,9169,506,504,2,3
2,9170,506,504,2,3
2,9171,506,504,2,3
2,9172,506,504,2,3
2,9173,506,504,2,3
2,9174,506,504,2,3
2,9175,506,504,2,3
2,9176,506,504,2,3
2,9177,506,504,2,3
2,9178,506,504,2,3
2,9179,506,504,2,3
2,9180,506,504,2,3
2,9181,506,504,2,3
2,9182,506,504,2,3
2,9183,506,504,2,3
2,9184,506,504,2,3
2,9185,506,504,2,3
2,9186,506,504,2,3
2,9187,506,504,2,3
2,9188,506,504,2,3
2,9189,506,504,2,3
2,9190,506,504,2,3
2,9191,506,504,2,3
2,9192,506,504,2,3
2,9193,506,504,2,3
2,9194,506,504,2,3
2,9195,506,504,2,3
2,9196,506,504,2,3
2,9197,506,504,2,3
2,9198,506,504,2,3
2,9199,506,504,2,3
2,9200,506,504,2,3
2,9201,506,504,2,3
2,9202,506,503,3,3
2,9203,506,504,2,3
2,9204,506,504,2,3
2,9205,506,504,2,3
2,9206,506,504,2,3
2,9207,506,504,2,3
2,9208,506,504,2,3
2,9209,506,504,2,3
2,9210,506,504,2,3
2,9211,506,504,2,3
2,9212,506,504,2,3
2,9213,506,504,2,3
2,9214,506,504,2,3
2,9215,506,504,2,3
2,9216,506,504,2,3
2,9217,506,504,2,3
2,9218,506,504,2,3
2,9219,506,504,2,3
2,9220,506,504,2,3
2,9221,506,504,2,3
2,9222,506,504,2,3
2,9223,506,504,2,3
2,9224,506,504,2,3
2,9225,506,504,2,3
2,9226,506,504,2,3
2,9227,506,504,2,3
2,9228,506,504,2,3
2,9229,506,504,2,3
2,9230,506,504,2,3
2,9231,506,504,2,3
2,9232,506,504,2,3
2,9233,506,504,2,3
2,9234,506,504,2,3
2,9235,506,504,2,3
2,9236,506,504,2,3
2,9237,506,504,2,3
2,9238,506,504,2,3
2,9239,506,503,3,3
2,9240,506,504,2,3
2,9241,506,504,2,3
2,9242,506,504,2,3
2,9243,506,504,2,3
2,9244,506,504,2,3
2,9245,506,504,2,3
2,9246,506,504,2,3
2,9247,506,504,2,3
2,9248,506,504,2,3
2,9249,506,504,2,3
2,9250,506,504,2,3
2,9251,506,504,2,3
2,9252,506,504,2,3
2,9253,506,503,3,3
2,9254,506,504,2,3
2,9255,506,504,2,3
2,9256,506,504,2,3
2,9257,506,503,3,3
2,9258,506,504,2,3
2,9259,506,504,2,3
2,9260,506,504,2,3
2,9261,506,504,2,3
2,9262,506,504,2,3
2,9263,506,504,2,3
2,9264,506,504,2,3
2,9265,506,504,2,3
2,9266,506,504,2,3
2,9267,506,504,2,3
2,9268,506,504,2,3
2,9269,506,504,2,3
2,9270,506,504,2,3
2,9271,506,504,2,3
2,9272,506,504,2,3
2,9273,506,504,2,3
2,9274,506,504,2,3
2,9275,506,504,2,3
2,9276,506,504,2,3
2,9277,506,504,2,3
2,9278,506,504,2,3
2,9279,506,504,2,3
2,9280,506,504,2,3
2,9281,506,504,2,3
2,9282,506,504,2,3
2,9283,506,504,2,3
2,9284,506,504,2,3
2,9285,506,504,2,3
2,9286,506,504,2,3
2,9287,506,504,2,3
2,9288,506,504,2,3
2,9289,506,504,2,3
2,9290,506,504,2,3
2,9291,506,504,2,3
2,9292,506,504,2,3
2,9293,506,504,2,3
2,9294,506,504,2,3
2,9295,506,504,2,3
2,9296,506,504,2,3
2,9297,506,504,2,3
2,9298,506,504,2,3
2,9299,506,504,2,3
2,9300,506,504,2,3
2,9301,506,504,2,3
2,9302,506,504,2,3
2,9303,506,504,2,3
2,9304,506,504,2,3
2,9305,506,504,2,3
2,9306,506,504,2,3
2,9307,506,504,2,3
2,9308,506,504,2,3
2,9309,506,504,2,3
2,9310,506,504,2,3
2,9311,506,504,2,3
2,9312,506,504,2,3
2,9313,506,504,2,3
2,9314,506,504,2,3
2,9315,506,504,2,3
2,9316,506,504,2,3
2,9317,506,504,2,3
2,9318,506,504,2,3
2,9319,506,504,2,3
2,9320,506,503,3,3
2,9321,506,504,2,3
2,9322,506,504,2,3
2,9323,506,504,2,3
2,9324,506,504,2,3
2,9325,506,504,2,3
2,9326,506,504,2,3
2,9327,506,504,2,3
2,9328,506,504,2,3
2,9329,506,504,2,3
2,9330,506,504,2,3
2,9331,506,504,2,3
2,9332,506,504,2,3
2,9333,506,504,2,3
2,9334,506,504,2,3
2,9335,506,504,2,3
2,9336,506,504,2,3
2,9337,506,503,3,3
2,9338,506,504,2,3
2,9339,506,504,2,3
2,9340,506,504,2,3
2,9341,506,504,2,3
2,9342,506,504,2,3
2,9343,506,504,2,3
2,9344,506,504,2,3
2,9345,506,504,2,3
2,9346,506,504,2,3
2,9347,506,504,2,3
2,9348,506,504,2,3
2,9349,506,504,2,3
2,9350,506,504,2,3
2,9351,506,504,2,3
2,9352,506,504,2,3
2,9353,506,504,2,3
2,9354,506,504,2,3
2,9355,506,504,2,3
2,9356,506,504,2,3
2,9357,506,504,2,3
2,9358,506,504,2,3
2,9359,506,504,2,3
2,9360,506,503,3,3
2,9361,506,504,2,3
2,9362,506,504,2,3
2,9363,506,504,2,3
2,9364,506,504,2,3
2,9365,506,504,2,3
2,9366,506,504,2,3
2,9367,506,504,2,3
2,9368,506,504,2,3
2,9369,506,504,2,3
2,9370,506,504,2,3
2,9371,506,504,2,3
2,9372,506,504,2,3
2,9373,506,504,2,3
2,9374,506,504,2,3
2,9375,506,504,2,3
2,9376,506,504,2,3
2,9377,506,504,2,3
2,9378,506,504,2,3
2,9379,506,504,2,3
2,9380,506,504,2,3
2,9381,506,504,2,3
2,9382,506,504,2,3
2,9383,506,504,2,3
2,9384,506,504,2,3
2,9385,506,504,2,3
2,9386,506,504,2,3
2,9387,506,504,2,3
2,9388,506,504,2,3
2,9389,506,504,2,3
2,9390,506,504,2,3
2,9391,506,504,2,3
2,9392,506,504,2,3
2,9393,506,504,2,3
2,9394,506,504,2,3
2,9395,506,504,2,3
2,9396,506,504,2,3
2,9397,506,504,2,3
2,9398,506,504,2,3
2,9399,506,504,2,3
2,9400,506,504,2,3
2,9401,506,504,2,3
2,9402,506,504,2,3
2,9403,506,503,3,3
2,9404,506,504,2,3
2,9405,506,504,2,3
2,9406,506,504,2,3
2,9407,506,504,2,3
2,9408,506,504,2,3
2,9409,506,504,2,3
2,9410,506,504,2,3
2,9411,506,504,2,3
2,9412,506,504,2,3
2,9413,506,504,2,3
2,9414,506,504,2,3
2,9415,506,504,2,3
2,9416,506,503,3,3
2,9417,506,504,2,3
2,9418,506,504,2,3
2,9419,506,504,2,3
2,9420,506,504,2,3
2,9421,506,504,2,3
2,9422,506,504,2,3
2,9423,506,504,2,3
2,9424,506,504,2,3
2,9425,506,504,2,3
2,9426,506,504,2,3
2,9427,506,504,2,3
2,9428,506,504,2,3
2,9429,506,504,2,3
2,9430,506,504,2,3
2,9431,506,504,2,3
2,9432,506,504,2,3
2,9433,506,504,2,3
2,9434,506,504,2,3
2,9435,506,504,2,3
2,9436,506,504,2,3
2,9437,506,503,3,3
2,9438,506,504,2,3
2,9439,506,504,2,3
2,9440,506,503,3,3
2,9441,506,504,2,3
2,9442,506,504,2,3
2,9443,506,504,2,3
2,9444,506,504,2,3
2,9445,506,503,3,3
2,9446,506,504,2,3
2,9447,506,504,2,3
2,9448,506,503,3,3
2,9449,506,504,2,3
2,9450,506,504,2,3
2,9451,506,504,2,3
2,9452,506,504,2,3
2,9453,506,504,2,3
2,9454,506,504,2,3
2,9455,506,504,2,3
2,9456,506,504,2,3
2,9457,506,504,2,3
2,9458,506,504,2,3
2,9459,506,504,2,3
2,9460,506,504,2,3
2,9461,506,504,2,3
2,9462,506,504,2,3
2,9463,506,504,2,3
2,9464,506,504,2,3
2,9465,506,504,2,3
2,9466,506,504,2,3
2,9467,506,504,2,3
2,9468,506,504,2,3
2,9469,506,504,2,3
2,9470,506,504,2,3
2,9471,506,504,2,3
2,9472,506,504,2,3
2,9473,506,504,2,3
2,9474,506,504,2,3
2,9475,506,504,2,3
2,9476,506,504,2,3
2,9477,506,504,2,3
2,9478,506,504,2,3
2,9479,506,504,2,3
2,9480,506,504,2,3
2,9481,506,504,2,3
2,9482,506,504,2,3
2,9483,506,504,2,3
2,9484,506,504,2,3
2,9485,506,504,2,3
2,9486,506,504,2,3
2,9487,506,504,2,3
2,9488,506,504,2,3
2,9489,506,504,2,3
2,9490,506,504,2,3
2,9491,506,504,2,3
2,9492,506,504,2,3
2,9493,506,504,2,3
2,9494,506,504,2,3
2,9495,506,504,2,3
2,9496,506,504,2,3
2,9497,506,504,2,3
2,9498,506,504,2,3
2,9499,506,504,2,3
2,9500,506,504,2,3
2,9501,506,504,2,3
2,9502,506,504,2,3
2,9503,506,504,2,3
2,9504,506,504,2,3
2,9505,506,504,2,3
2,9506,506,504,2,3
2,9507,506,504,2,3
2,9508,506,504,2,3
2,9509,506,504,2,3
2,9510,506,504,2,3
2,9511,506,504,2,3
2,9512,506,504,2,3
2,9513,506,504,2,3
2,9514,506,504,2,3
2,9515,506,504,2,3
2,9516,506,504,2,3
2,9517,506,504,2,3
2,9518,506,504,2,3
2,9519,506,504,2,3
2,9520,506,504,2,3
2,9521,506,504,2,3
2,9522,506,504,2,3
2,9523,506,504,2,3
2,9524,506,504,2,3
2,9525,506,504,2,3
2,9526,506,504,2,3
2,9527,506,504,2,3
2,9528,506,504,2,3
2,9529,506,504,2,3
2,9530,506,504,2,3
2,9531,506,504,2,3
2,9532,506,504,2,3
2,9533,506,504,2,3
2,9534,506,504,2,3
2,9535,506,504,2,3
2,9536,506,504,2,3
2,9537,506,504,2,3
2,9538,506,504,2,3
2,9539,506,504,2,3
2,9540,506,504,2,3
2,9541,506,504,2,3
2,9542,506,504,2,3
2,9543,506,504,2,3
2,9544,506,504,2,3
2,9545,506,504,2,3
2,9546,506,504,2,3
2,9547,506,504,2,3
2,9548,506,504,2,3
2,9549,506,504,2,3
2,9550,506,504,2,3
2,9551,506,504,2,3
2,9552,506,504,2,3
2,9553,506,504,2,3
2,9554,506,504,2,3
2,9555,506,504,2,3
2,9556,506,504,2,3
2,9557,506,504,2,3
2,9558,506,504,2,3
2,9559,506,504,2,3
2,9560,506,504,2,3
2,9561,506,504,2,3
2,9562,506,504,2,3
2,9563,506,504,2,3
2,9564,506,504,2,3
2,9565,506,504,2,3
2,9566,506,504,2,3
2,9567,506,504,2,3
2,9568,506,503,3,3
2,9569,506,504,2,3
2,9570,506,504,2,3
2,9571,506,504,2,3
2,9572,506,504,2,3
2,9573,506,504,2,3
2,9574,506,504,2,3
2,9575,506,504,2,3
2,9576,506,503,3,3
2,9577,506,504,2,3
2,9578,506,504,2,3
2,9579,506,504,2,3
2,9580,506,504,2,3
2,9581,506,504,2,3
2,9582,506,504,2,3
2,9583,506,504,2,3
2,9584,506,504,2,3
2,9585,506,504,2,3
2,9586,506,504,2,3
2,9587,506,504,2,3
2,9588,506,504,2,3
2,9589,506,504,2,3
2,9590,506,504,2,3
2,9591,506,504,2,3
2,9592,506,504,2,3
2,9593,506,504,2,3
2,9594,506,504,2,3
2,9595,506,504,2,3
2,9596,506,504,2,3
2,9597,506,504,2,3
2,9598,506,504,2,3
2,9599,506,504,2,3
2,9600,506,504,2,3
2,9601,506,504,2,3
2,9602,506,504,2,3
2,9603,506,504,2,3
2,9604,506,504,2,3
2,9605,506,504,2,3
2,9606,506,504,2,3
2,9607,506,504,2,3
2,9608,506,504,2,3
2,9609,506,504,2,3
2,9610,506,504,2,3
2,9611,506,504,2,3
2,9612,506,504,2,3
2,9613,506,504,2,3
2,9614,506,504,2,3
2,9615,506,504,2,3
2,9616,506,504,2,3
2,9617,506,504,2,3
2,9618,506,504,2,3
2,9619,506,504,2,3
2,9620,506,504,2,3
2,9621,506,503,3,3
2,9622,506,504,2,3
2,9623,506,504,2,3
2,9624,506,504,2,3
2,9625,506,504,2,3
2,9626,506,504,2,3
2,9627,506,504,2,3
2,9628,506,504,2,3
2,9629,506,504,2,3
2,9630,506,504,2,3
2,9631,506,504,2,3
2,9632,506,504,2,3
2,9633,506,504,2,3
2,9634,506,504,2,3
2,9635,506,504,2,3
2,9636,506,504,2,3
2,9637,506,504,2,3
2,9638,506,504,2,3
2,9639,506,503,3,3
2,9640,506,504,2,3
2,9641,506,504,2,3
2,9642,506,504,2,3
2,9643,506,504,2,3
2,9644,506,504,2,3
2,9645,506,503,3,3
2,9646,506,504,2,3
2,9647,506,504,2,3
2,9648,506,504,2,3
2,9649,506,504,2,3
2,9650,506,504,2,3
2,9651,506,504,2,3
2,9652,506,504,2,3
2,9653,506,504,2,3
2,9654,506,504,2,3
2,9655,506,504,2,3
2,9656,506,504,2,3
2,9657,506,504,2,3
2,9658,506,504,2,3
2,9659,506,504,2,3
2,9660,506,504,2,3
2,9661,506,504,2,3
2,9662,506,504,2,3
2,9663,506,504,2,3
2,9664,506,504,2,3
2,9665,506,504,2,3
2,9666,506,504,2,3
2,9667,506,504,2,3
2,9668,506,504,2,3
2,9669,506,504,2,3
2,9670,506,504,2,3
2,9671,506,504,2,3
2,9672,506,504,2,3
2,9673,506,504,2,3
2,9674,506,504,2,3
2,9675,506,504,2,3
2,9676,506,504,2,3
2,9677,506,504,2,3
2,9678,506,504,2,3
2,9679,506,504,2,3
2,9680,506,504,2,3
2,9681,506,504,2,3
2,9682,506,504,2,3
2,9683,506,504,2,3
2,9684,506,504,2,3
2,9685,506,504,2,3
2,9686,506,504,2,3
2,9687,506,504,2,3
2,9688,506,504,2,3
2,9689,506,504,2,3
2,9690,506,504,2,3
2,9691,506,504,2,3
2,9692,506,504,2,3
2,9693,506,504,2,3
2,9694,506,504,2,3
2,9695,506,504,2,3
2,9696,506,504,2,3
2,9697,506,504,2,3
2,9698,506,503,3,3
2,9699,506,504,2,3
2,9700,506,504,2,3
2,9701,506,504,2,3
2,9702,506,504,2,3
2,9703,506,504,2,3
2,9704,506,504,2,3
2,9705,506,504,2,3
2,9706,506,504,2,3
2,9707,506,504,2,3
2,9708,506,504,2,3
2,9709,506,504,2,3
2,9710,506,504,2,3
2,9711,506,504,2,3
2,9712,506,504,2,3
2,9713,506,504,2,3
2,9714,506,504,2,3
2,9715,506,504,2,3
2,9716,506,504,2,3
2,9717,506,504,2,3
2,9718,506,504,2,3
2,9719,506,504,2,3
2,9720,506,503,3,3
2,9721,506,504,2,3
2,9722,506,504,2,3
2,9723,506,504,2,3
2,9724,506,504,2,3
2,9725,506,504,2,3
2,9726,506,504,2,3
2,9727,506,504,2,3
2,9728,506,504,2,3
2,9729,506,504,2,3
2,9730,506,504,2,3
2,9731,506,504,2,3
2,9732,506,504,2,3
2,9733,506,504,2,3
2,9734,506,504,2,3
2,9735,506,504,2,3
2,9736,506,504,2,3
2,9737,506,504,2,3
2,9738,506,504,2,3
2,9739,506,504,2,3
2,9740,506,504,2,3
2,9741,506,504,2,3
2,9742,506,504,2,3
2,9743,506,504,2,3
2,9744,506,504,2,3
2,9745,506,504,2,3
2,9746,506,504,2,3
2,9747,506,504,2,3
2,9748,506,504,2,3
2,9749,506,504,2,3
2,9750,506,504,2,3
2,9751,506,504,2,3
2,9752,506,504,2,3
2,9753,506,504,2,3
2,9754,506,504,2,3
2,9755,506,504,2,3
2,9756,506,504,2,3
2,9757,506,504,2,3
2,9758,506,504,2,3
2,9759,506,504,2,3
2,9760,506,504,2,3
2,9761,506,504,2,3
2,9762,506,504,2,3
2,9763,506,504,2,3
2,9764,506,504,2,3
2,9765,506,504,2,3
2,9766,506,504,2,3
2,9767,506,503,3,3
2,9768,506,504,2,3
2,9769,506,504,2,3
2,9770,506,504,2,3
2,9771,506,504,2,3
2,9772,506,504,2,3
2,9773,506,504,2,3
2,9774,506,504,2,3
2,9775,506,504,2,3
2,9776,506,504,2,3
2,9777,506,504,2,3
2,9778,506,504,2,3
2,9779,506,504,2,3
2,9780,506,504,2,3
2,9781,506,504,2,3
2,9782,506,504,2,3
2,9783,506,504,2,3
2,9784,506,504,2,3
2,9785,506,504,2,3
2,9786,506,504,2,3
2,9787,506,504,2,3
2,9788,506,504,2,3
2,9789,506,504,2,3
2,9790,506,504,2,3
2,9791,506,504,2,3
2,9792,506,504,2,3
2,9793,506,503,3,3
2,9794,506,504,2,3
2,9795,506,503,3,3
2,9796,506,504,2,3
2,9797,506,504,2,3
2,9798,506,504,2,3
2,9799,506,503,3,3
2,9800,506,504,2,3
2,9801,506,504,2,3
2,9802,506,504,2,3
2,9803,506,504,2,3
2,9804,506,504,2,3
2,9805,506,504,2,3
2,9806,506,504,2,3
2,9807,506,504,2,3
2,9808,506,504,2,3
2,9809,506,504,2,3
2,9810,506,504,2,3
2,9811,506,504,2,3
2,9812,506,504,2,3
2,9813,506,503,3,3
2,9814,506,504,2,3
2,9815,506,504,2,3
2,9816,506,504,2,3
2,9817,506,504,2,3
2,9818,506,504,2,3
2,9819,506,504,2,3
2,9820,506,504,2,3
2,9821,506,504,2,3
2,9822,506,504,2,3
2,9823,506,504,2,3
2,9824,506,504,2,3
2,9825,506,504,2,3
2,9826,506,504,2,3
2,9827,506,504,2,3
2,9828,506,504,2,3
2,9829,506,504,2,3
2,9830,506,504,2,3
2,9831,506,504,2,3
2,9832,506,504,2,3
2,9833,506,504,2,3
2,9834,506,504,2,3
2,9835,506,504,2,3
2,9836,506,504,2,3
2,9837,506,504,2,3
2,9838,506,504,2,3
2,9839,506,504,2,3
2,9840,506,504,2,3
2,9841,506,504,2,3
2,9842,506,504,2,3
2,9843,506,504,2,3
2,9844,506,504,2,3
2,9845,506,504,2,3
2,9846,506,504,2,3
2,9847,506,504,2,3
2,9848,506,504,2,3
2,9849,506,504,2,3
2,9850,506,504,2,3
2,9851,506,504,2,3
2,9852,506,504,2,3
2,9853,506,504,2,3
2,9854,506,504,2,3
2,9855,506,504,2,3
2,9856,506,504,2,3
2,9857,506,504,2,3
2,9858,506,504,2,3
2,9859,506,504,2,3
2,9860,506,504,2,3
2,9861,506,504,2,3
2,9862,506,504,2,3
2,9863,506,504,2,3
2,9864,506,504,2,3
2,9865,506,504,2,3
2,9866,506,504,2,3
2,9867,506,504,2,3
2,9868,506,504,2,3
2,9869,506,504,2,3
2,9870,506,504,2,3
2,9871,506,504,2,3
2,9872,506,504,2,3
2,9873,506,504,2,3
2,9874,506,504,2,3
2,9875,506,504,2,3
2,9876,506,504,2,3
2,9877,506,504,2,3
2,9878,506,504,2,3
2,9879,506,504,2,3
2,9880,506,504,2,3
2,9881,506,504,2,3
2,9882,506,504,2,3
2,9883,506,504,2,3
2,9884,506,504,2,3
2,9885,506,503,3,3
2,9886,506,504,2,3
2,9887,506,504,2,3
2,9888,506,504,2,3
2,9889,506,503,3,3
2,9890,506,504,2,3
2,9891,506,504,2,3
2,9892,506,504,2,3
2,9893,506,504,2,3
2,9894,506,504,2,3
2,9895,506,504,2,3
2,9896,506,504,2,3
2,9897,506,504,2,3
2,9898,506,504,2,3
2,9899,506,504,2,3
2,9900,506,504,2,3
2,9901,506,504,2,3
2,9902,506,504,2,3
2,9903,506,504,2,3
2,9904,506,504,2,3
2,9905,506,504,2,3
2,9906,506,504,2,3
2,9907,506,504,2,3
2,9908,506,504,2,3
2,9909,506,504,2,3
2,9910,506,504,2,3
2,9911,506,504,2,3
2,9912,506,504,2,3
2,9913,506,504,2,3
2,9914,506,504,2,3
2,9915,506,504,2,3
2,9916,506,504,2,3
2,9917,506,504,2,3
2,9918,506,504,2,3
2,9919,506,504,2,3
2,9920,506,504,2,3
2,9921,506,504,2,3
2,9922,506,504,2,3
2,9923,506,504,2,3
2,9924,506,504,2,3
2,9925,506,504,2,3
2,9926,506,504,2,3
2,9927,506,504,2,3
2,9928,506,504,2,3
2,9929,506,504,2,3
2,9930,506,504,2,3
2,9931,506,504,2,3
2,9932,506,504,2,3
2,9933,506,504,2,3
2,9934,506,504,2,3
2,9935,506,504,2,3
2,9936,506,504,2,3
2,9937,506,504,2,3
2,9938,506,504,2,3
2,9939,506,504,2,3
2,9940,506,504,2,3
2,9941,506,504,2,3
2,9942,506,504,2,3
2,9943,506,504,2,3
2,9944,506,504,2,3
2,9945,506,504,2,3
2,9946,506,504,2,3
2,9947,506,504,2,3
2,9948,506,504,2,3
2,9949,506,504,2,3
2,9950,506,504,2,3
2,9951,506,504,2,3
2,9952,506,504,2,3
2,9953,506,504,2,3
2,9954,506,504,2,3
2,9955,506,504,2,3
2,9956,506,504,2,3
2,9957,506,504,2,3
2,9958,506,504,2,3
2,9959,506,504,2,3
2,9960,506,504,2,3
2,9961,506,504,2,3
2,9962,506,504,2,3
2,9963,506,504,2,3
2,9964,506,504,2,3
2,9965,506,504,2,3
2,9966,506,504,2,3
2,9967,506,504,2,3
2,9968,506,504,2,3
2,9969,506,503,3,3
2,9970,506,504,2,3
2,9971,506,504,2,3
2,9972,506,504,2,3
2,9973,506,504,2,3
2,9974,506,504,2,3
2,9975,506,504,2,3
2,9976,506,504,2,3
2,9977,506,504,2,3
2,9978,506,504,2,3
2,9979,506,504,2,3
2,9980,506,504,2,3
2,9981,506,504,2,3
2,9982,506,504,2,3
2,9983,506,504,2,3
2,9984,506,504,2,3
2,9985,506,504,2,3
2,9986,506,504,2,3
2,9987,506,504,2,3
2,9988,506,504,2,3
2,9989,506,504,2,3
2,9990,506,504,2,3
2,9991,506,504,2,3
2,9992,506,504,2,3
2,9993,506,504,2,3
2,9994,506,504,2,3
2,9995,506,504,2,3
2,9996,506,504,2,3
2,9997,506,504,2,3
2,9998,506,504,2,3
2,9999,506,504,2,3
3,0,1116,1112,4,4
3,1,1116,1113,3,4
3,2,1116,1112,4,4
3,3,1116,1113,3,4
3,4,1116,1113,3,4
3,5,1116,1113,3,4
3,6,1116,1112,4,4
3,7,1116,1113,3,4
3,8,1116,1112,4,4
3,9,1116,1113,3,4
3,10,1116,1113,3,4
3,11,1116,1112,4,4
3,12,1116,1113,3,4
3,13,1116,1113,3,4
3,14,1116,1113,3,4
3,15,1116,1112,4,4
3,16,1116,1113,3,4
3,17,1116,1112,4,4
3,18,1116,1113,3,4
3,19,1116,1113,3,4
3,20,1116,1113,3,4
3,21,1116,1113,3,4
3,22,1116,1113,3,4
3,23,1116,1113,3,4
3,24,1116,1113,3,4
3,25,1116,1113,3,4
3,26,1116,1113,3,4
3,27,1116,1113,3,4
3,28,1116,1113,3,4
3,29,1116,1112,4,4
3,30,1116,1113,3,4
3,31,1116,1113,3,4
3,32,1116,1113,3,4
3,33,1116,1113,3,4
3,34,1116,1113,3,4
3,35,1116,1112,4,4
3,36,1116,1113,3,4
3,37,1116,1113,3,4
3,38,1116,1112,4,4
3,39,1116,1113,3,4
3,40,1116,1113,3,4
3,41,1116,1113,3,4
3,42,1116,1113,3,4
3,43,1116,1112,4,4
3,44,1116,1113,3,4
3,45,1116,1113,3,4
3,46,1116,1113,3,4
3,47,1116,1112,4,4
3,48,1116,1113,3,4
3,49,1116,1113,3,4
3,50,1116,1113,3,4
3,51,1116,1113,3,4
3,52,1116,1113,3,4
3,53,1116,1113,3,4
3,54,1116,1113,3,4
3,55,1116,1113,3,4
3,56,1116,1113,3,4
3,57,1116,1113,3,4
3,58,1116,1113,3,4
3,59,1116,1112,4,4
3,60,1116,1113,3,4
3,61,1116,1113,3,4
3,62,1116,1113,3,4
3,63,1116,1113,3,4
3,64,1116,1113,3,4
3,65,1116,1113,3,4
3,66,1116,1113,3,4
3,67,1116,1113,3,4
3,68,1116,1113,3,4
3,69,1116,1113,3,4
3,70,1116,1113,3,4
3,71,1116,1112,4,4
3,72,1116,1113,3,4
3,73,1116,1112,4,4
3,74,1116,1113,3,4
3,75,1116,1113,3,4
3,76,1116,1113,3,4
3,77,1116,1113,3,4
3,78,1116,1112,4,4
3,79,1116,1113,3,4
3,80,1116,1113,3,4
3,81,1116,1113,3,4
3,82,1116,1113,3,4
3,83,1116,1113,3,4
3,84,1116,1113,3,4
3,85,1116,1113,3,4
3,86,1116,1112,4,4
3,87,1116,1113,3,4
3,88,1116,1113,3,4
3,89,1116,1113,3,4
3,90,1116,1113,3,4
3,91,1116,1113,3,4
3,92,1116,1113,3,4
3,93,1116,1112,4,4
3,94,1116,1113,3,4
3,95,1116,1112,4,4
3,96,1116,1113,3,4
3,97,1116,1113,3,4
3,98,1116,1113,3,4
3,99,1116,1113,3,4
3,100,1116,1113,3,4
3,101,1116,1113,3,4
3,102,1116,1112,4,4
3,103,1116,1113,3,4
3,104,1116,1113,3,4
3,105,1116,1113,3,4
3,106,1116,1113,3,4
3,107,1116,1112,4,4
3,108,1116,1113,3,4
3,109,1116,1113,3,4
3,110,1116,1113,3,4
3,111,1116,1113,3,4
3,112,1116,1113,3,4
3,113,1116,1113,3,4
3,114,1116,1113,3,4
3,115,1116,1113,3,4
3,116,1116,1113,3,4
3,117,1116,1112,4,4
3,118,1116,1113,3,4
3,119,1116,1113,3,4
3,120,1116,1113,3,4
3,121,1116,1113,3,4
3,122,1116,1113,3,4
3,123,1116,1113,3,4
3,124,1116,1112,4,4
3,125,1116,1113,3,4
3,126,1116,1113,3,4
3,127,1116,1113,3,4
3,128,1116,1112,4,4
3,129,1116,1112,4,4
3,130,1116,1113,3,4
3,131,1116,1112,4,4
3,132,1116,1113,3,4
3,133,1116,1112,4,4
3,134,1116,1113,3,4
3,135,1116,1113,3,4
3,136,1116,1113,3,4
3,137,1116,1113,3,4
3,138,1116,1113,3,4
3,139,1116,1113,3,4
3,140,1116,1113,3,4
3,141,1116,1113,3,4
3,142,1116,1112,4,4
3,143,1116,1113,3,4
3,144,1116,1113,3,4
3,145,1116,1113,3,4
3,146,1116,1113,3,4
3,147,1116,1113,3,4
3,148,1116,1112,4,4
3,149,1116,1113,3,4
3,150,1116,1113,3,4
3,151,1116,1112,4,4
3,152,1116,1113,3,4
3,153,1116,1113,3,4
3,154,1116,1113,3,4
3,155,1116,1113,3,4
3,156,1116,1113,3,4
3,157,1116,1113,3,4
3,158,1116,1112,4,4
3,159,1116,1112,4,4
3,160,1116,1113,3,4
3,161,1116,1112,4,4
3,162,1116,1113,3,4
3,163,1116,1112,4,4
3,164,1116,1113,3,4
3,165,1116,1113,3,4
3,166,1116,1113,3,4
3,167,1116,1113,3,4
3,168,1116,1113,3,4
3,169,1116,1113,3,4
3,170,1116,1113,3,4
3,171,1116,1113,3,4
3,172,1116,1113,3,4
3,173,1116,1113,3,4
3,174,1116,1113,3,4
3,175,1116,1113,3,4
3,176,1116,1112,4,4
3,177,1116,1112,4,4
3,178,1116,1113,3,4
3,179,1116,1113,3,4
3,180,1116,1112,4,4
3,181,1116,1113,3,4
3,182,1116,1113,3,4
3,183,1116,1113,3,4
3,184,1116,1113,3,4
3,185,1116,1113,3,4
3,186,1116,1113,3,4
3,187,1116,1113,3,4
3,188,1116,1113,3,4
3,189,1116,1112,4,4
3,190,1116,1113,3,4
3,191,1116,1112,4,4
3,192,1116,1113,3,4
3,193,1116,1113,3,4
3,194,1116,1113,3,4
3,195,1116,1113,3,4
3,196,1116,1112,4,4
3,197,1116,1113,3,4
3,198,1116,1113,3,4
3,199,1116,1112,4,4
3,200,1116,1112,4,4
3,201,1116,1113,3,4
3,202,1116,1112,4,4
3,203,1116,1113,3,4
3,204,1116,1113,3,4
3,205,1116,1112,4,4
3,206,1116,1113,3,4
3,207,1116,1112,4,4
3,208,1116,1113,3,4
3,209,1116,1112,4,4
3,210,1116,1113,3,4
3,211,1116,1113,3,4
3,212,1116,1113,3,4
3,213,1116,1112,4,4
3,214,1116,1113,3,4
3,215,1116,1113,3,4
3,216,1116,1113,3,4
3,217,1116,1113,3,4
3,218,1116,1113,3,4
3,219,1116,1113,3,4
3,220,1116,1112,4,4
3,221,1116,1113,3,4
3,222,1116,1113,3,4
3,223,1116,1113,3,4
3,224,1116,1113,3,4
3,225,1116,1113,3,4
3,226,1116,1113,3,4
3,227,1116,1112,4,4
3,228,1116,1113,3,4
3,229,1116,1113,3,4
3,230,1116,1113,3,4
3,231,1116,1112,4,4
3,232,1116,1113,3,4
3,233,1116,1112,4,4
3,234,1116,1113,3,4
3,235,1116,1113,3,4
3,236,1116,1113,3,4
3,237,1116,1112,4,4
3,238,1116,1113,3,4
3,239,1116,1113,3,4
3,240,1116,1113,3,4
3,241,1116,1112,4,4
3,242,1116,1113,3,4
3,243,1116,1112,4,4
3,244,1116,1113,3,4
3,245,1116,1113,3,4
3,246,1116,1112,4,4
3,247,1116,1113,3,4
3,248,1116,1113,3,4
3,249,1116,1113,3,4
3,250,1116,1113,3,4
3,251,1116,1113,3,4
3,252,1116,1113,3,4
3,253,1116,1113,3,4
3,254,1116,1113,3,4
3,255,1116,1112,4,4
3,256,1116,1112,4,4
3,257,1116,1113,3,4
3,258,1116,1113,3,4
3,259,1116,1113,3,4
3,260,1116,1113,3,4
3,261,1116,1113,3,4
3,262,1116,1113,3,4
3,263,1116,1113,3,4
3,264,1116,1113,3,4
3,265,1116,1113,3,4
3,266,1116,1113,3,4
3,267,1116,1112,4,4
3,268,1116,1113,3,4
3,269,1116,1113,3,4
3,270,1116,1113,3,4
3,271,1116,1113,3,4
3,272,1116,1113,3,4
3,273,1116,1113,3,4
3,274,1116,1113,3,4
3,275,1116,1113,3,4
3,276,1116,1113,3,4
3,277,1116,1113,3,4
3,278,1116,1112,4,4
3,279,1116,1112,4,4
3,280,1116,1113,3,4
3,281,1116,1113,3,4
3,282,1116,1112,4,4
3,283,1116,1113,3,4
3,284,1116,1113,3,4
3,285,1116,1113,3,4
3,286,1116,1113,3,4
3,287,1116,1112,4,4
3,288,1116,1113,3,4
3,289,1116,1113,3,4
3,290,1116,1113,3,4
3,291,1116,1113,3,4
3,292,1116,1113,3,4
3,293,1116,1112,4,4
3,294,1116,1113,3,4
3,295,1116,1113,3,4
3,296,1116,1113,3,4
3,297,1116,1113,3,4
3,298,1116,1113,3,4
3,299,1116,1113,3,4
3,300,1116,1112,4,4
3,301,1116,1112,4,4
3,302,1116,1112,4,4
3,303,1116,1113,3,4
3,304,1116,1113,3,4
3,305,1116,1112,4,4
3,306,1116,1113,3,4
3,307,1116,1113,3,4
3,308,1116,1113,3,4
3,309,1116,1113,3,4
3,310,1116,1113,3,4
3,311,1116,1113,3,4
3,312,1116,1113,3,4
3,313,1116,1113,3,4
3,314,1116,1113,3,4
3,315,1116,1113,3,4
3,316,1116,1113,3,4
3,317,1116,1113,3,4
3,318,1116,1112,4,4
3,319,1116,1113,3,4
3,320,1116,1113,3,4
3,321,1116,1112,4,4
3,322,1116,1113,3,4
3,323,1116,1113,3,4
3,324,1116,1113,3,4
3,325,1116,1113,3,4
3,326,1116,1113,3,4
3,327,1116,1113,3,4
3,328,1116,1113,3,4
3,329,1116,1113,3,4
3,330,1116,1113,3,4
3,331,1116,1113,3,4
3,332,1116,1113,3,4
3,333,1116,1113,3,4
3,334,1116,1113,3,4
3,335,1116,1113,3,4
3,336,1116,1112,4,4
3,337,1116,1113,3,4
3,338,1116,1113,3,4
3,339,1116,1113,3,4
3,340,1116,1113,3,4
3,341,1116,1113,3,4
3,342,1116,1113,3,4
3,343,1116,1113,3,4
3,344,1116,1113,3,4
3,345,1116,1113,3,4
3,346,1116,1113,3,4
3,347,1116,1113,3,4
3,348,1116,1112,4,4
3,349,1116,1113,3,4
3,350,1116,1113,3,4
3,351,1116,1113,3,4
3,352,1116,1113,3,4
3,353,1116,1112,4,4
3,354,1116,1113,3,4
3,355,1116,1113,3,4
3,356,1116,1113,3,4
3,357,1116,1112,4,4
3,358,1116,1112,4,4
3,359,1116,1113,3,4
3,360,1116,1113,3,4
3,361,1116,1113,3,4
3,362,1116,1112,4,4
3,363,1116,1113,3,4
3,364,1116,1113,3,4
3,365,1116,1113,3,4
3,366,1116,1112,4,4
3,367,1116,1112,4,4
3,368,1116,1113,3,4
3,369,1116,1113,3,4
3,370,1116,1113,3,4
3,371,1116,1113,3,4
3,372,1116,1113,3,4
3,373,1116,1112,4,4
3,374,1116,1113,3,4
3,375,1116,1113,3,4
3,376,1116,1113,3,4
3,377,1116,1113,3,4
3,378,1116,1113,3,4
3,379,1116,1113,3,4
3,380,1116,1113,3,4
3,381,1116,1113,3,4
3,382,1116,1113,3,4
3,383,1116,1113,3,4
3,384,1116,1112,4,4
3,385,1116,1112,4,4
3,386,1116,1113,3,4
3,387,1116,1112,4,4
3,388,1116,1113,3,4
3,389,1116,1113,3,4
3,390,1116,1113,3,4
3,391,1116,1113,3,4
3,392,1116,1112,4,4
3,393,1116,1112,4,4
3,394,1116,1112,4,4
3,395,1116,1113,3,4
3,396,1116,1113,3,4
3,397,1116,1113,3,4
3,398,1116,1113,3,4
3,399,1116,1112,4,4
3,400,1116,1113,3,4
3,401,1116,1113,3,4
3,402,1116,1112,4,4
3,403,1116,1113,3,4
3,404,1116,1113,3,4
3,405,1116,1113,3,4
3,406,1116,1113,3,4
3,407,1116,1112,4,4
3,408,1116,1113,3,4
3,409,1116,1113,3,4
3,410,1116,1113,3,4
3,411,1116,1113,3,4
3,412,1116,1113,3,4
3,413,1116,1112,4,4
3,414,1116,1113,3,4
3,415,1116,1113,3,4
3,416,1116,1113,3,4
3,417,1116,1113,3,4
3,418,1116,1113,3,4
3,419,1116,1113,3,4
3,420,1116,1113,3,4
3,421,1116,1112,4,4
3,422,1116,1113,3,4
3,423,1116,1113,3,4
3,424,1116,1113,3,4
3,425,1116,1113,3,4
3,426,1116,1113,3,4
3,427,1116,1113,3,4
3,428,1116,1113,3,4
3,429,1116,1113,3,4
3,430,1116,1112,4,4
3,431,1116,1113,3,4
3,432,1116,1112,4,4
3,433,1116,1113,3,4
3,434,1116,1113,3,4
3,435,1116,1113,3,4
3,436,1116,1113,3,4
3,437,1116,1113,3,4
3,438,1116,1112,4,4
3,439,1116,1113,3,4
3,440,1116,1113,3,4
3,441,1116,1113,3,4
3,442,1116,1113,3,4
3,443,1116,1113,3,4
3,444,1116,1113,3,4
3,445,1116,1113,3,4
3,446,1116,1113,3,4
3,447,1116,1113,3,4
3,448,1116,1112,4,4
3,449,1116,1112,4,4
3,450,1116,1112,4,4
3,451,1116,1113,3,4
3,452,1116,1113,3,4
3,453,1116,1113,3,4
3,454,1116,1113,3,4
3,455,1116,1113,3,4
3,456,1116,1113,3,4
3,457,1116,1113,3,4
3,458,1116,1113,3,4
3,459,1116,1113,3,4
3,460,1116,1113,3,4
3,461,1116,1113,3,4
3,462,1116,1113,3,4
3,463,1116,1113,3,4
3,464,1116,1113,3,4
3,465,1116,1112,4,4
3,466,1116,1113,3,4
3,467,1116,1113,3,4
3,468,1116,1113,3,4
3,469,1116,1113,3,4
3,470,1116,1113,3,4
3,471,1116,1113,3,4
3,472,1116,1113,3,4
3,473,1116,1113,3,4
3,474,1116,1113,3,4
3,475,1116,1113,3,4
3,476,1116,1112,4,4
3,477,1116,1112,4,4
3,478,1116,1113,3,4
3,479,1116,1113,3,4
3,480,1116,1113,3,4
3,481,1116,1113,3,4
3,482,1116,1113,3,4
3,483,1116,1112,4,4
3,484,1116,1113,3,4
3,485,1116,1113,3,4
3,486,1116,1113,3,4
3,487,1116,1113,3,4
3,488,1116,1113,3,4
3,489,1116,1113,3,4
3,490,1116,1113,3,4
3,491,1116,1112,4,4
3,492,1116,1113,3,4
3,493,1116,1112,4,4
3,494,1116,1113,3,4
3,495,1116,1113,3,4
3,496,1116,1113,3,4
3,497,1116,1113,3,4
3,498,1116,1112,4,4
3,499,1116,1113,3,4
3,500,1116,1112,4,4
3,501,1116,1112,4,4
3,502,1116,1113,3,4
3,503,1116,1113,3,4
3,504,1116,1113,3,4
3,505,1116,1112,4,4
3,506,1116,1112,4,4
3,507,1116,1113,3,4
3,508,1116,1113,3,4
3,509,1116,1113,3,4
3,510,1116,1113,3,4
3,511,1116,1112,4,4
3,512,1116,1113,3,4
3,513,1116,1113,3,4
3,514,1116,1112,4,4
3,515,1116,1112,4,4
3,516,1116,1112,4,4
3,517,1116,1112,4,4
3,518,1116,1113,3,4
3,519,1116,1113,3,4
3,520,1116,1113,3,4
3,521,1116,1113,3,4
3,522,1116,1113,3,4
3,523,1116,1113,3,4
3,524,1116,1113,3,4
3,525,1116,1113,3,4
3,526,1116,1112,4,4
3,527,1116,1113,3,4
3,528,1116,1113,3,4
3,529,1116,1113,3,4
3,530,1116,1113,3,4
3,531,1116,1113,3,4
3,532,1116,1112,4,4
3,533,1116,1113,3,4
3,534,1116,1113,3,4
3,535,1116,1112,4,4
3,536,1116,1113,3,4
3,537,1116,1113,3,4
3,538,1116,1113,3,4
3,539,1116,1113,3,4
3,540,1116,1113,3,4
3,541,1116,1113,3,4
3,542,1116,1113,3,4
3,543,1116,1113,3,4
3,544,1116,1112,4,4
3,545,1116,1113,3,4
3,546,1116,1112,4,4
3,547,1116,1113,3,4
3,548,1116,1113,3,4
3,549,1116,1112,4,4
3,550,1116,1113,3,4
3,551,1116,1113,3,4
3,552,1116,1113,3,4
3,553,1116,1113,3,4
3,554,1116,1113,3,4
3,555,1116,1113,3,4
3,556,1116,1112,4,4
3,557,1116,1113,3,4
3,558,1116,1113,3,4
3,559,1116,1113,3,4
3,560,1116,1112,4,4
3,561,1116,1113,3,4
3,562,1116,1113,3,4
3,563,1116,1113,3,4
3,564,1116,1113,3,4
3,565,1116,1113,3,4
3,566,1116,1112,4,4
3,567,1116,1113,3,4
3,568,1116,1112,4,4
3,569,1116,1113,3,4
3,570,1116,1113,3,4
3,571,1116,1113,3,4
3,572,1116,1112,4,4
3,573,1116,1113,3,4
3,574,1116,1113,3,4
3,575,1116,1113,3,4
3,576,1116,1113,3,4
3,577,1116,1113,3,4
3,578,1116,1113,3,4
3,579,1116,1113,3,4
3,580,1116,1113,3,4
3,581,1116,1113,3,4
3,582,1116,1113,3,4
3,583,1116,1113,3,4
3,584,1116,1112,4,4
3,585,1116,1113,3,4
3,586,1116,1113,3,4
3,587,1116,1112,4,4
3,588,1116,1113,3,4
3,589,1116,1113,3,4
3,590,1116,1113,3,4
3,591,1116,1113,3,4
3,592,1116,1113,3,4
3,593,1116,1113,3,4
3,594,1116,1113,3,4
3,595,1116,1113,3,4
3,596,1116,1113,3,4
3,597,1116,1113,3,4
3,598,1116,1112,4,4
3,599,1116,1113,3,4
3,600,1116,1113,3,4
3,601,1116,1112,4,4
3,602,1116,1113,3,4
3,603,1116,1112,4,4
3,604,1116,1113,3,4
3,605,1116,1113,3,4
3,606,1116,1113,3,4
3,607,1116,1113,3,4
3,608,1116,1113,3,4
3,609,1116,1113,3,4
3,610,1116,1113,3,4
3,611,1116,1113,3,4
3,612,1116,1112,4,4
3,613,1116,1113,3,4
3,614,1116,1113,3,4
3,615,1116,1113,3,4
3,616,1116,1113,3,4
3,617,1116,1113,3,4
3,618,1116,1113,3,4
3,619,1116,1113,3,4
3,620,1116,1113,3,4
3,621,1116,1113,3,4
3,622,1116,1113,3,4
3,623,1116,1113,3,4
3,624,1116,1113,3,4
3,625,1116,1113,3,4
3,626,1116,1112,4,4
3,627,1116,1113,3,4
3,628,1116,1112,4,4
3,629,1116,1113,3,4
3,630,1116,1113,3,4
3,631,1116,1113,3,4
3,632,1116,1113,3,4
3,633,1116,1112,4,4
3,634,1116,1113,3,4
3,635,1116,1113,3,4
3,636,1116,1113,3,4
3,637,1116,1113,3,4
3,638,1116,1113,3,4
3,639,1116,1113,3,4
3,640,1116,1112,4,4
3,641,1116,1113,3,4
3,642,1116,1113,3,4
3,643,1116,1113,3,4
3,644,1116,1113,3,4
3,645,1116,1112,4,4
3,646,1116,1113,3,4
3,647,1116,1113,3,4
3,648,1116,1113,3,4
3,649,1116,1112,4,4
3,650,1116,1113,3,4
3,651,1116,1113,3,4
3,652,1116,1112,4,4
3,653,1116,1113,3,4
3,654,1116,1113,3,4
3,655,1116,1112,4,4
3,656,1116,1113,3,4
3,657,1116,1113,3,4
3,658,1116,1113,3,4
3,659,1116,1113,3,4
3,660,1116,1112,4,4
3,661,1116,1113,3,4
3,662,1116,1113,3,4
3,663,1116,1113,3,4
3,664,1116,1113,3,4
3,665,1116,1113,3,4
3,666,1116,1113,3,4
3,667,1116,1112,4,4
3,668,1116,1113,3,4
3,669,1116,1113,3,4
3,670,1116,1113,3,4
3,671,1116,1113,3,4
3,672,1116,1113,3,4
3,673,1116,1112,4,4
3,674,1116,1113,3,4
3,675,1116,1113,3,4
3,676,1116,1113,3,4
3,677,1116,1113,3,4
3,678,1116,1113,3,4
3,679,1116,1113,3,4
3,680,1116,1113,3,4
3,681,1116,1113,3,4
3,682,1116,1113,3,4
3,683,1116,1113,3,4
3,684,1116,1113,3,4
3,685,1116,1113,3,4
3,686,1116,1113,3,4
3,687,1116,1113,3,4
3,688,1116,1112,4,4
3,689,1116,1113,3,4
3,690,1116,1113,3,4
3,691,1116,1113,3,4
3,692,1116,1113,3,4
3,693,1116,1113,3,4
3,694,1116,1113,3,4
3,695,1116,1113,3,4
3,696,1116,1113,3,4
3,697,1116,1113,3,4
3,698,1116,1113,3,4
3,699,1116,1113,3,4
3,700,1116,1112,4,4
3,701,1116,1113,3,4
3,702,1116,1113,3,4
3,703,1116,1113,3,4
3,704,1116,1112,4,4
3,705,1116,1113,3,4
3,706,1116,1113,3,4
3,707,1116,1113,3,4
3,708,1116,1113,3,4
3,709,1116,1113,3,4
3,710,1116,1113,3,4
3,711,1116,1113,3,4
3,712,1116,1113,3,4
3,713,1116,1113,3,4
3,714,1116,1113,3,4
3,715,1116,1113,3,4
3,716,1116,1112,4,4
3,717,1116,1113,3,4
3,718,1116,1113,3,4
3,719,1116,1113,3,4
3,720,1116,1113,3,4
3,721,1116,1113,3,4
3,722,1116,1113,3,4
3,723,1116,1113,3,4
3,724,1116,1113,3,4
3,725,1116,1113,3,4
3,726,1116,1113,3,4
3,727,1116,1113,3,4
3,728,1116,1113,3,4
3,729,1116,1112,4,4
3,730,1116,1113,3,4
3,731,1116,1113,3,4
3,732,1116,1112,4,4
3,733,1116,1113,3,4
3,734,1116,1113,3,4
3,735,1116,1112,4,4
3,736,1116,1113,3,4
3,737,1116,1113,3,4
3,738,1116,1113,3,4
3,739,1116,1113,3,4
3,740,1116,1113,3,4
3,741,1116,1113,3,4
3,742,1116,1113,3,4
3,743,1116,1113,3,4
3,744,1116,1113,3,4
3,745,1116,1113,3,4
3,746,1116,1113,3,4
3,747,1116,1113,3,4
3,748,1116,1113,3,4
3,749,1116,1113,3,4
3,750,1116,1112,4,4
3,751,1116,1113,3,4
3,752,1116,1113,3,4
3,753,1116,1113,3,4
3,754,1116,1113,3,4
3,755,1116,1113,3,4
3,756,1116,1113,3,4
3,757,1116,1113,3,4
3,758,1116,1113,3,4
3,759,1116,1113,3,4
3,760,1116,1112,4,4
3,761,1116,1113,3,4
3,762,1116,1113,3,4
3,763,1116,1113,3,4
3,764,1116,1113,3,4
3,765,1116,1113,3,4
3,766,1116,1113,3,4
3,767,1116,1113,3,4
3,768,1116,1113,3,4
3,769,1116,1113,3,4
3,770,1116,1113,3,4
3,771,1116,1113,3,4
3,772,1116,1113,3,4
3,773,1116,1113,3,4
3,774,1116,1112,4,4
3,775,1116,1112,4,4
3,776,1116,1113,3,4
3,777,1116,1113,3,4
3,778,1116,1112,4,4
3,779,1116,1113,3,4
3,780,1116,1112,4,4
3,781,1116,1112,4,4
3,782,1116,1112,4,4
3,783,1116,1112,4,4
3,784,1116,1113,3,4
3,785,1116,1112,4,4
3,786,1116,1113,3,4
3,787,1116,1113,3,4
3,788,1116,1113,3,4
3,789,1116,1113,3,4
3,790,1116,1113,3,4
3,791,1116,1113,3,4
3,792,1116,1113,3,4
3,793,1116,1113,3,4
3,794,1116,1113,3,4
3,795,1116,1113,3,4
3,796,1116,1113,3,4
3,797,1116,1113,3,4
3,798,1116,1113,3,4
3,799,1116,1113,3,4
3,800,1116,1113,3,4
3,801,1116,1113,3,4
3,802,1116,1113,3,4
3,803,1116,1113,3,4
3,804,1116,1112,4,4
3,805,1116,1113,3,4
3,806,1116,1113,3,4
3,807,1116,1113,3,4
3,808,1116,1113,3,4
3,809,1116,1113,3,4
3,810,1116,1113,3,4
3,811,1116,1113,3,4
3,812,1116,1113,3,4
3,813,1116,1113,3,4
3,814,1116,1112,4,4
3,815,1116,1113,3,4
3,816,1116,1113,3,4
3,817,1116,1113,3,4
3,818,1116,1112,4,4
3,819,1116,1113,3,4
3,820,1116,1113,3,4
3,821,1116,1113,3,4
3,822,1116,1113,3,4
3,823,1116,1113,3,4
3,824,1116,1113,3,4
3,825,1116,1113,3,4
3,826,1116,1113,3,4
3,827,1116,1113,3,4
3,828,1116,1112,4,4
3,829,1116,1113,3,4
3,830,1116,1113,3,4
3,831,1116,1113,3,4
3,832,1116,1112,4,4
3,833,1116,1113,3,4
3,834,1116,1113,3,4
3,835,1116,1112,4,4
3,836,1116,1113,3,4
3,837,1116,1113,3,4
3,838,1116,1113,3,4
3,839,1116,1112,4,4
3,840,1116,1112,4,4
3,841,1116,1112,4,4
3,842,1116,1112,4,4
3,843,1116,1113,3,4
3,844,1116,1113,3,4
3,845,1116,1113,3,4
3,846,1116,1113,3,4
3,847,1116,1113,3,4
3,848,1116,1113,3,4
3,849,1116,1113,3,4
3,850,1116,1113,3,4
3,851,1116,1113,3,4
3,852,1116,1113,3,4
3,853,1116,1113,3,4
3,854,1116,1113,3,4
3,855,1116,1113,3,4
3,856,1116,1113,3,4
3,857,1116,1112,4,4
3,858,1116,1113,3,4
3,859,1116,1113,3,4
3,860,1116,1113,3,4
3,861,1116,1113,3,4
3,862,1116,1113,3,4
3,863,1116,1113,3,4
3,864,1116,1113,3,4
3,865,1116,1113,3,4
3,866,1116,1112,4,4
3,867,1116,1112,4,4
3,868,1116,1113,3,4
3,869,1116,1113,3,4
3,870,1116,1113,3,4
3,871,1116,1112,4,4
3,872,1116,1113,3,4
3,873,1116,1113,3,4
3,874,1116,1112,4,4
3,875,1116,1113,3,4
3,876,1116,1113,3,4
3,877,1116,1113,3,4
3,878,1116,1113,3,4
3,879,1116,1113,3,4
3,880,1116,1113,3,4
3,881,1116,1113,3,4
3,882,1116,1113,3,4
3,883,1116,1113,3,4
3,884,1116,1113,3,4
3,885,1116,1113,3,4
3,886,1116,1113,3,4
3,887,1116,1113,3,4
3,888,1116,1113,3,4
3,889,1116,1113,3,4
3,890,1116,1113,3,4
3,891,1116,1113,3,4
3,892,1116,1113,3,4
3,893,1116,1112,4,4
3,894,1116,1113,3,4
3,895,1116,1113,3,4
3,896,1116,1113,3,4
3,897,1116,1113,3,4
3,898,1116,1113,3,4
3,899,1116,1113,3,4
3,900,1116,1113,3,4
3,901,1116,1113,3,4
3,902,1116,1113,3,4
3,903,1116,1113,3,4
3,904,1116,1113,3,4
3,905,1116,1112,4,4
3,906,1116,1113,3,4
3,907,1116,1113,3,4
3,908,1116,1112,4,4
3,909,1116,1113,3,4
3,910,1116,1113,3,4
3,911,1116,1113,3,4
3,912,1116,1113,3,4
3,913,1116,1113,3,4
3,914,1116,1113,3,4
3,915,1116,1113,3,4
3,916,1116,1113,3,4
3,917,1116,1112,4,4
3,918,1116,1113,3,4
3,919,1116,1113,3,4
3,920,1116,1112,4,4
3,921,1116,1113,3,4
3,922,1116,1112,4,4
3,923,1116,1112,4,4
3,924,1116,1113,3,4
3,925,1116,1113,3,4
3,926,1116,1113,3,4
3,927,1116,1112,4,4
3,928,1116,1113,3,4
3,929,1116,1113,3,4
3,930,1116,1112,4,4
3,931,1116,1113,3,4
3,932,1116,1113,3,4
3,933,1116,1113,3,4
3,934,1116,1113,3,4
3,935,1116,1113,3,4
3,936,1116,1113,3,4
3,937,1116,1113,3,4
3,938,1116,1113,3,4
3,939,1116,1112,4,4
3,940,1116,1113,3,4
3,941,1116,1113,3,4
3,942,1116,1113,3,4
3,943,1116,1113,3,4
3,944,1116,1113,3,4
3,945,1116,1113,3,4
3,946,1116,1113,3,4
3,947,1116,1113,3,4
3,948,1116,1112,4,4
3,949,1116,1113,3,4
3,950,1116,1112,4,4
3,951,1116,1113,3,4
3,952,1116,1113,3,4
3,953,1116,1112,4,4
3,954,1116,1113,3,4
3,955,1116,1113,3,4
3,956,1116,1113,3,4
3,957,1116,1113,3,4
3,958,1116,1113,3,4
3,959,1116,1113,3,4
3,960,1116,1112,4,4
3,961,1116,1112,4,4
3,962,1116,1113,3,4
3,963,1116,1113,3,4
3,964,1116,1113,3,4
3,965,1116,1112,4,4
3,966,1116,1113,3,4
3,967,1116,1113,3,4
3,968,1116,1113,3,4
3,969,1116,1112,4,4
3,970,1116,1112,4,4
3,971,1116,1113,3,4
3,972,1116,1113,3,4
3,973,1116,1112,4,4
3,974,1116,1113,3,4
3,975,1116,1113,3,4
3,976,1116,1113,3,4
3,977,1116,1113,3,4
3,978,1116,1113,3,4
3,979,1116,1113,3,4
3,980,1116,1113,3,4
3,981,1116,1113,3,4
3,982,1116,1112,4,4
3,983,1116,1113,3,4
3,984,1116,1113,3,4
3,985,1116,1113,3,4
3,986,1116,1113,3,4
3,987,1116,1113,3,4
3,988,1116,1113,3,4
3,989,1116,1113,3,4
3,990,1116,1112,4,4
3,991,1116,1113,3,4
3,992,1116,1113,3,4
3,993,1116,1112,4,4
3,994,1116,1113,3,4
3,995,1116,1113,3,4
3,996,1116,1113,3,4
3,997,1116,1113,3,4
3,998,1116,1112,4,4
3,999,1116,1113,3,4
3,1000,1116,1113,3,4
3,1001,1116,1113,3,4
3,1002,1116,1113,3,4
3,1003,1116,1113,3,4
3,1004,1116,1113,3,4
3,1005,1116,1113,3,4
3,1006,1116,1113,3,4
3,1007,1116,1112,4,4
3,1008,1116,1113,3,4
3,1009,1116,1113,3,4
3,1010,1116,1112,4,4
3,1011,1116,1112,4,4
3,1012,1116,1113,3,4
3,1013,1116,1113,3,4
3,1014,1116,1113,3,4
3,1015,1116,1113,3,4
3,1016,1116,1113,3,4
3,1017,1116,1113,3,4
3,1018,1116,1113,3,4
3,1019,1116,1113,3,4
3,1020,1116,1113,3,4
3,1021,1116,1113,3,4
3,1022,1116,1113,3,4
3,1023,1116,1112,4,4
3,1024,1116,1113,3,4
3,1025,1116,1112,4,4
3,1026,1116,1113,3,4
3,1027,1116,1113,3,4
3,1028,1116,1113,3,4
3,1029,1116,1113,3,4
3,1030,1116,1113,3,4
3,1031,1116,1113,3,4
3,1032,1116,1113,3,4
3,1033,1116,1112,4,4
3,1034,1116,1113,3,4
3,1035,1116,1113,3,4
3,1036,1116,1113,3,4
3,1037,1116,1113,3,4
3,1038,1116,1113,3,4
3,1039,1116,1113,3,4
3,1040,1116,1113,3,4
3,1041,1116,1113,3,4
3,1042,1116,1113,3,4
3,1043,1116,1112,4,4
3,1044,1116,1112,4,4
3,1045,1116,1113,3,4
3,1046,1116,1113,3,4
3,1047,1116,1113,3,4
3,1048,1116,1113,3,4
3,1049,1116,1113,3,4
3,1050,1116,1113,3,4
3,1051,1116,1113,3,4
3,1052,1116,1113,3,4
3,1053,1116,1113,3,4
3,1054,1116,1112,4,4
3,1055,1116,1113,3,4
3,1056,1116,1113,3,4
3,1057,1116,1113,3,4
3,1058,1116,1113,3,4
3,1059,1116,1113,3,4
3,1060,1116,1112,4,4
3,1061,1116,1113,3,4
3,1062,1116,1113,3,4
3,1063,1116,1113,3,4
3,1064,1116,1113,3,4
3,1065,1116,1113,3,4
3,1066,1116,1113,3,4
3,1067,1116,1113,3,4
3,1068,1116,1113,3,4
3,1069,1116,1112,4,4
3,1070,1116,1113,3,4
3,1071,1116,1113,3,4
3,1072,1116,1113,3,4
3,1073,1116,1113,3,4
3,1074,1116,1113,3,4
3,1075,1116,1113,3,4
3,1076,1116,1113,3,4
3,1077,1116,1113,3,4
3,1078,1116,1113,3,4
3,1079,1116,1113,3,4
3,1080,1116,1112,4,4
3,1081,1116,1113,3,4
3,1082,1116,1113,3,4
3,1083,1116,1112,4,4
3,1084,1116,1113,3,4
3,1085,1116,1113,3,4
3,1086,1116,1113,3,4
3,1087,1116,1113,3,4
3,1088,1116,1113,3,4
3,1089,1116,1113,3,4
3,1090,1116,1113,3,4
3,1091,1116,1113,3,4
3,1092,1116,1113,3,4
3,1093,1116,1112,4,4
3,1094,1116,1113,3,4
3,1095,1116,1113,3,4
3,1096,1116,1112,4,4
3,1097,1116,1113,3,4
3,1098,1116,1113,3,4
3,1099,1116,1113,3,4
3,1100,1116,1113,3,4
3,1101,1116,1112,4,4
3,1102,1116,1113,3,4
3,1103,1116,1112,4,4
3,1104,1116,1112,4,4
3,1105,1116,1113,3,4
3,1106,1116,1113,3,4
3,1107,1116,1113,3,4
3,1108,1116,1113,3,4
3,1109,1116,1113,3,4
3,1110,1116,1113,3,4
3,1111,1116,1113,3,4
3,1112,1116,1113,3,4
3,1113,1116,1113,3,4
3,1114,1116,1112,4,4
3,1115,1116,1112,4,4
3,1116,1116,1113,3,4
3,1117,1116,1112,4,4
3,1118,1116,1113,3,4
3,1119,1116,1113,3,4
3,1120,1116,1113,3,4
3,1121,1116,1113,3,4
3,1122,1116,1113,3,4
3,1123,1116,1113,3,4
3,1124,1116,1113,3,4
3,1125,1116,1112,4,4
3,1126,1116,1112,4,4
3,1127,1116,1113,3,4
3,1128,1116,1113,3,4
3,1129,1116,1113,3,4
3,1130,1116,1113,3,4
3,1131,1116,1112,4,4
3,1132,1116,1113,3,4
3,1133,1116,1113,3,4
3,1134,1116,1113,3,4
3,1135,1116,1113,3,4
3,1136,1116,1113,3,4
3,1137,1116,1113,3,4
3,1138,1116,1113,3,4
3,1139,1116,1113,3,4
3,1140,1116,1113,3,4
3,1141,1116,1112,4,4
3,1142,1116,1113,3,4
3,1143,1116,1113,3,4
3,1144,1116,1113,3,4
3,1145,1116,1112,4,4
3,1146,1116,1112,4,4
3,1147,1116,1112,4,4
3,1148,1116,1112,4,4
3,1149,1116,1113,3,4
3,1150,1116,1113,3,4
3,1151,1116,1113,3,4
3,1152,1116,1113,3,4
3,1153,1116,1113,3,4
3,1154,1116,1113,3,4
3,1155,1116,1113,3,4
3,1156,1116,1113,3,4
3,1157,1116,1113,3,4
3,1158,1116,1112,4,4
3,1159,1116,1113,3,4
3,1160,1116,1113,3,4
3,1161,1116,1113,3,4
3,1162,1116,1113,3,4
3,1163,1116,1113,3,4
3,1164,1116,1113,3,4
3,1165,1116,1113,3,4
3,1166,1116,1113,3,4
3,1167,1116,1113,3,4
3,1168,1116,1113,3,4
3,1169,1116,1113,3,4
3,1170,1116,1113,3,4
3,1171,1116,1112,4,4
3,1172,1116,1113,3,4
3,1173,1116,1113,3,4
3,1174,1116,1113,3,4
3,1175,1116,1113,3,4
3,1176,1116,1112,4,4
3,1177,1116,1113,3,4
3,1178,1116,1112,4,4
3,1179,1116,1113,3,4
3,1180,1116,1113,3,4
3,1181,1116,1113,3,4
3,1182,1116,1112,4,4
3,1183,1116,1113,3,4
3,1184,1116,1113,3,4
3,1185,1116,1113,3,4
3,1186,1116,1113,3,4
3,1187,1116,1113,3,4
3,1188,1116,1112,4,4
3,1189,1116,1112,4,4
3,1190,1116,1113,3,4
3,1191,1116,1112,4,4
3,1192,1116,1113,3,4
3,1193,1116,1112,4,4
3,1194,1116,1113,3,4
3,1195,1116,1113,3,4
3,1196,1116,1113,3,4
3,1197,1116,1113,3,4
3,1198,1116,1113,3,4
3,1199,1116,1113,3,4
3,1200,1116,1113,3,4
3,1201,1116,1113,3,4
3,1202,1116,1113,3,4
3,1203,1116,1113,3,4
3,1204,1116,1113,3,4
3,1205,1116,1113,3,4
3,1206,1116,1113,3,4
3,1207,1116,1113,3,4
3,1208,1116,1112,4,4
3,1209,1116,1113,3,4
3,1210,1116,1112,4,4
3,1211,1116,1113,3,4
3,1212,1116,1112,4,4
3,1213,1116,1113,3,4
3,1214,1116,1113,3,4
3,1215,1116,1112,4,4
3,1216,1116,1113,3,4
3,1217,1116,1112,4,4
3,1218,1116,1113,3,4
3,1219,1116,1112,4,4
3,1220,1116,1112,4,4
3,1221,1116,1113,3,4
3,1222,1116,1112,4,4
3,1223,1116,1113,3,4
3,1224,1116,1112,4,4
3,1225,1116,1112,4,4
3,1226,1116,1112,4,4
3,1227,1116,1113,3,4
3,1228,1116,1112,4,4
3,1229,1116,1113,3,4
3,1230,1116,1113,3,4
3,1231,1116,1113,3,4
3,1232,1116,1112,4,4
3,1233,1116,1113,3,4
3,1234,1116,1113,3,4
3,1235,1116,1113,3,4
3,1236,1116,1113,3,4
3,1237,1116,1113,3,4
3,1238,1116,1113,3,4
3,1239,1116,1112,4,4
3,1240,1116,1113,3,4
3,1241,1116,1113,3,4
3,1242,1116,1112,4,4
3,1243,1116,1113,3,4
3,1244,1116,1112,4,4
3,1245,1116,1113,3,4
3,1246,1116,1113,3,4
3,1247,1116,1113,3,4
3,1248,1116,1113,3,4
3,1249,1116,1113,3,4
3,1250,1116,1113,3,4
3,1251,1116,1113,3,4
3,1252,1116,1113,3,4
3,1253,1116,1112,4,4
3,1254,1116,1113,3,4
3,1255,1116,1113,3,4
3,1256,1116,1113,3,4
3,1257,1116,1112,4,4
3,1258,1116,1113,3,4
3,1259,1116,1113,3,4
3,1260,1116,1112,4,4
3,1261,1116,1112,4,4
3,1262,1116,1112,4,4
3,1263,1116,1113,3,4
3,1264,1116,1112,4,4
3,1265,1116,1113,3,4
3,1266,1116,1112,4,4
3,1267,1116,1113,3,4
3,1268,1116,1113,3,4
3,1269,1116,1113,3,4
3,1270,1116,1113,3,4
3,1271,1116,1113,3,4
3,1272,1116,1113,3,4
3,1273,1116,1113,3,4
3,1274,1116,1112,4,4
3,1275,1116,1112,4,4
3,1276,1116,1112,4,4
3,1277,1116,1113,3,4
3,1278,1116,1112,4,4
3,1279,1116,1112,4,4
3,1280,1116,1112,4,4
3,1281,1116,1113,3,4
3,1282,1116,1113,3,4
3,1283,1116,1112,4,4
3,1284,1116,1113,3,4
3,1285,1116,1112,4,4
3,1286,1116,1113,3,4
3,1287,1116,1113,3,4
3,1288,1116,1113,3,4
3,1289,1116,1113,3,4
3,1290,1116,1113,3,4
3,1291,1116,1113,3,4
3,1292,1116,1112,4,4
3,1293,1116,1113,3,4
3,1294,1116,1113,3,4
3,1295,1116,1113,3,4
3,1296,1116,1113,3,4
3,1297,1116,1113,3,4
3,1298,1116,1113,3,4
3,1299,1116,1113,3,4
3,1300,1116,1113,3,4
3,1301,1116,1112,4,4
3,1302,1116,1112,4,4
3,1303,1116,1113,3,4
3,1304,1116,1113,3,4
3,1305,1116,1113,3,4
3,1306,1116,1113,3,4
3,1307,1116,1113,3,4
3,1308,1116,1113,3,4
3,1309,1116,1113,3,4
3,1310,1116,1112,4,4
3,1311,1116,1113,3,4
3,1312,1116,1113,3,4
3,1313,1116,1113,3,4
3,1314,1116,1113,3,4
3,1315,1116,1113,3,4
3,1316,1116,1113,3,4
3,1317,1116,1113,3,4
3,1318,1116,1112,4,4
3,1319,1116,1113,3,4
3,1320,1116,1113,3,4
3,1321,1116,1113,3,4
3,1322,1116,1112,4,4
3,1323,1116,1113,3,4
3,1324,1116,1113,3,4
3,1325,1116,1113,3,4
3,1326,1116,1112,4,4
3,1327,1116,1112,4,4
3,1328,1116,1113,3,4
3,1329,1116,1113,3,4
3,1330,1116,1113,3,4
3,1331,1116,1113,3,4
3,1332,1116,1113,3,4
3,1333,1116,1113,3,4
3,1334,1116,1113,3,4
3,1335,1116,1113,3,4
3,1336,1116,1113,3,4
3,1337,1116,1113,3,4
3,1338,1116,1112,4,4
3,1339,1116,1113,3,4
3,1340,1116,1113,3,4
3,1341,1116,1113,3,4
3,1342,1116,1113,3,4
3,1343,1116,1113,3,4
3,1344,1116,1113,3,4
3,1345,1116,1113,3,4
3,1346,1116,1112,4,4
3,1347,1116,1113,3,4
3,1348,1116,1113,3,4
3,1349,1116,1113,3,4
3,1350,1116,1113,3,4
3,1351,1116,1113,3,4
3,1352,1116,1113,3,4
3,1353,1116,1113,3,4
3,1354,1116,1113,3,4
3,1355,1116,1113,3,4
3,1356,1116,1113,3,4
3,1357,1116,1113,3,4
3,1358,1116,1113,3,4
3,1359,1116,1113,3,4
3,1360,1116,1113,3,4
3,1361,1116,1112,4,4
3,1362,1116,1112,4,4
3,1363,1116,1112,4,4
3,1364,1116,1112,4,4
3,1365,1116,1113,3,4
3,1366,1116,1113,3,4
3,1367,1116,1112,4,4
3,1368,1116,1112,4,4
3,1369,1116,1113,3,4
3,1370,1116,1113,3,4
3,1371,1116,1113,3,4
3,1372,1116,1113,3,4
3,1373,1116,1113,3,4
3,1374,1116,1112,4,4
3,1375,1116,1113,3,4
3,1376,1116,1113,3,4
3,1377,1116,1113,3,4
3,1378,1116,1112,4,4
3,1379,1116,1112,4,4
3,1380,1116,1113,3,4
3,1381,1116,1113,3,4
3,1382,1116,1113,3,4
3,1383,1116,1113,3,4
3,1384,1116,1113,3,4
3,1385,1116,1113,3,4
3,1386,1116,1113,3,4
3,1387,1116,1113,3,4
3,1388,1116,1112,4,4
3,1389,1116,1112,4,4
3,1390,1116,1113,3,4
3,1391,1116,1113,3,4
3,1392,1116,1113,3,4
3,1393,1116,1113,3,4
3,1394,1116,1112,4,4
3,1395,1116,1113,3,4
3,1396,1116,1113,3,4
3,1397,1116,1113,3,4
3,1398,1116,1113,3,4
3,1399,1116,1113,3,4
3,1400,1116,1112,4,4
3,1401,1116,1113,3,4
3,1402,1116,1112,4,4
3,1403,1116,1113,3,4
3,1404,1116,1113,3,4
3,1405,1116,1113,3,4
3,1406,1116,1113,3,4
3,1407,1116,1113,3,4
3,1408,1116,1113,3,4
3,1409,1116,1113,3,4
3,1410,1116,1112,4,4
3,1411,1116,1113,3,4
3,1412,1116,1112,4,4
3,1413,1116,1113,3,4
3,1414,1116,1113,3,4
3,1415,1116,1113,3,4
3,1416,1116,1113,3,4
3,1417,1116,1113,3,4
3,1418,1116,1113,3,4
3,1419,1116,1113,3,4
3,1420,1116,1113,3,4
3,1421,1116,1113,3,4
3,1422,1116,1113,3,4
3,1423,1116,1113,3,4
3,1424,1116,1113,3,4
3,1425,1116,1113,3,4
3,1426,1116,1113,3,4
3,1427,1116,1113,3,4
3,1428,1116,1112,4,4
3,1429,1116,1113,3,4
3,1430,1116,1113,3,4
3,1431,1116,1113,3,4
3,1432,1116,1112,4,4
3,1433,1116,1112,4,4
3,1434,1116,1112,4,4
3,1435,1116,1113,3,4
3,1436,1116,1113,3,4
3,1437,1116,1113,3,4
3,1438,1116,1113,3,4
3,1439,1116,1113,3,4
3,1440,1116,1113,3,4
3,1441,1116,1113,3,4
3,1442,1116,1112,4,4
3,1443,1116,1113,3,4
3,1444,1116,1113,3,4
3,1445,1116,1112,4,4
3,1446,1116,1113,3,4
3,1447,1116,1112,4,4
3,1448,1116,1113,3,4
3,1449,1116,1113,3,4
3,1450,1116,1112,4,4
3,1451,1116,1113,3,4
3,1452,1116,1113,3,4
3,1453,1116,1113,3,4
3,1454,1116,1112,4,4
3,1455,1116,1113,3,4
3,1456,1116,1113,3,4
3,1457,1116,1113,3,4
3,1458,1116,1113,3,4
3,1459,1116,1113,3,4
3,1460,1116,1113,3,4
3,1461,1116,1113,3,4
3,1462,1116,1113,3,4
3,1463,1116,1113,3,4
3,1464,1116,1113,3,4
3,1465,1116,1113,3,4
3,1466,1116,1113,3,4
3,1467,1116,1113,3,4
3,1468,1116,1112,4,4
3,1469,1116,1113,3,4
3,1470,1116,1112,4,4
3,1471,1116,1112,4,4
3,1472,1116,1113,3,4
3,1473,1116,1113,3,4
3,1474,1116,1113,3,4
3,1475,1116,1113,3,4
3,1476,1116,1113,3,4
3,1477,1116,1113,3,4
3,1478,1116,1113,3,4
3,1479,1116,1113,3,4
3,1480,1116,1112,4,4
3,1481,1116,1113,3,4
3,1482,1116,1113,3,4
3,1483,1116,1113,3,4
3,1484,1116,1112,4,4
3,1485,1116,1113,3,4
3,1486,1116,1113,3,4
3,1487,1116,1112,4,4
3,1488,1116,1112,4,4
3,1489,1116,1113,3,4
3,1490,1116,1113,3,4
3,1491,1116,1113,3,4
3,1492,1116,1112,4,4
3,1493,1116,1113,3,4
3,1494,1116,1113,3,4
3,1495,1116,1113,3,4
3,1496,1116,1113,3,4
3,1497,1116,1113,3,4
3,1498,1116,1113,3,4
3,1499,1116,1113,3,4
3,1500,1116,1113,3,4
3,1501,1116,1113,3,4
3,1502,1116,1113,3,4
3,1503,1116,1112,4,4
3,1504,1116,1112,4,4
3,1505,1116,1112,4,4
3,1506,1116,1113,3,4
3,1507,1116,1113,3,4
3,1508,1116,1113,3,4
3,1509,1116,1112,4,4
3,1510,1116,1113,3,4
3,1511,1116,1113,3,4
3,1512,1116,1113,3,4
3,1513,1116,1113,3,4
3,1514,1116,1112,4,4
3,1515,1116,1113,3,4
3,1516,1116,1113,3,4
3,1517,1116,1112,4,4
3,1518,1116,1113,3,4
3,1519,1116,1113,3,4
3,1520,1116,1113,3,4
3,1521,1116,1112,4,4
3,1522,1116,1113,3,4
3,1523,1116,1112,4,4
3,1524,1116,1113,3,4
3,1525,1116,1113,3,4
3,1526,1116,1113,3,4
3,1527,1116,1113,3,4
3,1528,1116,1113,3,4
3,1529,1116,1113,3,4
3,1530,1116,1113,3,4
3,1531,1116,1113,3,4
3,1532,1116,1113,3,4
3,1533,1116,1112,4,4
3,1534,1116,1113,3,4
3,1535,1116,1113,3,4
3,1536,1116,1113,3,4
3,1537,1116,1113,3,4
3,1538,1116,1112,4,4
3,1539,1116,1113,3,4
3,1540,1116,1113,3,4
3,1541,1116,1113,3,4
3,1542,1116,1112,4,4
3,1543,1116,1113,3,4
3,1544,1116,1113,3,4
3,1545,1116,1113,3,4
3,1546,1116,1113,3,4
3,1547,1116,1112,4,4
3,1548,1116,1113,3,4
3,1549,1116,1113,3,4
3,1550,1116,1113,3,4
3,1551,1116,1112,4,4
3,1552,1116,1112,4,4
3,1553,1116,1112,4,4
3,1554,1116,1113,3,4
3,1555,1116,1112,4,4
3,1556,1116,1113,3,4
3,1557,1116,1113,3,4
3,1558,1116,1113,3,4
3,1559,1116,1113,3,4
3,1560,1116,1113,3,4
3,1561,1116,1113,3,4
3,1562,1116,1113,3,4
3,1563,1116,1113,3,4
3,1564,1116,1113,3,4
3,1565,1116,1112,4,4
3,1566,1116,1113,3,4
3,1567,1116,1113,3,4
3,1568,1116,1113,3,4
3,1569,1116,1113,3,4
3,1570,1116,1113,3,4
3,1571,1116,1113,3,4
3,1572,1116,1113,3,4
3,1573,1116,1113,3,4
3,1574,1116,1112,4,4
3,1575,1116,1113,3,4
3,1576,1116,1113,3,4
3,1577,1116,1112,4,4
3,1578,1116,1113,3,4
3,1579,1116,1113,3,4
3,1580,1116,1112,4,4
3,1581,1116,1113,3,4
3,1582,1116,1112,4,4
3,1583,1116,1113,3,4
3,1584,1116,1113,3,4
3,1585,1116,1113,3,4
3,1586,1116,1113,3,4
3,1587,1116,1113,3,4
3,1588,1116,1112,4,4
3,1589,1116,1112,4,4
3,1590,1116,1113,3,4
3,1591,1116,1113,3,4
3,1592,1116,1113,3,4
3,1593,1116,1113,3,4
3,1594,1116,1113,3,4
3,1595,1116,1113,3,4
3,1596,1116,1112,4,4
3,1597,1116,1113,3,4
3,1598,1116,1113,3,4
3,1599,1116,1113,3,4
3,1600,1116,1113,3,4
3,1601,1116,1113,3,4
3,1602,1116,1113,3,4
3,1603,1116,1113,3,4
3,1604,1116,1113,3,4
3,1605,1116,1113,3,4
3,1606,1116,1113,3,4
3,1607,1116,1113,3,4
3,1608,1116,1113,3,4
3,1609,1116,1113,3,4
3,1610,1116,1113,3,4
3,1611,1116,1112,4,4
3,1612,1116,1113,3,4
3,1613,1116,1113,3,4
3,1614,1116,1113,3,4
3,1615,1116,1112,4,4
3,1616,1116,1113,3,4
3,1617,1116,1113,3,4
3,1618,1116,1113,3,4
3,1619,1116,1113,3,4
3,1620,1116,1113,3,4
3,1621,1116,1113,3,4
3,1622,1116,1113,3,4
3,1623,1116,1112,4,4
3,1624,1116,1112,4,4
3,1625,1116,1113,3,4
3,1626,1116,1112,4,4
3,1627,1116,1112,4,4
3,1628,1116,1113,3,4
3,1629,1116,1113,3,4
3,1630,1116,1113,3,4
3,1631,1116,1113,3,4
3,1632,1116,1113,3,4
3,1633,1116,1113,3,4
3,1634,1116,1112,4,4
3,1635,1116,1113,3,4
3,1636,1116,1113,3,4
3,1637,1116,1113,3,4
3,1638,1116,1113,3,4
3,1639,1116,1113,3,4
3,1640,1116,1113,3,4
3,1641,1116,1113,3,4
3,1642,1116,1113,3,4
3,1643,1116,1113,3,4
3,1644,1116,1113,3,4
3,1645,1116,1113,3,4
3,1646,1116,1112,4,4
3,1647,1116,1113,3,4
3,1648,1116,1113,3,4
3,1649,1116,1113,3,4
3,1650,1116,1112,4,4
3,1651,1116,1113,3,4
3,1652,1116,1113,3,4
3,1653,1116,1113,3,4
3,1654,1116,1112,4,4
3,1655,1116,1113,3,4
3,1656,1116,1113,3,4
3,1657,1116,1112,4,4
3,1658,1116,1113,3,4
3,1659,1116,1113,3,4
3,1660,1116,1113,3,4
3,1661,1116,1113,3,4
3,1662,1116,1112,4,4
3,1663,1116,1113,3,4
3,1664,1116,1112,4,4
3,1665,1116,1113,3,4
3,1666,1116,1113,3,4
3,1667,1116,1113,3,4
3,1668,1116,1113,3,4
3,1669,1116,1113,3,4
3,1670,1116,1113,3,4
3,1671,1116,1113,3,4
3,1672,1116,1113,3,4
3,1673,1116,1113,3,4
3,1674,1116,1113,3,4
3,1675,1116,1113,3,4
3,1676,1116,1113,3,4
3,1677,1116,1113,3,4
3,1678,1116,1113,3,4
3,1679,1116,1113,3,4
3,1680,1116,1112,4,4
3,1681,1116,1112,4,4
3,1682,1116,1112,4,4
3,1683,1116,1113,3,4
3,1684,1116,1113,3,4
3,1685,1116,1113,3,4
3,1686,1116,1113,3,4
3,1687,1116,1113,3,4
3,1688,1116,1113,3,4
3,1689,1116,1113,3,4
3,1690,1116,1113,3,4
3,1691,1116,1113,3,4
3,1692,1116,1113,3,4
3,1693,1116,1112,4,4
3,1694,1116,1113,3,4
3,1695,1116,1112,4,4
3,1696,1116,1112,4,4
3,1697,1116,1113,3,4
3,1698,1116,1112,4,4
3,1699,1116,1112,4,4
3,1700,1116,1113,3,4
3,1701,1116,1113,3,4
3,1702,1116,1113,3,4
3,1703,1116,1113,3,4
3,1704,1116,1112,4,4
3,1705,1116,1113,3,4
3,1706,1116,1113,3,4
3,1707,1116,1113,3,4
3,1708,1116,1113,3,4
3,1709,1116,1112,4,4
3,1710,1116,1113,3,4
3,1711,1116,1113,3,4
3,1712,1116,1113,3,4
3,1713,1116,1113,3,4
3,1714,1116,1112,4,4
3,1715,1116,1113,3,4
3,1716,1116,1113,3,4
3,1717,1116,1113,3,4
3,1718,1116,1112,4,4
3,1719,1116,1113,3,4
3,1720,1116,1113,3,4
3,1721,1116,1113,3,4
3,1722,1116,1113,3,4
3,1723,1116,1113,3,4
3,1724,1116,1113,3,4
3,1725,1116,1112,4,4
3,1726,1116,1113,3,4
3,1727,1116,1113,3,4
3,1728,1116,1113,3,4
3,1729,1116,1112,4,4
3,1730,1116,1112,4,4
3,1731,1116,1113,3,4
3,1732,1116,1112,4,4
3,1733,1116,1113,3,4
3,1734,1116,1113,3,4
3,1735,1116,1113,3,4
3,1736,1116,1113,3,4
3,1737,1116,1113,3,4
3,1738,1116,1113,3,4
3,1739,1116,1112,4,4
3,1740,1116,1113,3,4
3,1741,1116,1113,3,4
3,1742,1116,1113,3,4
3,1743,1116,1113,3,4
3,1744,1116,1113,3,4
3,1745,1116,1112,4,4
3,1746,1116,1113,3,4
3,1747,1116,1113,3,4
3,1748,1116,1113,3,4
3,1749,1116,1112,4,4
3,1750,1116,1113,3,4
3,1751,1116,1112,4,4
3,1752,1116,1113,3,4
3,1753,1116,1112,4,4
3,1754,1116,1113,3,4
3,1755,1116,1113,3,4
3,1756,1116,1113,3,4
3,1757,1116,1113,3,4
3,1758,1116,1113,3,4
3,1759,1116,1113,3,4
3,1760,1116,1113,3,4
3,1761,1116,1113,3,4
3,1762,1116,1112,4,4
3,1763,1116,1113,3,4
3,1764,1116,1113,3,4
3,1765,1116,1113,3,4
3,1766,1116,1113,3,4
3,1767,1116,1113,3,4
3,1768,1116,1113,3,4
3,1769,1116,1113,3,4
3,1770,1116,1113,3,4
3,1771,1116,1113,3,4
3,1772,1116,1113,3,4
3,1773,1116,1112,4,4
3,1774,1116,1113,3,4
3,1775,1116,1113,3,4
3,1776,1116,1113,3,4
3,1777,1116,1113,3,4
3,1778,1116,1112,4,4
3,1779,1116,1113,3,4
3,1780,1116,1113,3,4
3,1781,1116,1113,3,4
3,1782,1116,1113,3,4
3,1783,1116,1113,3,4
3,1784,1116,1113,3,4
3,1785,1116,1113,3,4
3,1786,1116,1113,3,4
3,1787,1116,1113,3,4
3,1788,1116,1113,3,4
3,1789,1116,1113,3,4
3,1790,1116,1113,3,4
3,1791,1116,1113,3,4
3,1792,1116,1113,3,4
3,1793,1116,1112,4,4
3,1794,1116,1113,3,4
3,1795,1116,1113,3,4
3,1796,1116,1113,3,4
3,1797,1116,1113,3,4
3,1798,1116,1113,3,4
3,1799,1116,1113,3,4
3,1800,1116,1113,3,4
3,1801,1116,1113,3,4
3,1802,1116,1113,3,4
3,1803,1116,1113,3,4
3,1804,1116,1113,3,4
3,1805,1116,1113,3,4
3,1806,1116,1113,3,4
3,1807,1116,1112,4,4
3,1808,1116,1113,3,4
3,1809,1116,1112,4,4
3,1810,1116,1113,3,4
3,1811,1116,1113,3,4
3,1812,1116,1113,3,4
3,1813,1116,1113,3,4
3,1814,1116,1113,3,4
3,1815,1116,1113,3,4
3,1816,1116,1113,3,4
3,1817,1116,1112,4,4
3,1818,1116,1113,3,4
3,1819,1116,1113,3,4
3,1820,1116,1113,3,4
3,1821,1116,1113,3,4
3,1822,1116,1113,3,4
3,1823,1116,1113,3,4
3,1824,1116,1113,3,4
3,1825,1116,1113,3,4
3,1826,1116,1112,4,4
3,1827,1116,1113,3,4
3,1828,1116,1113,3,4
3,1829,1116,1113,3,4
3,1830,1116,1113,3,4
3,1831,1116,1113,3,4
3,1832,1116,1113,3,4
3,1833,1116,1113,3,4
3,1834,1116,1113,3,4
3,1835,1116,1113,3,4
3,1836,1116,1112,4,4
3,1837,1116,1113,3,4
3,1838,1116,1113,3,4
3,1839,1116,1113,3,4
3,1840,1116,1113,3,4
3,1841,1116,1113,3,4
3,1842,1116,1113,3,4
3,1843,1116,1113,3,4
3,1844,1116,1113,3,4
3,1845,1116,1113,3,4
3,1846,1116,1113,3,4
3,1847,1116,1113,3,4
3,1848,1116,1112,4,4
3,1849,1116,1112,4,4
3,1850,1116,1113,3,4
3,1851,1116,1113,3,4
3,1852,1116,1113,3,4
3,1853,1116,1113,3,4
3,1854,1116,1113,3,4
3,1855,1116,1112,4,4
3,1856,1116,1113,3,4
3,1857,1116,1113,3,4
3,1858,1116,1113,3,4
3,1859,1116,1113,3,4
3,1860,1116,1112,4,4
3,1861,1116,1112,4,4
3,1862,1116,1112,4,4
3,1863,1116,1113,3,4
3,1864,1116,1113,3,4
3,1865,1116,1113,3,4
3,1866,1116,1112,4,4
3,1867,1116,1113,3,4
3,1868,1116,1112,4,4
3,1869,1116,1113,3,4
3,1870,1116,1113,3,4
3,1871,1116,1112,4,4
3,1872,1116,1113,3,4
3,1873,1116,1113,3,4
3,1874,1116,1113,3,4
3,1875,1116,1113,3,4
3,1876,1116,1113,3,4
3,1877,1116,1112,4,4
3,1878,1116,1113,3,4
3,1879,1116,1113,3,4
3,1880,1116,1113,3,4
3,1881,1116,1113,3,4
3,1882,1116,1113,3,4
3,1883,1116,1113,3,4
3,1884,1116,1113,3,4
3,1885,1116,1113,3,4
3,1886,1116,1113,3,4
3,1887,1116,1113,3,4
3,1888,1116,1112,4,4
3,1889,1116,1113,3,4
3,1890,1116,1113,3,4
3,1891,1116,1112,4,4
3,1892,1116,1113,3,4
3,1893,1116,1113,3,4
3,1894,1116,1112,4,4
3,1895,1116,1113,3,4
3,1896,1116,1112,4,4
3,1897,1116,1113,3,4
3,1898,1116,1113,3,4
3,1899,1116,1113,3,4
3,1900,1116,1113,3,4
3,1901,1116,1112,4,4
3,1902,1116,1113,3,4
3,1903,1116,1113,3,4
3,1904,1116,1113,3,4
3,1905,1116,1113,3,4
3,1906,1116,1113,3,4
3,1907,1116,1113,3,4
3,1908,1116,1113,3,4
3,1909,1116,1113,3,4
3,1910,1116,1112,4,4
3,1911,1116,1113,3,4
3,1912,1116,1113,3,4
3,1913,1116,1113,3,4
3,1914,1116,1112,4,4
3,1915,1116,1113,3,4
3,1916,1116,1113,3,4
3,1917,1116,1113,3,4
3,1918,1116,1113,3,4
3,1919,1116,1113,3,4
3,1920,1116,1113,3,4
3,1921,1116,1113,3,4
3,1922,1116,1113,3,4
3,1923,1116,1113,3,4
3,1924,1116,1113,3,4
3,1925,1116,1112,4,4
3,1926,1116,1113,3,4
3,1927,1116,1112,4,4
3,1928,1116,1113,3,4
3,1929,1116,1113,3,4
3,1930,1116,1112,4,4
3,1931,1116,1113,3,4
3,1932,1116,1112,4,4
3,1933,1116,1113,3,4
3,1934,1116,1113,3,4
3,1935,1116,1113,3,4
3,1936,1116,1113,3,4
3,1937,1116,1113,3,4
3,1938,1116,1112,4,4
3,1939,1116,1113,3,4
3,1940,1116,1113,3,4
3,1941,1116,1112,4,4
3,1942,1116,1113,3,4
3,1943,1116,1113,3,4
3,1944,1116,1113,3,4
3,1945,1116,1113,3,4
3,1946,1116,1113,3,4
3,1947,1116,1113,3,4
3,1948,1116,1112,4,4
3,1949,1116,1112,4,4
3,1950,1116,1113,3,4
3,1951,1116,1113,3,4
3,1952,1116,1113,3,4
3,1953,1116,1113,3,4
3,1954,1116,1113,3,4
3,1955,1116,1113,3,4
3,1956,1116,1113,3,4
3,1957,1116,1113,3,4
3,1958,1116,1113,3,4
3,1959,1116,1113,3,4
3,1960,1116,1113,3,4
3,1961,1116,1113,3,4
3,1962,1116,1113,3,4
3,1963,1116,1113,3,4
3,1964,1116,1112,4,4
3,1965,1116,1113,3,4
3,1966,1116,1113,3,4
3,1967,1116,1113,3,4
3,1968,1116,1113,3,4
3,1969,1116,1112,4,4
3,1970,1116,1113,3,4
3,1971,1116,1113,3,4
3,1972,1116,1113,3,4
3,1973,1116,1113,3,4
3,1974,1116,1113,3,4
3,1975,1116,1112,4,4
3,1976,1116,1112,4,4
3,1977,1116,1113,3,4
3,1978,1116,1113,3,4
3,1979,1116,1113,3,4
3,1980,1116,1113,3,4
3,1981,1116,1113,3,4
3,1982,1116,1113,3,4
3,1983,1116,1113,3,4
3,1984,1116,1113,3,4
3,1985,1116,1113,3,4
3,1986,1116,1112,4,4
3,1987,1116,1112,4,4
3,1988,1116,1113,3,4
3,1989,1116,1113,3,4
3,1990,1116,1113,3,4
3,1991,1116,1113,3,4
3,1992,1116,1113,3,4
3,1993,1116,1112,4,4
3,1994,1116,1113,3,4
3,1995,1116,1112,4,4
3,1996,1116,1113,3,4
3,1997,1116,1113,3,4
3,1998,1116,1113,3,4
3,1999,1116,1112,4,4
3,2000,1116,1113,3,4
3,2001,1116,1113,3,4
3,2002,1116,1113,3,4
3,2003,1116,1113,3,4
3,2004,1116,1113,3,4
3,2005,1116,1113,3,4
3,2006,1116,1113,3,4
3,2007,1116,1113,3,4
3,2008,1116,1113,3,4
3,2009,1116,1112,4,4
3,2010,1116,1113,3,4
3,2011,1116,1113,3,4
3,2012,1116,1113,3,4
3,2013,1116,1112,4,4
3,2014,1116,1113,3,4
3,2015,1116,1113,3,4
3,2016,1116,1113,3,4
3,2017,1116,1113,3,4
3,2018,1116,1113,3,4
3,2019,1116,1113,3,4
3,2020,1116,1113,3,4
3,2021,1116,1113,3,4
3,2022,1116,1113,3,4
3,2023,1116,1113,3,4
3,2024,1116,1113,3,4
3,2025,1116,1113,3,4
3,2026,1116,1113,3,4
3,2027,1116,1113,3,4
3,2028,1116,1112,4,4
3,2029,1116,1113,3,4
3,2030,1116,1113,3,4
3,2031,1116,1113,3,4
3,2032,1116,1113,3,4
3,2033,1116,1113,3,4
3,2034,1116,1113,3,4
3,2035,1116,1112,4,4
3,2036,1116,1112,4,4
3,2037,1116,1113,3,4
3,2038,1116,1112,4,4
3,2039,1116,1113,3,4
3,2040,1116,1113,3,4
3,2041,1116,1113,3,4
3,2042,1116,1113,3,4
3,2043,1116,1113,3,4
3,2044,1116,1113,3,4
3,2045,1116,1113,3,4
3,2046,1116,1113,3,4
3,2047,1116,1113,3,4
3,2048,1116,1113,3,4
3,2049,1116,1113,3,4
3,2050,1116,1113,3,4
3,2051,1116,1113,3,4
3,2052,1116,1113,3,4
3,2053,1116,1113,3,4
3,2054,1116,1112,4,4
3,2055,1116,1112,4,4
3,2056,1116,1112,4,4
3,2057,1116,1113,3,4
3,2058,1116,1113,3,4
3,2059,1116,1113,3,4
3,2060,1116,1113,3,4
3,2061,1116,1113,3,4
3,2062,1116,1113,3,4
3,2063,1116,1112,4,4
3,2064,1116,1113,3,4
3,2065,1116,1112,4,4
3,2066,1116,1113,3,4
3,2067,1116,1113,3,4
3,2068,1116,1113,3,4
3,2069,1116,1113,3,4
3,2070,1116,1113,3,4
3,2071,1116,1113,3,4
3,2072,1116,1113,3,4
3,2073,1116,1113,3,4
3,2074,1116,1112,4,4
3,2075,1116,1112,4,4
3,2076,1116,1113,3,4
3,2077,1116,1113,3,4
3,2078,1116,1112,4,4
3,2079,1116,1113,3,4
3,2080,1116,1113,3,4
3,2081,1116,1113,3,4
3,2082,1116,1112,4,4
3,2083,1116,1112,4,4
3,2084,1116,1113,3,4
3,2085,1116,1113,3,4
3,2086,1116,1113,3,4
3,2087,1116,1113,3,4
3,2088,1116,1112,4,4
3,2089,1116,1112,4,4
3,2090,1116,1113,3,4
3,2091,1116,1112,4,4
3,2092,1116,1113,3,4
3,2093,1116,1113,3,4
3,2094,1116,1113,3,4
3,2095,1116,1112,4,4
3,2096,1116,1113,3,4
3,2097,1116,1113,3,4
3,2098,1116,1113,3,4
3,2099,1116,1113,3,4
3,2100,1116,1113,3,4
3,2101,1116,1113,3,4
3,2102,1116,1113,3,4
3,2103,1116,1113,3,4
3,2104,1116,1113,3,4
3,2105,1116,1112,4,4
3,2106,1116,1113,3,4
3,2107,1116,1113,3,4
3,2108,1116,1113,3,4
3,2109,1116,1113,3,4
3,2110,1116,1113,3,4
3,2111,1116,1113,3,4
3,2112,1116,1112,4,4
3,2113,1116,1112,4,4
3,2114,1116,1112,4,4
3,2115,1116,1113,3,4
3,2116,1116,1113,3,4
3,2117,1116,1113,3,4
3,2118,1116,1113,3,4
3,2119,1116,1113,3,4
3,2120,1116,1113,3,4
3,2121,1116,1113,3,4
3,2122,1116,1113,3,4
3,2123,1116,1113,3,4
3,2124,1116,1112,4,4
3,2125,1116,1113,3,4
3,2126,1116,1112,4,4
3,2127,1116,1113,3,4
3,2128,1116,1112,4,4
3,2129,1116,1113,3,4
3,2130,1116,1113,3,4
3,2131,1116,1113,3,4
3,2132,1116,1113,3,4
3,2133,1116,1112,4,4
3,2134,1116,1112,4,4
3,2135,1116,1113,3,4
3,2136,1116,1113,3,4
3,2137,1116,1112,4,4
3,2138,1116,1113,3,4
3,2139,1116,1113,3,4
3,2140,1116,1113,3,4
3,2141,1116,1113,3,4
3,2142,1116,1113,3,4
3,2143,1116,1113,3,4
3,2144,1116,1112,4,4
3,2145,1116,1113,3,4
3,2146,1116,1113,3,4
3,2147,1116,1113,3,4
3,2148,1116,1113,3,4
3,2149,1116,1113,3,4
3,2150,1116,1113,3,4
3,2151,1116,1113,3,4
3,2152,1116,1112,4,4
3,2153,1116,1113,3,4
3,2154,1116,1113,3,4
3,2155,1116,1113,3,4
3,2156,1116,1113,3,4
3,2157,1116,1112,4,4
3,2158,1116,1113,3,4
3,2159,1116,1113,3,4
3,2160,1116,1113,3,4
3,2161,1116,1112,4,4
3,2162,1116,1113,3,4
3,2163,1116,1113,3,4
3,2164,1116,1112,4,4
3,2165,1116,1113,3,4
3,2166,1116,1113,3,4
3,2167,1116,1113,3,4
3,2168,1116,1113,3,4
3,2169,1116,1113,3,4
3,2170,1116,1112,4,4
3,2171,1116,1113,3,4
3,2172,1116,1112,4,4
3,2173,1116,1113,3,4
3,2174,1116,1112,4,4
3,2175,1116,1112,4,4
3,2176,1116,1113,3,4
3,2177,1116,1113,3,4
3,2178,1116,1113,3,4
3,2179,1116,1113,3,4
3,2180,1116,1113,3,4
3,2181,1116,1113,3,4
3,2182,1116,1113,3,4
3,2183,1116,1113,3,4
3,2184,1116,1112,4,4
3,2185,1116,1113,3,4
3,2186,1116,1112,4,4
3,2187,1116,1113,3,4
3,2188,1116,1113,3,4
3,2189,1116,1113,3,4
3,2190,1116,1113,3,4
3,2191,1116,1113,3,4
3,2192,1116,1113,3,4
3,2193,1116,1113,3,4
3,2194,1116,1113,3,4
3,2195,1116,1113,3,4
3,2196,1116,1113,3,4
3,2197,1116,1112,4,4
3,2198,1116,1113,3,4
3,2199,1116,1112,4,4
3,2200,1116,1112,4,4
3,2201,1116,1113,3,4
3,2202,1116,1113,3,4
3,2203,1116,1113,3,4
3,2204,1116,1113,3,4
3,2205,1116,1113,3,4
3,2206,1116,1113,3,4
3,2207,1116,1113,3,4
3,2208,1116,1113,3,4
3,2209,1116,1113,3,4
3,2210,1116,1112,4,4
3,2211,1116,1113,3,4
3,2212,1116,1112,4,4
3,2213,1116,1112,4,4
3,2214,1116,1113,3,4
3,2215,1116,1113,3,4
3,2216,1116,1112,4,4
3,2217,1116,1113,3,4
3,2218,1116,1113,3,4
3,2219,1116,1113,3,4
3,2220,1116,1113,3,4
3,2221,1116,1113,3,4
3,2222,1116,1113,3,4
3,2223,1116,1113,3,4
3,2224,1116,1112,4,4
3,2225,1116,1113,3,4
3,2226,1116,1113,3,4
3,2227,1116,1112,4,4
3,2228,1116,1112,4,4
3,2229,1116,1113,3,4
3,2230,1116,1113,3,4
3,2231,1116,1113,3,4
3,2232,1116,1112,4,4
3,2233,1116,1112,4,4
3,2234,1116,1113,3,4
3,2235,1116,1113,3,4
3,2236,1116,1112,4,4
3,2237,1116,1113,3,4
3,2238,1116,1113,3,4
3,2239,1116,1113,3,4
3,2240,1116,1113,3,4
3,2241,1116,1113,3,4
3,2242,1116,1113,3,4
3,2243,1116,1113,3,4
3,2244,1116,1113,3,4
3,2245,1116,1113,3,4
3,2246,1116,1113,3,4
3,2247,1116,1113,3,4
3,2248,1116,1113,3,4
3,2249,1116,1112,4,4
3,2250,1116,1113,3,4
3,2251,1116,1113,3,4
3,2252,1116,1113,3,4
3,2253,1116,1113,3,4
3,2254,1116,1113,3,4
3,2255,1116,1113,3,4
3,2256,1116,1113,3,4
3,2257,1116,1113,3,4
3,2258,1116,1113,3,4
3,2259,1116,1112,4,4
3,2260,1116,1113,3,4
3,2261,1116,1112,4,4
3,2262,1116,1113,3,4
3,2263,1116,1113,3,4
3,2264,1116,1112,4,4
3,2265,1116,1113,3,4
3,2266,1116,1113,3,4
3,2267,1116,1113,3,4
3,2268,1116,1113,3,4
3,2269,1116,1112,4,4
3,2270,1116,1113,3,4
3,2271,1116,1113,3,4
3,2272,1116,1113,3,4
3,2273,1116,1113,3,4
3,2274,1116,1113,3,4
3,2275,1116,1112,4,4
3,2276,1116,1113,3,4
3,2277,1116,1113,3,4
3,2278,1116,1112,4,4
3,2279,1116,1113,3,4
3,2280,1116,1113,3,4
3,2281,1116,1113,3,4
3,2282,1116,1113,3,4
3,2283,1116,1113,3,4
3,2284,1116,1112,4,4
3,2285,1116,1113,3,4
3,2286,1116,1113,3,4
3,2287,1116,1113,3,4
3,2288,1116,1113,3,4
3,2289,1116,1113,3,4
3,2290,1116,1113,3,4
3,2291,1116,1113,3,4
3,2292,1116,1112,4,4
3,2293,1116,1113,3,4
3,2294,1116,1113,3,4
3,2295,1116,1113,3,4
3,2296,1116,1113,3,4
3,2297,1116,1113,3,4
3,2298,1116,1113,3,4
3,2299,1116,1113,3,4
3,2300,1116,1112,4,4
3,2301,1116,1113,3,4
3,2302,1116,1113,3,4
3,2303,1116,1113,3,4
3,2304,1116,1113,3,4
3,2305,1116,1113,3,4
3,2306,1116,1113,3,4
3,2307,1116,1113,3,4
3,2308,1116,1113,3,4
3,2309,1116,1113,3,4
3,2310,1116,1113,3,4
3,2311,1116,1113,3,4
3,2312,1116,1113,3,4
3,2313,1116,1113,3,4
3,2314,1116,1113,3,4
3,2315,1116,1113,3,4
3,2316,1116,1113,3,4
3,2317,1116,1113,3,4
3,2318,1116,1113,3,4
3,2319,1116,1113,3,4
3,2320,1116,1112,4,4
3,2321,1116,1113,3,4
3,2322,1116,1112,4,4
3,2323,1116,1112,4,4
3,2324,1116,1113,3,4
3,2325,1116,1112,4,4
3,2326,1116,1113,3,4
3,2327,1116,1113,3,4
3,2328,1116,1113,3,4
3,2329,1116,1113,3,4
3,2330,1116,1113,3,4
3,2331,1116,1113,3,4
3,2332,1116,1113,3,4
3,2333,1116,1113,3,4
3,2334,1116,1113,3,4
3,2335,1116,1113,3,4
3,2336,1116,1113,3,4
3,2337,1116,1112,4,4
3,2338,1116,1112,4,4
3,2339,1116,1112,4,4
3,2340,1116,1113,3,4
3,2341,1116,1113,3,4
3,2342,1116,1113,3,4
3,2343,1116,1113,3,4
3,2344,1116,1112,4,4
3,2345,1116,1113,3,4
3,2346,1116,1113,3,4
3,2347,1116,1112,4,4
3,2348,1116,1113,3,4
3,2349,1116,1113,3,4
3,2350,1116,1113,3,4
3,2351,1116,1113,3,4
3,2352,1116,1113,3,4
3,2353,1116,1113,3,4
3,2354,1116,1113,3,4
3,2355,1116,1113,3,4
3,2356,1116,1113,3,4
3,2357,1116,1113,3,4
3,2358,1116,1112,4,4
3,2359,1116,1112,4,4
3,2360,1116,1112,4,4
3,2361,1116,1113,3,4
3,2362,1116,1113,3,4
3,2363,1116,1112,4,4
3,2364,1116,1112,4,4
3,2365,1116,1112,4,4
3,2366,1116,1113,3,4
3,2367,1116,1113,3,4
3,2368,1116,1113,3,4
3,2369,1116,1112,4,4
3,2370,1116,1113,3,4
3,2371,1116,1113,3,4
3,2372,1116,1113,3,4
3,2373,1116,1113,3,4
3,2374,1116,1113,3,4
3,2375,1116,1113,3,4
3,2376,1116,1112,4,4
3,2377,1116,1113,3,4
3,2378,1116,1113,3,4
3,2379,1116,1113,3,4
3,2380,1116,1112,4,4
3,2381,1116,1113,3,4
3,2382,1116,1113,3,4
3,2383,1116,1112,4,4
3,2384,1116,1113,3,4
3,2385,1116,1113,3,4
3,2386,1116,1113,3,4
3,2387,1116,1113,3,4
3,2388,1116,1113,3,4
3,2389,1116,1112,4,4
3,2390,1116,1113,3,4
3,2391,1116,1113,3,4
3,2392,1116,1113,3,4
3,2393,1116,1113,3,4
3,2394,1116,1113,3,4
3,2395,1116,1113,3,4
3,2396,1116,1113,3,4
3,2397,1116,1113,3,4
3,2398,1116,1113,3,4
3,2399,1116,1113,3,4
3,2400,1116,1113,3,4
3,2401,1116,1113,3,4
3,2402,1116,1113,3,4
3,2403,1116,1113,3,4
3,2404,1116,1113,3,4
3,2405,1116,1113,3,4
3,2406,1116,1112,4,4
3,2407,1116,1113,3,4
3,2408,1116,1113,3,4
3,2409,1116,1113,3,4
3,2410,1116,1113,3,4
3,2411,1116,1112,4,4
3,2412,1116,1113,3,4
3,2413,1116,1113,3,4
3,2414,1116,1112,4,4
3,2415,1116,1113,3,4
3,2416,1116,1113,3,4
3,2417,1116,1113,3,4
3,2418,1116,1113,3,4
3,2419,1116,1113,3,4
3,2420,1116,1113,3,4
3,2421,1116,1112,4,4
3,2422,1116,1113,3,4
3,2423,1116,1113,3,4
3,2424,1116,1113,3,4
3,2425,1116,1112,4,4
3,2426,1116,1113,3,4
3,2427,1116,1113,3,4
3,2428,1116,1113,3,4
3,2429,1116,1113,3,4
3,2430,1116,1113,3,4
3,2431,1116,1113,3,4
3,2432,1116,1113,3,4
3,2433,1116,1113,3,4
3,2434,1116,1112,4,4
3,2435,1116,1113,3,4
3,2436,1116,1113,3,4
3,2437,1116,1113,3,4
3,2438,1116,1112,4,4
3,2439,1116,1112,4,4
3,2440,1116,1112,4,4
3,2441,1116,1113,3,4
3,2442,1116,1113,3,4
3,2443,1116,1113,3,4
3,2444,1116,1113,3,4
3,2445,1116,1113,3,4
3,2446,1116,1113,3,4
3,2447,1116,1113,3,4
3,2448,1116,1113,3,4
3,2449,1116,1112,4,4
3,2450,1116,1113,3,4
3,2451,1116,1113,3,4
3,2452,1116,1113,3,4
3,2453,1116,1113,3,4
3,2454,1116,1113,3,4
3,2455,1116,1113,3,4
3,2456,1116,1113,3,4
3,2457,1116,1113,3,4
3,2458,1116,1113,3,4
3,2459,1116,1113,3,4
3,2460,1116,1113,3,4
3,2461,1116,1112,4,4
3,2462,1116,1113,3,4
3,2463,1116,1113,3,4
3,2464,1116,1113,3,4
3,2465,1116,1113,3,4
3,2466,1116,1113,3,4
3,2467,1116,1113,3,4
3,2468,1116,1113,3,4
3,2469,1116,1113,3,4
3,2470,1116,1113,3,4
3,2471,1116,1113,3,4
3,2472,1116,1113,3,4
3,2473,1116,1113,3,4
3,2474,1116,1113,3,4
3,2475,1116,1113,3,4
3,2476,1116,1113,3,4
3,2477,1116,1113,3,4
3,2478,1116,1113,3,4
3,2479,1116,1113,3,4
3,2480,1116,1113,3,4
3,2481,1116,1112,4,4
3,2482,1116,1112,4,4
3,2483,1116,1113,3,4
3,2484,1116,1113,3,4
3,2485,1116,1113,3,4
3,2486,1116,1113,3,4
3,2487,1116,1113,3,4
3,2488,1116,1113,3,4
3,2489,1116,1113,3,4
3,2490,1116,1113,3,4
3,2491,1116,1113,3,4
3,2492,1116,1112,4,4
3,2493,1116,1113,3,4
3,2494,1116,1113,3,4
3,2495,1116,1113,3,4
3,2496,1116,1113,3,4
3,2497,1116,1113,3,4
3,2498,1116,1112,4,4
3,2499,1116,1113,3,4
3,2500,1116,1113,3,4
3,2501,1116,1112,4,4
3,2502,1116,1113,3,4
3,2503,1116,1113,3,4
3,2504,1116,1113,3,4
3,2505,1116,1113,3,4
3,2506,1116,1113,3,4
3,2507,1116,1113,3,4
3,2508,1116,1113,3,4
3,2509,1116,1113,3,4
3,2510,1116,1113,3,4
3,2511,1116,1113,3,4
3,2512,1116,1113,3,4
3,2513,1116,1113,3,4
3,2514,1116,1113,3,4
3,2515,1116,1113,3,4
3,2516,1116,1113,3,4
3,2517,1116,1113,3,4
3,2518,1116,1113,3,4
3,2519,1116,1113,3,4
3,2520,1116,1113,3,4
3,2521,1116,1112,4,4
3,2522,1116,1113,3,4
3,2523,1116,1113,3,4
3,2524,1116,1113,3,4
3,2525,1116,1113,3,4
3,2526,1116,1113,3,4
3,2527,1116,1113,3,4
3,2528,1116,1112,4,4
3,2529,1116,1113,3,4
3,2530,1116,1113,3,4
3,2531,1116,1113,3,4
3,2532,1116,1113,3,4
3,2533,1116,1113,3,4
3,2534,1116,1113,3,4
3,2535,1116,1113,3,4
3,2536,1116,1112,4,4
3,2537,1116,1113,3,4
3,2538,1116,1113,3,4
3,2539,1116,1113,3,4
3,2540,1116,1113,3,4
3,2541,1116,1113,3,4
3,2542,1116,1113,3,4
3,2543,1116,1113,3,4
3,2544,1116,1113,3,4
3,2545,1116,1113,3,4
3,2546,1116,1113,3,4
3,2547,1116,1112,4,4
3,2548,1116,1113,3,4
3,2549,1116,1113,3,4
3,2550,1116,1113,3,4
3,2551,1116,1113,3,4
3,2552,1116,1113,3,4
3,2553,1116,1113,3,4
3,2554,1116,1112,4,4
3,2555,1116,1112,4,4
3,2556,1116,1113,3,4
3,2557,1116,1112,4,4
3,2558,1116,1113,3,4
3,2559,1116,1113,3,4
3,2560,1116,1112,4,4
3,2561,1116,1113,3,4
3,2562,1116,1113,3,4
3,2563,1116,1112,4,4
3,2564,1116,1113,3,4
3,2565,1116,1113,3,4
3,2566,1116,1112,4,4
3,2567,1116,1113,3,4
3,2568,1116,1113,3,4
3,2569,1116,1112,4,4
3,2570,1116,1113,3,4
3,2571,1116,1112,4,4
3,2572,1116,1113,3,4
3,2573,1116,1113,3,4
3,2574,1116,1112,4,4
3,2575,1116,1113,3,4
3,2576,1116,1113,3,4
3,2577,1116,1112,4,4
3,2578,1116,1113,3,4
3,2579,1116,1113,3,4
3,2580,1116,1112,4,4
3,2581,1116,1112,4,4
3,2582,1116,1113,3,4
3,2583,1116,1113,3,4
3,2584,1116,1113,3,4
3,2585,1116,1113,3,4
3,2586,1116,1113,3,4
3,2587,1116,1113,3,4
3,2588,1116,1113,3,4
3,2589,1116,1113,3,4
3,2590,1116,1113,3,4
3,2591,1116,1112,4,4
3,2592,1116,1113,3,4
3,2593,1116,1113,3,4
3,2594,1116,1113,3,4
3,2595,1116,1113,3,4
3,2596,1116,1113,3,4
3,2597,1116,1113,3,4
3,2598,1116,1113,3,4
3,2599,1116,1113,3,4
3,2600,1116,1113,3,4
3,2601,1116,1113,3,4
3,2602,1116,1113,3,4
3,2603,1116,1113,3,4
3,2604,1116,1113,3,4
3,2605,1116,1113,3,4
3,2606,1116,1113,3,4
3,2607,1116,1113,3,4
3,2608,1116,1112,4,4
3,2609,1116,1113,3,4
3,2610,1116,1113,3,4
3,2611,1116,1113,3,4
3,2612,1116,1113,3,4
3,2613,1116,1113,3,4
3,2614,1116,1113,3,4
3,2615,1116,1113,3,4
3,2616,1116,1113,3,4
3,2617,1116,1112,4,4
3,2618,1116,1113,3,4
3,2619,1116,1113,3,4
3,2620,1116,1113,3,4
3,2621,1116,1112,4,4
3,2622,1116,1112,4,4
3,2623,1116,1112,4,4
3,2624,1116,1113,3,4
3,2625,1116,1113,3,4
3,2626,1116,1113,3,4
3,2627,1116,1113,3,4
3,2628,1116,1113,3,4
3,2629,1116,1112,4,4
3,2630,1116,1113,3,4
3,2631,1116,1113,3,4
3,2632,1116,1113,3,4
3,2633,1116,1113,3,4
3,2634,1116,1113,3,4
3,2635,1116,1113,3,4
3,2636,1116,1113,3,4
3,2637,1116,1113,3,4
3,2638,1116,1112,4,4
3,2639,1116,1113,3,4
3,2640,1116,1113,3,4
3,2641,1116,1113,3,4
3,2642,1116,1113,3,4
3,2643,1116,1112,4,4
3,2644,1116,1113,3,4
3,2645,1116,1112,4,4
3,2646,1116,1113,3,4
3,2647,1116,1113,3,4
3,2648,1116,1113,3,4
3,2649,1116,1112,4,4
3,2650,1116,1113,3,4
3,2651,1116,1113,3,4
3,2652,1116,1113,3,4
3,2653,1116,1113,3,4
3,2654,1116,1112,4,4
3,2655,1116,1112,4,4
3,2656,1116,1113,3,4
3,2657,1116,1112,4,4
3,2658,1116,1113,3,4
3,2659,1116,1113,3,4
3,2660,1116,1113,3,4
3,2661,1116,1112,4,4
3,2662,1116,1113,3,4
3,2663,1116,1113,3,4
3,2664,1116,1112,4,4
3,2665,1116,1113,3,4
3,2666,1116,1113,3,4
3,2667,1116,1113,3,4
3,2668,1116,1113,3,4
3,2669,1116,1112,4,4
3,2670,1116,1113,3,4
3,2671,1116,1112,4,4
3,2672,1116,1113,3,4
3,2673,1116,1113,3,4
3,2674,1116,1113,3,4
3,2675,1116,1112,4,4
3,2676,1116,1113,3,4
3,2677,1116,1113,3,4
3,2678,1116,1113,3,4
3,2679,1116,1113,3,4
3,2680,1116,1113,3,4
3,2681,1116,1113,3,4
3,2682,1116,1112,4,4
3,2683,1116,1113,3,4
3,2684,1116,1113,3,4
3,2685,1116,1113,3,4
3,2686,1116,1113,3,4
3,2687,1116,1112,4,4
3,2688,1116,1113,3,4
3,2689,1116,1113,3,4
3,2690,1116,1113,3,4
3,2691,1116,1113,3,4
3,2692,1116,1113,3,4
3,2693,1116,1113,3,4
3,2694,1116,1113,3,4
3,2695,1116,1112,4,4
3,2696,1116,1113,3,4
3,2697,1116,1113,3,4
3,2698,1116,1113,3,4
3,2699,1116,1112,4,4
3,2700,1116,1113,3,4
3,2701,1116,1113,3,4
3,2702,1116,1112,4,4
3,2703,1116,1113,3,4
3,2704,1116,1113,3,4
3,2705,1116,1113,3,4
3,2706,1116,1113,3,4
3,2707,1116,1113,3,4
3,2708,1116,1113,3,4
3,2709,1116,1113,3,4
3,2710,1116,1112,4,4
3,2711,1116,1112,4,4
3,2712,1116,1112,4,4
3,2713,1116,1113,3,4
3,2714,1116,1113,3,4
3,2715,1116,1113,3,4
3,2716,1116,1113,3,4
3,2717,1116,1113,3,4
3,2718,1116,1113,3,4
3,2719,1116,1113,3,4
3,2720,1116,1113,3,4
3,2721,1116,1113,3,4
3,2722,1116,1113,3,4
3,2723,1116,1112,4,4
3,2724,1116,1112,4,4
3,2725,1116,1112,4,4
3,2726,1116,1113,3,4
3,2727,1116,1112,4,4
3,2728,1116,1113,3,4
3,2729,1116,1113,3,4
3,2730,1116,1113,3,4
3,2731,1116,1113,3,4
3,2732,1116,1113,3,4
3,2733,1116,1112,4,4
3,2734,1116,1113,3,4
3,2735,1116,1113,3,4
3,2736,1116,1113,3,4
3,2737,1116,1112,4,4
3,2738,1116,1113,3,4
3,2739,1116,1113,3,4
3,2740,1116,1113,3,4
3,2741,1116,1113,3,4
3,2742,1116,1113,3,4
3,2743,1116,1112,4,4
3,2744,1116,1113,3,4
3,2745,1116,1112,4,4
3,2746,1116,1113,3,4
3,2747,1116,1113,3,4
3,2748,1116,1113,3,4
3,2749,1116,1113,3,4
3,2750,1116,1113,3,4
3,2751,1116,1113,3,4
3,2752,1116,1112,4,4
3,2753,1116,1113,3,4
3,2754,1116,1113,3,4
3,2755,1116,1113,3,4
3,2756,1116,1113,3,4
3,2757,1116,1113,3,4
3,2758,1116,1113,3,4
3,2759,1116,1113,3,4
3,2760,1116,1112,4,4
3,2761,1116,1113,3,4
3,2762,1116,1113,3,4
3,2763,1116,1112,4,4
3,2764,1116,1113,3,4
3,2765,1116,1113,3,4
3,2766,1116,1113,3,4
3,2767,1116,1112,4,4
3,2768,1116,1112,4,4
3,2769,1116,1113,3,4
3,2770,1116,1113,3,4
3,2771,1116,1112,4,4
3,2772,1116,1113,3,4
3,2773,1116,1113,3,4
3,2774,1116,1112,4,4
3,2775,1116,1113,3,4
3,2776,1116,1113,3,4
3,2777,1116,1113,3,4
3,2778,1116,1113,3,4
3,2779,1116,1113,3,4
3,2780,1116,1113,3,4
3,2781,1116,1113,3,4
3,2782,1116,1113,3,4
3,2783,1116,1113,3,4
3,2784,1116,1113,3,4
3,2785,1116,1113,3,4
3,2786,1116,1112,4,4
3,2787,1116,1112,4,4
3,2788,1116,1113,3,4
3,2789,1116,1113,3,4
3,2790,1116,1113,3,4
3,2791,1116,1113,3,4
3,2792,1116,1113,3,4
3,2793,1116,1113,3,4
3,2794,1116,1113,3,4
3,2795,1116,1112,4,4
3,2796,1116,1112,4,4
3,2797,1116,1113,3,4
3,2798,1116,1113,3,4
3,2799,1116,1113,3,4
3,2800,1116,1113,3,4
3,2801,1116,1113,3,4
3,2802,1116,1113,3,4
3,2803,1116,1113,3,4
3,2804,1116,1113,3,4
3,2805,1116,1112,4,4
3,2806,1116,1113,3,4
3,2807,1116,1113,3,4
3,2808,1116,1113,3,4
3,2809,1116,1113,3,4
3,2810,1116,1113,3,4
3,2811,1116,1113,3,4
3,2812,1116,1113,3,4
3,2813,1116,1113,3,4
3,2814,1116,1113,3,4
3,2815,1116,1112,4,4
3,2816,1116,1113,3,4
3,2817,1116,1112,4,4
3,2818,1116,1113,3,4
3,2819,1116,1113,3,4
3,2820,1116,1113,3,4
3,2821,1116,1113,3,4
3,2822,1116,1113,3,4
3,2823,1116,1112,4,4
3,2824,1116,1113,3,4
3,2825,1116,1113,3,4
3,2826,1116,1113,3,4
3,2827,1116,1113,3,4
3,2828,1116,1112,4,4
3,2829,1116,1113,3,4
3,2830,1116,1113,3,4
3,2831,1116,1112,4,4
3,2832,1116,1113,3,4
3,2833,1116,1113,3,4
3,2834,1116,1113,3,4
3,2835,1116,1113,3,4
3,2836,1116,1113,3,4
3,2837,1116,1113,3,4
3,2838,1116,1113,3,4
3,2839,1116,1113,3,4
3,2840,1116,1113,3,4
3,2841,1116,1113,3,4
3,2842,1116,1113,3,4
3,2843,1116,1113,3,4
3,2844,1116,1113,3,4
3,2845,1116,1113,3,4
3,2846,1116,1113,3,4
3,2847,1116,1113,3,4
3,2848,1116,1113,3,4
3,2849,1116,1113,3,4
3,2850,1116,1113,3,4
3,2851,1116,1113,3,4
3,2852,1116,1113,3,4
3,2853,1116,1113,3,4
3,2854,1116,1112,4,4
3,2855,1116,1112,4,4
3,2856,1116,1113,3,4
3,2857,1116,1113,3,4
3,2858,1116,1112,4,4
3,2859,1116,1112,4,4
3,2860,1116,1113,3,4
3,2861,1116,1113,3,4
3,2862,1116,1113,3,4
3,2863,1116,1113,3,4
3,2864,1116,1113,3,4
3,2865,1116,1113,3,4
3,2866,1116,1113,3,4
3,2867,1116,1113,3,4
3,2868,1116,1113,3,4
3,2869,1116,1113,3,4
3,2870,1116,1112,4,4
3,2871,1116,1113,3,4
3,2872,1116,1113,3,4
3,2873,1116,1112,4,4
3,2874,1116,1113,3,4
3,2875,1116,1113,3,4
3,2876,1116,1112,4,4
3,2877,1116,1113,3,4
3,2878,1116,1113,3,4
3,2879,1116,1113,3,4
3,2880,1116,1112,4,4
3,2881,1116,1113,3,4
3,2882,1116,1113,3,4
3,2883,1116,1113,3,4
3,2884,1116,1113,3,4
3,2885,1116,1113,3,4
3,2886,1116,1113,3,4
3,2887,1116,1113,3,4
3,2888,1116,1113,3,4
3,2889,1116,1113,3,4
3,2890,1116,1112,4,4
3,2891,1116,1113,3,4
3,2892,1116,1113,3,4
3,2893,1116,1112,4,4
3,2894,1116,1113,3,4
3,2895,1116,1113,3,4
3,2896,1116,1113,3,4
3,2897,1116,1113,3,4
3,2898,1116,1113,3,4
3,2899,1116,1113,3,4
3,2900,1116,1113,3,4
3,2901,1116,1112,4,4
3,2902,1116,1113,3,4
3,2903,1116,1113,3,4
3,2904,1116,1113,3,4
3,2905,1116,1113,3,4
3,2906,1116,1112,4,4
3,2907,1116,1113,3,4
3,2908,1116,1112,4,4
3,2909,1116,1113,3,4
3,2910,1116,1113,3,4
3,2911,1116,1113,3,4
3,2912,1116,1113,3,4
3,2913,1116,1113,3,4
3,2914,1116,1113,3,4
3,2915,1116,1112,4,4
3,2916,1116,1113,3,4
3,2917,1116,1113,3,4
3,2918,1116,1113,3,4
3,2919,1116,1113,3,4
3,2920,1116,1113,3,4
3,2921,1116,1113,3,4
3,2922,1116,1113,3,4
3,2923,1116,1113,3,4
3,2924,1116,1112,4,4
3,2925,1116,1113,3,4
3,2926,1116,1113,3,4
3,2927,1116,1112,4,4
3,2928,1116,1113,3,4
3,2929,1116,1113,3,4
3,2930,1116,1113,3,4
3,2931,1116,1113,3,4
3,2932,1116,1113,3,4
3,2933,1116,1113,3,4
3,2934,1116,1112,4,4
3,2935,1116,1112,4,4
3,2936,1116,1113,3,4
3,2937,1116,1113,3,4
3,2938,1116,1113,3,4
3,2939,1116,1113,3,4
3,2940,1116,1112,4,4
3,2941,1116,1113,3,4
3,2942,1116,1113,3,4
3,2943,1116,1113,3,4
3,2944,1116,1113,3,4
3,2945,1116,1113,3,4
3,2946,1116,1113,3,4
3,2947,1116,1113,3,4
3,2948,1116,1113,3,4
3,2949,1116,1113,3,4
3,2950,1116,1113,3,4
3,2951,1116,1113,3,4
3,2952,1116,1113,3,4
3,2953,1116,1113,3,4
3,2954,1116,1113,3,4
3,2955,1116,1112,4,4
3,2956,1116,1113,3,4
3,2957,1116,1113,3,4
3,2958,1116,1113,3,4
3,2959,1116,1113,3,4
3,2960,1116,1112,4,4
3,2961,1116,1113,3,4
3,2962,1116,1113,3,4
3,2963,1116,1113,3,4
3,2964,1116,1113,3,4
3,2965,1116,1113,3,4
3,2966,1116,1113,3,4
3,2967,1116,1113,3,4
3,2968,1116,1113,3,4
3,2969,1116,1113,3,4
3,2970,1116,1113,3,4
3,2971,1116,1113,3,4
3,2972,1116,1112,4,4
3,2973,1116,1113,3,4
3,2974,1116,1113,3,4
3,2975,1116,1113,3,4
3,2976,1116,1113,3,4
3,2977,1116,1113,3,4
3,2978,1116,1113,3,4
3,2979,1116,1113,3,4
3,2980,1116,1113,3,4
3,2981,1116,1113,3,4
3,2982,1116,1113,3,4
3,2983,1116,1113,3,4
3,2984,1116,1112,4,4
3,2985,1116,1113,3,4
3,2986,1116,1113,3,4
3,2987,1116,1113,3,4
3,2988,1116,1113,3,4
3,2989,1116,1113,3,4
3,2990,1116,1113,3,4
3,2991,1116,1112,4,4
3,2992,1116,1113,3,4
3,2993,1116,1113,3,4
3,2994,1116,1113,3,4
3,2995,1116,1112,4,4
3,2996,1116,1113,3,4
3,2997,1116,1113,3,4
3,2998,1116,1113,3,4
3,2999,1116,1113,3,4
3,3000,1116,1112,4,4
3,3001,1116,1113,3,4
3,3002,1116,1112,4,4
3,3003,1116,1113,3,4
3,3004,1116,1112,4,4
3,3005,1116,1113,3,4
3,3006,1116,1113,3,4
3,3007,1116,1112,4,4
3,3008,1116,1112,4,4
3,3009,1116,1113,3,4
3,3010,1116,1113,3,4
3,3011,1116,1113,3,4
3,3012,1116,1112,4,4
3,3013,1116,1113,3,4
3,3014,1116,1113,3,4
3,3015,1116,1113,3,4
3,3016,1116,1113,3,4
3,3017,1116,1113,3,4
3,3018,1116,1113,3,4
3,3019,1116,1113,3,4
3,3020,1116,1113,3,4
3,3021,1116,1112,4,4
3,3022,1116,1112,4,4
3,3023,1116,1113,3,4
3,3024,1116,1113,3,4
3,3025,1116,1112,4,4
3,3026,1116,1113,3,4
3,3027,1116,1113,3,4
3,3028,1116,1112,4,4
3,3029,1116,1113,3,4
3,3030,1116,1112,4,4
3,3031,1116,1113,3,4
3,3032,1116,1112,4,4
3,3033,1116,1113,3,4
3,3034,1116,1113,3,4
3,3035,1116,1113,3,4
3,3036,1116,1112,4,4
3,3037,1116,1112,4,4
3,3038,1116,1113,3,4
3,3039,1116,1113,3,4
3,3040,1116,1113,3,4
3,3041,1116,1113,3,4
3,3042,1116,1113,3,4
3,3043,1116,1113,3,4
3,3044,1116,1113,3,4
3,3045,1116,1113,3,4
3,3046,1116,1113,3,4
3,3047,1116,1113,3,4
3,3048,1116,1113,3,4
3,3049,1116,1113,3,4
3,3050,1116,1113,3,4
3,3051,1116,1113,3,4
3,3052,1116,1113,3,4
3,3053,1116,1113,3,4
3,3054,1116,1112,4,4
3,3055,1116,1113,3,4
3,3056,1116,1113,3,4
3,3057,1116,1113,3,4
3,3058,1116,1113,3,4
3,3059,1116,1113,3,4
3,3060,1116,1113,3,4
3,3061,1116,1112,4,4
3,3062,1116,1113,3,4
3,3063,1116,1113,3,4
3,3064,1116,1113,3,4
3,3065,1116,1113,3,4
3,3066,1116,1113,3,4
3,3067,1116,1112,4,4
3,3068,1116,1113,3,4
3,3069,1116,1113,3,4
3,3070,1116,1112,4,4
3,3071,1116,1113,3,4
3,3072,1116,1113,3,4
3,3073,1116,1113,3,4
3,3074,1116,1113,3,4
3,3075,1116,1112,4,4
3,3076,1116,1113,3,4
3,3077,1116,1113,3,4
3,3078,1116,1113,3,4
3,3079,1116,1113,3,4
3,3080,1116,1113,3,4
3,3081,1116,1113,3,4
3,3082,1116,1113,3,4
3,3083,1116,1113,3,4
3,3084,1116,1112,4,4
3,3085,1116,1113,3,4
3,3086,1116,1113,3,4
3,3087,1116,1113,3,4
3,3088,1116,1112,4,4
3,3089,1116,1113,3,4
3,3090,1116,1113,3,4
3,3091,1116,1113,3,4
3,3092,1116,1113,3,4
3,3093,1116,1113,3,4
3,3094,1116,1113,3,4
3,3095,1116,1113,3,4
3,3096,1116,1113,3,4
3,3097,1116,1113,3,4
3,3098,1116,1113,3,4
3,3099,1116,1112,4,4
3,3100,1116,1113,3,4
3,3101,1116,1113,3,4
3,3102,1116,1113,3,4
3,3103,1116,1113,3,4
3,3104,1116,1113,3,4
3,3105,1116,1113,3,4
3,3106,1116,1113,3,4
3,3107,1116,1113,3,4
3,3108,1116,1112,4,4
3,3109,1116,1113,3,4
3,3110,1116,1113,3,4
3,3111,1116,1113,3,4
3,3112,1116,1113,3,4
3,3113,1116,1113,3,4
3,3114,1116,1113,3,4
3,3115,1116,1113,3,4
3,3116,1116,1113,3,4
3,3117,1116,1113,3,4
3,3118,1116,1113,3,4
3,3119,1116,1113,3,4
3,3120,1116,1113,3,4
3,3121,1116,1113,3,4
3,3122,1116,1113,3,4
3,3123,1116,1113,3,4
3,3124,1116,1113,3,4
3,3125,1116,1113,3,4
3,3126,1116,1112,4,4
3,3127,1116,1113,3,4
3,3128,1116,1112,4,4
3,3129,1116,1112,4,4
3,3130,1116,1113,3,4
3,3131,1116,1112,4,4
3,3132,1116,1112,4,4
3,3133,1116,1113,3,4
3,3134,1116,1112,4,4
3,3135,1116,1113,3,4
3,3136,1116,1112,4,4
3,3137,1116,1113,3,4
3,3138,1116,1113,3,4
3,3139,1116,1113,3,4
3,3140,1116,1113,3,4
3,3141,1116,1113,3,4
3,3142,1116,1113,3,4
3,3143,1116,1113,3,4
3,3144,1116,1112,4,4
3,3145,1116,1113,3,4
3,3146,1116,1113,3,4
3,3147,1116,1112,4,4
3,3148,1116,1113,3,4
3,3149,1116,1113,3,4
3,3150,1116,1113,3,4
3,3151,1116,1113,3,4
3,3152,1116,1113,3,4
3,3153,1116,1113,3,4
3,3154,1116,1113,3,4
3,3155,1116,1112,4,4
3,3156,1116,1113,3,4
3,3157,1116,1112,4,4
3,3158,1116,1113,3,4
3,3159,1116,1112,4,4
3,3160,1116,1112,4,4
3,3161,1116,1113,3,4
3,3162,1116,1113,3,4
3,3163,1116,1113,3,4
3,3164,1116,1113,3,4
3,3165,1116,1113,3,4
3,3166,1116,1113,3,4
3,3167,1116,1113,3,4
3,3168,1116,1113,3,4
3,3169,1116,1113,3,4
3,3170,1116,1113,3,4
3,3171,1116,1113,3,4
3,3172,1116,1113,3,4
3,3173,1116,1113,3,4
3,3174,1116,1113,3,4
3,3175,1116,1113,3,4
3,3176,1116,1112,4,4
3,3177,1116,1112,4,4
3,3178,1116,1113,3,4
3,3179,1116,1112,4,4
3,3180,1116,1113,3,4
3,3181,1116,1113,3,4
3,3182,1116,1113,3,4
3,3183,1116,1113,3,4
3,3184,1116,1113,3,4
3,3185,1116,1113,3,4
3,3186,1116,1113,3,4
3,3187,1116,1113,3,4
3,3188,1116,1113,3,4
3,3189,1116,1112,4,4
3,3190,1116,1113,3,4
3,3191,1116,1112,4,4
3,3192,1116,1113,3,4
3,3193,1116,1112,4,4
3,3194,1116,1113,3,4
3,3195,1116,1113,3,4
3,3196,1116,1113,3,4
3,3197,1116,1113,3,4
3,3198,1116,1113,3,4
3,3199,1116,1113,3,4
3,3200,1116,1113,3,4
3,3201,1116,1113,3,4
3,3202,1116,1113,3,4
3,3203,1116,1113,3,4
3,3204,1116,1113,3,4
3,3205,1116,1113,3,4
3,3206,1116,1113,3,4
3,3207,1116,1113,3,4
3,3208,1116,1113,3,4
3,3209,1116,1113,3,4
3,3210,1116,1113,3,4
3,3211,1116,1113,3,4
3,3212,1116,1113,3,4
3,3213,1116,1112,4,4
3,3214,1116,1113,3,4
3,3215,1116,1112,4,4
3,3216,1116,1113,3,4
3,3217,1116,1113,3,4
3,3218,1116,1113,3,4
3,3219,1116,1113,3,4
3,3220,1116,1113,3,4
3,3221,1116,1113,3,4
3,3222,1116,1113,3,4
3,3223,1116,1112,4,4
3,3224,1116,1113,3,4
3,3225,1116,1112,4,4
3,3226,1116,1113,3,4
3,3227,1116,1113,3,4
3,3228,1116,1113,3,4
3,3229,1116,1113,3,4
3,3230,1116,1113,3,4
3,3231,1116,1113,3,4
3,3232,1116,1112,4,4
3,3233,1116,1113,3,4
3,3234,1116,1113,3,4
3,3235,1116,1113,3,4
3,3236,1116,1113,3,4
3,3237,1116,1113,3,4
3,3238,1116,1113,3,4
3,3239,1116,1113,3,4
3,3240,1116,1113,3,4
3,3241,1116,1113,3,4
3,3242,1116,1113,3,4
3,3243,1116,1113,3,4
3,3244,1116,1113,3,4
3,3245,1116,1112,4,4
3,3246,1116,1113,3,4
3,3247,1116,1113,3,4
3,3248,1116,1113,3,4
3,3249,1116,1112,4,4
3,3250,1116,1113,3,4
3,3251,1116,1112,4,4
3,3252,1116,1113,3,4
3,3253,1116,1113,3,4
3,3254,1116,1113,3,4
3,3255,1116,1112,4,4
3,3256,1116,1112,4,4
3,3257,1116,1113,3,4
3,3258,1116,1113,3,4
3,3259,1116,1112,4,4
3,3260,1116,1112,4,4
3,3261,1116,1112,4,4
3,3262,1116,1113,3,4
3,3263,1116,1112,4,4
3,3264,1116,1113,3,4
3,3265,1116,1113,3,4
3,3266,1116,1113,3,4
3,3267,1116,1112,4,4
3,3268,1116,1113,3,4
3,3269,1116,1112,4,4
3,3270,1116,1113,3,4
3,3271,1116,1113,3,4
3,3272,1116,1113,3,4
3,3273,1116,1112,4,4
3,3274,1116,1113,3,4
3,3275,1116,1113,3,4
3,3276,1116,1113,3,4
3,3277,1116,1113,3,4
3,3278,1116,1112,4,4
3,3279,1116,1112,4,4
3,3280,1116,1112,4,4
3,3281,1116,1112,4,4
3,3282,1116,1113,3,4
3,3283,1116,1112,4,4
3,3284,1116,1113,3,4
3,3285,1116,1113,3,4
3,3286,1116,1113,3,4
3,3287,1116,1113,3,4
3,3288,1116,1113,3,4
3,3289,1116,1113,3,4
3,3290,1116,1113,3,4
3,3291,1116,1112,4,4
3,3292,1116,1112,4,4
3,3293,1116,1112,4,4
3,3294,1116,1113,3,4
3,3295,1116,1113,3,4
3,3296,1116,1113,3,4
3,3297,1116,1113,3,4
3,3298,1116,1113,3,4
3,3299,1116,1113,3,4
3,3300,1116,1112,4,4
3,3301,1116,1113,3,4
3,3302,1116,1113,3,4
3,3303,1116,1113,3,4
3,3304,1116,1113,3,4
3,3305,1116,1112,4,4
3,3306,1116,1113,3,4
3,3307,1116,1113,3,4
3,3308,1116,1112,4,4
3,3309,1116,1113,3,4
3,3310,1116,1113,3,4
3,3311,1116,1113,3,4
3,3312,1116,1113,3,4
3,3313,1116,1113,3,4
3,3314,1116,1113,3,4
3,3315,1116,1112,4,4
3,3316,1116,1112,4,4
3,3317,1116,1113,3,4
3,3318,1116,1113,3,4
3,3319,1116,1113,3,4
3,3320,1116,1112,4,4
3,3321,1116,1113,3,4
3,3322,1116,1113,3,4
3,3323,1116,1113,3,4
3,3324,1116,1113,3,4
3,3325,1116,1113,3,4
3,3326,1116,1113,3,4
3,3327,1116,1113,3,4
3,3328,1116,1113,3,4
3,3329,1116,1113,3,4
3,3330,1116,1113,3,4
3,3331,1116,1113,3,4
3,3332,1116,1113,3,4
3,3333,1116,1113,3,4
3,3334,1116,1113,3,4
3,3335,1116,1113,3,4
3,3336,1116,1113,3,4
3,3337,1116,1113,3,4
3,3338,1116,1113,3,4
3,3339,1116,1113,3,4
3,3340,1116,1112,4,4
3,3341,1116,1113,3,4
3,3342,1116,1112,4,4
3,3343,1116,1113,3,4
3,3344,1116,1113,3,4
3,3345,1116,1113,3,4
3,3346,1116,1113,3,4
3,3347,1116,1113,3,4
3,3348,1116,1113,3,4
3,3349,1116,1113,3,4
3,3350,1116,1113,3,4
3,3351,1116,1113,3,4
3,3352,1116,1113,3,4
3,3353,1116,1113,3,4
3,3354,1116,1113,3,4
3,3355,1116,1113,3,4
3,3356,1116,1112,4,4
3,3357,1116,1113,3,4
3,3358,1116,1113,3,4
3,3359,1116,1113,3,4
3,3360,1116,1113,3,4
3,3361,1116,1113,3,4
3,3362,1116,1113,3,4
3,3363,1116,1112,4,4
3,3364,1116,1112,4,4
3,3365,1116,1113,3,4
3,3366,1116,1113,3,4
3,3367,1116,1113,3,4
3,3368,1116,1113,3,4
3,3369,1116,1113,3,4
3,3370,1116,1112,4,4
3,3371,1116,1113,3,4
3,3372,1116,1113,3,4
3,3373,1116,1113,3,4
3,3374,1116,1113,3,4
3,3375,1116,1113,3,4
3,3376,1116,1113,3,4
3,3377,1116,1113,3,4
3,3378,1116,1113,3,4
3,3379,1116,1113,3,4
3,3380,1116,1113,3,4
3,3381,1116,1113,3,4
3,3382,1116,1113,3,4
3,3383,1116,1113,3,4
3,3384,1116,1113,3,4
3,3385,1116,1113,3,4
3,3386,1116,1112,4,4
3,3387,1116,1113,3,4
3,3388,1116,1113,3,4
3,3389,1116,1113,3,4
3,3390,1116,1113,3,4
3,3391,1116,1113,3,4
3,3392,1116,1113,3,4
3,3393,1116,1113,3,4
3,3394,1116,1113,3,4
3,3395,1116,1112,4,4
3,3396,1116,1113,3,4
3,3397,1116,1112,4,4
3,3398,1116,1113,3,4
3,3399,1116,1113,3,4
3,3400,1116,1113,3,4
3,3401,1116,1113,3,4
3,3402,1116,1113,3,4
3,3403,1116,1113,3,4
3,3404,1116,1113,3,4
3,3405,1116,1113,3,4
3,3406,1116,1113,3,4
3,3407,1116,1113,3,4
3,3408,1116,1113,3,4
3,3409,1116,1113,3,4
3,3410,1116,1112,4,4
3,3411,1116,1113,3,4
3,3412,1116,1113,3,4
3,3413,1116,1113,3,4
3,3414,1116,1113,3,4
3,3415,1116,1113,3,4
3,3416,1116,1113,3,4
3,3417,1116,1113,3,4
3,3418,1116,1113,3,4
3,3419,1116,1113,3,4
3,3420,1116,1113,3,4
3,3421,1116,1112,4,4
3,3422,1116,1113,3,4
3,3423,1116,1113,3,4
3,3424,1116,1113,3,4
3,3425,1116,1112,4,4
3,3426,1116,1113,3,4
3,3427,1116,1112,4,4
3,3428,1116,1113,3,4
3,3429,1116,1113,3,4
3,3430,1116,1113,3,4
3,3431,1116,1113,3,4
3,3432,1116,1113,3,4
3,3433,1116,1112,4,4
3,3434,1116,1113,3,4
3,3435,1116,1113,3,4
3,3436,1116,1113,3,4
3,3437,1116,1113,3,4
3,3438,1116,1113,3,4
3,3439,1116,1113,3,4
3,3440,1116,1113,3,4
3,3441,1116,1112,4,4
3,3442,1116,1112,4,4
3,3443,1116,1113,3,4
3,3444,1116,1113,3,4
3,3445,1116,1113,3,4
3,3446,1116,1113,3,4
3,3447,1116,1112,4,4
3,3448,1116,1113,3,4
3,3449,1116,1112,4,4
3,3450,1116,1113,3,4
3,3451,1116,1112,4,4
3,3452,1116,1112,4,4
3,3453,1116,1112,4,4
3,3454,1116,1113,3,4
3,3455,1116,1113,3,4
3,3456,1116,1113,3,4
3,3457,1116,1113,3,4
3,3458,1116,1112,4,4
3,3459,1116,1113,3,4
3,3460,1116,1113,3,4
3,3461,1116,1112,4,4
3,3462,1116,1113,3,4
3,3463,1116,1113,3,4
3,3464,1116,1113,3,4
3,3465,1116,1113,3,4
3,3466,1116,1113,3,4
3,3467,1116,1113,3,4
3,3468,1116,1113,3,4
3,3469,1116,1113,3,4
3,3470,1116,1113,3,4
3,3471,1116,1113,3,4
3,3472,1116,1113,3,4
3,3473,1116,1113,3,4
3,3474,1116,1113,3,4
3,3475,1116,1113,3,4
3,3476,1116,1113,3,4
3,3477,1116,1112,4,4
3,3478,1116,1113,3,4
3,3479,1116,1113,3,4
3,3480,1116,1113,3,4
3,3481,1116,1112,4,4
3,3482,1116,1113,3,4
3,3483,1116,1113,3,4
3,3484,1116,1113,3,4
3,3485,1116,1113,3,4
3,3486,1116,1113,3,4
3,3487,1116,1113,3,4
3,3488,1116,1113,3,4
3,3489,1116,1113,3,4
3,3490,1116,1113,3,4
3,3491,1116,1113,3,4
3,3492,1116,1113,3,4
3,3493,1116,1113,3,4
3,3494,1116,1113,3,4
3,3495,1116,1113,3,4
3,3496,1116,1113,3,4
3,3497,1116,1112,4,4
3,3498,1116,1113,3,4
3,3499,1116,1113,3,4
3,3500,1116,1113,3,4
3,3501,1116,1113,3,4
3,3502,1116,1113,3,4
3,3503,1116,1112,4,4
3,3504,1116,1113,3,4
3,3505,1116,1112,4,4
3,3506,1116,1113,3,4
3,3507,1116,1113,3,4
3,3508,1116,1112,4,4
3,3509,1116,1112,4,4
3,3510,1116,1113,3,4
3,3511,1116,1113,3,4
3,3512,1116,1112,4,4
3,3513,1116,1112,4,4
3,3514,1116,1113,3,4
3,3515,1116,1113,3,4
3,3516,1116,1113,3,4
3,3517,1116,1113,3,4
3,3518,1116,1113,3,4
3,3519,1116,1113,3,4
3,3520,1116,1113,3,4
3,3521,1116,1113,3,4
3,3522,1116,1113,3,4
3,3523,1116,1112,4,4
3,3524,1116,1113,3,4
3,3525,1116,1113,3,4
3,3526,1116,1113,3,4
3,3527,1116,1113,3,4
3,3528,1116,1113,3,4
3,3529,1116,1113,3,4
3,3530,1116,1113,3,4
3,3531,1116,1113,3,4
3,3532,1116,1113,3,4
3,3533,1116,1112,4,4
3,3534,1116,1113,3,4
3,3535,1116,1113,3,4
3,3536,1116,1113,3,4
3,3537,1116,1113,3,4
3,3538,1116,1113,3,4
3,3539,1116,1112,4,4
3,3540,1116,1113,3,4
3,3541,1116,1113,3,4
3,3542,1116,1113,3,4
3,3543,1116,1113,3,4
3,3544,1116,1112,4,4
3,3545,1116,1112,4,4
3,3546,1116,1113,3,4
3,3547,1116,1113,3,4
3,3548,1116,1113,3,4
3,3549,1116,1113,3,4
3,3550,1116,1112,4,4
3,3551,1116,1113,3,4
3,3552,1116,1113,3,4
3,3553,1116,1113,3,4
3,3554,1116,1113,3,4
3,3555,1116,1113,3,4
3,3556,1116,1112,4,4
3,3557,1116,1113,3,4
3,3558,1116,1112,4,4
3,3559,1116,1113,3,4
3,3560,1116,1113,3,4
3,3561,1116,1113,3,4
3,3562,1116,1113,3,4
3,3563,1116,1113,3,4
3,3564,1116,1113,3,4
3,3565,1116,1113,3,4
3,3566,1116,1113,3,4
3,3567,1116,1113,3,4
3,3568,1116,1113,3,4
3,3569,1116,1113,3,4
3,3570,1116,1112,4,4
3,3571,1116,1113,3,4
3,3572,1116,1113,3,4
3,3573,1116,1113,3,4
3,3574,1116,1113,3,4
3,3575,1116,1112,4,4
3,3576,1116,1113,3,4
3,3577,1116,1112,4,4
3,3578,1116,1113,3,4
3,3579,1116,1113,3,4
3,3580,1116,1112,4,4
3,3581,1116,1113,3,4
3,3582,1116,1113,3,4
3,3583,1116,1113,3,4
3,3584,1116,1112,4,4
3,3585,1116,1112,4,4
3,3586,1116,1113,3,4
3,3587,1116,1113,3,4
3,3588,1116,1113,3,4
3,3589,1116,1113,3,4
3,3590,1116,1113,3,4
3,3591,1116,1113,3,4
3,3592,1116,1113,3,4
3,3593,1116,1113,3,4
3,3594,1116,1113,3,4
3,3595,1116,1113,3,4
3,3596,1116,1113,3,4
3,3597,1116,1113,3,4
3,3598,1116,1113,3,4
3,3599,1116,1113,3,4
3,3600,1116,1113,3,4
3,3601,1116,1112,4,4
3,3602,1116,1113,3,4
3,3603,1116,1112,4,4
3,3604,1116,1113,3,4
3,3605,1116,1113,3,4
3,3606,1116,1113,3,4
3,3607,1116,1112,4,4
3,3608,1116,1112,4,4
3,3609,1116,1113,3,4
3,3610,1116,1113,3,4
3,3611,1116,1112,4,4
3,3612,1116,1113,3,4
3,3613,1116,1113,3,4
3,3614,1116,1113,3,4
3,3615,1116,1113,3,4
3,3616,1116,1113,3,4
3,3617,1116,1112,4,4
3,3618,1116,1113,3,4
3,3619,1116,1112,4,4
3,3620,1116,1112,4,4
3,3621,1116,1113,3,4
3,3622,1116,1113,3,4
3,3623,1116,1113,3,4
3,3624,1116,1113,3,4
3,3625,1116,1113,3,4
3,3626,1116,1113,3,4
3,3627,1116,1113,3,4
3,3628,1116,1112,4,4
3,3629,1116,1112,4,4
3,3630,1116,1113,3,4
3,3631,1116,1113,3,4
3,3632,1116,1113,3,4
3,3633,1116,1113,3,4
3,3634,1116,1113,3,4
3,3635,1116,1113,3,4
3,3636,1116,1113,3,4
3,3637,1116,1113,3,4
3,3638,1116,1113,3,4
3,3639,1116,1113,3,4
3,3640,1116,1113,3,4
3,3641,1116,1113,3,4
3,3642,1116,1112,4,4
3,3643,1116,1113,3,4
3,3644,1116,1113,3,4
3,3645,1116,1113,3,4
3,3646,1116,1113,3,4
3,3647,1116,1113,3,4
3,3648,1116,1113,3,4
3,3649,1116,1113,3,4
3,3650,1116,1113,3,4
3,3651,1116,1112,4,4
3,3652,1116,1113,3,4
3,3653,1116,1113,3,4
3,3654,1116,1112,4,4
3,3655,1116,1113,3,4
3,3656,1116,1113,3,4
3,3657,1116,1113,3,4
3,3658,1116,1113,3,4
3,3659,1116,1112,4,4
3,3660,1116,1113,3,4
3,3661,1116,1113,3,4
3,3662,1116,1113,3,4
3,3663,1116,1113,3,4
3,3664,1116,1113,3,4
3,3665,1116,1113,3,4
3,3666,1116,1113,3,4
3,3667,1116,1112,4,4
3,3668,1116,1113,3,4
3,3669,1116,1113,3,4
3,3670,1116,1113,3,4
3,3671,1116,1113,3,4
3,3672,1116,1113,3,4
3,3673,1116,1113,3,4
3,3674,1116,1112,4,4
3,3675,1116,1113,3,4
3,3676,1116,1113,3,4
3,3677,1116,1113,3,4
3,3678,1116,1113,3,4
3,3679,1116,1113,3,4
3,3680,1116,1113,3,4
3,3681,1116,1113,3,4
3,3682,1116,1113,3,4
3,3683,1116,1113,3,4
3,3684,1116,1112,4,4
3,3685,1116,1113,3,4
3,3686,1116,1112,4,4
3,3687,1116,1113,3,4
3,3688,1116,1113,3,4
3,3689,1116,1112,4,4
3,3690,1116,1113,3,4
3,3691,1116,1112,4,4
3,3692,1116,1113,3,4
3,3693,1116,1113,3,4
3,3694,1116,1113,3,4
3,3695,1116,1113,3,4
3,3696,1116,1113,3,4
3,3697,1116,1112,4,4
3,3698,1116,1113,3,4
3,3699,1116,1113,3,4
3,3700,1116,1113,3,4
3,3701,1116,1113,3,4
3,3702,1116,1113,3,4
3,3703,1116,1113,3,4
3,3704,1116,1112,4,4
3,3705,1116,1113,3,4
3,3706,1116,1112,4,4
3,3707,1116,1113,3,4
3,3708,1116,1113,3,4
3,3709,1116,1113,3,4
3,3710,1116,1113,3,4
3,3711,1116,1113,3,4
3,3712,1116,1113,3,4
3,3713,1116,1113,3,4
3,3714,1116,1112,4,4
3,3715,1116,1113,3,4
3,3716,1116,1113,3,4
3,3717,1116,1112,4,4
3,3718,1116,1113,3,4
3,3719,1116,1113,3,4
3,3720,1116,1113,3,4
3,3721,1116,1113,3,4
3,3722,1116,1113,3,4
3,3723,1116,1113,3,4
3,3724,1116,1113,3,4
3,3725,1116,1113,3,4
3,3726,1116,1112,4,4
3,3727,1116,1113,3,4
3,3728,1116,1113,3,4
3,3729,1116,1113,3,4
3,3730,1116,1113,3,4
3,3731,1116,1113,3,4
3,3732,1116,1113,3,4
3,3733,1116,1112,4,4
3,3734,1116,1113,3,4
3,3735,1116,1112,4,4
3,3736,1116,1112,4,4
3,3737,1116,1113,3,4
3,3738,1116,1113,3,4
3,3739,1116,1113,3,4
3,3740,1116,1113,3,4
3,3741,1116,1113,3,4
3,3742,1116,1113,3,4
3,3743,1116,1113,3,4
3,3744,1116,1113,3,4
3,3745,1116,1113,3,4
3,3746,1116,1113,3,4
3,3747,1116,1112,4,4
3,3748,1116,1112,4,4
3,3749,1116,1112,4,4
3,3750,1116,1113,3,4
3,3751,1116,1112,4,4
3,3752,1116,1113,3,4
3,3753,1116,1113,3,4
3,3754,1116,1113,3,4
3,3755,1116,1113,3,4
3,3756,1116,1113,3,4
3,3757,1116,1113,3,4
3,3758,1116,1113,3,4
3,3759,1116,1113,3,4
3,3760,1116,1112,4,4
3,3761,1116,1113,3,4
3,3762,1116,1113,3,4
3,3763,1116,1113,3,4
3,3764,1116,1113,3,4
3,3765,1116,1113,3,4
3,3766,1116,1113,3,4
3,3767,1116,1112,4,4
3,3768,1116,1113,3,4
3,3769,1116,1113,3,4
3,3770,1116,1113,3,4
3,3771,1116,1112,4,4
3,3772,1116,1113,3,4
3,3773,1116,1113,3,4
3,3774,1116,1113,3,4
3,3775,1116,1113,3,4
3,3776,1116,1113,3,4
3,3777,1116,1113,3,4
3,3778,1116,1112,4,4
3,3779,1116,1113,3,4
3,3780,1116,1113,3,4
3,3781,1116,1113,3,4
3,3782,1116,1113,3,4
3,3783,1116,1112,4,4
3,3784,1116,1113,3,4
3,3785,1116,1113,3,4
3,3786,1116,1113,3,4
3,3787,1116,1113,3,4
3,3788,1116,1113,3,4
3,3789,1116,1113,3,4
3,3790,1116,1112,4,4
3,3791,1116,1113,3,4
3,3792,1116,1113,3,4
3,3793,1116,1113,3,4
3,3794,1116,1113,3,4
3,3795,1116,1113,3,4
3,3796,1116,1113,3,4
3,3797,1116,1113,3,4
3,3798,1116,1113,3,4
3,3799,1116,1113,3,4
3,3800,1116,1113,3,4
3,3801,1116,1112,4,4
3,3802,1116,1113,3,4
3,3803,1116,1112,4,4
3,3804,1116,1113,3,4
3,3805,1116,1113,3,4
3,3806,1116,1112,4,4
3,3807,1116,1112,4,4
3,3808,1116,1113,3,4
3,3809,1116,1112,4,4
3,3810,1116,1113,3,4
3,3811,1116,1113,3,4
3,3812,1116,1113,3,4
3,3813,1116,1112,4,4
3,3814,1116,1113,3,4
3,3815,1116,1113,3,4
3,3816,1116,1113,3,4
3,3817,1116,1112,4,4
3,3818,1116,1113,3,4
3,3819,1116,1113,3,4
3,3820,1116,1112,4,4
3,3821,1116,1113,3,4
3,3822,1116,1113,3,4
3,3823,1116,1113,3,4
3,3824,1116,1113,3,4
3,3825,1116,1113,3,4
3,3826,1116,1112,4,4
3,3827,1116,1113,3,4
3,3828,1116,1112,4,4
3,3829,1116,1113,3,4
3,3830,1116,1113,3,4
3,3831,1116,1112,4,4
3,3832,1116,1113,3,4
3,3833,1116,1113,3,4
3,3834,1116,1113,3,4
3,3835,1116,1113,3,4
3,3836,1116,1112,4,4
3,3837,1116,1113,3,4
3,3838,1116,1113,3,4
3,3839,1116,1113,3,4
3,3840,1116,1113,3,4
3,3841,1116,1113,3,4
3,3842,1116,1113,3,4
3,3843,1116,1112,4,4
3,3844,1116,1113,3,4
3,3845,1116,1113,3,4
3,3846,1116,1113,3,4
3,3847,1116,1113,3,4
3,3848,1116,1113,3,4
3,3849,1116,1113,3,4
3,3850,1116,1112,4,4
3,3851,1116,1112,4,4
3,3852,1116,1112,4,4
3,3853,1116,1113,3,4
3,3854,1116,1113,3,4
3,3855,1116,1112,4,4
3,3856,1116,1113,3,4
3,3857,1116,1113,3,4
3,3858,1116,1112,4,4
3,3859,1116,1113,3,4
3,3860,1116,1113,3,4
3,3861,1116,1112,4,4
3,3862,1116,1113,3,4
3,3863,1116,1113,3,4
3,3864,1116,1113,3,4
3,3865,1116,1113,3,4
3,3866,1116,1112,4,4
3,3867,1116,1113,3,4
3,3868,1116,1113,3,4
3,3869,1116,1113,3,4
3,3870,1116,1113,3,4
3,3871,1116,1113,3,4
3,3872,1116,1113,3,4
3,3873,1116,1113,3,4
3,3874,1116,1113,3,4
3,3875,1116,1112,4,4
3,3876,1116,1113,3,4
3,3877,1116,1113,3,4
3,3878,1116,1113,3,4
3,3879,1116,1112,4,4
3,3880,1116,1113,3,4
3,3881,1116,1112,4,4
3,3882,1116,1113,3,4
3,3883,1116,1113,3,4
3,3884,1116,1112,4,4
3,3885,1116,1113,3,4
3,3886,1116,1113,3,4
3,3887,1116,1113,3,4
3,3888,1116,1113,3,4
3,3889,1116,1112,4,4
3,3890,1116,1113,3,4
3,3891,1116,1112,4,4
3,3892,1116,1113,3,4
3,3893,1116,1113,3,4
3,3894,1116,1113,3,4
3,3895,1116,1113,3,4
3,3896,1116,1113,3,4
3,3897,1116,1113,3,4
3,3898,1116,1113,3,4
3,3899,1116,1112,4,4
3,3900,1116,1113,3,4
3,3901,1116,1113,3,4
3,3902,1116,1113,3,4
3,3903,1116,1113,3,4
3,3904,1116,1113,3,4
3,3905,1116,1113,3,4
3,3906,1116,1113,3,4
3,3907,1116,1113,3,4
3,3908,1116,1113,3,4
3,3909,1116,1113,3,4
3,3910,1116,1112,4,4
3,3911,1116,1113,3,4
3,3912,1116,1112,4,4
3,3913,1116,1113,3,4
3,3914,1116,1112,4,4
3,3915,1116,1112,4,4
3,3916,1116,1113,3,4
3,3917,1116,1113,3,4
3,3918,1116,1113,3,4
3,3919,1116,1113,3,4
3,3920,1116,1113,3,4
3,3921,1116,1113,3,4
3,3922,1116,1113,3,4
3,3923,1116,1113,3,4
3,3924,1116,1113,3,4
3,3925,1116,1113,3,4
3,3926,1116,1113,3,4
3,3927,1116,1113,3,4
3,3928,1116,1113,3,4
3,3929,1116,1113,3,4
3,3930,1116,1113,3,4
3,3931,1116,1113,3,4
3,3932,1116,1113,3,4
3,3933,1116,1113,3,4
3,3934,1116,1113,3,4
3,3935,1116,1113,3,4
3,3936,1116,1113,3,4
3,3937,1116,1113,3,4
3,3938,1116,1113,3,4
3,3939,1116,1113,3,4
3,3940,1116,1112,4,4
3,3941,1116,1113,3,4
3,3942,1116,1113,3,4
3,3943,1116,1113,3,4
3,3944,1116,1113,3,4
3,3945,1116,1113,3,4
3,3946,1116,1112,4,4
3,3947,1116,1112,4,4
3,3948,1116,1112,4,4
3,3949,1116,1113,3,4
3,3950,1116,1112,4,4
3,3951,1116,1113,3,4
3,3952,1116,1113,3,4
3,3953,1116,1113,3,4
3,3954,1116,1113,3,4
3,3955,1116,1113,3,4
3,3956,1116,1113,3,4
3,3957,1116,1113,3,4
3,3958,1116,1113,3,4
3,3959,1116,1112,4,4
3,3960,1116,1113,3,4
3,3961,1116,1113,3,4
3,3962,1116,1113,3,4
3,3963,1116,1113,3,4
3,3964,1116,1113,3,4
3,3965,1116,1113,3,4
3,3966,1116,1113,3,4
3,3967,1116,1113,3,4
3,3968,1116,1112,4,4
3,3969,1116,1113,3,4
3,3970,1116,1113,3,4
3,3971,1116,1113,3,4
3,3972,1116,1113,3,4
3,3973,1116,1113,3,4
3,3974,1116,1112,4,4
3,3975,1116,1113,3,4
3,3976,1116,1112,4,4
3,3977,1116,1112,4,4
3,3978,1116,1113,3,4
3,3979,1116,1113,3,4
3,3980,1116,1113,3,4
3,3981,1116,1113,3,4
3,3982,1116,1113,3,4
3,3983,1116,1113,3,4
3,3984,1116,1113,3,4
3,3985,1116,1113,3,4
3,3986,1116,1113,3,4
3,3987,1116,1113,3,4
3,3988,1116,1113,3,4
3,3989,1116,1113,3,4
3,3990,1116,1113,3,4
3,3991,1116,1113,3,4
3,3992,1116,1112,4,4
3,3993,1116,1113,3,4
3,3994,1116,1113,3,4
3,3995,1116,1113,3,4
3,3996,1116,1113,3,4
3,3997,1116,1113,3,4
3,3998,1116,1113,3,4
3,3999,1116,1113,3,4
3,4000,1116,1112,4,4
3,4001,1116,1113,3,4
3,4002,1116,1113,3,4
3,4003,1116,1112,4,4
3,4004,1116,1113,3,4
3,4005,1116,1113,3,4
3,4006,1116,1113,3,4
3,4007,1116,1113,3,4
3,4008,1116,1113,3,4
3,4009,1116,1112,4,4
3,4010,1116,1113,3,4
3,4011,1116,1113,3,4
3,4012,1116,1113,3,4
3,4013,1116,1113,3,4
3,4014,1116,1113,3,4
3,4015,1116,1113,3,4
3,4016,1116,1113,3,4
3,4017,1116,1112,4,4
3,4018,1116,1113,3,4
3,4019,1116,1113,3,4
3,4020,1116,1112,4,4
3,4021,1116,1113,3,4
3,4022,1116,1112,4,4
3,4023,1116,1113,3,4
3,4024,1116,1113,3,4
3,4025,1116,1113,3,4
3,4026,1116,1113,3,4
3,4027,1116,1113,3,4
3,4028,1116,1113,3,4
3,4029,1116,1113,3,4
3,4030,1116,1112,4,4
3,4031,1116,1113,3,4
3,4032,1116,1112,4,4
3,4033,1116,1113,3,4
3,4034,1116,1113,3,4
3,4035,1116,1113,3,4
3,4036,1116,1113,3,4
3,4037,1116,1113,3,4
3,4038,1116,1113,3,4
3,4039,1116,1113,3,4
3,4040,1116,1113,3,4
3,4041,1116,1113,3,4
3,4042,1116,1113,3,4
3,4043,1116,1112,4,4
3,4044,1116,1113,3,4
3,4045,1116,1113,3,4
3,4046,1116,1113,3,4
3,4047,1116,1113,3,4
3,4048,1116,1113,3,4
3,4049,1116,1112,4,4
3,4050,1116,1113,3,4
3,4051,1116,1113,3,4
3,4052,1116,1113,3,4
3,4053,1116,1113,3,4
3,4054,1116,1112,4,4
3,4055,1116,1113,3,4
3,4056,1116,1113,3,4
3,4057,1116,1113,3,4
3,4058,1116,1113,3,4
3,4059,1116,1113,3,4
3,4060,1116,1113,3,4
3,4061,1116,1113,3,4
3,4062,1116,1113,3,4
3,4063,1116,1113,3,4
3,4064,1116,1113,3,4
3,4065,1116,1112,4,4
3,4066,1116,1113,3,4
3,4067,1116,1113,3,4
3,4068,1116,1113,3,4
3,4069,1116,1112,4,4
3,4070,1116,1113,3,4
3,4071,1116,1113,3,4
3,4072,1116,1112,4,4
3,4073,1116,1112,4,4
3,4074,1116,1113,3,4
3,4075,1116,1113,3,4
3,4076,1116,1113,3,4
3,4077,1116,1112,4,4
3,4078,1116,1113,3,4
3,4079,1116,1112,4,4
3,4080,1116,1113,3,4
3,4081,1116,1113,3,4
3,4082,1116,1113,3,4
3,4083,1116,1113,3,4
3,4084,1116,1113,3,4
3,4085,1116,1113,3,4
3,4086,1116,1113,3,4
3,4087,1116,1113,3,4
3,4088,1116,1113,3,4
3,4089,1116,1113,3,4
3,4090,1116,1113,3,4
3,4091,1116,1112,4,4
3,4092,1116,1113,3,4
3,4093,1116,1113,3,4
3,4094,1116,1112,4,4
3,4095,1116,1113,3,4
3,4096,1116,1113,3,4
3,4097,1116,1113,3,4
3,4098,1116,1112,4,4
3,4099,1116,1113,3,4
3,4100,1116,1113,3,4
3,4101,1116,1113,3,4
3,4102,1116,1113,3,4
3,4103,1116,1113,3,4
3,4104,1116,1112,4,4
3,4105,1116,1113,3,4
3,4106,1116,1113,3,4
3,4107,1116,1113,3,4
3,4108,1116,1112,4,4
3,4109,1116,1113,3,4
3,4110,1116,1113,3,4
3,4111,1116,1113,3,4
3,4112,1116,1113,3,4
3,4113,1116,1113,3,4
3,4114,1116,1113,3,4
3,4115,1116,1113,3,4
3,4116,1116,1113,3,4
3,4117,1116,1113,3,4
3,4118,1116,1113,3,4
3,4119,1116,1113,3,4
3,4120,1116,1112,4,4
3,4121,1116,1113,3,4
3,4122,1116,1113,3,4
3,4123,1116,1113,3,4
3,4124,1116,1113,3,4
3,4125,1116,1112,4,4
3,4126,1116,1113,3,4
3,4127,1116,1113,3,4
3,4128,1116,1113,3,4
3,4129,1116,1113,3,4
3,4130,1116,1113,3,4
3,4131,1116,1113,3,4
3,4132,1116,1113,3,4
3,4133,1116,1113,3,4
3,4134,1116,1113,3,4
3,4135,1116,1113,3,4
3,4136,1116,1113,3,4
3,4137,1116,1113,3,4
3,4138,1116,1112,4,4
3,4139,1116,1113,3,4
3,4140,1116,1113,3,4
3,4141,1116,1113,3,4
3,4142,1116,1113,3,4
3,4143,1116,1112,4,4
3,4144,1116,1113,3,4
3,4145,1116,1113,3,4
3,4146,1116,1113,3,4
3,4147,1116,1113,3,4
3,4148,1116,1112,4,4
3,4149,1116,1113,3,4
3,4150,1116,1112,4,4
3,4151,1116,1113,3,4
3,4152,1116,1113,3,4
3,4153,1116,1112,4,4
3,4154,1116,1112,4,4
3,4155,1116,1113,3,4
3,4156,1116,1112,4,4
3,4157,1116,1113,3,4
3,4158,1116,1112,4,4
3,4159,1116,1113,3,4
3,4160,1116,1113,3,4
3,4161,1116,1113,3,4
3,4162,1116,1113,3,4
3,4163,1116,1113,3,4
3,4164,1116,1113,3,4
3,4165,1116,1113,3,4
3,4166,1116,1113,3,4
3,4167,1116,1113,3,4
3,4168,1116,1112,4,4
3,4169,1116,1113,3,4
3,4170,1116,1113,3,4
3,4171,1116,1112,4,4
3,4172,1116,1113,3,4
3,4173,1116,1113,3,4
3,4174,1116,1113,3,4
3,4175,1116,1113,3,4
3,4176,1116,1113,3,4
3,4177,1116,1112,4,4
3,4178,1116,1113,3,4
3,4179,1116,1113,3,4
3,4180,1116,1113,3,4
3,4181,1116,1113,3,4
3,4182,1116,1113,3,4
3,4183,1116,1113,3,4
3,4184,1116,1113,3,4
3,4185,1116,1112,4,4
3,4186,1116,1113,3,4
3,4187,1116,1113,3,4
3,4188,1116,1113,3,4
3,4189,1116,1112,4,4
3,4190,1116,1113,3,4
3,4191,1116,1113,3,4
3,4192,1116,1113,3,4
3,4193,1116,1113,3,4
3,4194,1116,1113,3,4
3,4195,1116,1113,3,4
3,4196,1116,1113,3,4
3,4197,1116,1113,3,4
3,4198,1116,1112,4,4
3,4199,1116,1113,3,4
3,4200,1116,1113,3,4
3,4201,1116,1113,3,4
3,4202,1116,1113,3,4
3,4203,1116,1113,3,4
3,4204,1116,1113,3,4
3,4205,1116,1113,3,4
3,4206,1116,1113,3,4
3,4207,1116,1113,3,4
3,4208,1116,1112,4,4
3,4209,1116,1113,3,4
3,4210,1116,1113,3,4
3,4211,1116,1112,4,4
3,4212,1116,1113,3,4
3,4213,1116,1113,3,4
3,4214,1116,1113,3,4
3,4215,1116,1113,3,4
3,4216,1116,1112,4,4
3,4217,1116,1113,3,4
3,4218,1116,1113,3,4
3,4219,1116,1113,3,4
3,4220,1116,1113,3,4
3,4221,1116,1112,4,4
3,4222,1116,1113,3,4
3,4223,1116,1113,3,4
3,4224,1116,1113,3,4
3,4225,1116,1113,3,4
3,4226,1116,1112,4,4
3,4227,1116,1113,3,4
3,4228,1116,1113,3,4
3,4229,1116,1112,4,4
3,4230,1116,1113,3,4
3,4231,1116,1113,3,4
3,4232,1116,1112,4,4
3,4233,1116,1112,4,4
3,4234,1116,1113,3,4
3,4235,1116,1113,3,4
3,4236,1116,1113,3,4
3,4237,1116,1112,4,4
3,4238,1116,1113,3,4
3,4239,1116,1113,3,4
3,4240,1116,1113,3,4
3,4241,1116,1113,3,4
3,4242,1116,1113,3,4
3,4243,1116,1113,3,4
3,4244,1116,1113,3,4
3,4245,1116,1112,4,4
3,4246,1116,1112,4,4
3,4247,1116,1113,3,4
3,4248,1116,1112,4,4
3,4249,1116,1112,4,4
3,4250,1116,1112,4,4
3,4251,1116,1113,3,4
3,4252,1116,1113,3,4
3,4253,1116,1113,3,4
3,4254,1116,1113,3,4
3,4255,1116,1113,3,4
3,4256,1116,1113,3,4
3,4257,1116,1113,3,4
3,4258,1116,1113,3,4
3,4259,1116,1113,3,4
3,4260,1116,1113,3,4
3,4261,1116,1113,3,4
3,4262,1116,1113,3,4
3,4263,1116,1113,3,4
3,4264,1116,1113,3,4
3,4265,1116,1113,3,4
3,4266,1116,1113,3,4
3,4267,1116,1113,3,4
3,4268,1116,1112,4,4
3,4269,1116,1113,3,4
3,4270,1116,1113,3,4
3,4271,1116,1113,3,4
3,4272,1116,1112,4,4
3,4273,1116,1112,4,4
3,4274,1116,1113,3,4
3,4275,1116,1113,3,4
3,4276,1116,1113,3,4
3,4277,1116,1113,3,4
3,4278,1116,1113,3,4
3,4279,1116,1113,3,4
3,4280,1116,1113,3,4
3,4281,1116,1113,3,4
3,4282,1116,1113,3,4
3,4283,1116,1113,3,4
3,4284,1116,1113,3,4
3,4285,1116,1113,3,4
3,4286,1116,1113,3,4
3,4287,1116,1112,4,4
3,4288,1116,1113,3,4
3,4289,1116,1113,3,4
3,4290,1116,1113,3,4
3,4291,1116,1113,3,4
3,4292,1116,1113,3,4
3,4293,1116,1113,3,4
3,4294,1116,1113,3,4
3,4295,1116,1113,3,4
3,4296,1116,1112,4,4
3,4297,1116,1113,3,4
3,4298,1116,1113,3,4
3,4299,1116,1113,3,4
3,4300,1116,1113,3,4
3,4301,1116,1113,3,4
3,4302,1116,1113,3,4
3,4303,1116,1113,3,4
3,4304,1116,1113,3,4
3,4305,1116,1112,4,4
3,4306,1116,1113,3,4
3,4307,1116,1113,3,4
3,4308,1116,1113,3,4
3,4309,1116,1113,3,4
3,4310,1116,1113,3,4
3,4311,1116,1113,3,4
3,4312,1116,1113,3,4
3,4313,1116,1113,3,4
3,4314,1116,1113,3,4
3,4315,1116,1113,3,4
3,4316,1116,1112,4,4
3,4317,1116,1113,3,4
3,4318,1116,1113,3,4
3,4319,1116,1112,4,4
3,4320,1116,1113,3,4
3,4321,1116,1113,3,4
3,4322,1116,1113,3,4
3,4323,1116,1113,3,4
3,4324,1116,1113,3,4
3,4325,1116,1113,3,4
3,4326,1116,1113,3,4
3,4327,1116,1113,3,4
3,4328,1116,1113,3,4
3,4329,1116,1113,3,4
3,4330,1116,1113,3,4
3,4331,1116,1113,3,4
3,4332,1116,1113,3,4
3,4333,1116,1113,3,4
3,4334,1116,1113,3,4
3,4335,1116,1113,3,4
3,4336,1116,1113,3,4
3,4337,1116,1112,4,4
3,4338,1116,1113,3,4
3,4339,1116,1113,3,4
3,4340,1116,1113,3,4
3,4341,1116,1113,3,4
3,4342,1116,1112,4,4
3,4343,1116,1113,3,4
3,4344,1116,1113,3,4
3,4345,1116,1112,4,4
3,4346,1116,1112,4,4
3,4347,1116,1112,4,4
3,4348,1116,1113,3,4
3,4349,1116,1113,3,4
3,4350,1116,1113,3,4
3,4351,1116,1113,3,4
3,4352,1116,1113,3,4
3,4353,1116,1112,4,4
3,4354,1116,1112,4,4
3,4355,1116,1113,3,4
3,4356,1116,1112,4,4
3,4357,1116,1113,3,4
3,4358,1116,1113,3,4
3,4359,1116,1113,3,4
3,4360,1116,1113,3,4
3,4361,1116,1113,3,4
3,4362,1116,1113,3,4
3,4363,1116,1113,3,4
3,4364,1116,1113,3,4
3,4365,1116,1113,3,4
3,4366,1116,1112,4,4
3,4367,1116,1113,3,4
3,4368,1116,1113,3,4
3,4369,1116,1113,3,4
3,4370,1116,1113,3,4
3,4371,1116,1113,3,4
3,4372,1116,1113,3,4
3,4373,1116,1113,3,4
3,4374,1116,1113,3,4
3,4375,1116,1112,4,4
3,4376,1116,1113,3,4
3,4377,1116,1113,3,4
3,4378,1116,1112,4,4
3,4379,1116,1113,3,4
3,4380,1116,1113,3,4
3,4381,1116,1113,3,4
3,4382,1116,1113,3,4
3,4383,1116,1113,3,4
3,4384,1116,1113,3,4
3,4385,1116,1113,3,4
3,4386,1116,1113,3,4
3,4387,1116,1113,3,4
3,4388,1116,1113,3,4
3,4389,1116,1113,3,4
3,4390,1116,1113,3,4
3,4391,1116,1113,3,4
3,4392,1116,1113,3,4
3,4393,1116,1113,3,4
3,4394,1116,1113,3,4
3,4395,1116,1113,3,4
3,4396,1116,1113,3,4
3,4397,1116,1112,4,4
3,4398,1116,1113,3,4
3,4399,1116,1113,3,4
3,4400,1116,1112,4,4
3,4401,1116,1112,4,4
3,4402,1116,1113,3,4
3,4403,1116,1113,3,4
3,4404,1116,1113,3,4
3,4405,1116,1113,3,4
3,4406,1116,1113,3,4
3,4407,1116,1113,3,4
3,4408,1116,1113,3,4
3,4409,1116,1113,3,4
3,4410,1116,1112,4,4
3,4411,1116,1113,3,4
3,4412,1116,1113,3,4
3,4413,1116,1113,3,4
3,4414,1116,1113,3,4
3,4415,1116,1112,4,4
3,4416,1116,1112,4,4
3,4417,1116,1113,3,4
3,4418,1116,1112,4,4
3,4419,1116,1113,3,4
3,4420,1116,1113,3,4
3,4421,1116,1113,3,4
3,4422,1116,1112,4,4
3,4423,1116,1113,3,4
3,4424,1116,1113,3,4
3,4425,1116,1113,3,4
3,4426,1116,1113,3,4
3,4427,1116,1113,3,4
3,4428,1116,1113,3,4
3,4429,1116,1113,3,4
3,4430,1116,1113,3,4
3,4431,1116,1113,3,4
3,4432,1116,1113,3,4
3,4433,1116,1113,3,4
3,4434,1116,1113,3,4
3,4435,1116,1112,4,4
3,4436,1116,1113,3,4
3,4437,1116,1113,3,4
3,4438,1116,1112,4,4
3,4439,1116,1112,4,4
3,4440,1116,1112,4,4
3,4441,1116,1112,4,4
3,4442,1116,1113,3,4
3,4443,1116,1113,3,4
3,4444,1116,1113,3,4
3,4445,1116,1113,3,4
3,4446,1116,1113,3,4
3,4447,1116,1113,3,4
3,4448,1116,1113,3,4
3,4449,1116,1113,3,4
3,4450,1116,1113,3,4
3,4451,1116,1112,4,4
3,4452,1116,1113,3,4
3,4453,1116,1113,3,4
3,4454,1116,1113,3,4
3,4455,1116,1113,3,4
3,4456,1116,1112,4,4
3,4457,1116,1113,3,4
3,4458,1116,1113,3,4
3,4459,1116,1113,3,4
3,4460,1116,1113,3,4
3,4461,1116,1112,4,4
3,4462,1116,1113,3,4
3,4463,1116,1113,3,4
3,4464,1116,1113,3,4
3,4465,1116,1113,3,4
3,4466,1116,1113,3,4
3,4467,1116,1113,3,4
3,4468,1116,1113,3,4
3,4469,1116,1113,3,4
3,4470,1116,1113,3,4
3,4471,1116,1113,3,4
3,4472,1116,1113,3,4
3,4473,1116,1113,3,4
3,4474,1116,1113,3,4
3,4475,1116,1113,3,4
3,4476,1116,1113,3,4
3,4477,1116,1113,3,4
3,4478,1116,1112,4,4
3,4479,1116,1113,3,4
3,4480,1116,1113,3,4
3,4481,1116,1113,3,4
3,4482,1116,1113,3,4
3,4483,1116,1113,3,4
3,4484,1116,1113,3,4
3,4485,1116,1113,3,4
3,4486,1116,1113,3,4
3,4487,1116,1113,3,4
3,4488,1116,1113,3,4
3,4489,1116,1113,3,4
3,4490,1116,1113,3,4
3,4491,1116,1113,3,4
3,4492,1116,1113,3,4
3,4493,1116,1113,3,4
3,4494,1116,1113,3,4
3,4495,1116,1113,3,4
3,4496,1116,1113,3,4
3,4497,1116,1113,3,4
3,4498,1116,1113,3,4
3,4499,1116,1113,3,4
3,4500,1116,1113,3,4
3,4501,1116,1112,4,4
3,4502,1116,1112,4,4
3,4503,1116,1113,3,4
3,4504,1116,1112,4,4
3,4505,1116,1113,3,4
3,4506,1116,1112,4,4
3,4507,1116,1113,3,4
3,4508,1116,1113,3,4
3,4509,1116,1113,3,4
3,4510,1116,1113,3,4
3,4511,1116,1113,3,4
3,4512,1116,1113,3,4
3,4513,1116,1113,3,4
3,4514,1116,1113,3,4
3,4515,1116,1113,3,4
3,4516,1116,1113,3,4
3,4517,1116,1113,3,4
3,4518,1116,1113,3,4
3,4519,1116,1113,3,4
3,4520,1116,1113,3,4
3,4521,1116,1113,3,4
3,4522,1116,1113,3,4
3,4523,1116,1113,3,4
3,4524,1116,1113,3,4
3,4525,1116,1113,3,4
3,4526,1116,1113,3,4
3,4527,1116,1112,4,4
3,4528,1116,1113,3,4
3,4529,1116,1113,3,4
3,4530,1116,1113,3,4
3,4531,1116,1113,3,4
3,4532,1116,1113,3,4
3,4533,1116,1113,3,4
3,4534,1116,1113,3,4
3,4535,1116,1112,4,4
3,4536,1116,1113,3,4
3,4537,1116,1113,3,4
3,4538,1116,1113,3,4
3,4539,1116,1113,3,4
3,4540,1116,1113,3,4
3,4541,1116,1113,3,4
3,4542,1116,1113,3,4
3,4543,1116,1113,3,4
3,4544,1116,1112,4,4
3,4545,1116,1113,3,4
3,4546,1116,1113,3,4
3,4547,1116,1112,4,4
3,4548,1116,1112,4,4
3,4549,1116,1113,3,4
3,4550,1116,1113,3,4
3,4551,1116,1113,3,4
3,4552,1116,1113,3,4
3,4553,1116,1113,3,4
3,4554,1116,1113,3,4
3,4555,1116,1112,4,4
3,4556,1116,1113,3,4
3,4557,1116,1113,3,4
3,4558,1116,1112,4,4
3,4559,1116,1113,3,4
3,4560,1116,1112,4,4
3,4561,1116,1113,3,4
3,4562,1116,1113,3,4
3,4563,1116,1113,3,4
3,4564,1116,1113,3,4
3,4565,1116,1113,3,4
3,4566,1116,1113,3,4
3,4567,1116,1112,4,4
3,4568,1116,1113,3,4
3,4569,1116,1113,3,4
3,4570,1116,1113,3,4
3,4571,1116,1112,4,4
3,4572,1116,1112,4,4
3,4573,1116,1113,3,4
3,4574,1116,1113,3,4
3,4575,1116,1113,3,4
3,4576,1116,1113,3,4
3,4577,1116,1113,3,4
3,4578,1116,1113,3,4
3,4579,1116,1113,3,4
3,4580,1116,1113,3,4
3,4581,1116,1113,3,4
3,4582,1116,1113,3,4
3,4583,1116,1113,3,4
3,4584,1116,1113,3,4
3,4585,1116,1113,3,4
3,4586,1116,1113,3,4
3,4587,1116,1113,3,4
3,4588,1116,1113,3,4
3,4589,1116,1113,3,4
3,4590,1116,1113,3,4
3,4591,1116,1113,3,4
3,4592,1116,1113,3,4
3,4593,1116,1113,3,4
3,4594,1116,1113,3,4
3,4595,1116,1113,3,4
3,4596,1116,1113,3,4
3,4597,1116,1113,3,4
3,4598,1116,1113,3,4
3,4599,1116,1112,4,4
3,4600,1116,1113,3,4
3,4601,1116,1112,4,4
3,4602,1116,1113,3,4
3,4603,1116,1113,3,4
3,4604,1116,1113,3,4
3,4605,1116,1113,3,4
3,4606,1116,1113,3,4
3,4607,1116,1113,3,4
3,4608,1116,1113,3,4
3,4609,1116,1112,4,4
3,4610,1116,1113,3,4
3,4611,1116,1113,3,4
3,4612,1116,1113,3,4
3,4613,1116,1113,3,4
3,4614,1116,1112,4,4
3,4615,1116,1113,3,4
3,4616,1116,1112,4,4
3,4617,1116,1113,3,4
3,4618,1116,1113,3,4
3,4619,1116,1113,3,4
3,4620,1116,1112,4,4
3,4621,1116,1113,3,4
3,4622,1116,1113,3,4
3,4623,1116,1113,3,4
3,4624,1116,1113,3,4
3,4625,1116,1112,4,4
3,4626,1116,1113,3,4
3,4627,1116,1113,3,4
3,4628,1116,1113,3,4
3,4629,1116,1113,3,4
3,4630,1116,1112,4,4
3,4631,1116,1113,3,4
3,4632,1116,1113,3,4
3,4633,1116,1113,3,4
3,4634,1116,1113,3,4
3,4635,1116,1112,4,4
3,4636,1116,1113,3,4
3,4637,1116,1112,4,4
3,4638,1116,1113,3,4
3,4639,1116,1113,3,4
3,4640,1116,1112,4,4
3,4641,1116,1112,4,4
3,4642,1116,1113,3,4
3,4643,1116,1113,3,4
3,4644,1116,1113,3,4
3,4645,1116,1112,4,4
3,4646,1116,1113,3,4
3,4647,1116,1113,3,4
3,4648,1116,1112,4,4
3,4649,1116,1113,3,4
3,4650,1116,1113,3,4
3,4651,1116,1113,3,4
3,4652,1116,1113,3,4
3,4653,1116,1113,3,4
3,4654,1116,1113,3,4
3,4655,1116,1113,3,4
3,4656,1116,1113,3,4
3,4657,1116,1112,4,4
3,4658,1116,1112,4,4
3,4659,1116,1113,3,4
3,4660,1116,1113,3,4
3,4661,1116,1113,3,4
3,4662,1116,1113,3,4
3,4663,1116,1113,3,4
3,4664,1116,1113,3,4
3,4665,1116,1112,4,4
3,4666,1116,1113,3,4
3,4667,1116,1113,3,4
3,4668,1116,1113,3,4
3,4669,1116,1113,3,4
3,4670,1116,1113,3,4
3,4671,1116,1113,3,4
3,4672,1116,1113,3,4
3,4673,1116,1113,3,4
3,4674,1116,1113,3,4
3,4675,1116,1113,3,4
3,4676,1116,1113,3,4
3,4677,1116,1113,3,4
3,4678,1116,1112,4,4
3,4679,1116,1113,3,4
3,4680,1116,1113,3,4
3,4681,1116,1113,3,4
3,4682,1116,1113,3,4
3,4683,1116,1113,3,4
3,4684,1116,1112,4,4
3,4685,1116,1113,3,4
3,4686,1116,1112,4,4
3,4687,1116,1113,3,4
3,4688,1116,1113,3,4
3,4689,1116,1113,3,4
3,4690,1116,1113,3,4
3,4691,1116,1113,3,4
3,4692,1116,1113,3,4
3,4693,1116,1113,3,4
3,4694,1116,1113,3,4
3,4695,1116,1113,3,4
3,4696,1116,1113,3,4
3,4697,1116,1113,3,4
3,4698,1116,1113,3,4
3,4699,1116,1113,3,4
3,4700,1116,1113,3,4
3,4701,1116,1112,4,4
3,4702,1116,1112,4,4
3,4703,1116,1113,3,4
3,4704,1116,1113,3,4
3,4705,1116,1113,3,4
3,4706,1116,1113,3,4
3,4707,1116,1112,4,4
3,4708,1116,1113,3,4
3,4709,1116,1113,3,4
3,4710,1116,1112,4,4
3,4711,1116,1112,4,4
3,4712,1116,1113,3,4
3,4713,1116,1113,3,4
3,4714,1116,1113,3,4
3,4715,1116,1112,4,4
3,4716,1116,1113,3,4
3,4717,1116,1113,3,4
3,4718,1116,1113,3,4
3,4719,1116,1113,3,4
3,4720,1116,1113,3,4
3,4721,1116,1113,3,4
3,4722,1116,1113,3,4
3,4723,1116,1112,4,4
3,4724,1116,1113,3,4
3,4725,1116,1113,3,4
3,4726,1116,1112,4,4
3,4727,1116,1113,3,4
3,4728,1116,1113,3,4
3,4729,1116,1113,3,4
3,4730,1116,1113,3,4
3,4731,1116,1112,4,4
3,4732,1116,1113,3,4
3,4733,1116,1113,3,4
3,4734,1116,1113,3,4
3,4735,1116,1112,4,4
3,4736,1116,1113,3,4
3,4737,1116,1113,3,4
3,4738,1116,1113,3,4
3,4739,1116,1112,4,4
3,4740,1116,1113,3,4
3,4741,1116,1112,4,4
3,4742,1116,1113,3,4
3,4743,1116,1113,3,4
3,4744,1116,1113,3,4
3,4745,1116,1113,3,4
3,4746,1116,1113,3,4
3,4747,1116,1113,3,4
3,4748,1116,1113,3,4
3,4749,1116,1113,3,4
3,4750,1116,1113,3,4
3,4751,1116,1113,3,4
3,4752,1116,1113,3,4
3,4753,1116,1113,3,4
3,4754,1116,1113,3,4
3,4755,1116,1113,3,4
3,4756,1116,1113,3,4
3,4757,1116,1112,4,4
3,4758,1116,1113,3,4
3,4759,1116,1113,3,4
3,4760,1116,1113,3,4
3,4761,1116,1113,3,4
3,4762,1116,1112,4,4
3,4763,1116,1112,4,4
3,4764,1116,1113,3,4
3,4765,1116,1113,3,4
3,4766,1116,1112,4,4
3,4767,1116,1113,3,4
3,4768,1116,1113,3,4
3,4769,1116,1112,4,4
3,4770,1116,1112,4,4
3,4771,1116,1113,3,4
3,4772,1116,1113,3,4
3,4773,1116,1113,3,4
3,4774,1116,1112,4,4
3,4775,1116,1112,4,4
3,4776,1116,1113,3,4
3,4777,1116,1113,3,4
3,4778,1116,1113,3,4
3,4779,1116,1113,3,4
3,4780,1116,1113,3,4
3,4781,1116,1113,3,4
3,4782,1116,1113,3,4
3,4783,1116,1113,3,4
3,4784,1116,1113,3,4
3,4785,1116,1113,3,4
3,4786,1116,1113,3,4
3,4787,1116,1113,3,4
3,4788,1116,1112,4,4
3,4789,1116,1112,4,4
3,4790,1116,1112,4,4
3,4791,1116,1113,3,4
3,4792,1116,1112,4,4
3,4793,1116,1113,3,4
3,4794,1116,1113,3,4
3,4795,1116,1113,3,4
3,4796,1116,1113,3,4
3,4797,1116,1113,3,4
3,4798,1116,1112,4,4
3,4799,1116,1112,4,4
3,4800,1116,1112,4,4
3,4801,1116,1113,3,4
3,4802,1116,1112,4,4
3,4803,1116,1112,4,4
3,4804,1116,1112,4,4
3,4805,1116,1112,4,4
3,4806,1116,1113,3,4
3,4807,1116,1113,3,4
3,4808,1116,1113,3,4
3,4809,1116,1113,3,4
3,4810,1116,1113,3,4
3,4811,1116,1112,4,4
3,4812,1116,1113,3,4
3,4813,1116,1113,3,4
3,4814,1116,1113,3,4
3,4815,1116,1112,4,4
3,4816,1116,1113,3,4
3,4817,1116,1113,3,4
3,4818,1116,1113,3,4
3,4819,1116,1113,3,4
3,4820,1116,1113,3,4
3,4821,1116,1113,3,4
3,4822,1116,1113,3,4
3,4823,1116,1113,3,4
3,4824,1116,1112,4,4
3,4825,1116,1113,3,4
3,4826,1116,1113,3,4
3,4827,1116,1113,3,4
3,4828,1116,1113,3,4
3,4829,1116,1113,3,4
3,4830,1116,1113,3,4
3,4831,1116,1113,3,4
3,4832,1116,1113,3,4
3,4833,1116,1113,3,4
3,4834,1116,1112,4,4
3,4835,1116,1113,3,4
3,4836,1116,1113,3,4
3,4837,1116,1112,4,4
3,4838,1116,1113,3,4
3,4839,1116,1113,3,4
3,4840,1116,1113,3,4
3,4841,1116,1113,3,4
3,4842,1116,1113,3,4
3,4843,1116,1112,4,4
3,4844,1116,1113,3,4
3,4845,1116,1113,3,4
3,4846,1116,1113,3,4
3,4847,1116,1113,3,4
3,4848,1116,1113,3,4
3,4849,1116,1112,4,4
3,4850,1116,1113,3,4
3,4851,1116,1113,3,4
3,4852,1116,1113,3,4
3,4853,1116,1112,4,4
3,4854,1116,1113,3,4
3,4855,1116,1113,3,4
3,4856,1116,1112,4,4
3,4857,1116,1113,3,4
3,4858,1116,1113,3,4
3,4859,1116,1113,3,4
3,4860,1116,1113,3,4
3,4861,1116,1113,3,4
3,4862,1116,1113,3,4
3,4863,1116,1113,3,4
3,4864,1116,1113,3,4
3,4865,1116,1113,3,4
3,4866,1116,1113,3,4
3,4867,1116,1113,3,4
3,4868,1116,1113,3,4
3,4869,1116,1113,3,4
3,4870,1116,1113,3,4
3,4871,1116,1113,3,4
3,4872,1116,1113,3,4
3,4873,1116,1113,3,4
3,4874,1116,1112,4,4
3,4875,1116,1112,4,4
3,4876,1116,1113,3,4
3,4877,1116,1113,3,4
3,4878,1116,1112,4,4
3,4879,1116,1113,3,4
3,4880,1116,1112,4,4
3,4881,1116,1113,3,4
3,4882,1116,1113,3,4
3,4883,1116,1113,3,4
3,4884,1116,1113,3,4
3,4885,1116,1113,3,4
3,4886,1116,1112,4,4
3,4887,1116,1113,3,4
3,4888,1116,1113,3,4
3,4889,1116,1112,4,4
3,4890,1116,1113,3,4
3,4891,1116,1113,3,4
3,4892,1116,1112,4,4
3,4893,1116,1113,3,4
3,4894,1116,1113,3,4
3,4895,1116,1113,3,4
3,4896,1116,1113,3,4
3,4897,1116,1113,3,4
3,4898,1116,1113,3,4
3,4899,1116,1113,3,4
3,4900,1116,1113,3,4
3,4901,1116,1113,3,4
3,4902,1116,1113,3,4
3,4903,1116,1113,3,4
3,4904,1116,1113,3,4
3,4905,1116,1113,3,4
3,4906,1116,1112,4,4
3,4907,1116,1113,3,4
3,4908,1116,1112,4,4
3,4909,1116,1113,3,4
3,4910,1116,1113,3,4
3,4911,1116,1113,3,4
3,4912,1116,1113,3,4
3,4913,1116,1112,4,4
3,4914,1116,1113,3,4
3,4915,1116,1113,3,4
3,4916,1116,1112,4,4
3,4917,1116,1112,4,4
3,4918,1116,1113,3,4
3,4919,1116,1113,3,4
3,4920,1116,1113,3,4
3,4921,1116,1113,3,4
3,4922,1116,1113,3,4
3,4923,1116,1113,3,4
3,4924,1116,1113,3,4
3,4925,1116,1113,3,4
3,4926,1116,1113,3,4
3,4927,1116,1113,3,4
3,4928,1116,1112,4,4
3,4929,1116,1113,3,4
3,4930,1116,1113,3,4
3,4931,1116,1113,3,4
3,4932,1116,1113,3,4
3,4933,1116,1113,3,4
3,4934,1116,1112,4,4
3,4935,1116,1113,3,4
3,4936,1116,1113,3,4
3,4937,1116,1112,4,4
3,4938,1116,1113,3,4
3,4939,1116,1113,3,4
3,4940,1116,1112,4,4
3,4941,1116,1113,3,4
3,4942,1116,1112,4,4
3,4943,1116,1113,3,4
3,4944,1116,1112,4,4
3,4945,1116,1113,3,4
3,4946,1116,1113,3,4
3,4947,1116,1113,3,4
3,4948,1116,1112,4,4
3,4949,1116,1113,3,4
3,4950,1116,1113,3,4
3,4951,1116,1113,3,4
3,4952,1116,1112,4,4
3,4953,1116,1113,3,4
3,4954,1116,1113,3,4
3,4955,1116,1113,3,4
3,4956,1116,1113,3,4
3,4957,1116,1113,3,4
3,4958,1116,1112,4,4
3,4959,1116,1113,3,4
3,4960,1116,1113,3,4
3,4961,1116,1113,3,4
3,4962,1116,1112,4,4
3,4963,1116,1113,3,4
3,4964,1116,1113,3,4
3,4965,1116,1113,3,4
3,4966,1116,1113,3,4
3,4967,1116,1113,3,4
3,4968,1116,1113,3,4
3,4969,1116,1113,3,4
3,4970,1116,1113,3,4
3,4971,1116,1113,3,4
3,4972,1116,1113,3,4
3,4973,1116,1112,4,4
3,4974,1116,1112,4,4
3,4975,1116,1113,3,4
3,4976,1116,1113,3,4
3,4977,1116,1113,3,4
3,4978,1116,1113,3,4
3,4979,1116,1113,3,4
3,4980,1116,1112,4,4
3,4981,1116,1113,3,4
3,4982,1116,1112,4,4
3,4983,1116,1113,3,4
3,4984,1116,1113,3,4
3,4985,1116,1113,3,4
3,4986,1116,1113,3,4
3,4987,1116,1112,4,4
3,4988,1116,1113,3,4
3,4989,1116,1112,4,4
3,4990,1116,1113,3,4
3,4991,1116,1113,3,4
3,4992,1116,1113,3,4
3,4993,1116,1113,3,4
3,4994,1116,1113,3,4
3,4995,1116,1113,3,4
3,4996,1116,1112,4,4
3,4997,1116,1113,3,4
3,4998,1116,1113,3,4
3,4999,1116,1112,4,4
3,5000,1116,1112,4,4
3,5001,1116,1113,3,4
3,5002,1116,1113,3,4
3,5003,1116,1113,3,4
3,5004,1116,1113,3,4
3,5005,1116,1112,4,4
3,5006,1116,1113,3,4
3,5007,1116,1113,3,4
3,5008,1116,1113,3,4
3,5009,1116,1113,3,4
3,5010,1116,1112,4,4
3,5011,1116,1113,3,4
3,5012,1116,1112,4,4
3,5013,1116,1113,3,4
3,5014,1116,1113,3,4
3,5015,1116,1113,3,4
3,5016,1116,1112,4,4
3,5017,1116,1113,3,4
3,5018,1116,1113,3,4
3,5019,1116,1112,4,4
3,5020,1116,1113,3,4
3,5021,1116,1113,3,4
3,5022,1116,1113,3,4
3,5023,1116,1113,3,4
3,5024,1116,1113,3,4
3,5025,1116,1113,3,4
3,5026,1116,1112,4,4
3,5027,1116,1113,3,4
3,5028,1116,1113,3,4
3,5029,1116,1113,3,4
3,5030,1116,1113,3,4
3,5031,1116,1113,3,4
3,5032,1116,1113,3,4
3,5033,1116,1112,4,4
3,5034,1116,1113,3,4
3,5035,1116,1113,3,4
3,5036,1116,1112,4,4
3,5037,1116,1113,3,4
3,5038,1116,1112,4,4
3,5039,1116,1113,3,4
3,5040,1116,1113,3,4
3,5041,1116,1113,3,4
3,5042,1116,1113,3,4
3,5043,1116,1113,3,4
3,5044,1116,1113,3,4
3,5045,1116,1112,4,4
3,5046,1116,1112,4,4
3,5047,1116,1113,3,4
3,5048,1116,1113,3,4
3,5049,1116,1113,3,4
3,5050,1116,1113,3,4
3,5051,1116,1113,3,4
3,5052,1116,1113,3,4
3,5053,1116,1113,3,4
3,5054,1116,1113,3,4
3,5055,1116,1113,3,4
3,5056,1116,1113,3,4
3,5057,1116,1113,3,4
3,5058,1116,1113,3,4
3,5059,1116,1113,3,4
3,5060,1116,1113,3,4
3,5061,1116,1113,3,4
3,5062,1116,1113,3,4
3,5063,1116,1113,3,4
3,5064,1116,1113,3,4
3,5065,1116,1113,3,4
3,5066,1116,1113,3,4
3,5067,1116,1113,3,4
3,5068,1116,1112,4,4
3,5069,1116,1113,3,4
3,5070,1116,1112,4,4
3,5071,1116,1113,3,4
3,5072,1116,1113,3,4
3,5073,1116,1113,3,4
3,5074,1116,1113,3,4
3,5075,1116,1113,3,4
3,5076,1116,1113,3,4
3,5077,1116,1113,3,4
3,5078,1116,1113,3,4
3,5079,1116,1113,3,4
3,5080,1116,1113,3,4
3,5081,1116,1113,3,4
3,5082,1116,1113,3,4
3,5083,1116,1112,4,4
3,5084,1116,1113,3,4
3,5085,1116,1112,4,4
3,5086,1116,1113,3,4
3,5087,1116,1113,3,4
3,5088,1116,1113,3,4
3,5089,1116,1113,3,4
3,5090,1116,1112,4,4
3,5091,1116,1113,3,4
3,5092,1116,1113,3,4
3,5093,1116,1112,4,4
3,5094,1116,1113,3,4
3,5095,1116,1112,4,4
3,5096,1116,1113,3,4
3,5097,1116,1113,3,4
3,5098,1116,1113,3,4
3,5099,1116,1113,3,4
3,5100,1116,1113,3,4
3,5101,1116,1113,3,4
3,5102,1116,1113,3,4
3,5103,1116,1113,3,4
3,5104,1116,1113,3,4
3,5105,1116,1113,3,4
3,5106,1116,1112,4,4
3,5107,1116,1113,3,4
3,5108,1116,1113,3,4
3,5109,1116,1112,4,4
3,5110,1116,1113,3,4
3,5111,1116,1112,4,4
3,5112,1116,1113,3,4
3,5113,1116,1113,3,4
3,5114,1116,1113,3,4
3,5115,1116,1113,3,4
3,5116,1116,1113,3,4
3,5117,1116,1113,3,4
3,5118,1116,1113,3,4
3,5119,1116,1112,4,4
3,5120,1116,1113,3,4
3,5121,1116,1113,3,4
3,5122,1116,1112,4,4
3,5123,1116,1113,3,4
3,5124,1116,1113,3,4
3,5125,1116,1113,3,4
3,5126,1116,1113,3,4
3,5127,1116,1113,3,4
3,5128,1116,1113,3,4
3,5129,1116,1113,3,4
3,5130,1116,1113,3,4
3,5131,1116,1112,4,4
3,5132,1116,1113,3,4
3,5133,1116,1113,3,4
3,5134,1116,1113,3,4
3,5135,1116,1113,3,4
3,5136,1116,1113,3,4
3,5137,1116,1113,3,4
3,5138,1116,1113,3,4
3,5139,1116,1113,3,4
3,5140,1116,1113,3,4
3,5141,1116,1113,3,4
3,5142,1116,1112,4,4
3,5143,1116,1113,3,4
3,5144,1116,1113,3,4
3,5145,1116,1112,4,4
3,5146,1116,1113,3,4
3,5147,1116,1113,3,4
3,5148,1116,1113,3,4
3,5149,1116,1113,3,4
3,5150,1116,1112,4,4
3,5151,1116,1112,4,4
3,5152,1116,1113,3,4
3,5153,1116,1113,3,4
3,5154,1116,1113,3,4
3,5155,1116,1113,3,4
3,5156,1116,1113,3,4
3,5157,1116,1112,4,4
3,5158,1116,1112,4,4
3,5159,1116,1113,3,4
3,5160,1116,1113,3,4
3,5161,1116,1113,3,4
3,5162,1116,1113,3,4
3,5163,1116,1112,4,4
3,5164,1116,1113,3,4
3,5165,1116,1113,3,4
3,5166,1116,1113,3,4
3,5167,1116,1113,3,4
3,5168,1116,1113,3,4
3,5169,1116,1113,3,4
3,5170,1116,1113,3,4
3,5171,1116,1113,3,4
3,5172,1116,1112,4,4
3,5173,1116,1113,3,4
3,5174,1116,1113,3,4
3,5175,1116,1113,3,4
3,5176,1116,1113,3,4
3,5177,1116,1112,4,4
3,5178,1116,1112,4,4
3,5179,1116,1113,3,4
3,5180,1116,1113,3,4
3,5181,1116,1113,3,4
3,5182,1116,1112,4,4
3,5183,1116,1112,4,4
3,5184,1116,1113,3,4
3,5185,1116,1113,3,4
3,5186,1116,1113,3,4
3,5187,1116,1113,3,4
3,5188,1116,1113,3,4
3,5189,1116,1113,3,4
3,5190,1116,1113,3,4
3,5191,1116,1112,4,4
3,5192,1116,1113,3,4
3,5193,1116,1112,4,4
3,5194,1116,1113,3,4
3,5195,1116,1113,3,4
3,5196,1116,1113,3,4
3,5197,1116,1113,3,4
3,5198,1116,1113,3,4
3,5199,1116,1112,4,4
3,5200,1116,1113,3,4
3,5201,1116,1113,3,4
3,5202,1116,1113,3,4
3,5203,1116,1113,3,4
3,5204,1116,1113,3,4
3,5205,1116,1113,3,4
3,5206,1116,1113,3,4
3,5207,1116,1113,3,4
3,5208,1116,1112,4,4
3,5209,1116,1113,3,4
3,5210,1116,1113,3,4
3,5211,1116,1113,3,4
3,5212,1116,1113,3,4
3,5213,1116,1112,4,4
3,5214,1116,1113,3,4
3,5215,1116,1113,3,4
3,5216,1116,1112,4,4
3,5217,1116,1113,3,4
3,5218,1116,1112,4,4
3,5219,1116,1113,3,4
3,5220,1116,1113,3,4
3,5221,1116,1113,3,4
3,5222,1116,1113,3,4
3,5223,1116,1112,4,4
3,5224,1116,1113,3,4
3,5225,1116,1113,3,4
3,5226,1116,1113,3,4
3,5227,1116,1113,3,4
3,5228,1116,1113,3,4
3,5229,1116,1113,3,4
3,5230,1116,1113,3,4
3,5231,1116,1113,3,4
3,5232,1116,1113,3,4
3,5233,1116,1113,3,4
3,5234,1116,1113,3,4
3,5235,1116,1113,3,4
3,5236,1116,1112,4,4
3,5237,1116,1113,3,4
3,5238,1116,1113,3,4
3,5239,1116,1113,3,4
3,5240,1116,1113,3,4
3,5241,1116,1113,3,4
3,5242,1116,1112,4,4
3,5243,1116,1113,3,4
3,5244,1116,1112,4,4
3,5245,1116,1112,4,4
3,5246,1116,1113,3,4
3,5247,1116,1113,3,4
3,5248,1116,1113,3,4
3,5249,1116,1113,3,4
3,5250,1116,1113,3,4
3,5251,1116,1113,3,4
3,5252,1116,1113,3,4
3,5253,1116,1112,4,4
3,5254,1116,1113,3,4
3,5255,1116,1113,3,4
3,5256,1116,1113,3,4
3,5257,1116,1113,3,4
3,5258,1116,1113,3,4
3,5259,1116,1113,3,4
3,5260,1116,1113,3,4
3,5261,1116,1112,4,4
3,5262,1116,1113,3,4
3,5263,1116,1113,3,4
3,5264,1116,1113,3,4
3,5265,1116,1113,3,4
3,5266,1116,1113,3,4
3,5267,1116,1113,3,4
3,5268,1116,1113,3,4
3,5269,1116,1113,3,4
3,5270,1116,1113,3,4
3,5271,1116,1113,3,4
3,5272,1116,1113,3,4
3,5273,1116,1112,4,4
3,5274,1116,1113,3,4
3,5275,1116,1113,3,4
3,5276,1116,1112,4,4
3,5277,1116,1113,3,4
3,5278,1116,1113,3,4
3,5279,1116,1113,3,4
3,5280,1116,1112,4,4
3,5281,1116,1113,3,4
3,5282,1116,1113,3,4
3,5283,1116,1112,4,4
3,5284,1116,1113,3,4
3,5285,1116,1113,3,4
3,5286,1116,1113,3,4
3,5287,1116,1112,4,4
3,5288,1116,1113,3,4
3,5289,1116,1113,3,4
3,5290,1116,1113,3,4
3,5291,1116,1113,3,4
3,5292,1116,1113,3,4
3,5293,1116,1113,3,4
3,5294,1116,1113,3,4
3,5295,1116,1113,3,4
3,5296,1116,1112,4,4
3,5297,1116,1113,3,4
3,5298,1116,1113,3,4
3,5299,1116,1113,3,4
3,5300,1116,1113,3,4
3,5301,1116,1112,4,4
3,5302,1116,1113,3,4
3,5303,1116,1113,3,4
3,5304,1116,1113,3,4
3,5305,1116,1113,3,4
3,5306,1116,1113,3,4
3,5307,1116,1113,3,4
3,5308,1116,1113,3,4
3,5309,1116,1113,3,4
3,5310,1116,1113,3,4
3,5311,1116,1113,3,4
3,5312,1116,1113,3,4
3,5313,1116,1112,4,4
3,5314,1116,1112,4,4
3,5315,1116,1113,3,4
3,5316,1116,1113,3,4
3,5317,1116,1113,3,4
3,5318,1116,1113,3,4
3,5319,1116,1112,4,4
3,5320,1116,1113,3,4
3,5321,1116,1112,4,4
3,5322,1116,1113,3,4
3,5323,1116,1113,3,4
3,5324,1116,1113,3,4
3,5325,1116,1113,3,4
3,5326,1116,1113,3,4
3,5327,1116,1113,3,4
3,5328,1116,1113,3,4
3,5329,1116,1113,3,4
3,5330,1116,1113,3,4
3,5331,1116,1113,3,4
3,5332,1116,1113,3,4
3,5333,1116,1113,3,4
3,5334,1116,1113,3,4
3,5335,1116,1112,4,4
3,5336,1116,1113,3,4
3,5337,1116,1113,3,4
3,5338,1116,1112,4,4
3,5339,1116,1113,3,4
3,5340,1116,1113,3,4
3,5341,1116,1113,3,4
3,5342,1116,1112,4,4
3,5343,1116,1112,4,4
3,5344,1116,1113,3,4
3,5345,1116,1113,3,4
3,5346,1116,1113,3,4
3,5347,1116,1113,3,4
3,5348,1116,1113,3,4
3,5349,1116,1112,4,4
3,5350,1116,1113,3,4
3,5351,1116,1113,3,4
3,5352,1116,1113,3,4
3,5353,1116,1112,4,4
3,5354,1116,1113,3,4
3,5355,1116,1113,3,4
3,5356,1116,1112,4,4
3,5357,1116,1113,3,4
3,5358,1116,1113,3,4
3,5359,1116,1113,3,4
3,5360,1116,1113,3,4
3,5361,1116,1113,3,4
3,5362,1116,1113,3,4
3,5363,1116,1113,3,4
3,5364,1116,1112,4,4
3,5365,1116,1113,3,4
3,5366,1116,1113,3,4
3,5367,1116,1113,3,4
3,5368,1116,1112,4,4
3,5369,1116,1113,3,4
3,5370,1116,1113,3,4
3,5371,1116,1113,3,4
3,5372,1116,1112,4,4
3,5373,1116,1113,3,4
3,5374,1116,1113,3,4
3,5375,1116,1113,3,4
3,5376,1116,1113,3,4
3,5377,1116,1112,4,4
3,5378,1116,1113,3,4
3,5379,1116,1112,4,4
3,5380,1116,1113,3,4
3,5381,1116,1113,3,4
3,5382,1116,1113,3,4
3,5383,1116,1113,3,4
3,5384,1116,1113,3,4
3,5385,1116,1113,3,4
3,5386,1116,1113,3,4
3,5387,1116,1113,3,4
3,5388,1116,1113,3,4
3,5389,1116,1113,3,4
3,5390,1116,1113,3,4
3,5391,1116,1113,3,4
3,5392,1116,1112,4,4
3,5393,1116,1113,3,4
3,5394,1116,1113,3,4
3,5395,1116,1113,3,4
3,5396,1116,1113,3,4
3,5397,1116,1113,3,4
3,5398,1116,1112,4,4
3,5399,1116,1113,3,4
3,5400,1116,1113,3,4
3,5401,1116,1113,3,4
3,5402,1116,1113,3,4
3,5403,1116,1113,3,4
3,5404,1116,1113,3,4
3,5405,1116,1113,3,4
3,5406,1116,1113,3,4
3,5407,1116,1113,3,4
3,5408,1116,1113,3,4
3,5409,1116,1113,3,4
3,5410,1116,1113,3,4
3,5411,1116,1113,3,4
3,5412,1116,1113,3,4
3,5413,1116,1113,3,4
3,5414,1116,1113,3,4
3,5415,1116,1113,3,4
3,5416,1116,1113,3,4
3,5417,1116,1113,3,4
3,5418,1116,1113,3,4
3,5419,1116,1113,3,4
3,5420,1116,1113,3,4
3,5421,1116,1113,3,4
3,5422,1116,1113,3,4
3,5423,1116,1112,4,4
3,5424,1116,1113,3,4
3,5425,1116,1112,4,4
3,5426,1116,1113,3,4
3,5427,1116,1113,3,4
3,5428,1116,1113,3,4
3,5429,1116,1113,3,4
3,5430,1116,1112,4,4
3,5431,1116,1112,4,4
3,5432,1116,1112,4,4
3,5433,1116,1113,3,4
3,5434,1116,1113,3,4
3,5435,1116,1113,3,4
3,5436,1116,1113,3,4
3,5437,1116,1112,4,4
3,5438,1116,1112,4,4
3,5439,1116,1113,3,4
3,5440,1116,1113,3,4
3,5441,1116,1113,3,4
3,5442,1116,1113,3,4
3,5443,1116,1113,3,4
3,5444,1116,1113,3,4
3,5445,1116,1112,4,4
3,5446,1116,1113,3,4
3,5447,1116,1113,3,4
3,5448,1116,1112,4,4
3,5449,1116,1113,3,4
3,5450,1116,1113,3,4
3,5451,1116,1113,3,4
3,5452,1116,1113,3,4
3,5453,1116,1113,3,4
3,5454,1116,1113,3,4
3,5455,1116,1113,3,4
3,5456,1116,1113,3,4
3,5457,1116,1113,3,4
3,5458,1116,1113,3,4
3,5459,1116,1113,3,4
3,5460,1116,1113,3,4
3,5461,1116,1112,4,4
3,5462,1116,1113,3,4
3,5463,1116,1112,4,4
3,5464,1116,1113,3,4
3,5465,1116,1113,3,4
3,5466,1116,1113,3,4
3,5467,1116,1113,3,4
3,5468,1116,1113,3,4
3,5469,1116,1113,3,4
3,5470,1116,1113,3,4
3,5471,1116,1113,3,4
3,5472,1116,1112,4,4
3,5473,1116,1112,4,4
3,5474,1116,1112,4,4
3,5475,1116,1113,3,4
3,5476,1116,1113,3,4
3,5477,1116,1113,3,4
3,5478,1116,1113,3,4
3,5479,1116,1112,4,4
3,5480,1116,1113,3,4
3,5481,1116,1113,3,4
3,5482,1116,1113,3,4
3,5483,1116,1113,3,4
3,5484,1116,1113,3,4
3,5485,1116,1112,4,4
3,5486,1116,1113,3,4
3,5487,1116,1113,3,4
3,5488,1116,1113,3,4
3,5489,1116,1112,4,4
3,5490,1116,1113,3,4
3,5491,1116,1113,3,4
3,5492,1116,1113,3,4
3,5493,1116,1112,4,4
3,5494,1116,1113,3,4
3,5495,1116,1112,4,4
3,5496,1116,1113,3,4
3,5497,1116,1113,3,4
3,5498,1116,1113,3,4
3,5499,1116,1113,3,4
3,5500,1116,1113,3,4
3,5501,1116,1112,4,4
3,5502,1116,1113,3,4
3,5503,1116,1113,3,4
3,5504,1116,1113,3,4
3,5505,1116,1112,4,4
3,5506,1116,1112,4,4
3,5507,1116,1112,4,4
3,5508,1116,1112,4,4
3,5509,1116,1113,3,4
3,5510,1116,1113,3,4
3,5511,1116,1113,3,4
3,5512,1116,1113,3,4
3,5513,1116,1113,3,4
3,5514,1116,1113,3,4
3,5515,1116,1112,4,4
3,5516,1116,1113,3,4
3,5517,1116,1113,3,4
3,5518,1116,1113,3,4
3,5519,1116,1113,3,4
3,5520,1116,1113,3,4
3,5521,1116,1113,3,4
3,5522,1116,1113,3,4
3,5523,1116,1113,3,4
3,5524,1116,1113,3,4
3,5525,1116,1113,3,4
3,5526,1116,1113,3,4
3,5527,1116,1113,3,4
3,5528,1116,1113,3,4
3,5529,1116,1113,3,4
3,5530,1116,1113,3,4
3,5531,1116,1113,3,4
3,5532,1116,1113,3,4
3,5533,1116,1112,4,4
3,5534,1116,1113,3,4
3,5535,1116,1112,4,4
3,5536,1116,1113,3,4
3,5537,1116,1113,3,4
3,5538,1116,1113,3,4
3,5539,1116,1113,3,4
3,5540,1116,1113,3,4
3,5541,1116,1113,3,4
3,5542,1116,1113,3,4
3,5543,1116,1113,3,4
3,5544,1116,1112,4,4
3,5545,1116,1113,3,4
3,5546,1116,1113,3,4
3,5547,1116,1113,3,4
3,5548,1116,1113,3,4
3,5549,1116,1113,3,4
3,5550,1116,1113,3,4
3,5551,1116,1113,3,4
3,5552,1116,1113,3,4
3,5553,1116,1112,4,4
3,5554,1116,1113,3,4
3,5555,1116,1113,3,4
3,5556,1116,1113,3,4
3,5557,1116,1113,3,4
3,5558,1116,1113,3,4
3,5559,1116,1112,4,4
3,5560,1116,1113,3,4
3,5561,1116,1113,3,4
3,5562,1116,1113,3,4
3,5563,1116,1113,3,4
3,5564,1116,1113,3,4
3,5565,1116,1112,4,4
3,5566,1116,1113,3,4
3,5567,1116,1112,4,4
3,5568,1116,1112,4,4
3,5569,1116,1113,3,4
3,5570,1116,1113,3,4
3,5571,1116,1112,4,4
3,5572,1116,1113,3,4
3,5573,1116,1113,3,4
3,5574,1116,1113,3,4
3,5575,1116,1113,3,4
3,5576,1116,1113,3,4
3,5577,1116,1113,3,4
3,5578,1116,1112,4,4
3,5579,1116,1113,3,4
3,5580,1116,1112,4,4
3,5581,1116,1113,3,4
3,5582,1116,1113,3,4
3,5583,1116,1113,3,4
3,5584,1116,1113,3,4
3,5585,1116,1113,3,4
3,5586,1116,1112,4,4
3,5587,1116,1112,4,4
3,5588,1116,1113,3,4
3,5589,1116,1113,3,4
3,5590,1116,1112,4,4
3,5591,1116,1113,3,4
3,5592,1116,1112,4,4
3,5593,1116,1113,3,4
3,5594,1116,1113,3,4
3,5595,1116,1113,3,4
3,5596,1116,1113,3,4
3,5597,1116,1113,3,4
3,5598,1116,1112,4,4
3,5599,1116,1112,4,4
3,5600,1116,1113,3,4
3,5601,1116,1113,3,4
3,5602,1116,1112,4,4
3,5603,1116,1113,3,4
3,5604,1116,1113,3,4
3,5605,1116,1112,4,4
3,5606,1116,1113,3,4
3,5607,1116,1112,4,4
3,5608,1116,1112,4,4
3,5609,1116,1113,3,4
3,5610,1116,1113,3,4
3,5611,1116,1113,3,4
3,5612,1116,1113,3,4
3,5613,1116,1113,3,4
3,5614,1116,1113,3,4
3,5615,1116,1113,3,4
3,5616,1116,1113,3,4
3,5617,1116,1113,3,4
3,5618,1116,1112,4,4
3,5619,1116,1112,4,4
3,5620,1116,1113,3,4
3,5621,1116,1113,3,4
3,5622,1116,1113,3,4
3,5623,1116,1113,3,4
3,5624,1116,1113,3,4
3,5625,1116,1113,3,4
3,5626,1116,1113,3,4
3,5627,1116,1113,3,4
3,5628,1116,1113,3,4
3,5629,1116,1113,3,4
3,5630,1116,1113,3,4
3,5631,1116,1113,3,4
3,5632,1116,1113,3,4
3,5633,1116,1112,4,4
3,5634,1116,1112,4,4
3,5635,1116,1112,4,4
3,5636,1116,1113,3,4
3,5637,1116,1113,3,4
3,5638,1116,1113,3,4
3,5639,1116,1113,3,4
3,5640,1116,1113,3,4
3,5641,1116,1113,3,4
3,5642,1116,1112,4,4
3,5643,1116,1113,3,4
3,5644,1116,1113,3,4
3,5645,1116,1113,3,4
3,5646,1116,1113,3,4
3,5647,1116,1113,3,4
3,5648,1116,1113,3,4
3,5649,1116,1113,3,4
3,5650,1116,1112,4,4
3,5651,1116,1113,3,4
3,5652,1116,1113,3,4
3,5653,1116,1112,4,4
3,5654,1116,1113,3,4
3,5655,1116,1113,3,4
3,5656,1116,1113,3,4
3,5657,1116,1113,3,4
3,5658,1116,1113,3,4
3,5659,1116,1113,3,4
3,5660,1116,1113,3,4
3,5661,1116,1113,3,4
3,5662,1116,1112,4,4
3,5663,1116,1113,3,4
3,5664,1116,1112,4,4
3,5665,1116,1112,4,4
3,5666,1116,1113,3,4
3,5667,1116,1113,3,4
3,5668,1116,1113,3,4
3,5669,1116,1113,3,4
3,5670,1116,1113,3,4
3,5671,1116,1113,3,4
3,5672,1116,1112,4,4
3,5673,1116,1113,3,4
3,5674,1116,1113,3,4
3,5675,1116,1113,3,4
3,5676,1116,1113,3,4
3,5677,1116,1112,4,4
3,5678,1116,1112,4,4
3,5679,1116,1113,3,4
3,5680,1116,1113,3,4
3,5681,1116,1113,3,4
3,5682,1116,1113,3,4
3,5683,1116,1113,3,4
3,5684,1116,1113,3,4
3,5685,1116,1112,4,4
3,5686,1116,1113,3,4
3,5687,1116,1113,3,4
3,5688,1116,1112,4,4
3,5689,1116,1113,3,4
3,5690,1116,1113,3,4
3,5691,1116,1113,3,4
3,5692,1116,1113,3,4
3,5693,1116,1113,3,4
3,5694,1116,1113,3,4
3,5695,1116,1113,3,4
3,5696,1116,1113,3,4
3,5697,1116,1113,3,4
3,5698,1116,1113,3,4
3,5699,1116,1112,4,4
3,5700,1116,1113,3,4
3,5701,1116,1113,3,4
3,5702,1116,1113,3,4
3,5703,1116,1113,3,4
3,5704,1116,1113,3,4
3,5705,1116,1113,3,4
3,5706,1116,1113,3,4
3,5707,1116,1113,3,4
3,5708,1116,1113,3,4
3,5709,1116,1113,3,4
3,5710,1116,1113,3,4
3,5711,1116,1112,4,4
3,5712,1116,1113,3,4
3,5713,1116,1113,3,4
3,5714,1116,1113,3,4
3,5715,1116,1113,3,4
3,5716,1116,1113,3,4
3,5717,1116,1113,3,4
3,5718,1116,1113,3,4
3,5719,1116,1113,3,4
3,5720,1116,1113,3,4
3,5721,1116,1113,3,4
3,5722,1116,1112,4,4
3,5723,1116,1113,3,4
3,5724,1116,1113,3,4
3,5725,1116,1112,4,4
3,5726,1116,1113,3,4
3,5727,1116,1113,3,4
3,5728,1116,1113,3,4
3,5729,1116,1113,3,4
3,5730,1116,1113,3,4
3,5731,1116,1112,4,4
3,5732,1116,1113,3,4
3,5733,1116,1113,3,4
3,5734,1116,1113,3,4
3,5735,1116,1113,3,4
3,5736,1116,1113,3,4
3,5737,1116,1113,3,4
3,5738,1116,1113,3,4
3,5739,1116,1112,4,4
3,5740,1116,1112,4,4
3,5741,1116,1113,3,4
3,5742,1116,1113,3,4
3,5743,1116,1113,3,4
3,5744,1116,1113,3,4
3,5745,1116,1112,4,4
3,5746,1116,1112,4,4
3,5747,1116,1113,3,4
3,5748,1116,1112,4,4
3,5749,1116,1113,3,4
3,5750,1116,1113,3,4
3,5751,1116,1113,3,4
3,5752,1116,1113,3,4
3,5753,1116,1113,3,4
3,5754,1116,1113,3,4
3,5755,1116,1112,4,4
3,5756,1116,1113,3,4
3,5757,1116,1112,4,4
3,5758,1116,1113,3,4
3,5759,1116,1113,3,4
3,5760,1116,1112,4,4
3,5761,1116,1113,3,4
3,5762,1116,1113,3,4
3,5763,1116,1113,3,4
3,5764,1116,1113,3,4
3,5765,1116,1113,3,4
3,5766,1116,1113,3,4
3,5767,1116,1113,3,4
3,5768,1116,1113,3,4
3,5769,1116,1112,4,4
3,5770,1116,1113,3,4
3,5771,1116,1112,4,4
3,5772,1116,1113,3,4
3,5773,1116,1113,3,4
3,5774,1116,1113,3,4
3,5775,1116,1113,3,4
3,5776,1116,1113,3,4
3,5777,1116,1113,3,4
3,5778,1116,1113,3,4
3,5779,1116,1112,4,4
3,5780,1116,1113,3,4
3,5781,1116,1113,3,4
3,5782,1116,1113,3,4
3,5783,1116,1112,4,4
3,5784,1116,1113,3,4
3,5785,1116,1113,3,4
3,5786,1116,1113,3,4
3,5787,1116,1113,3,4
3,5788,1116,1113,3,4
3,5789,1116,1113,3,4
3,5790,1116,1113,3,4
3,5791,1116,1113,3,4
3,5792,1116,1113,3,4
3,5793,1116,1113,3,4
3,5794,1116,1113,3,4
3,5795,1116,1113,3,4
3,5796,1116,1113,3,4
3,5797,1116,1113,3,4
3,5798,1116,1113,3,4
3,5799,1116,1113,3,4
3,5800,1116,1112,4,4
3,5801,1116,1112,4,4
3,5802,1116,1112,4,4
3,5803,1116,1113,3,4
3,5804,1116,1113,3,4
3,5805,1116,1113,3,4
3,5806,1116,1112,4,4
3,5807,1116,1113,3,4
3,5808,1116,1112,4,4
3,5809,1116,1113,3,4
3,5810,1116,1112,4,4
3,5811,1116,1112,4,4
3,5812,1116,1113,3,4
3,5813,1116,1113,3,4
3,5814,1116,1113,3,4
3,5815,1116,1113,3,4
3,5816,1116,1113,3,4
3,5817,1116,1113,3,4
3,5818,1116,1113,3,4
3,5819,1116,1113,3,4
3,5820,1116,1113,3,4
3,5821,1116,1113,3,4
3,5822,1116,1112,4,4
3,5823,1116,1113,3,4
3,5824,1116,1113,3,4
3,5825,1116,1113,3,4
3,5826,1116,1113,3,4
3,5827,1116,1113,3,4
3,5828,1116,1113,3,4
3,5829,1116,1113,3,4
3,5830,1116,1112,4,4
3,5831,1116,1113,3,4
3,5832,1116,1113,3,4
3,5833,1116,1113,3,4
3,5834,1116,1112,4,4
3,5835,1116,1113,3,4
3,5836,1116,1112,4,4
3,5837,1116,1113,3,4
3,5838,1116,1113,3,4
3,5839,1116,1113,3,4
3,5840,1116,1113,3,4
3,5841,1116,1113,3,4
3,5842,1116,1113,3,4
3,5843,1116,1113,3,4
3,5844,1116,1113,3,4
3,5845,1116,1113,3,4
3,5846,1116,1113,3,4
3,5847,1116,1113,3,4
3,5848,1116,1113,3,4
3,5849,1116,1113,3,4
3,5850,1116,1113,3,4
3,5851,1116,1112,4,4
3,5852,1116,1113,3,4
3,5853,1116,1113,3,4
3,5854,1116,1113,3,4
3,5855,1116,1113,3,4
3,5856,1116,1113,3,4
3,5857,1116,1113,3,4
3,5858,1116,1112,4,4
3,5859,1116,1113,3,4
3,5860,1116,1112,4,4
3,5861,1116,1113,3,4
3,5862,1116,1113,3,4
3,5863,1116,1113,3,4
3,5864,1116,1113,3,4
3,5865,1116,1113,3,4
3,5866,1116,1112,4,4
3,5867,1116,1113,3,4
3,5868,1116,1113,3,4
3,5869,1116,1113,3,4
3,5870,1116,1113,3,4
3,5871,1116,1112,4,4
3,5872,1116,1113,3,4
3,5873,1116,1112,4,4
3,5874,1116,1113,3,4
3,5875,1116,1113,3,4
3,5876,1116,1113,3,4
3,5877,1116,1112,4,4
3,5878,1116,1113,3,4
3,5879,1116,1113,3,4
3,5880,1116,1113,3,4
3,5881,1116,1113,3,4
3,5882,1116,1113,3,4
3,5883,1116,1113,3,4
3,5884,1116,1113,3,4
3,5885,1116,1113,3,4
3,5886,1116,1113,3,4
3,5887,1116,1113,3,4
3,5888,1116,1113,3,4
3,5889,1116,1113,3,4
3,5890,1116,1113,3,4
3,5891,1116,1113,3,4
3,5892,1116,1113,3,4
3,5893,1116,1112,4,4
3,5894,1116,1113,3,4
3,5895,1116,1113,3,4
3,5896,1116,1113,3,4
3,5897,1116,1113,3,4
3,5898,1116,1113,3,4
3,5899,1116,1113,3,4
3,5900,1116,1113,3,4
3,5901,1116,1113,3,4
3,5902,1116,1112,4,4
3,5903,1116,1112,4,4
3,5904,1116,1113,3,4
3,5905,1116,1113,3,4
3,5906,1116,1113,3,4
3,5907,1116,1113,3,4
3,5908,1116,1113,3,4
3,5909,1116,1112,4,4
3,5910,1116,1113,3,4
3,5911,1116,1112,4,4
3,5912,1116,1113,3,4
3,5913,1116,1113,3,4
3,5914,1116,1113,3,4
3,5915,1116,1113,3,4
3,5916,1116,1112,4,4
3,5917,1116,1112,4,4
3,5918,1116,1113,3,4
3,5919,1116,1113,3,4
3,5920,1116,1112,4,4
3,5921,1116,1113,3,4
3,5922,1116,1112,4,4
3,5923,1116,1113,3,4
3,5924,1116,1113,3,4
3,5925,1116,1113,3,4
3,5926,1116,1113,3,4
3,5927,1116,1113,3,4
3,5928,1116,1112,4,4
3,5929,1116,1113,3,4
3,5930,1116,1113,3,4
3,5931,1116,1112,4,4
3,5932,1116,1112,4,4
3,5933,1116,1113,3,4
3,5934,1116,1112,4,4
3,5935,1116,1113,3,4
3,5936,1116,1113,3,4
3,5937,1116,1112,4,4
3,5938,1116,1112,4,4
3,5939,1116,1112,4,4
3,5940,1116,1113,3,4
3,5941,1116,1113,3,4
3,5942,1116,1113,3,4
3,5943,1116,1113,3,4
3,5944,1116,1113,3,4
3,5945,1116,1113,3,4
3,5946,1116,1113,3,4
3,5947,1116,1113,3,4
3,5948,1116,1113,3,4
3,5949,1116,1113,3,4
3,5950,1116,1113,3,4
3,5951,1116,1113,3,4
3,5952,1116,1113,3,4
3,5953,1116,1113,3,4
3,5954,1116,1113,3,4
3,5955,1116,1113,3,4
3,5956,1116,1113,3,4
3,5957,1116,1112,4,4
3,5958,1116,1113,3,4
3,5959,1116,1113,3,4
3,5960,1116,1113,3,4
3,5961,1116,1113,3,4
3,5962,1116,1113,3,4
3,5963,1116,1112,4,4
3,5964,1116,1113,3,4
3,5965,1116,1113,3,4
3,5966,1116,1113,3,4
3,5967,1116,1113,3,4
3,5968,1116,1112,4,4
3,5969,1116,1113,3,4
3,5970,1116,1113,3,4
3,5971,1116,1113,3,4
3,5972,1116,1113,3,4
3,5973,1116,1112,4,4
3,5974,1116,1113,3,4
3,5975,1116,1113,3,4
3,5976,1116,1113,3,4
3,5977,1116,1113,3,4
3,5978,1116,1113,3,4
3,5979,1116,1113,3,4
3,5980,1116,1113,3,4
3,5981,1116,1112,4,4
3,5982,1116,1113,3,4
3,5983,1116,1113,3,4
3,5984,1116,1112,4,4
3,5985,1116,1113,3,4
3,5986,1116,1113,3,4
3,5987,1116,1113,3,4
3,5988,1116,1113,3,4
3,5989,1116,1112,4,4
3,5990,1116,1113,3,4
3,5991,1116,1112,4,4
3,5992,1116,1112,4,4
3,5993,1116,1113,3,4
3,5994,1116,1113,3,4
3,5995,1116,1113,3,4
3,5996,1116,1112,4,4
3,5997,1116,1112,4,4
3,5998,1116,1113,3,4
3,5999,1116,1112,4,4
3,6000,1116,1113,3,4
3,6001,1116,1113,3,4
3,6002,1116,1113,3,4
3,6003,1116,1113,3,4
3,6004,1116,1112,4,4
3,6005,1116,1113,3,4
3,6006,1116,1113,3,4
3,6007,1116,1112,4,4
3,6008,1116,1113,3,4
3,6009,1116,1113,3,4
3,6010,1116,1113,3,4
3,6011,1116,1113,3,4
3,6012,1116,1113,3,4
3,6013,1116,1113,3,4
3,6014,1116,1112,4,4
3,6015,1116,1113,3,4
3,6016,1116,1113,3,4
3,6017,1116,1113,3,4
3,6018,1116,1113,3,4
3,6019,1116,1113,3,4
3,6020,1116,1113,3,4
3,6021,1116,1113,3,4
3,6022,1116,1113,3,4
3,6023,1116,1113,3,4
3,6024,1116,1113,3,4
3,6025,1116,1113,3,4
3,6026,1116,1112,4,4
3,6027,1116,1113,3,4
3,6028,1116,1113,3,4
3,6029,1116,1113,3,4
3,6030,1116,1112,4,4
3,6031,1116,1113,3,4
3,6032,1116,1113,3,4
3,6033,1116,1113,3,4
3,6034,1116,1113,3,4
3,6035,1116,1112,4,4
3,6036,1116,1113,3,4
3,6037,1116,1113,3,4
3,6038,1116,1112,4,4
3,6039,1116,1112,4,4
3,6040,1116,1113,3,4
3,6041,1116,1112,4,4
3,6042,1116,1113,3,4
3,6043,1116,1113,3,4
3,6044,1116,1113,3,4
3,6045,1116,1113,3,4
3,6046,1116,1113,3,4
3,6047,1116,1113,3,4
3,6048,1116,1113,3,4
3,6049,1116,1113,3,4
3,6050,1116,1113,3,4
3,6051,1116,1113,3,4
3,6052,1116,1113,3,4
3,6053,1116,1113,3,4
3,6054,1116,1113,3,4
3,6055,1116,1113,3,4
3,6056,1116,1113,3,4
3,6057,1116,1113,3,4
3,6058,1116,1113,3,4
3,6059,1116,1113,3,4
3,6060,1116,1113,3,4
3,6061,1116,1113,3,4
3,6062,1116,1112,4,4
3,6063,1116,1113,3,4
3,6064,1116,1112,4,4
3,6065,1116,1113,3,4
3,6066,1116,1113,3,4
3,6067,1116,1113,3,4
3,6068,1116,1113,3,4
3,6069,1116,1113,3,4
3,6070,1116,1113,3,4
3,6071,1116,1113,3,4
3,6072,1116,1113,3,4
3,6073,1116,1113,3,4
3,6074,1116,1113,3,4
3,6075,1116,1113,3,4
3,6076,1116,1113,3,4
3,6077,1116,1113,3,4
3,6078,1116,1113,3,4
3,6079,1116,1113,3,4
3,6080,1116,1112,4,4
3,6081,1116,1113,3,4
3,6082,1116,1113,3,4
3,6083,1116,1112,4,4
3,6084,1116,1113,3,4
3,6085,1116,1112,4,4
3,6086,1116,1113,3,4
3,6087,1116,1112,4,4
3,6088,1116,1113,3,4
3,6089,1116,1112,4,4
3,6090,1116,1113,3,4
3,6091,1116,1113,3,4
3,6092,1116,1112,4,4
3,6093,1116,1112,4,4
3,6094,1116,1113,3,4
3,6095,1116,1113,3,4
3,6096,1116,1113,3,4
3,6097,1116,1112,4,4
3,6098,1116,1113,3,4
3,6099,1116,1112,4,4
3,6100,1116,1112,4,4
3,6101,1116,1113,3,4
3,6102,1116,1113,3,4
3,6103,1116,1113,3,4
3,6104,1116,1112,4,4
3,6105,1116,1113,3,4
3,6106,1116,1113,3,4
3,6107,1116,1113,3,4
3,6108,1116,1113,3,4
3,6109,1116,1113,3,4
3,6110,1116,1113,3,4
3,6111,1116,1113,3,4
3,6112,1116,1113,3,4
3,6113,1116,1113,3,4
3,6114,1116,1113,3,4
3,6115,1116,1113,3,4
3,6116,1116,1113,3,4
3,6117,1116,1113,3,4
3,6118,1116,1112,4,4
3,6119,1116,1112,4,4
3,6120,1116,1113,3,4
3,6121,1116,1113,3,4
3,6122,1116,1113,3,4
3,6123,1116,1113,3,4
3,6124,1116,1113,3,4
3,6125,1116,1113,3,4
3,6126,1116,1113,3,4
3,6127,1116,1113,3,4
3,6128,1116,1113,3,4
3,6129,1116,1112,4,4
3,6130,1116,1112,4,4
3,6131,1116,1112,4,4
3,6132,1116,1113,3,4
3,6133,1116,1113,3,4
3,6134,1116,1113,3,4
3,6135,1116,1113,3,4
3,6136,1116,1113,3,4
3,6137,1116,1112,4,4
3,6138,1116,1113,3,4
3,6139,1116,1113,3,4
3,6140,1116,1113,3,4
3,6141,1116,1113,3,4
3,6142,1116,1112,4,4
3,6143,1116,1113,3,4
3,6144,1116,1113,3,4
3,6145,1116,1113,3,4
3,6146,1116,1113,3,4
3,6147,1116,1113,3,4
3,6148,1116,1113,3,4
3,6149,1116,1113,3,4
3,6150,1116,1113,3,4
3,6151,1116,1112,4,4
3,6152,1116,1113,3,4
3,6153,1116,1113,3,4
3,6154,1116,1113,3,4
3,6155,1116,1113,3,4
3,6156,1116,1113,3,4
3,6157,1116,1113,3,4
3,6158,1116,1113,3,4
3,6159,1116,1113,3,4
3,6160,1116,1113,3,4
3,6161,1116,1113,3,4
3,6162,1116,1113,3,4
3,6163,1116,1112,4,4
3,6164,1116,1113,3,4
3,6165,1116,1113,3,4
3,6166,1116,1113,3,4
3,6167,1116,1113,3,4
3,6168,1116,1113,3,4
3,6169,1116,1113,3,4
3,6170,1116,1113,3,4
3,6171,1116,1112,4,4
3,6172,1116,1113,3,4
3,6173,1116,1113,3,4
3,6174,1116,1113,3,4
3,6175,1116,1112,4,4
3,6176,1116,1113,3,4
3,6177,1116,1113,3,4
3,6178,1116,1113,3,4
3,6179,1116,1113,3,4
3,6180,1116,1113,3,4
3,6181,1116,1112,4,4
3,6182,1116,1113,3,4
3,6183,1116,1113,3,4
3,6184,1116,1112,4,4
3,6185,1116,1112,4,4
3,6186,1116,1113,3,4
3,6187,1116,1112,4,4
3,6188,1116,1113,3,4
3,6189,1116,1113,3,4
3,6190,1116,1113,3,4
3,6191,1116,1112,4,4
3,6192,1116,1112,4,4
3,6193,1116,1112,4,4
3,6194,1116,1113,3,4
3,6195,1116,1113,3,4
3,6196,1116,1113,3,4
3,6197,1116,1113,3,4
3,6198,1116,1113,3,4
3,6199,1116,1113,3,4
3,6200,1116,1112,4,4
3,6201,1116,1113,3,4
3,6202,1116,1113,3,4
3,6203,1116,1112,4,4
3,6204,1116,1112,4,4
3,6205,1116,1112,4,4
3,6206,1116,1112,4,4
3,6207,1116,1113,3,4
3,6208,1116,1113,3,4
3,6209,1116,1113,3,4
3,6210,1116,1113,3,4
3,6211,1116,1113,3,4
3,6212,1116,1112,4,4
3,6213,1116,1113,3,4
3,6214,1116,1113,3,4
3,6215,1116,1113,3,4
3,6216,1116,1113,3,4
3,6217,1116,1113,3,4
3,6218,1116,1112,4,4
3,6219,1116,1113,3,4
3,6220,1116,1113,3,4
3,6221,1116,1113,3,4
3,6222,1116,1113,3,4
3,6223,1116,1113,3,4
3,6224,1116,1112,4,4
3,6225,1116,1113,3,4
3,6226,1116,1112,4,4
3,6227,1116,1113,3,4
3,6228,1116,1113,3,4
3,6229,1116,1113,3,4
3,6230,1116,1113,3,4
3,6231,1116,1112,4,4
3,6232,1116,1113,3,4
3,6233,1116,1113,3,4
3,6234,1116,1113,3,4
3,6235,1116,1113,3,4
3,6236,1116,1113,3,4
3,6237,1116,1113,3,4
3,6238,1116,1113,3,4
3,6239,1116,1113,3,4
3,6240,1116,1113,3,4
3,6241,1116,1112,4,4
3,6242,1116,1112,4,4
3,6243,1116,1113,3,4
3,6244,1116,1113,3,4
3,6245,1116,1113,3,4
3,6246,1116,1113,3,4
3,6247,1116,1113,3,4
3,6248,1116,1112,4,4
3,6249,1116,1113,3,4
3,6250,1116,1113,3,4
3,6251,1116,1113,3,4
3,6252,1116,1112,4,4
3,6253,1116,1113,3,4
3,6254,1116,1113,3,4
3,6255,1116,1113,3,4
3,6256,1116,1113,3,4
3,6257,1116,1113,3,4
3,6258,1116,1113,3,4
3,6259,1116,1113,3,4
3,6260,1116,1112,4,4
3,6261,1116,1113,3,4
3,6262,1116,1113,3,4
3,6263,1116,1113,3,4
3,6264,1116,1113,3,4
3,6265,1116,1113,3,4
3,6266,1116,1113,3,4
3,6267,1116,1113,3,4
3,6268,1116,1113,3,4
3,6269,1116,1112,4,4
3,6270,1116,1113,3,4
3,6271,1116,1113,3,4
3,6272,1116,1113,3,4
3,6273,1116,1113,3,4
3,6274,1116,1113,3,4
3,6275,1116,1113,3,4
3,6276,1116,1112,4,4
3,6277,1116,1113,3,4
3,6278,1116,1113,3,4
3,6279,1116,1113,3,4
3,6280,1116,1113,3,4
3,6281,1116,1113,3,4
3,6282,1116,1113,3,4
3,6283,1116,1113,3,4
3,6284,1116,1113,3,4
3,6285,1116,1113,3,4
3,6286,1116,1113,3,4
3,6287,1116,1113,3,4
3,6288,1116,1113,3,4
3,6289,1116,1113,3,4
3,6290,1116,1113,3,4
3,6291,1116,1112,4,4
3,6292,1116,1112,4,4
3,6293,1116,1112,4,4
3,6294,1116,1112,4,4
3,6295,1116,1113,3,4
3,6296,1116,1113,3,4
3,6297,1116,1113,3,4
3,6298,1116,1113,3,4
3,6299,1116,1113,3,4
3,6300,1116,1113,3,4
3,6301,1116,1112,4,4
3,6302,1116,1113,3,4
3,6303,1116,1113,3,4
3,6304,1116,1113,3,4
3,6305,1116,1113,3,4
3,6306,1116,1113,3,4
3,6307,1116,1112,4,4
3,6308,1116,1113,3,4
3,6309,1116,1113,3,4
3,6310,1116,1112,4,4
3,6311,1116,1113,3,4
3,6312,1116,1113,3,4
3,6313,1116,1113,3,4
3,6314,1116,1113,3,4
3,6315,1116,1113,3,4
3,6316,1116,1112,4,4
3,6317,1116,1113,3,4
3,6318,1116,1112,4,4
3,6319,1116,1113,3,4
3,6320,1116,1113,3,4
3,6321,1116,1113,3,4
3,6322,1116,1113,3,4
3,6323,1116,1113,3,4
3,6324,1116,1113,3,4
3,6325,1116,1112,4,4
3,6326,1116,1113,3,4
3,6327,1116,1113,3,4
3,6328,1116,1113,3,4
3,6329,1116,1113,3,4
3,6330,1116,1113,3,4
3,6331,1116,1113,3,4
3,6332,1116,1113,3,4
3,6333,1116,1113,3,4
3,6334,1116,1113,3,4
3,6335,1116,1112,4,4
3,6336,1116,1113,3,4
3,6337,1116,1113,3,4
3,6338,1116,1113,3,4
3,6339,1116,1112,4,4
3,6340,1116,1113,3,4
3,6341,1116,1113,3,4
3,6342,1116,1112,4,4
3,6343,1116,1112,4,4
3,6344,1116,1113,3,4
3,6345,1116,1113,3,4
3,6346,1116,1112,4,4
3,6347,1116,1113,3,4
3,6348,1116,1113,3,4
3,6349,1116,1113,3,4
3,6350,1116,1113,3,4
3,6351,1116,1113,3,4
3,6352,1116,1113,3,4
3,6353,1116,1113,3,4
3,6354,1116,1113,3,4
3,6355,1116,1113,3,4
3,6356,1116,1113,3,4
3,6357,1116,1113,3,4
3,6358,1116,1113,3,4
3,6359,1116,1113,3,4
3,6360,1116,1113,3,4
3,6361,1116,1113,3,4
3,6362,1116,1113,3,4
3,6363,1116,1113,3,4
3,6364,1116,1113,3,4
3,6365,1116,1112,4,4
3,6366,1116,1113,3,4
3,6367,1116,1113,3,4
3,6368,1116,1113,3,4
3,6369,1116,1113,3,4
3,6370,1116,1112,4,4
3,6371,1116,1113,3,4
3,6372,1116,1113,3,4
3,6373,1116,1112,4,4
3,6374,1116,1113,3,4
3,6375,1116,1113,3,4
3,6376,1116,1112,4,4
3,6377,1116,1113,3,4
3,6378,1116,1112,4,4
3,6379,1116,1112,4,4
3,6380,1116,1112,4,4
3,6381,1116,1113,3,4
3,6382,1116,1113,3,4
3,6383,1116,1112,4,4
3,6384,1116,1112,4,4
3,6385,1116,1112,4,4
3,6386,1116,1113,3,4
3,6387,1116,1113,3,4
3,6388,1116,1113,3,4
3,6389,1116,1113,3,4
3,6390,1116,1113,3,4
3,6391,1116,1113,3,4
3,6392,1116,1113,3,4
3,6393,1116,1113,3,4
3,6394,1116,1113,3,4
3,6395,1116,1112,4,4
3,6396,1116,1113,3,4
3,6397,1116,1113,3,4
3,6398,1116,1113,3,4
3,6399,1116,1113,3,4
3,6400,1116,1113,3,4
3,6401,1116,1113,3,4
3,6402,1116,1112,4,4
3,6403,1116,1113,3,4
3,6404,1116,1113,3,4
3,6405,1116,1112,4,4
3,6406,1116,1113,3,4
3,6407,1116,1113,3,4
3,6408,1116,1113,3,4
3,6409,1116,1112,4,4
3,6410,1116,1113,3,4
3,6411,1116,1113,3,4
3,6412,1116,1113,3,4
3,6413,1116,1112,4,4
3,6414,1116,1113,3,4
3,6415,1116,1113,3,4
3,6416,1116,1113,3,4
3,6417,1116,1113,3,4
3,6418,1116,1113,3,4
3,6419,1116,1113,3,4
3,6420,1116,1113,3,4
3,6421,1116,1113,3,4
3,6422,1116,1113,3,4
3,6423,1116,1113,3,4
3,6424,1116,1113,3,4
3,6425,1116,1113,3,4
3,6426,1116,1113,3,4
3,6427,1116,1113,3,4
3,6428,1116,1113,3,4
3,6429,1116,1113,3,4
3,6430,1116,1113,3,4
3,6431,1116,1113,3,4
3,6432,1116,1113,3,4
3,6433,1116,1113,3,4
3,6434,1116,1113,3,4
3,6435,1116,1112,4,4
3,6436,1116,1113,3,4
3,6437,1116,1113,3,4
3,6438,1116,1113,3,4
3,6439,1116,1113,3,4
3,6440,1116,1113,3,4
3,6441,1116,1113,3,4
3,6442,1116,1113,3,4
3,6443,1116,1112,4,4
3,6444,1116,1112,4,4
3,6445,1116,1113,3,4
3,6446,1116,1113,3,4
3,6447,1116,1113,3,4
3,6448,1116,1113,3,4
3,6449,1116,1113,3,4
3,6450,1116,1113,3,4
3,6451,1116,1112,4,4
3,6452,1116,1113,3,4
3,6453,1116,1113,3,4
3,6454,1116,1113,3,4
3,6455,1116,1113,3,4
3,6456,1116,1113,3,4
3,6457,1116,1112,4,4
3,6458,1116,1113,3,4
3,6459,1116,1113,3,4
3,6460,1116,1113,3,4
3,6461,1116,1113,3,4
3,6462,1116,1113,3,4
3,6463,1116,1113,3,4
3,6464,1116,1113,3,4
3,6465,1116,1112,4,4
3,6466,1116,1112,4,4
3,6467,1116,1113,3,4
3,6468,1116,1113,3,4
3,6469,1116,1113,3,4
3,6470,1116,1113,3,4
3,6471,1116,1113,3,4
3,6472,1116,1113,3,4
3,6473,1116,1113,3,4
3,6474,1116,1113,3,4
3,6475,1116,1113,3,4
3,6476,1116,1113,3,4
3,6477,1116,1113,3,4
3,6478,1116,1113,3,4
3,6479,1116,1113,3,4
3,6480,1116,1113,3,4
3,6481,1116,1113,3,4
3,6482,1116,1113,3,4
3,6483,1116,1113,3,4
3,6484,1116,1113,3,4
3,6485,1116,1112,4,4
3,6486,1116,1113,3,4
3,6487,1116,1113,3,4
3,6488,1116,1113,3,4
3,6489,1116,1112,4,4
3,6490,1116,1113,3,4
3,6491,1116,1113,3,4
3,6492,1116,1113,3,4
3,6493,1116,1113,3,4
3,6494,1116,1113,3,4
3,6495,1116,1113,3,4
3,6496,1116,1113,3,4
3,6497,1116,1113,3,4
3,6498,1116,1112,4,4
3,6499,1116,1113,3,4
3,6500,1116,1112,4,4
3,6501,1116,1113,3,4
3,6502,1116,1113,3,4
3,6503,1116,1113,3,4
3,6504,1116,1112,4,4
3,6505,1116,1113,3,4
3,6506,1116,1112,4,4
3,6507,1116,1113,3,4
3,6508,1116,1113,3,4
3,6509,1116,1113,3,4
3,6510,1116,1113,3,4
3,6511,1116,1113,3,4
3,6512,1116,1112,4,4
3,6513,1116,1112,4,4
3,6514,1116,1113,3,4
3,6515,1116,1112,4,4
3,6516,1116,1113,3,4
3,6517,1116,1112,4,4
3,6518,1116,1113,3,4
3,6519,1116,1112,4,4
3,6520,1116,1113,3,4
3,6521,1116,1113,3,4
3,6522,1116,1113,3,4
3,6523,1116,1113,3,4
3,6524,1116,1113,3,4
3,6525,1116,1113,3,4
3,6526,1116,1113,3,4
3,6527,1116,1113,3,4
3,6528,1116,1113,3,4
3,6529,1116,1113,3,4
3,6530,1116,1113,3,4
3,6531,1116,1113,3,4
3,6532,1116,1112,4,4
3,6533,1116,1113,3,4
3,6534,1116,1113,3,4
3,6535,1116,1113,3,4
3,6536,1116,1113,3,4
3,6537,1116,1113,3,4
3,6538,1116,1113,3,4
3,6539,1116,1113,3,4
3,6540,1116,1112,4,4
3,6541,1116,1113,3,4
3,6542,1116,1113,3,4
3,6543,1116,1113,3,4
3,6544,1116,1112,4,4
3,6545,1116,1113,3,4
3,6546,1116,1113,3,4
3,6547,1116,1113,3,4
3,6548,1116,1112,4,4
3,6549,1116,1113,3,4
3,6550,1116,1113,3,4
3,6551,1116,1112,4,4
3,6552,1116,1113,3,4
3,6553,1116,1113,3,4
3,6554,1116,1113,3,4
3,6555,1116,1113,3,4
3,6556,1116,1112,4,4
3,6557,1116,1112,4,4
3,6558,1116,1113,3,4
3,6559,1116,1113,3,4
3,6560,1116,1113,3,4
3,6561,1116,1113,3,4
3,6562,1116,1113,3,4
3,6563,1116,1113,3,4
3,6564,1116,1113,3,4
3,6565,1116,1113,3,4
3,6566,1116,1113,3,4
3,6567,1116,1112,4,4
3,6568,1116,1113,3,4
3,6569,1116,1113,3,4
3,6570,1116,1113,3,4
3,6571,1116,1113,3,4
3,6572,1116,1112,4,4
3,6573,1116,1112,4,4
3,6574,1116,1113,3,4
3,6575,1116,1113,3,4
3,6576,1116,1113,3,4
3,6577,1116,1113,3,4
3,6578,1116,1113,3,4
3,6579,1116,1113,3,4
3,6580,1116,1113,3,4
3,6581,1116,1113,3,4
3,6582,1116,1112,4,4
3,6583,1116,1113,3,4
3,6584,1116,1112,4,4
3,6585,1116,1113,3,4
3,6586,1116,1113,3,4
3,6587,1116,1113,3,4
3,6588,1116,1113,3,4
3,6589,1116,1112,4,4
3,6590,1116,1113,3,4
3,6591,1116,1113,3,4
3,6592,1116,1113,3,4
3,6593,1116,1113,3,4
3,6594,1116,1113,3,4
3,6595,1116,1113,3,4
3,6596,1116,1113,3,4
3,6597,1116,1112,4,4
3,6598,1116,1113,3,4
3,6599,1116,1113,3,4
3,6600,1116,1113,3,4
3,6601,1116,1113,3,4
3,6602,1116,1113,3,4
3,6603,1116,1113,3,4
3,6604,1116,1113,3,4
3,6605,1116,1113,3,4
3,6606,1116,1113,3,4
3,6607,1116,1113,3,4
3,6608,1116,1112,4,4
3,6609,1116,1113,3,4
3,6610,1116,1113,3,4
3,6611,1116,1112,4,4
3,6612,1116,1113,3,4
3,6613,1116,1113,3,4
3,6614,1116,1113,3,4
3,6615,1116,1113,3,4
3,6616,1116,1113,3,4
3,6617,1116,1113,3,4
3,6618,1116,1113,3,4
3,6619,1116,1113,3,4
3,6620,1116,1113,3,4
3,6621,1116,1112,4,4
3,6622,1116,1112,4,4
3,6623,1116,1113,3,4
3,6624,1116,1112,4,4
3,6625,1116,1113,3,4
3,6626,1116,1113,3,4
3,6627,1116,1113,3,4
3,6628,1116,1112,4,4
3,6629,1116,1113,3,4
3,6630,1116,1113,3,4
3,6631,1116,1112,4,4
3,6632,1116,1113,3,4
3,6633,1116,1113,3,4
3,6634,1116,1113,3,4
3,6635,1116,1113,3,4
3,6636,1116,1113,3,4
3,6637,1116,1113,3,4
3,6638,1116,1113,3,4
3,6639,1116,1113,3,4
3,6640,1116,1113,3,4
3,6641,1116,1113,3,4
3,6642,1116,1112,4,4
3,6643,1116,1113,3,4
3,6644,1116,1112,4,4
3,6645,1116,1113,3,4
3,6646,1116,1112,4,4
3,6647,1116,1113,3,4
3,6648,1116,1113,3,4
3,6649,1116,1113,3,4
3,6650,1116,1113,3,4
3,6651,1116,1113,3,4
3,6652,1116,1113,3,4
3,6653,1116,1113,3,4
3,6654,1116,1113,3,4
3,6655,1116,1113,3,4
3,6656,1116,1113,3,4
3,6657,1116,1113,3,4
3,6658,1116,1112,4,4
3,6659,1116,1112,4,4
3,6660,1116,1113,3,4
3,6661,1116,1113,3,4
3,6662,1116,1112,4,4
3,6663,1116,1113,3,4
3,6664,1116,1113,3,4
3,6665,1116,1113,3,4
3,6666,1116,1113,3,4
3,6667,1116,1112,4,4
3,6668,1116,1113,3,4
3,6669,1116,1113,3,4
3,6670,1116,1113,3,4
3,6671,1116,1112,4,4
3,6672,1116,1112,4,4
3,6673,1116,1113,3,4
3,6674,1116,1112,4,4
3,6675,1116,1113,3,4
3,6676,1116,1112,4,4
3,6677,1116,1113,3,4
3,6678,1116,1113,3,4
3,6679,1116,1113,3,4
3,6680,1116,1112,4,4
3,6681,1116,1113,3,4
3,6682,1116,1113,3,4
3,6683,1116,1113,3,4
3,6684,1116,1112,4,4
3,6685,1116,1113,3,4
3,6686,1116,1113,3,4
3,6687,1116,1113,3,4
3,6688,1116,1113,3,4
3,6689,1116,1113,3,4
3,6690,1116,1113,3,4
3,6691,1116,1113,3,4
3,6692,1116,1113,3,4
3,6693,1116,1113,3,4
3,6694,1116,1113,3,4
3,6695,1116,1112,4,4
3,6696,1116,1112,4,4
3,6697,1116,1113,3,4
3,6698,1116,1113,3,4
3,6699,1116,1113,3,4
3,6700,1116,1113,3,4
3,6701,1116,1113,3,4
3,6702,1116,1113,3,4
3,6703,1116,1113,3,4
3,6704,1116,1113,3,4
3,6705,1116,1113,3,4
3,6706,1116,1113,3,4
3,6707,1116,1113,3,4
3,6708,1116,1113,3,4
3,6709,1116,1112,4,4
3,6710,1116,1113,3,4
3,6711,1116,1113,3,4
3,6712,1116,1113,3,4
3,6713,1116,1113,3,4
3,6714,1116,1113,3,4
3,6715,1116,1113,3,4
3,6716,1116,1113,3,4
3,6717,1116,1112,4,4
3,6718,1116,1113,3,4
3,6719,1116,1113,3,4
3,6720,1116,1113,3,4
3,6721,1116,1112,4,4
3,6722,1116,1113,3,4
3,6723,1116,1113,3,4
3,6724,1116,1113,3,4
3,6725,1116,1113,3,4
3,6726,1116,1113,3,4
3,6727,1116,1112,4,4
3,6728,1116,1113,3,4
3,6729,1116,1113,3,4
3,6730,1116,1113,3,4
3,6731,1116,1112,4,4
3,6732,1116,1113,3,4
3,6733,1116,1113,3,4
3,6734,1116,1113,3,4
3,6735,1116,1113,3,4
3,6736,1116,1113,3,4
3,6737,1116,1112,4,4
3,6738,1116,1113,3,4
3,6739,1116,1112,4,4
3,6740,1116,1113,3,4
3,6741,1116,1113,3,4
3,6742,1116,1113,3,4
3,6743,1116,1113,3,4
3,6744,1116,1113,3,4
3,6745,1116,1113,3,4
3,6746,1116,1112,4,4
3,6747,1116,1113,3,4
3,6748,1116,1113,3,4
3,6749,1116,1113,3,4
3,6750,1116,1113,3,4
3,6751,1116,1113,3,4
3,6752,1116,1113,3,4
3,6753,1116,1113,3,4
3,6754,1116,1113,3,4
3,6755,1116,1113,3,4
3,6756,1116,1113,3,4
3,6757,1116,1113,3,4
3,6758,1116,1113,3,4
3,6759,1116,1113,3,4
3,6760,1116,1113,3,4
3,6761,1116,1113,3,4
3,6762,1116,1112,4,4
3,6763,1116,1113,3,4
3,6764,1116,1113,3,4
3,6765,1116,1113,3,4
3,6766,1116,1113,3,4
3,6767,1116,1113,3,4
3,6768,1116,1113,3,4
3,6769,1116,1113,3,4
3,6770,1116,1112,4,4
3,6771,1116,1113,3,4
3,6772,1116,1113,3,4
3,6773,1116,1113,3,4
3,6774,1116,1112,4,4
3,6775,1116,1113,3,4
3,6776,1116,1113,3,4
3,6777,1116,1113,3,4
3,6778,1116,1113,3,4
3,6779,1116,1112,4,4
3,6780,1116,1113,3,4
3,6781,1116,1112,4,4
3,6782,1116,1113,3,4
3,6783,1116,1113,3,4
3,6784,1116,1113,3,4
3,6785,1116,1112,4,4
3,6786,1116,1113,3,4
3,6787,1116,1113,3,4
3,6788,1116,1113,3,4
3,6789,1116,1112,4,4
3,6790,1116,1112,4,4
3,6791,1116,1113,3,4
3,6792,1116,1113,3,4
3,6793,1116,1113,3,4
3,6794,1116,1113,3,4
3,6795,1116,1113,3,4
3,6796,1116,1113,3,4
3,6797,1116,1113,3,4
3,6798,1116,1112,4,4
3,6799,1116,1113,3,4
3,6800,1116,1112,4,4
3,6801,1116,1113,3,4
3,6802,1116,1112,4,4
3,6803,1116,1113,3,4
3,6804,1116,1113,3,4
3,6805,1116,1113,3,4
3,6806,1116,1113,3,4
3,6807,1116,1113,3,4
3,6808,1116,1113,3,4
3,6809,1116,1113,3,4
3,6810,1116,1113,3,4
3,6811,1116,1113,3,4
3,6812,1116,1113,3,4
3,6813,1116,1113,3,4
3,6814,1116,1113,3,4
3,6815,1116,1113,3,4
3,6816,1116,1112,4,4
3,6817,1116,1113,3,4
3,6818,1116,1112,4,4
3,6819,1116,1112,4,4
3,6820,1116,1113,3,4
3,6821,1116,1113,3,4
3,6822,1116,1113,3,4
3,6823,1116,1113,3,4
3,6824,1116,1113,3,4
3,6825,1116,1113,3,4
3,6826,1116,1113,3,4
3,6827,1116,1113,3,4
3,6828,1116,1113,3,4
3,6829,1116,1113,3,4
3,6830,1116,1113,3,4
3,6831,1116,1113,3,4
3,6832,1116,1113,3,4
3,6833,1116,1113,3,4
3,6834,1116,1113,3,4
3,6835,1116,1112,4,4
3,6836,1116,1113,3,4
3,6837,1116,1113,3,4
3,6838,1116,1113,3,4
3,6839,1116,1113,3,4
3,6840,1116,1112,4,4
3,6841,1116,1112,4,4
3,6842,1116,1113,3,4
3,6843,1116,1113,3,4
3,6844,1116,1113,3,4
3,6845,1116,1112,4,4
3,6846,1116,1113,3,4
3,6847,1116,1113,3,4
3,6848,1116,1112,4,4
3,6849,1116,1113,3,4
3,6850,1116,1112,4,4
3,6851,1116,1113,3,4
3,6852,1116,1113,3,4
3,6853,1116,1112,4,4
3,6854,1116,1113,3,4
3,6855,1116,1113,3,4
3,6856,1116,1113,3,4
3,6857,1116,1113,3,4
3,6858,1116,1113,3,4
3,6859,1116,1113,3,4
3,6860,1116,1113,3,4
3,6861,1116,1112,4,4
3,6862,1116,1113,3,4
3,6863,1116,1113,3,4
3,6864,1116,1113,3,4
3,6865,1116,1113,3,4
3,6866,1116,1113,3,4
3,6867,1116,1113,3,4
3,6868,1116,1113,3,4
3,6869,1116,1113,3,4
3,6870,1116,1112,4,4
3,6871,1116,1113,3,4
3,6872,1116,1113,3,4
3,6873,1116,1113,3,4
3,6874,1116,1113,3,4
3,6875,1116,1112,4,4
3,6876,1116,1112,4,4
3,6877,1116,1113,3,4
3,6878,1116,1113,3,4
3,6879,1116,1113,3,4
3,6880,1116,1113,3,4
3,6881,1116,1113,3,4
3,6882,1116,1113,3,4
3,6883,1116,1113,3,4
3,6884,1116,1113,3,4
3,6885,1116,1113,3,4
3,6886,1116,1113,3,4
3,6887,1116,1113,3,4
3,6888,1116,1113,3,4
3,6889,1116,1113,3,4
3,6890,1116,1112,4,4
3,6891,1116,1113,3,4
3,6892,1116,1112,4,4
3,6893,1116,1113,3,4
3,6894,1116,1113,3,4
3,6895,1116,1112,4,4
3,6896,1116,1112,4,4
3,6897,1116,1112,4,4
3,6898,1116,1113,3,4
3,6899,1116,1113,3,4
3,6900,1116,1113,3,4
3,6901,1116,1113,3,4
3,6902,1116,1113,3,4
3,6903,1116,1113,3,4
3,6904,1116,1113,3,4
3,6905,1116,1113,3,4
3,6906,1116,1113,3,4
3,6907,1116,1113,3,4
3,6908,1116,1113,3,4
3,6909,1116,1113,3,4
3,6910,1116,1112,4,4
3,6911,1116,1113,3,4
3,6912,1116,1113,3,4
3,6913,1116,1113,3,4
3,6914,1116,1113,3,4
3,6915,1116,1113,3,4
3,6916,1116,1112,4,4
3,6917,1116,1113,3,4
3,6918,1116,1113,3,4
3,6919,1116,1113,3,4
3,6920,1116,1113,3,4
3,6921,1116,1112,4,4
3,6922,1116,1113,3,4
3,6923,1116,1113,3,4
3,6924,1116,1112,4,4
3,6925,1116,1113,3,4
3,6926,1116,1113,3,4
3,6927,1116,1112,4,4
3,6928,1116,1113,3,4
3,6929,1116,1113,3,4
3,6930,1116,1113,3,4
3,6931,1116,1113,3,4
3,6932,1116,1112,4,4
3,6933,1116,1113,3,4
3,6934,1116,1113,3,4
3,6935,1116,1113,3,4
3,6936,1116,1112,4,4
3,6937,1116,1112,4,4
3,6938,1116,1112,4,4
3,6939,1116,1113,3,4
3,6940,1116,1113,3,4
3,6941,1116,1112,4,4
3,6942,1116,1112,4,4
3,6943,1116,1113,3,4
3,6944,1116,1113,3,4
3,6945,1116,1112,4,4
3,6946,1116,1113,3,4
3,6947,1116,1113,3,4
3,6948,1116,1112,4,4
3,6949,1116,1113,3,4
3,6950,1116,1113,3,4
3,6951,1116,1113,3,4
3,6952,1116,1113,3,4
3,6953,1116,1113,3,4
3,6954,1116,1113,3,4
3,6955,1116,1113,3,4
3,6956,1116,1113,3,4
3,6957,1116,1113,3,4
3,6958,1116,1113,3,4
3,6959,1116,1113,3,4
3,6960,1116,1112,4,4
3,6961,1116,1113,3,4
3,6962,1116,1113,3,4
3,6963,1116,1113,3,4
3,6964,1116,1112,4,4
3,6965,1116,1113,3,4
3,6966,1116,1112,4,4
3,6967,1116,1113,3,4
3,6968,1116,1113,3,4
3,6969,1116,1112,4,4
3,6970,1116,1113,3,4
3,6971,1116,1113,3,4
3,6972,1116,1113,3,4
3,6973,1116,1112,4,4
3,6974,1116,1113,3,4
3,6975,1116,1113,3,4
3,6976,1116,1113,3,4
3,6977,1116,1113,3,4
3,6978,1116,1113,3,4
3,6979,1116,1113,3,4
3,6980,1116,1113,3,4
3,6981,1116,1113,3,4
3,6982,1116,1113,3,4
3,6983,1116,1113,3,4
3,6984,1116,1113,3,4
3,6985,1116,1113,3,4
3,6986,1116,1113,3,4
3,6987,1116,1113,3,4
3,6988,1116,1113,3,4
3,6989,1116,1113,3,4
3,6990,1116,1112,4,4
3,6991,1116,1112,4,4
3,6992,1116,1113,3,4
3,6993,1116,1113,3,4
3,6994,1116,1113,3,4
3,6995,1116,1113,3,4
3,6996,1116,1113,3,4
3,6997,1116,1113,3,4
3,6998,1116,1113,3,4
3,6999,1116,1113,3,4
3,7000,1116,1113,3,4
3,7001,1116,1113,3,4
3,7002,1116,1112,4,4
3,7003,1116,1113,3,4
3,7004,1116,1113,3,4
3,7005,1116,1113,3,4
3,7006,1116,1113,3,4
3,7007,1116,1113,3,4
3,7008,1116,1112,4,4
3,7009,1116,1113,3,4
3,7010,1116,1113,3,4
3,7011,1116,1113,3,4
3,7012,1116,1113,3,4
3,7013,1116,1113,3,4
3,7014,1116,1113,3,4
3,7015,1116,1113,3,4
3,7016,1116,1112,4,4
3,7017,1116,1112,4,4
3,7018,1116,1113,3,4
3,7019,1116,1113,3,4
3,7020,1116,1112,4,4
3,7021,1116,1113,3,4
3,7022,1116,1113,3,4
3,7023,1116,1113,3,4
3,7024,1116,1113,3,4
3,7025,1116,1112,4,4
3,7026,1116,1113,3,4
3,7027,1116,1113,3,4
3,7028,1116,1113,3,4
3,7029,1116,1113,3,4
3,7030,1116,1113,3,4
3,7031,1116,1113,3,4
3,7032,1116,1113,3,4
3,7033,1116,1113,3,4
3,7034,1116,1113,3,4
3,7035,1116,1113,3,4
3,7036,1116,1113,3,4
3,7037,1116,1113,3,4
3,7038,1116,1113,3,4
3,7039,1116,1112,4,4
3,7040,1116,1113,3,4
3,7041,1116,1112,4,4
3,7042,1116,1113,3,4
3,7043,1116,1113,3,4
3,7044,1116,1113,3,4
3,7045,1116,1113,3,4
3,7046,1116,1113,3,4
3,7047,1116,1112,4,4
3,7048,1116,1113,3,4
3,7049,1116,1113,3,4
3,7050,1116,1113,3,4
3,7051,1116,1113,3,4
3,7052,1116,1113,3,4
3,7053,1116,1113,3,4
3,7054,1116,1113,3,4
3,7055,1116,1113,3,4
3,7056,1116,1112,4,4
3,7057,1116,1113,3,4
3,7058,1116,1113,3,4
3,7059,1116,1113,3,4
3,7060,1116,1112,4,4
3,7061,1116,1113,3,4
3,7062,1116,1113,3,4
3,7063,1116,1113,3,4
3,7064,1116,1113,3,4
3,7065,1116,1113,3,4
3,7066,1116,1113,3,4
3,7067,1116,1113,3,4
3,7068,1116,1113,3,4
3,7069,1116,1113,3,4
3,7070,1116,1112,4,4
3,7071,1116,1113,3,4
3,7072,1116,1113,3,4
3,7073,1116,1113,3,4
3,7074,1116,1113,3,4
3,7075,1116,1113,3,4
3,7076,1116,1113,3,4
3,7077,1116,1112,4,4
3,7078,1116,1113,3,4
3,7079,1116,1112,4,4
3,7080,1116,1113,3,4
3,7081,1116,1113,3,4
3,7082,1116,1113,3,4
3,7083,1116,1113,3,4
3,7084,1116,1112,4,4
3,7085,1116,1112,4,4
3,7086,1116,1113,3,4
3,7087,1116,1113,3,4
3,7088,1116,1112,4,4
3,7089,1116,1113,3,4
3,7090,1116,1113,3,4
3,7091,1116,1112,4,4
3,7092,1116,1112,4,4
3,7093,1116,1113,3,4
3,7094,1116,1112,4,4
3,7095,1116,1113,3,4
3,7096,1116,1113,3,4
3,7097,1116,1113,3,4
3,7098,1116,1113,3,4
3,7099,1116,1113,3,4
3,7100,1116,1113,3,4
3,7101,1116,1112,4,4
3,7102,1116,1113,3,4
3,7103,1116,1113,3,4
3,7104,1116,1113,3,4
3,7105,1116,1113,3,4
3,7106,1116,1113,3,4
3,7107,1116,1113,3,4
3,7108,1116,1113,3,4
3,7109,1116,1113,3,4
3,7110,1116,1113,3,4
3,7111,1116,1113,3,4
3,7112,1116,1113,3,4
3,7113,1116,1113,3,4
3,7114,1116,1113,3,4
3,7115,1116,1113,3,4
3,7116,1116,1112,4,4
3,7117,1116,1113,3,4
3,7118,1116,1112,4,4
3,7119,1116,1112,4,4
3,7120,1116,1113,3,4
3,7121,1116,1113,3,4
3,7122,1116,1113,3,4
3,7123,1116,1112,4,4
3,7124,1116,1112,4,4
3,7125,1116,1113,3,4
3,7126,1116,1113,3,4
3,7127,1116,1113,3,4
3,7128,1116,1113,3,4
3,7129,1116,1113,3,4
3,7130,1116,1112,4,4
3,7131,1116,1113,3,4
3,7132,1116,1113,3,4
3,7133,1116,1112,4,4
3,7134,1116,1113,3,4
3,7135,1116,1113,3,4
3,7136,1116,1113,3,4
3,7137,1116,1113,3,4
3,7138,1116,1112,4,4
3,7139,1116,1113,3,4
3,7140,1116,1112,4,4
3,7141,1116,1113,3,4
3,7142,1116,1113,3,4
3,7143,1116,1113,3,4
3,7144,1116,1113,3,4
3,7145,1116,1113,3,4
3,7146,1116,1113,3,4
3,7147,1116,1112,4,4
3,7148,1116,1113,3,4
3,7149,1116,1113,3,4
3,7150,1116,1113,3,4
3,7151,1116,1113,3,4
3,7152,1116,1113,3,4
3,7153,1116,1113,3,4
3,7154,1116,1113,3,4
3,7155,1116,1113,3,4
3,7156,1116,1113,3,4
3,7157,1116,1113,3,4
3,7158,1116,1113,3,4
3,7159,1116,1113,3,4
3,7160,1116,1112,4,4
3,7161,1116,1113,3,4
3,7162,1116,1113,3,4
3,7163,1116,1113,3,4
3,7164,1116,1112,4,4
3,7165,1116,1113,3,4
3,7166,1116,1113,3,4
3,7167,1116,1113,3,4
3,7168,1116,1112,4,4
3,7169,1116,1113,3,4
3,7170,1116,1113,3,4
3,7171,1116,1113,3,4
3,7172,1116,1112,4,4
3,7173,1116,1113,3,4
3,7174,1116,1113,3,4
3,7175,1116,1113,3,4
3,7176,1116,1113,3,4
3,7177,1116,1113,3,4
3,7178,1116,1113,3,4
3,7179,1116,1113,3,4
3,7180,1116,1113,3,4
3,7181,1116,1113,3,4
3,7182,1116,1112,4,4
3,7183,1116,1112,4,4
3,7184,1116,1113,3,4
3,7185,1116,1112,4,4
3,7186,1116,1113,3,4
3,7187,1116,1113,3,4
3,7188,1116,1113,3,4
3,7189,1116,1113,3,4
3,7190,1116,1112,4,4
3,7191,1116,1113,3,4
3,7192,1116,1112,4,4
3,7193,1116,1113,3,4
3,7194,1116,1113,3,4
3,7195,1116,1113,3,4
3,7196,1116,1113,3,4
3,7197,1116,1112,4,4
3,7198,1116,1113,3,4
3,7199,1116,1113,3,4
3,7200,1116,1112,4,4
3,7201,1116,1113,3,4
3,7202,1116,1113,3,4
3,7203,1116,1113,3,4
3,7204,1116,1113,3,4
3,7205,1116,1113,3,4
3,7206,1116,1113,3,4
3,7207,1116,1113,3,4
3,7208,1116,1112,4,4
3,7209,1116,1113,3,4
3,7210,1116,1113,3,4
3,7211,1116,1113,3,4
3,7212,1116,1113,3,4
3,7213,1116,1113,3,4
3,7214,1116,1112,4,4
3,7215,1116,1113,3,4
3,7216,1116,1113,3,4
3,7217,1116,1113,3,4
3,7218,1116,1113,3,4
3,7219,1116,1113,3,4
3,7220,1116,1112,4,4
3,7221,1116,1113,3,4
3,7222,1116,1113,3,4
3,7223,1116,1113,3,4
3,7224,1116,1113,3,4
3,7225,1116,1113,3,4
3,7226,1116,1112,4,4
3,7227,1116,1112,4,4
3,7228,1116,1113,3,4
3,7229,1116,1113,3,4
3,7230,1116,1112,4,4
3,7231,1116,1113,3,4
3,7232,1116,1113,3,4
3,7233,1116,1113,3,4
3,7234,1116,1113,3,4
3,7235,1116,1112,4,4
3,7236,1116,1113,3,4
3,7237,1116,1113,3,4
3,7238,1116,1113,3,4
3,7239,1116,1113,3,4
3,7240,1116,1113,3,4
3,7241,1116,1112,4,4
3,7242,1116,1113,3,4
3,7243,1116,1112,4,4
3,7244,1116,1113,3,4
3,7245,1116,1112,4,4
3,7246,1116,1113,3,4
3,7247,1116,1113,3,4
3,7248,1116,1113,3,4
3,7249,1116,1113,3,4
3,7250,1116,1113,3,4
3,7251,1116,1113,3,4
3,7252,1116,1113,3,4
3,7253,1116,1113,3,4
3,7254,1116,1113,3,4
3,7255,1116,1112,4,4
3,7256,1116,1113,3,4
3,7257,1116,1113,3,4
3,7258,1116,1113,3,4
3,7259,1116,1113,3,4
3,7260,1116,1113,3,4
3,7261,1116,1113,3,4
3,7262,1116,1112,4,4
3,7263,1116,1113,3,4
3,7264,1116,1113,3,4
3,7265,1116,1113,3,4
3,7266,1116,1113,3,4
3,7267,1116,1113,3,4
3,7268,1116,1113,3,4
3,7269,1116,1113,3,4
3,7270,1116,1112,4,4
3,7271,1116,1113,3,4
3,7272,1116,1113,3,4
3,7273,1116,1113,3,4
3,7274,1116,1113,3,4
3,7275,1116,1113,3,4
3,7276,1116,1113,3,4
3,7277,1116,1113,3,4
3,7278,1116,1113,3,4
3,7279,1116,1113,3,4
3,7280,1116,1113,3,4
3,7281,1116,1112,4,4
3,7282,1116,1113,3,4
3,7283,1116,1113,3,4
3,7284,1116,1112,4,4
3,7285,1116,1113,3,4
3,7286,1116,1113,3,4
3,7287,1116,1113,3,4
3,7288,1116,1113,3,4
3,7289,1116,1113,3,4
3,7290,1116,1113,3,4
3,7291,1116,1113,3,4
3,7292,1116,1113,3,4
3,7293,1116,1112,4,4
3,7294,1116,1112,4,4
3,7295,1116,1113,3,4
3,7296,1116,1113,3,4
3,7297,1116,1113,3,4
3,7298,1116,1113,3,4
3,7299,1116,1113,3,4
3,7300,1116,1112,4,4
3,7301,1116,1113,3,4
3,7302,1116,1113,3,4
3,7303,1116,1113,3,4
3,7304,1116,1113,3,4
3,7305,1116,1113,3,4
3,7306,1116,1113,3,4
3,7307,1116,1113,3,4
3,7308,1116,1113,3,4
3,7309,1116,1113,3,4
3,7310,1116,1113,3,4
3,7311,1116,1113,3,4
3,7312,1116,1113,3,4
3,7313,1116,1113,3,4
3,7314,1116,1112,4,4
3,7315,1116,1112,4,4
3,7316,1116,1112,4,4
3,7317,1116,1113,3,4
3,7318,1116,1113,3,4
3,7319,1116,1113,3,4
3,7320,1116,1113,3,4
3,7321,1116,1113,3,4
3,7322,1116,1112,4,4
3,7323,1116,1113,3,4
3,7324,1116,1113,3,4
3,7325,1116,1113,3,4
3,7326,1116,1113,3,4
3,7327,1116,1113,3,4
3,7328,1116,1113,3,4
3,7329,1116,1113,3,4
3,7330,1116,1112,4,4
3,7331,1116,1112,4,4
3,7332,1116,1112,4,4
3,7333,1116,1113,3,4
3,7334,1116,1113,3,4
3,7335,1116,1113,3,4
3,7336,1116,1113,3,4
3,7337,1116,1112,4,4
3,7338,1116,1112,4,4
3,7339,1116,1113,3,4
3,7340,1116,1113,3,4
3,7341,1116,1113,3,4
3,7342,1116,1113,3,4
3,7343,1116,1112,4,4
3,7344,1116,1113,3,4
3,7345,1116,1113,3,4
3,7346,1116,1112,4,4
3,7347,1116,1113,3,4
3,7348,1116,1113,3,4
3,7349,1116,1113,3,4
3,7350,1116,1112,4,4
3,7351,1116,1113,3,4
3,7352,1116,1113,3,4
3,7353,1116,1113,3,4
3,7354,1116,1113,3,4
3,7355,1116,1113,3,4
3,7356,1116,1112,4,4
3,7357,1116,1113,3,4
3,7358,1116,1113,3,4
3,7359,1116,1113,3,4
3,7360,1116,1113,3,4
3,7361,1116,1113,3,4
3,7362,1116,1113,3,4
3,7363,1116,1113,3,4
3,7364,1116,1113,3,4
3,7365,1116,1113,3,4
3,7366,1116,1113,3,4
3,7367,1116,1113,3,4
3,7368,1116,1113,3,4
3,7369,1116,1113,3,4
3,7370,1116,1113,3,4
3,7371,1116,1113,3,4
3,7372,1116,1113,3,4
3,7373,1116,1113,3,4
3,7374,1116,1113,3,4
3,7375,1116,1112,4,4
3,7376,1116,1113,3,4
3,7377,1116,1113,3,4
3,7378,1116,1113,3,4
3,7379,1116,1113,3,4
3,7380,1116,1113,3,4
3,7381,1116,1113,3,4
3,7382,1116,1113,3,4
3,7383,1116,1112,4,4
3,7384,1116,1113,3,4
3,7385,1116,1113,3,4
3,7386,1116,1113,3,4
3,7387,1116,1113,3,4
3,7388,1116,1113,3,4
3,7389,1116,1113,3,4
3,7390,1116,1113,3,4
3,7391,1116,1112,4,4
3,7392,1116,1113,3,4
3,7393,1116,1112,4,4
3,7394,1116,1113,3,4
3,7395,1116,1112,4,4
3,7396,1116,1112,4,4
3,7397,1116,1113,3,4
3,7398,1116,1113,3,4
3,7399,1116,1113,3,4
3,7400,1116,1112,4,4
3,7401,1116,1112,4,4
3,7402,1116,1112,4,4
3,7403,1116,1113,3,4
3,7404,1116,1113,3,4
3,7405,1116,1113,3,4
3,7406,1116,1113,3,4
3,7407,1116,1113,3,4
3,7408,1116,1113,3,4
3,7409,1116,1113,3,4
3,7410,1116,1113,3,4
3,7411,1116,1112,4,4
3,7412,1116,1112,4,4
3,7413,1116,1113,3,4
3,7414,1116,1113,3,4
3,7415,1116,1112,4,4
3,7416,1116,1113,3,4
3,7417,1116,1113,3,4
3,7418,1116,1113,3,4
3,7419,1116,1113,3,4
3,7420,1116,1113,3,4
3,7421,1116,1113,3,4
3,7422,1116,1113,3,4
3,7423,1116,1113,3,4
3,7424,1116,1112,4,4
3,7425,1116,1113,3,4
3,7426,1116,1113,3,4
3,7427,1116,1113,3,4
3,7428,1116,1113,3,4
3,7429,1116,1113,3,4
3,7430,1116,1113,3,4
3,7431,1116,1113,3,4
3,7432,1116,1113,3,4
3,7433,1116,1113,3,4
3,7434,1116,1113,3,4
3,7435,1116,1112,4,4
3,7436,1116,1112,4,4
3,7437,1116,1113,3,4
3,7438,1116,1113,3,4
3,7439,1116,1113,3,4
3,7440,1116,1113,3,4
3,7441,1116,1112,4,4
3,7442,1116,1113,3,4
3,7443,1116,1112,4,4
3,7444,1116,1113,3,4
3,7445,1116,1113,3,4
3,7446,1116,1113,3,4
3,7447,1116,1113,3,4
3,7448,1116,1113,3,4
3,7449,1116,1113,3,4
3,7450,1116,1113,3,4
3,7451,1116,1113,3,4
3,7452,1116,1113,3,4
3,7453,1116,1113,3,4
3,7454,1116,1113,3,4
3,7455,1116,1113,3,4
3,7456,1116,1113,3,4
3,7457,1116,1113,3,4
3,7458,1116,1113,3,4
3,7459,1116,1112,4,4
3,7460,1116,1113,3,4
3,7461,1116,1113,3,4
3,7462,1116,1113,3,4
3,7463,1116,1113,3,4
3,7464,1116,1113,3,4
3,7465,1116,1113,3,4
3,7466,1116,1113,3,4
3,7467,1116,1113,3,4
3,7468,1116,1113,3,4
3,7469,1116,1113,3,4
3,7470,1116,1113,3,4
3,7471,1116,1113,3,4
3,7472,1116,1112,4,4
3,7473,1116,1113,3,4
3,7474,1116,1112,4,4
3,7475,1116,1113,3,4
3,7476,1116,1113,3,4
3,7477,1116,1113,3,4
3,7478,1116,1113,3,4
3,7479,1116,1113,3,4
3,7480,1116,1113,3,4
3,7481,1116,1113,3,4
3,7482,1116,1112,4,4
3,7483,1116,1113,3,4
3,7484,1116,1113,3,4
3,7485,1116,1113,3,4
3,7486,1116,1113,3,4
3,7487,1116,1112,4,4
3,7488,1116,1113,3,4
3,7489,1116,1113,3,4
3,7490,1116,1113,3,4
3,7491,1116,1113,3,4
3,7492,1116,1113,3,4
3,7493,1116,1113,3,4
3,7494,1116,1113,3,4
3,7495,1116,1113,3,4
3,7496,1116,1113,3,4
3,7497,1116,1113,3,4
3,7498,1116,1112,4,4
3,7499,1116,1113,3,4
3,7500,1116,1112,4,4
3,7501,1116,1113,3,4
3,7502,1116,1113,3,4
3,7503,1116,1113,3,4
3,7504,1116,1112,4,4
3,7505,1116,1113,3,4
3,7506,1116,1113,3,4
3,7507,1116,1112,4,4
3,7508,1116,1113,3,4
3,7509,1116,1112,4,4
3,7510,1116,1113,3,4
3,7511,1116,1113,3,4
3,7512,1116,1113,3,4
3,7513,1116,1113,3,4
3,7514,1116,1113,3,4
3,7515,1116,1113,3,4
3,7516,1116,1113,3,4
3,7517,1116,1113,3,4
3,7518,1116,1112,4,4
3,7519,1116,1113,3,4
3,7520,1116,1113,3,4
3,7521,1116,1113,3,4
3,7522,1116,1113,3,4
3,7523,1116,1113,3,4
3,7524,1116,1113,3,4
3,7525,1116,1112,4,4
3,7526,1116,1112,4,4
3,7527,1116,1113,3,4
3,7528,1116,1113,3,4
3,7529,1116,1113,3,4
3,7530,1116,1113,3,4
3,7531,1116,1112,4,4
3,7532,1116,1113,3,4
3,7533,1116,1112,4,4
3,7534,1116,1112,4,4
3,7535,1116,1113,3,4
3,7536,1116,1112,4,4
3,7537,1116,1113,3,4
3,7538,1116,1113,3,4
3,7539,1116,1113,3,4
3,7540,1116,1113,3,4
3,7541,1116,1112,4,4
3,7542,1116,1113,3,4
3,7543,1116,1113,3,4
3,7544,1116,1112,4,4
3,7545,1116,1113,3,4
3,7546,1116,1112,4,4
3,7547,1116,1113,3,4
3,7548,1116,1113,3,4
3,7549,1116,1113,3,4
3,7550,1116,1112,4,4
3,7551,1116,1112,4,4
3,7552,1116,1113,3,4
3,7553,1116,1113,3,4
3,7554,1116,1113,3,4
3,7555,1116,1113,3,4
3,7556,1116,1113,3,4
3,7557,1116,1113,3,4
3,7558,1116,1113,3,4
3,7559,1116,1113,3,4
3,7560,1116,1113,3,4
3,7561,1116,1113,3,4
3,7562,1116,1113,3,4
3,7563,1116,1113,3,4
3,7564,1116,1112,4,4
3,7565,1116,1113,3,4
3,7566,1116,1113,3,4
3,7567,1116,1113,3,4
3,7568,1116,1113,3,4
3,7569,1116,1113,3,4
3,7570,1116,1113,3,4
3,7571,1116,1113,3,4
3,7572,1116,1113,3,4
3,7573,1116,1113,3,4
3,7574,1116,1112,4,4
3,7575,1116,1112,4,4
3,7576,1116,1113,3,4
3,7577,1116,1113,3,4
3,7578,1116,1113,3,4
3,7579,1116,1113,3,4
3,7580,1116,1113,3,4
3,7581,1116,1113,3,4
3,7582,1116,1113,3,4
3,7583,1116,1113,3,4
3,7584,1116,1113,3,4
3,7585,1116,1113,3,4
3,7586,1116,1113,3,4
3,7587,1116,1113,3,4
3,7588,1116,1112,4,4
3,7589,1116,1113,3,4
3,7590,1116,1113,3,4
3,7591,1116,1113,3,4
3,7592,1116,1113,3,4
3,7593,1116,1113,3,4
3,7594,1116,1113,3,4
3,7595,1116,1112,4,4
3,7596,1116,1113,3,4
3,7597,1116,1113,3,4
3,7598,1116,1113,3,4
3,7599,1116,1113,3,4
3,7600,1116,1112,4,4
3,7601,1116,1113,3,4
3,7602,1116,1113,3,4
3,7603,1116,1113,3,4
3,7604,1116,1113,3,4
3,7605,1116,1113,3,4
3,7606,1116,1113,3,4
3,7607,1116,1112,4,4
3,7608,1116,1113,3,4
3,7609,1116,1113,3,4
3,7610,1116,1112,4,4
3,7611,1116,1113,3,4
3,7612,1116,1113,3,4
3,7613,1116,1112,4,4
3,7614,1116,1113,3,4
3,7615,1116,1113,3,4
3,7616,1116,1113,3,4
3,7617,1116,1113,3,4
3,7618,1116,1113,3,4
3,7619,1116,1112,4,4
3,7620,1116,1113,3,4
3,7621,1116,1113,3,4
3,7622,1116,1112,4,4
3,7623,1116,1113,3,4
3,7624,1116,1113,3,4
3,7625,1116,1112,4,4
3,7626,1116,1113,3,4
3,7627,1116,1113,3,4
3,7628,1116,1113,3,4
3,7629,1116,1113,3,4
3,7630,1116,1113,3,4
3,7631,1116,1113,3,4
3,7632,1116,1113,3,4
3,7633,1116,1113,3,4
3,7634,1116,1112,4,4
3,7635,1116,1113,3,4
3,7636,1116,1113,3,4
3,7637,1116,1113,3,4
3,7638,1116,1113,3,4
3,7639,1116,1113,3,4
3,7640,1116,1113,3,4
3,7641,1116,1113,3,4
3,7642,1116,1113,3,4
3,7643,1116,1113,3,4
3,7644,1116,1112,4,4
3,7645,1116,1113,3,4
3,7646,1116,1112,4,4
3,7647,1116,1113,3,4
3,7648,1116,1113,3,4
3,7649,1116,1113,3,4
3,7650,1116,1113,3,4
3,7651,1116,1113,3,4
3,7652,1116,1113,3,4
3,7653,1116,1113,3,4
3,7654,1116,1113,3,4
3,7655,1116,1113,3,4
3,7656,1116,1113,3,4
3,7657,1116,1113,3,4
3,7658,1116,1113,3,4
3,7659,1116,1113,3,4
3,7660,1116,1113,3,4
3,7661,1116,1113,3,4
3,7662,1116,1113,3,4
3,7663,1116,1113,3,4
3,7664,1116,1113,3,4
3,7665,1116,1112,4,4
3,7666,1116,1113,3,4
3,7667,1116,1113,3,4
3,7668,1116,1113,3,4
3,7669,1116,1113,3,4
3,7670,1116,1112,4,4
3,7671,1116,1113,3,4
3,7672,1116,1113,3,4
3,7673,1116,1113,3,4
3,7674,1116,1113,3,4
3,7675,1116,1113,3,4
3,7676,1116,1112,4,4
3,7677,1116,1112,4,4
3,7678,1116,1112,4,4
3,7679,1116,1113,3,4
3,7680,1116,1113,3,4
3,7681,1116,1113,3,4
3,7682,1116,1113,3,4
3,7683,1116,1112,4,4
3,7684,1116,1113,3,4
3,7685,1116,1113,3,4
3,7686,1116,1113,3,4
3,7687,1116,1113,3,4
3,7688,1116,1112,4,4
3,7689,1116,1113,3,4
3,7690,1116,1113,3,4
3,7691,1116,1113,3,4
3,7692,1116,1112,4,4
3,7693,1116,1112,4,4
3,7694,1116,1113,3,4
3,7695,1116,1113,3,4
3,7696,1116,1113,3,4
3,7697,1116,1112,4,4
3,7698,1116,1113,3,4
3,7699,1116,1113,3,4
3,7700,1116,1113,3,4
3,7701,1116,1113,3,4
3,7702,1116,1113,3,4
3,7703,1116,1112,4,4
3,7704,1116,1113,3,4
3,7705,1116,1112,4,4
3,7706,1116,1113,3,4
3,7707,1116,1113,3,4
3,7708,1116,1113,3,4
3,7709,1116,1113,3,4
3,7710,1116,1113,3,4
3,7711,1116,1112,4,4
3,7712,1116,1113,3,4
3,7713,1116,1112,4,4
3,7714,1116,1113,3,4
3,7715,1116,1113,3,4
3,7716,1116,1113,3,4
3,7717,1116,1112,4,4
3,7718,1116,1113,3,4
3,7719,1116,1113,3,4
3,7720,1116,1113,3,4
3,7721,1116,1113,3,4
3,7722,1116,1112,4,4
3,7723,1116,1113,3,4
3,7724,1116,1113,3,4
3,7725,1116,1113,3,4
3,7726,1116,1113,3,4
3,7727,1116,1113,3,4
3,7728,1116,1113,3,4
3,7729,1116,1113,3,4
3,7730,1116,1113,3,4
3,7731,1116,1113,3,4
3,7732,1116,1113,3,4
3,7733,1116,1113,3,4
3,7734,1116,1113,3,4
3,7735,1116,1113,3,4
3,7736,1116,1113,3,4
3,7737,1116,1112,4,4
3,7738,1116,1113,3,4
3,7739,1116,1113,3,4
3,7740,1116,1113,3,4
3,7741,1116,1113,3,4
3,7742,1116,1112,4,4
3,7743,1116,1113,3,4
3,7744,1116,1113,3,4
3,7745,1116,1113,3,4
3,7746,1116,1113,3,4
3,7747,1116,1113,3,4
3,7748,1116,1113,3,4
3,7749,1116,1113,3,4
3,7750,1116,1112,4,4
3,7751,1116,1113,3,4
3,7752,1116,1113,3,4
3,7753,1116,1113,3,4
3,7754,1116,1113,3,4
3,7755,1116,1113,3,4
3,7756,1116,1113,3,4
3,7757,1116,1113,3,4
3,7758,1116,1113,3,4
3,7759,1116,1113,3,4
3,7760,1116,1113,3,4
3,7761,1116,1113,3,4
3,7762,1116,1113,3,4
3,7763,1116,1113,3,4
3,7764,1116,1113,3,4
3,7765,1116,1113,3,4
3,7766,1116,1113,3,4
3,7767,1116,1113,3,4
3,7768,1116,1113,3,4
3,7769,1116,1113,3,4
3,7770,1116,1113,3,4
3,7771,1116,1113,3,4
3,7772,1116,1112,4,4
3,7773,1116,1113,3,4
3,7774,1116,1112,4,4
3,7775,1116,1113,3,4
3,7776,1116,1113,3,4
3,7777,1116,1113,3,4
3,7778,1116,1113,3,4
3,7779,1116,1113,3,4
3,7780,1116,1112,4,4
3,7781,1116,1112,4,4
3,7782,1116,1113,3,4
3,7783,1116,1112,4,4
3,7784,1116,1113,3,4
3,7785,1116,1113,3,4
3,7786,1116,1113,3,4
3,7787,1116,1113,3,4
3,7788,1116,1113,3,4
3,7789,1116,1113,3,4
3,7790,1116,1112,4,4
3,7791,1116,1113,3,4
3,7792,1116,1113,3,4
3,7793,1116,1113,3,4
3,7794,1116,1113,3,4
3,7795,1116,1112,4,4
3,7796,1116,1113,3,4
3,7797,1116,1113,3,4
3,7798,1116,1112,4,4
3,7799,1116,1112,4,4
3,7800,1116,1113,3,4
3,7801,1116,1113,3,4
3,7802,1116,1112,4,4
3,7803,1116,1113,3,4
3,7804,1116,1113,3,4
3,7805,1116,1113,3,4
3,7806,1116,1112,4,4
3,7807,1116,1112,4,4
3,7808,1116,1113,3,4
3,7809,1116,1113,3,4
3,7810,1116,1112,4,4
3,7811,1116,1113,3,4
3,7812,1116,1113,3,4
3,7813,1116,1112,4,4
3,7814,1116,1113,3,4
3,7815,1116,1113,3,4
3,7816,1116,1112,4,4
3,7817,1116,1113,3,4
3,7818,1116,1113,3,4
3,7819,1116,1113,3,4
3,7820,1116,1112,4,4
3,7821,1116,1113,3,4
3,7822,1116,1112,4,4
3,7823,1116,1113,3,4
3,7824,1116,1113,3,4
3,7825,1116,1113,3,4
3,7826,1116,1113,3,4
3,7827,1116,1112,4,4
3,7828,1116,1113,3,4
3,7829,1116,1113,3,4
3,7830,1116,1113,3,4
3,7831,1116,1113,3,4
3,7832,1116,1112,4,4
3,7833,1116,1112,4,4
3,7834,1116,1113,3,4
3,7835,1116,1113,3,4
3,7836,1116,1113,3,4
3,7837,1116,1113,3,4
3,7838,1116,1112,4,4
3,7839,1116,1113,3,4
3,7840,1116,1112,4,4
3,7841,1116,1113,3,4
3,7842,1116,1113,3,4
3,7843,1116,1113,3,4
3,7844,1116,1112,4,4
3,7845,1116,1113,3,4
3,7846,1116,1113,3,4
3,7847,1116,1113,3,4
3,7848,1116,1113,3,4
3,7849,1116,1112,4,4
3,7850,1116,1112,4,4
3,7851,1116,1113,3,4
3,7852,1116,1113,3,4
3,7853,1116,1112,4,4
3,7854,1116,1113,3,4
3,7855,1116,1113,3,4
3,7856,1116,1113,3,4
3,7857,1116,1113,3,4
3,7858,1116,1113,3,4
3,7859,1116,1113,3,4
3,7860,1116,1113,3,4
3,7861,1116,1113,3,4
3,7862,1116,1113,3,4
3,7863,1116,1113,3,4
3,7864,1116,1113,3,4
3,7865,1116,1113,3,4
3,7866,1116,1113,3,4
3,7867,1116,1112,4,4
3,7868,1116,1113,3,4
3,7869,1116,1113,3,4
3,7870,1116,1113,3,4
3,7871,1116,1113,3,4
3,7872,1116,1113,3,4
3,7873,1116,1113,3,4
3,7874,1116,1113,3,4
3,7875,1116,1112,4,4
3,7876,1116,1113,3,4
3,7877,1116,1113,3,4
3,7878,1116,1113,3,4
3,7879,1116,1113,3,4
3,7880,1116,1113,3,4
3,7881,1116,1112,4,4
3,7882,1116,1113,3,4
3,7883,1116,1112,4,4
3,7884,1116,1113,3,4
3,7885,1116,1113,3,4
3,7886,1116,1112,4,4
3,7887,1116,1112,4,4
3,7888,1116,1113,3,4
3,7889,1116,1113,3,4
3,7890,1116,1113,3,4
3,7891,1116,1112,4,4
3,7892,1116,1113,3,4
3,7893,1116,1113,3,4
3,7894,1116,1113,3,4
3,7895,1116,1113,3,4
3,7896,1116,1113,3,4
3,7897,1116,1113,3,4
3,7898,1116,1113,3,4
3,7899,1116,1113,3,4
3,7900,1116,1113,3,4
3,7901,1116,1112,4,4
3,7902,1116,1113,3,4
3,7903,1116,1113,3,4
3,7904,1116,1113,3,4
3,7905,1116,1112,4,4
3,7906,1116,1113,3,4
3,7907,1116,1113,3,4
3,7908,1116,1113,3,4
3,7909,1116,1113,3,4
3,7910,1116,1113,3,4
3,7911,1116,1113,3,4
3,7912,1116,1113,3,4
3,7913,1116,1112,4,4
3,7914,1116,1113,3,4
3,7915,1116,1112,4,4
3,7916,1116,1113,3,4
3,7917,1116,1113,3,4
3,7918,1116,1113,3,4
3,7919,1116,1113,3,4
3,7920,1116,1113,3,4
3,7921,1116,1113,3,4
3,7922,1116,1113,3,4
3,7923,1116,1113,3,4
3,7924,1116,1112,4,4
3,7925,1116,1113,3,4
3,7926,1116,1113,3,4
3,7927,1116,1113,3,4
3,7928,1116,1113,3,4
3,7929,1116,1113,3,4
3,7930,1116,1113,3,4
3,7931,1116,1113,3,4
3,7932,1116,1113,3,4
3,7933,1116,1113,3,4
3,7934,1116,1113,3,4
3,7935,1116,1113,3,4
3,7936,1116,1113,3,4
3,7937,1116,1113,3,4
3,7938,1116,1113,3,4
3,7939,1116,1113,3,4
3,7940,1116,1112,4,4
3,7941,1116,1113,3,4
3,7942,1116,1113,3,4
3,7943,1116,1113,3,4
3,7944,1116,1113,3,4
3,7945,1116,1113,3,4
3,7946,1116,1113,3,4
3,7947,1116,1112,4,4
3,7948,1116,1113,3,4
3,7949,1116,1113,3,4
3,7950,1116,1113,3,4
3,7951,1116,1113,3,4
3,7952,1116,1112,4,4
3,7953,1116,1113,3,4
3,7954,1116,1113,3,4
3,7955,1116,1113,3,4
3,7956,1116,1113,3,4
3,7957,1116,1112,4,4
3,7958,1116,1113,3,4
3,7959,1116,1113,3,4
3,7960,1116,1112,4,4
3,7961,1116,1113,3,4
3,7962,1116,1113,3,4
3,7963,1116,1113,3,4
3,7964,1116,1113,3,4
3,7965,1116,1113,3,4
3,7966,1116,1112,4,4
3,7967,1116,1113,3,4
3,7968,1116,1113,3,4
3,7969,1116,1113,3,4
3,7970,1116,1113,3,4
3,7971,1116,1113,3,4
3,7972,1116,1112,4,4
3,7973,1116,1113,3,4
3,7974,1116,1113,3,4
3,7975,1116,1113,3,4
3,7976,1116,1112,4,4
3,7977,1116,1112,4,4
3,7978,1116,1113,3,4
3,7979,1116,1113,3,4
3,7980,1116,1113,3,4
3,7981,1116,1113,3,4
3,7982,1116,1113,3,4
3,7983,1116,1113,3,4
3,7984,1116,1113,3,4
3,7985,1116,1113,3,4
3,7986,1116,1113,3,4
3,7987,1116,1113,3,4
3,7988,1116,1113,3,4
3,7989,1116,1113,3,4
3,7990,1116,1113,3,4
3,7991,1116,1112,4,4
3,7992,1116,1113,3,4
3,7993,1116,1112,4,4
3,7994,1116,1113,3,4
3,7995,1116,1113,3,4
3,7996,1116,1113,3,4
3,7997,1116,1112,4,4
3,7998,1116,1113,3,4
3,7999,1116,1113,3,4
3,8000,1116,1113,3,4
3,8001,1116,1113,3,4
3,8002,1116,1113,3,4
3,8003,1116,1113,3,4
3,8004,1116,1113,3,4
3,8005,1116,1113,3,4
3,8006,1116,1113,3,4
3,8007,1116,1112,4,4
3,8008,1116,1113,3,4
3,8009,1116,1113,3,4
3,8010,1116,1112,4,4
3,8011,1116,1112,4,4
3,8012,1116,1113,3,4
3,8013,1116,1113,3,4
3,8014,1116,1112,4,4
3,8015,1116,1113,3,4
3,8016,1116,1113,3,4
3,8017,1116,1113,3,4
3,8018,1116,1112,4,4
3,8019,1116,1113,3,4
3,8020,1116,1113,3,4
3,8021,1116,1113,3,4
3,8022,1116,1113,3,4
3,8023,1116,1113,3,4
3,8024,1116,1113,3,4
3,8025,1116,1113,3,4
3,8026,1116,1113,3,4
3,8027,1116,1113,3,4
3,8028,1116,1113,3,4
3,8029,1116,1113,3,4
3,8030,1116,1113,3,4
3,8031,1116,1113,3,4
3,8032,1116,1113,3,4
3,8033,1116,1113,3,4
3,8034,1116,1113,3,4
3,8035,1116,1113,3,4
3,8036,1116,1113,3,4
3,8037,1116,1113,3,4
3,8038,1116,1113,3,4
3,8039,1116,1113,3,4
3,8040,1116,1113,3,4
3,8041,1116,1113,3,4
3,8042,1116,1113,3,4
3,8043,1116,1113,3,4
3,8044,1116,1113,3,4
3,8045,1116,1113,3,4
3,8046,1116,1113,3,4
3,8047,1116,1112,4,4
3,8048,1116,1113,3,4
3,8049,1116,1113,3,4
3,8050,1116,1113,3,4
3,8051,1116,1113,3,4
3,8052,1116,1113,3,4
3,8053,1116,1112,4,4
3,8054,1116,1113,3,4
3,8055,1116,1113,3,4
3,8056,1116,1113,3,4
3,8057,1116,1112,4,4
3,8058,1116,1113,3,4
3,8059,1116,1113,3,4
3,8060,1116,1112,4,4
3,8061,1116,1113,3,4
3,8062,1116,1113,3,4
3,8063,1116,1113,3,4
3,8064,1116,1113,3,4
3,8065,1116,1113,3,4
3,8066,1116,1113,3,4
3,8067,1116,1113,3,4
3,8068,1116,1112,4,4
3,8069,1116,1113,3,4
3,8070,1116,1113,3,4
3,8071,1116,1113,3,4
3,8072,1116,1113,3,4
3,8073,1116,1113,3,4
3,8074,1116,1113,3,4
3,8075,1116,1113,3,4
3,8076,1116,1113,3,4
3,8077,1116,1113,3,4
3,8078,1116,1113,3,4
3,8079,1116,1113,3,4
3,8080,1116,1112,4,4
3,8081,1116,1113,3,4
3,8082,1116,1112,4,4
3,8083,1116,1113,3,4
3,8084,1116,1113,3,4
3,8085,1116,1113,3,4
3,8086,1116,1113,3,4
3,8087,1116,1113,3,4
3,8088,1116,1113,3,4
3,8089,1116,1113,3,4
3,8090,1116,1113,3,4
3,8091,1116,1113,3,4
3,8092,1116,1113,3,4
3,8093,1116,1113,3,4
3,8094,1116,1113,3,4
3,8095,1116,1113,3,4
3,8096,1116,1113,3,4
3,8097,1116,1113,3,4
3,8098,1116,1113,3,4
3,8099,1116,1113,3,4
3,8100,1116,1113,3,4
3,8101,1116,1113,3,4
3,8102,1116,1113,3,4
3,8103,1116,1113,3,4
3,8104,1116,1113,3,4
3,8105,1116,1113,3,4
3,8106,1116,1113,3,4
3,8107,1116,1113,3,4
3,8108,1116,1113,3,4
3,8109,1116,1112,4,4
3,8110,1116,1113,3,4
3,8111,1116,1113,3,4
3,8112,1116,1113,3,4
3,8113,1116,1113,3,4
3,8114,1116,1112,4,4
3,8115,1116,1113,3,4
3,8116,1116,1113,3,4
3,8117,1116,1113,3,4
3,8118,1116,1112,4,4
3,8119,1116,1113,3,4
3,8120,1116,1113,3,4
3,8121,1116,1113,3,4
3,8122,1116,1113,3,4
3,8123,1116,1112,4,4
3,8124,1116,1113,3,4
3,8125,1116,1113,3,4
3,8126,1116,1113,3,4
3,8127,1116,1113,3,4
3,8128,1116,1113,3,4
3,8129,1116,1113,3,4
3,8130,1116,1113,3,4
3,8131,1116,1113,3,4
3,8132,1116,1113,3,4
3,8133,1116,1113,3,4
3,8134,1116,1113,3,4
3,8135,1116,1112,4,4
3,8136,1116,1113,3,4
3,8137,1116,1113,3,4
3,8138,1116,1113,3,4
3,8139,1116,1113,3,4
3,8140,1116,1113,3,4
3,8141,1116,1113,3,4
3,8142,1116,1113,3,4
3,8143,1116,1112,4,4
3,8144,1116,1113,3,4
3,8145,1116,1112,4,4
3,8146,1116,1113,3,4
3,8147,1116,1113,3,4
3,8148,1116,1113,3,4
3,8149,1116,1112,4,4
3,8150,1116,1113,3,4
3,8151,1116,1112,4,4
3,8152,1116,1113,3,4
3,8153,1116,1113,3,4
3,8154,1116,1112,4,4
3,8155,1116,1112,4,4
3,8156,1116,1112,4,4
3,8157,1116,1113,3,4
3,8158,1116,1112,4,4
3,8159,1116,1112,4,4
3,8160,1116,1113,3,4
3,8161,1116,1113,3,4
3,8162,1116,1112,4,4
3,8163,1116,1113,3,4
3,8164,1116,1113,3,4
3,8165,1116,1113,3,4
3,8166,1116,1113,3,4
3,8167,1116,1113,3,4
3,8168,1116,1113,3,4
3,8169,1116,1113,3,4
3,8170,1116,1113,3,4
3,8171,1116,1113,3,4
3,8172,1116,1113,3,4
3,8173,1116,1113,3,4
3,8174,1116,1113,3,4
3,8175,1116,1112,4,4
3,8176,1116,1113,3,4
3,8177,1116,1113,3,4
3,8178,1116,1113,3,4
3,8179,1116,1113,3,4
3,8180,1116,1113,3,4
3,8181,1116,1112,4,4
3,8182,1116,1113,3,4
3,8183,1116,1113,3,4
3,8184,1116,1113,3,4
3,8185,1116,1112,4,4
3,8186,1116,1113,3,4
3,8187,1116,1113,3,4
3,8188,1116,1113,3,4
3,8189,1116,1113,3,4
3,8190,1116,1113,3,4
3,8191,1116,1113,3,4
3,8192,1116,1113,3,4
3,8193,1116,1113,3,4
3,8194,1116,1113,3,4
3,8195,1116,1113,3,4
3,8196,1116,1113,3,4
3,8197,1116,1113,3,4
3,8198,1116,1113,3,4
3,8199,1116,1113,3,4
3,8200,1116,1113,3,4
3,8201,1116,1113,3,4
3,8202,1116,1113,3,4
3,8203,1116,1113,3,4
3,8204,1116,1113,3,4
3,8205,1116,1113,3,4
3,8206,1116,1113,3,4
3,8207,1116,1113,3,4
3,8208,1116,1113,3,4
3,8209,1116,1113,3,4
3,8210,1116,1113,3,4
3,8211,1116,1113,3,4
3,8212,1116,1113,3,4
3,8213,1116,1113,3,4
3,8214,1116,1113,3,4
3,8215,1116,1113,3,4
3,8216,1116,1113,3,4
3,8217,1116,1113,3,4
3,8218,1116,1113,3,4
3,8219,1116,1112,4,4
3,8220,1116,1113,3,4
3,8221,1116,1113,3,4
3,8222,1116,1113,3,4
3,8223,1116,1113,3,4
3,8224,1116,1113,3,4
3,8225,1116,1112,4,4
3,8226,1116,1113,3,4
3,8227,1116,1113,3,4
3,8228,1116,1113,3,4
3,8229,1116,1113,3,4
3,8230,1116,1113,3,4
3,8231,1116,1113,3,4
3,8232,1116,1113,3,4
3,8233,1116,1113,3,4
3,8234,1116,1113,3,4
3,8235,1116,1113,3,4
3,8236,1116,1113,3,4
3,8237,1116,1112,4,4
3,8238,1116,1113,3,4
3,8239,1116,1112,4,4
3,8240,1116,1113,3,4
3,8241,1116,1112,4,4
3,8242,1116,1113,3,4
3,8243,1116,1112,4,4
3,8244,1116,1113,3,4
3,8245,1116,1112,4,4
3,8246,1116,1112,4,4
3,8247,1116,1113,3,4
3,8248,1116,1113,3,4
3,8249,1116,1113,3,4
3,8250,1116,1113,3,4
3,8251,1116,1113,3,4
3,8252,1116,1113,3,4
3,8253,1116,1113,3,4
3,8254,1116,1113,3,4
3,8255,1116,1113,3,4
3,8256,1116,1112,4,4
3,8257,1116,1113,3,4
3,8258,1116,1113,3,4
3,8259,1116,1112,4,4
3,8260,1116,1113,3,4
3,8261,1116,1113,3,4
3,8262,1116,1113,3,4
3,8263,1116,1113,3,4
3,8264,1116,1113,3,4
3,8265,1116,1112,4,4
3,8266,1116,1113,3,4
3,8267,1116,1113,3,4
3,8268,1116,1112,4,4
3,8269,1116,1113,3,4
3,8270,1116,1113,3,4
3,8271,1116,1112,4,4
3,8272,1116,1113,3,4
3,8273,1116,1112,4,4
3,8274,1116,1113,3,4
3,8275,1116,1112,4,4
3,8276,1116,1113,3,4
3,8277,1116,1113,3,4
3,8278,1116,1113,3,4
3,8279,1116,1113,3,4
3,8280,1116,1113,3,4
3,8281,1116,1112,4,4
3,8282,1116,1112,4,4
3,8283,1116,1113,3,4
3,8284,1116,1112,4,4
3,8285,1116,1113,3,4
3,8286,1116,1113,3,4
3,8287,1116,1112,4,4
3,8288,1116,1113,3,4
3,8289,1116,1113,3,4
3,8290,1116,1113,3,4
3,8291,1116,1113,3,4
3,8292,1116,1113,3,4
3,8293,1116,1113,3,4
3,8294,1116,1113,3,4
3,8295,1116,1113,3,4
3,8296,1116,1113,3,4
3,8297,1116,1113,3,4
3,8298,1116,1113,3,4
3,8299,1116,1113,3,4
3,8300,1116,1113,3,4
3,8301,1116,1113,3,4
3,8302,1116,1112,4,4
3,8303,1116,1112,4,4
3,8304,1116,1113,3,4
3,8305,1116,1113,3,4
3,8306,1116,1113,3,4
3,8307,1116,1113,3,4
3,8308,1116,1113,3,4
3,8309,1116,1113,3,4
3,8310,1116,1113,3,4
3,8311,1116,1113,3,4
3,8312,1116,1113,3,4
3,8313,1116,1113,3,4
3,8314,1116,1113,3,4
3,8315,1116,1113,3,4
3,8316,1116,1113,3,4
3,8317,1116,1112,4,4
3,8318,1116,1113,3,4
3,8319,1116,1113,3,4
3,8320,1116,1113,3,4
3,8321,1116,1113,3,4
3,8322,1116,1113,3,4
3,8323,1116,1112,4,4
3,8324,1116,1112,4,4
3,8325,1116,1112,4,4
3,8326,1116,1113,3,4
3,8327,1116,1113,3,4
3,8328,1116,1113,3,4
3,8329,1116,1112,4,4
3,8330,1116,1113,3,4
3,8331,1116,1113,3,4
3,8332,1116,1113,3,4
3,8333,1116,1113,3,4
3,8334,1116,1113,3,4
3,8335,1116,1113,3,4
3,8336,1116,1113,3,4
3,8337,1116,1113,3,4
3,8338,1116,1113,3,4
3,8339,1116,1113,3,4
3,8340,1116,1112,4,4
3,8341,1116,1113,3,4
3,8342,1116,1113,3,4
3,8343,1116,1112,4,4
3,8344,1116,1113,3,4
3,8345,1116,1113,3,4
3,8346,1116,1113,3,4
3,8347,1116,1113,3,4
3,8348,1116,1113,3,4
3,8349,1116,1112,4,4
3,8350,1116,1113,3,4
3,8351,1116,1113,3,4
3,8352,1116,1112,4,4
3,8353,1116,1113,3,4
3,8354,1116,1112,4,4
3,8355,1116,1112,4,4
3,8356,1116,1113,3,4
3,8357,1116,1112,4,4
3,8358,1116,1113,3,4
3,8359,1116,1113,3,4
3,8360,1116,1112,4,4
3,8361,1116,1113,3,4
3,8362,1116,1113,3,4
3,8363,1116,1113,3,4
3,8364,1116,1113,3,4
3,8365,1116,1112,4,4
3,8366,1116,1113,3,4
3,8367,1116,1113,3,4
3,8368,1116,1113,3,4
3,8369,1116,1113,3,4
3,8370,1116,1113,3,4
3,8371,1116,1113,3,4
3,8372,1116,1112,4,4
3,8373,1116,1113,3,4
3,8374,1116,1113,3,4
3,8375,1116,1113,3,4
3,8376,1116,1113,3,4
3,8377,1116,1113,3,4
3,8378,1116,1113,3,4
3,8379,1116,1113,3,4
3,8380,1116,1113,3,4
3,8381,1116,1113,3,4
3,8382,1116,1113,3,4
3,8383,1116,1113,3,4
3,8384,1116,1113,3,4
3,8385,1116,1113,3,4
3,8386,1116,1113,3,4
3,8387,1116,1113,3,4
3,8388,1116,1112,4,4
3,8389,1116,1113,3,4
3,8390,1116,1113,3,4
3,8391,1116,1113,3,4
3,8392,1116,1113,3,4
3,8393,1116,1113,3,4
3,8394,1116,1112,4,4
3,8395,1116,1113,3,4
3,8396,1116,1113,3,4
3,8397,1116,1113,3,4
3,8398,1116,1113,3,4
3,8399,1116,1113,3,4
3,8400,1116,1113,3,4
3,8401,1116,1113,3,4
3,8402,1116,1113,3,4
3,8403,1116,1112,4,4
3,8404,1116,1113,3,4
3,8405,1116,1113,3,4
3,8406,1116,1112,4,4
3,8407,1116,1113,3,4
3,8408,1116,1112,4,4
3,8409,1116,1113,3,4
3,8410,1116,1113,3,4
3,8411,1116,1113,3,4
3,8412,1116,1113,3,4
3,8413,1116,1113,3,4
3,8414,1116,1113,3,4
3,8415,1116,1113,3,4
3,8416,1116,1113,3,4
3,8417,1116,1113,3,4
3,8418,1116,1113,3,4
3,8419,1116,1113,3,4
3,8420,1116,1113,3,4
3,8421,1116,1112,4,4
3,8422,1116,1113,3,4
3,8423,1116,1113,3,4
3,8424,1116,1113,3,4
3,8425,1116,1113,3,4
3,8426,1116,1113,3,4
3,8427,1116,1113,3,4
3,8428,1116,1113,3,4
3,8429,1116,1113,3,4
3,8430,1116,1113,3,4
3,8431,1116,1113,3,4
3,8432,1116,1113,3,4
3,8433,1116,1113,3,4
3,8434,1116,1113,3,4
3,8435,1116,1113,3,4
3,8436,1116,1112,4,4
3,8437,1116,1113,3,4
3,8438,1116,1113,3,4
3,8439,1116,1113,3,4
3,8440,1116,1113,3,4
3,8441,1116,1113,3,4
3,8442,1116,1112,4,4
3,8443,1116,1112,4,4
3,8444,1116,1113,3,4
3,8445,1116,1113,3,4
3,8446,1116,1113,3,4
3,8447,1116,1113,3,4
3,8448,1116,1112,4,4
3,8449,1116,1113,3,4
3,8450,1116,1113,3,4
3,8451,1116,1113,3,4
3,8452,1116,1112,4,4
3,8453,1116,1112,4,4
3,8454,1116,1113,3,4
3,8455,1116,1113,3,4
3,8456,1116,1113,3,4
3,8457,1116,1113,3,4
3,8458,1116,1113,3,4
3,8459,1116,1113,3,4
3,8460,1116,1113,3,4
3,8461,1116,1113,3,4
3,8462,1116,1113,3,4
3,8463,1116,1113,3,4
3,8464,1116,1112,4,4
3,8465,1116,1113,3,4
3,8466,1116,1113,3,4
3,8467,1116,1113,3,4
3,8468,1116,1113,3,4
3,8469,1116,1113,3,4
3,8470,1116,1113,3,4
3,8471,1116,1113,3,4
3,8472,1116,1113,3,4
3,8473,1116,1112,4,4
3,8474,1116,1113,3,4
3,8475,1116,1112,4,4
3,8476,1116,1113,3,4
3,8477,1116,1113,3,4
3,8478,1116,1112,4,4
3,8479,1116,1113,3,4
3,8480,1116,1112,4,4
3,8481,1116,1113,3,4
3,8482,1116,1112,4,4
3,8483,1116,1112,4,4
3,8484,1116,1113,3,4
3,8485,1116,1113,3,4
3,8486,1116,1113,3,4
3,8487,1116,1112,4,4
3,8488,1116,1113,3,4
3,8489,1116,1113,3,4
3,8490,1116,1113,3,4
3,8491,1116,1113,3,4
3,8492,1116,1113,3,4
3,8493,1116,1113,3,4
3,8494,1116,1113,3,4
3,8495,1116,1113,3,4
3,8496,1116,1113,3,4
3,8497,1116,1112,4,4
3,8498,1116,1113,3,4
3,8499,1116,1113,3,4
3,8500,1116,1113,3,4
3,8501,1116,1113,3,4
3,8502,1116,1112,4,4
3,8503,1116,1113,3,4
3,8504,1116,1113,3,4
3,8505,1116,1113,3,4
3,8506,1116,1112,4,4
3,8507,1116,1113,3,4
3,8508,1116,1113,3,4
3,8509,1116,1113,3,4
3,8510,1116,1113,3,4
3,8511,1116,1113,3,4
3,8512,1116,1113,3,4
3,8513,1116,1112,4,4
3,8514,1116,1112,4,4
3,8515,1116,1113,3,4
3,8516,1116,1113,3,4
3,8517,1116,1113,3,4
3,8518,1116,1113,3,4
3,8519,1116,1112,4,4
3,8520,1116,1112,4,4
3,8521,1116,1113,3,4
3,8522,1116,1113,3,4
3,8523,1116,1113,3,4
3,8524,1116,1113,3,4
3,8525,1116,1113,3,4
3,8526,1116,1113,3,4
3,8527,1116,1113,3,4
3,8528,1116,1113,3,4
3,8529,1116,1113,3,4
3,8530,1116,1113,3,4
3,8531,1116,1113,3,4
3,8532,1116,1113,3,4
3,8533,1116,1113,3,4
3,8534,1116,1113,3,4
3,8535,1116,1113,3,4
3,8536,1116,1113,3,4
3,8537,1116,1113,3,4
3,8538,1116,1113,3,4
3,8539,1116,1113,3,4
3,8540,1116,1113,3,4
3,8541,1116,1112,4,4
3,8542,1116,1113,3,4
3,8543,1116,1113,3,4
3,8544,1116,1113,3,4
3,8545,1116,1113,3,4
3,8546,1116,1112,4,4
3,8547,1116,1113,3,4
3,8548,1116,1113,3,4
3,8549,1116,1113,3,4
3,8550,1116,1113,3,4
3,8551,1116,1113,3,4
3,8552,1116,1112,4,4
3,8553,1116,1113,3,4
3,8554,1116,1113,3,4
3,8555,1116,1113,3,4
3,8556,1116,1113,3,4
3,8557,1116,1113,3,4
3,8558,1116,1113,3,4
3,8559,1116,1113,3,4
3,8560,1116,1113,3,4
3,8561,1116,1113,3,4
3,8562,1116,1113,3,4
3,8563,1116,1113,3,4
3,8564,1116,1112,4,4
3,8565,1116,1113,3,4
3,8566,1116,1113,3,4
3,8567,1116,1113,3,4
3,8568,1116,1113,3,4
3,8569,1116,1113,3,4
3,8570,1116,1113,3,4
3,8571,1116,1113,3,4
3,8572,1116,1113,3,4
3,8573,1116,1113,3,4
3,8574,1116,1113,3,4
3,8575,1116,1113,3,4
3,8576,1116,1113,3,4
3,8577,1116,1113,3,4
3,8578,1116,1113,3,4
3,8579,1116,1112,4,4
3,8580,1116,1112,4,4
3,8581,1116,1113,3,4
3,8582,1116,1113,3,4
3,8583,1116,1113,3,4
3,8584,1116,1113,3,4
3,8585,1116,1113,3,4
3,8586,1116,1113,3,4
3,8587,1116,1113,3,4
3,8588,1116,1112,4,4
3,8589,1116,1113,3,4
3,8590,1116,1113,3,4
3,8591,1116,1113,3,4
3,8592,1116,1113,3,4
3,8593,1116,1113,3,4
3,8594,1116,1113,3,4
3,8595,1116,1113,3,4
3,8596,1116,1112,4,4
3,8597,1116,1113,3,4
3,8598,1116,1113,3,4
3,8599,1116,1113,3,4
3,8600,1116,1113,3,4
3,8601,1116,1113,3,4
3,8602,1116,1113,3,4
3,8603,1116,1113,3,4
3,8604,1116,1113,3,4
3,8605,1116,1112,4,4
3,8606,1116,1113,3,4
3,8607,1116,1113,3,4
3,8608,1116,1113,3,4
3,8609,1116,1113,3,4
3,8610,1116,1113,3,4
3,8611,1116,1113,3,4
3,8612,1116,1112,4,4
3,8613,1116,1113,3,4
3,8614,1116,1113,3,4
3,8615,1116,1113,3,4
3,8616,1116,1112,4,4
3,8617,1116,1113,3,4
3,8618,1116,1113,3,4
3,8619,1116,1113,3,4
3,8620,1116,1112,4,4
3,8621,1116,1113,3,4
3,8622,1116,1112,4,4
3,8623,1116,1113,3,4
3,8624,1116,1113,3,4
3,8625,1116,1113,3,4
3,8626,1116,1112,4,4
3,8627,1116,1113,3,4
3,8628,1116,1112,4,4
3,8629,1116,1113,3,4
3,8630,1116,1113,3,4
3,8631,1116,1113,3,4
3,8632,1116,1113,3,4
3,8633,1116,1113,3,4
3,8634,1116,1113,3,4
3,8635,1116,1113,3,4
3,8636,1116,1113,3,4
3,8637,1116,1113,3,4
3,8638,1116,1113,3,4
3,8639,1116,1112,4,4
3,8640,1116,1112,4,4
3,8641,1116,1113,3,4
3,8642,1116,1113,3,4
3,8643,1116,1112,4,4
3,8644,1116,1113,3,4
3,8645,1116,1112,4,4
3,8646,1116,1112,4,4
3,8647,1116,1113,3,4
3,8648,1116,1113,3,4
3,8649,1116,1112,4,4
3,8650,1116,1113,3,4
3,8651,1116,1113,3,4
3,8652,1116,1112,4,4
3,8653,1116,1113,3,4
3,8654,1116,1113,3,4
3,8655,1116,1113,3,4
3,8656,1116,1113,3,4
3,8657,1116,1113,3,4
3,8658,1116,1112,4,4
3,8659,1116,1113,3,4
3,8660,1116,1113,3,4
3,8661,1116,1112,4,4
3,8662,1116,1113,3,4
3,8663,1116,1113,3,4
3,8664,1116,1113,3,4
3,8665,1116,1113,3,4
3,8666,1116,1113,3,4
3,8667,1116,1113,3,4
3,8668,1116,1113,3,4
3,8669,1116,1113,3,4
3,8670,1116,1113,3,4
3,8671,1116,1113,3,4
3,8672,1116,1112,4,4
3,8673,1116,1112,4,4
3,8674,1116,1113,3,4
3,8675,1116,1113,3,4
3,8676,1116,1112,4,4
3,8677,1116,1113,3,4
3,8678,1116,1113,3,4
3,8679,1116,1112,4,4
3,8680,1116,1113,3,4
3,8681,1116,1113,3,4
3,8682,1116,1112,4,4
3,8683,1116,1113,3,4
3,8684,1116,1113,3,4
3,8685,1116,1113,3,4
3,8686,1116,1113,3,4
3,8687,1116,1113,3,4
3,8688,1116,1113,3,4
3,8689,1116,1113,3,4
3,8690,1116,1113,3,4
3,8691,1116,1113,3,4
3,8692,1116,1113,3,4
3,8693,1116,1113,3,4
3,8694,1116,1113,3,4
3,8695,1116,1113,3,4
3,8696,1116,1112,4,4
3,8697,1116,1113,3,4
3,8698,1116,1112,4,4
3,8699,1116,1112,4,4
3,8700,1116,1113,3,4
3,8701,1116,1113,3,4
3,8702,1116,1112,4,4
3,8703,1116,1112,4,4
3,8704,1116,1113,3,4
3,8705,1116,1113,3,4
3,8706,1116,1113,3,4
3,8707,1116,1113,3,4
3,8708,1116,1112,4,4
3,8709,1116,1113,3,4
3,8710,1116,1113,3,4
3,8711,1116,1113,3,4
3,8712,1116,1113,3,4
3,8713,1116,1113,3,4
3,8714,1116,1113,3,4
3,8715,1116,1113,3,4
3,8716,1116,1113,3,4
3,8717,1116,1113,3,4
3,8718,1116,1112,4,4
3,8719,1116,1113,3,4
3,8720,1116,1113,3,4
3,8721,1116,1113,3,4
3,8722,1116,1113,3,4
3,8723,1116,1113,3,4
3,8724,1116,1112,4,4
3,8725,1116,1113,3,4
3,8726,1116,1112,4,4
3,8727,1116,1113,3,4
3,8728,1116,1113,3,4
3,8729,1116,1112,4,4
3,8730,1116,1113,3,4
3,8731,1116,1113,3,4
3,8732,1116,1113,3,4
3,8733,1116,1113,3,4
3,8734,1116,1113,3,4
3,8735,1116,1113,3,4
3,8736,1116,1112,4,4
3,8737,1116,1113,3,4
3,8738,1116,1113,3,4
3,8739,1116,1112,4,4
3,8740,1116,1113,3,4
3,8741,1116,1113,3,4
3,8742,1116,1113,3,4
3,8743,1116,1113,3,4
3,8744,1116,1113,3,4
3,8745,1116,1113,3,4
3,8746,1116,1113,3,4
3,8747,1116,1113,3,4
3,8748,1116,1112,4,4
3,8749,1116,1113,3,4
3,8750,1116,1113,3,4
3,8751,1116,1113,3,4
3,8752,1116,1112,4,4
3,8753,1116,1113,3,4
3,8754,1116,1113,3,4
3,8755,1116,1113,3,4
3,8756,1116,1113,3,4
3,8757,1116,1113,3,4
3,8758,1116,1113,3,4
3,8759,1116,1113,3,4
3,8760,1116,1113,3,4
3,8761,1116,1113,3,4
3,8762,1116,1113,3,4
3,8763,1116,1113,3,4
3,8764,1116,1113,3,4
3,8765,1116,1113,3,4
3,8766,1116,1113,3,4
3,8767,1116,1113,3,4
3,8768,1116,1113,3,4
3,8769,1116,1113,3,4
3,8770,1116,1113,3,4
3,8771,1116,1113,3,4
3,8772,1116,1113,3,4
3,8773,1116,1113,3,4
3,8774,1116,1113,3,4
3,8775,1116,1113,3,4
3,8776,1116,1113,3,4
3,8777,1116,1113,3,4
3,8778,1116,1113,3,4
3,8779,1116,1112,4,4
3,8780,1116,1113,3,4
3,8781,1116,1113,3,4
3,8782,1116,1113,3,4
3,8783,1116,1113,3,4
3,8784,1116,1113,3,4
3,8785,1116,1113,3,4
3,8786,1116,1112,4,4
3,8787,1116,1113,3,4
3,8788,1116,1113,3,4
3,8789,1116,1113,3,4
3,8790,1116,1113,3,4
3,8791,1116,1113,3,4
3,8792,1116,1113,3,4
3,8793,1116,1113,3,4
3,8794,1116,1112,4,4
3,8795,1116,1113,3,4
3,8796,1116,1113,3,4
3,8797,1116,1113,3,4
3,8798,1116,1112,4,4
3,8799,1116,1113,3,4
3,8800,1116,1113,3,4
3,8801,1116,1113,3,4
3,8802,1116,1113,3,4
3,8803,1116,1113,3,4
3,8804,1116,1113,3,4
3,8805,1116,1113,3,4
3,8806,1116,1113,3,4
3,8807,1116,1113,3,4
3,8808,1116,1113,3,4
3,8809,1116,1113,3,4
3,8810,1116,1113,3,4
3,8811,1116,1113,3,4
3,8812,1116,1112,4,4
3,8813,1116,1113,3,4
3,8814,1116,1113,3,4
3,8815,1116,1113,3,4
3,8816,1116,1113,3,4
3,8817,1116,1113,3,4
3,8818,1116,1113,3,4
3,8819,1116,1113,3,4
3,8820,1116,1113,3,4
3,8821,1116,1113,3,4
3,8822,1116,1113,3,4
3,8823,1116,1113,3,4
3,8824,1116,1113,3,4
3,8825,1116,1113,3,4
3,8826,1116,1113,3,4
3,8827,1116,1113,3,4
3,8828,1116,1113,3,4
3,8829,1116,1113,3,4
3,8830,1116,1113,3,4
3,8831,1116,1113,3,4
3,8832,1116,1112,4,4
3,8833,1116,1113,3,4
3,8834,1116,1113,3,4
3,8835,1116,1112,4,4
3,8836,1116,1113,3,4
3,8837,1116,1113,3,4
3,8838,1116,1113,3,4
3,8839,1116,1113,3,4
3,8840,1116,1113,3,4
3,8841,1116,1113,3,4
3,8842,1116,1112,4,4
3,8843,1116,1113,3,4
3,8844,1116,1113,3,4
3,8845,1116,1113,3,4
3,8846,1116,1113,3,4
3,8847,1116,1113,3,4
3,8848,1116,1113,3,4
3,8849,1116,1113,3,4
3,8850,1116,1113,3,4
3,8851,1116,1113,3,4
3,8852,1116,1113,3,4
3,8853,1116,1113,3,4
3,8854,1116,1113,3,4
3,8855,1116,1113,3,4
3,8856,1116,1113,3,4
3,8857,1116,1113,3,4
3,8858,1116,1113,3,4
3,8859,1116,1113,3,4
3,8860,1116,1113,3,4
3,8861,1116,1113,3,4
3,8862,1116,1113,3,4
3,8863,1116,1113,3,4
3,8864,1116,1113,3,4
3,8865,1116,1112,4,4
3,8866,1116,1113,3,4
3,8867,1116,1113,3,4
3,8868,1116,1113,3,4
3,8869,1116,1112,4,4
3,8870,1116,1113,3,4
3,8871,1116,1113,3,4
3,8872,1116,1113,3,4
3,8873,1116,1113,3,4
3,8874,1116,1113,3,4
3,8875,1116,1113,3,4
3,8876,1116,1113,3,4
3,8877,1116,1113,3,4
3,8878,1116,1113,3,4
3,8879,1116,1112,4,4
3,8880,1116,1113,3,4
3,8881,1116,1113,3,4
3,8882,1116,1112,4,4
3,8883,1116,1113,3,4
3,8884,1116,1113,3,4
3,8885,1116,1113,3,4
3,8886,1116,1113,3,4
3,8887,1116,1112,4,4
3,8888,1116,1113,3,4
3,8889,1116,1113,3,4
3,8890,1116,1113,3,4
3,8891,1116,1113,3,4
3,8892,1116,1113,3,4
3,8893,1116,1113,3,4
3,8894,1116,1113,3,4
3,8895,1116,1113,3,4
3,8896,1116,1113,3,4
3,8897,1116,1112,4,4
3,8898,1116,1113,3,4
3,8899,1116,1113,3,4
3,8900,1116,1113,3,4
3,8901,1116,1113,3,4
3,8902,1116,1113,3,4
3,8903,1116,1113,3,4
3,8904,1116,1112,4,4
3,8905,1116,1113,3,4
3,8906,1116,1113,3,4
3,8907,1116,1113,3,4
3,8908,1116,1113,3,4
3,8909,1116,1112,4,4
3,8910,1116,1112,4,4
3,8911,1116,1113,3,4
3,8912,1116,1112,4,4
3,8913,1116,1113,3,4
3,8914,1116,1112,4,4
3,8915,1116,1113,3,4
3,8916,1116,1112,4,4
3,8917,1116,1113,3,4
3,8918,1116,1113,3,4
3,8919,1116,1113,3,4
3,8920,1116,1113,3,4
3,8921,1116,1113,3,4
3,8922,1116,1112,4,4
3,8923,1116,1113,3,4
3,8924,1116,1113,3,4
3,8925,1116,1112,4,4
3,8926,1116,1113,3,4
3,8927,1116,1113,3,4
3,8928,1116,1113,3,4
3,8929,1116,1113,3,4
3,8930,1116,1113,3,4
3,8931,1116,1113,3,4
3,8932,1116,1113,3,4
3,8933,1116,1112,4,4
3,8934,1116,1113,3,4
3,8935,1116,1113,3,4
3,8936,1116,1112,4,4
3,8937,1116,1113,3,4
3,8938,1116,1113,3,4
3,8939,1116,1113,3,4
3,8940,1116,1113,3,4
3,8941,1116,1113,3,4
3,8942,1116,1113,3,4
3,8943,1116,1113,3,4
3,8944,1116,1113,3,4
3,8945,1116,1113,3,4
3,8946,1116,1113,3,4
3,8947,1116,1112,4,4
3,8948,1116,1112,4,4
3,8949,1116,1112,4,4
3,8950,1116,1113,3,4
3,8951,1116,1113,3,4
3,8952,1116,1112,4,4
3,8953,1116,1113,3,4
3,8954,1116,1113,3,4
3,8955,1116,1113,3,4
3,8956,1116,1113,3,4
3,8957,1116,1113,3,4
3,8958,1116,1113,3,4
3,8959,1116,1112,4,4
3,8960,1116,1113,3,4
3,8961,1116,1113,3,4
3,8962,1116,1113,3,4
3,8963,1116,1113,3,4
3,8964,1116,1113,3,4
3,8965,1116,1112,4,4
3,8966,1116,1113,3,4
3,8967,1116,1113,3,4
3,8968,1116,1113,3,4
3,8969,1116,1112,4,4
3,8970,1116,1112,4,4
3,8971,1116,1113,3,4
3,8972,1116,1112,4,4
3,8973,1116,1112,4,4
3,8974,1116,1113,3,4
3,8975,1116,1113,3,4
3,8976,1116,1113,3,4
3,8977,1116,1113,3,4
3,8978,1116,1113,3,4
3,8979,1116,1113,3,4
3,8980,1116,1113,3,4
3,8981,1116,1113,3,4
3,8982,1116,1113,3,4
3,8983,1116,1112,4,4
3,8984,1116,1112,4,4
3,8985,1116,1113,3,4
3,8986,1116,1113,3,4
3,8987,1116,1113,3,4
3,8988,1116,1113,3,4
3,8989,1116,1113,3,4
3,8990,1116,1113,3,4
3,8991,1116,1113,3,4
3,8992,1116,1113,3,4
3,8993,1116,1112,4,4
3,8994,1116,1113,3,4
3,8995,1116,1112,4,4
3,8996,1116,1113,3,4
3,8997,1116,1113,3,4
3,8998,1116,1113,3,4
3,8999,1116,1112,4,4
3,9000,1116,1113,3,4
3,9001,1116,1113,3,4
3,9002,1116,1113,3,4
3,9003,1116,1113,3,4
3,9004,1116,1113,3,4
3,9005,1116,1113,3,4
3,9006,1116,1113,3,4
3,9007,1116,1113,3,4
3,9008,1116,1113,3,4
3,9009,1116,1113,3,4
3,9010,1116,1113,3,4
3,9011,1116,1113,3,4
3,9012,1116,1112,4,4
3,9013,1116,1112,4,4
3,9014,1116,1113,3,4
3,9015,1116,1113,3,4
3,9016,1116,1113,3,4
3,9017,1116,1113,3,4
3,9018,1116,1113,3,4
3,9019,1116,1113,3,4
3,9020,1116,1113,3,4
3,9021,1116,1113,3,4
3,9022,1116,1113,3,4
3,9023,1116,1113,3,4
3,9024,1116,1112,4,4
3,9025,1116,1113,3,4
3,9026,1116,1113,3,4
3,9027,1116,1113,3,4
3,9028,1116,1113,3,4
3,9029,1116,1113,3,4
3,9030,1116,1113,3,4
3,9031,1116,1113,3,4
3,9032,1116,1113,3,4
3,9033,1116,1113,3,4
3,9034,1116,1113,3,4
3,9035,1116,1113,3,4
3,9036,1116,1113,3,4
3,9037,1116,1113,3,4
3,9038,1116,1113,3,4
3,9039,1116,1113,3,4
3,9040,1116,1113,3,4
3,9041,1116,1113,3,4
3,9042,1116,1113,3,4
3,9043,1116,1113,3,4
3,9044,1116,1113,3,4
3,9045,1116,1112,4,4
3,9046,1116,1113,3,4
3,9047,1116,1112,4,4
3,9048,1116,1113,3,4
3,9049,1116,1113,3,4
3,9050,1116,1113,3,4
3,9051,1116,1113,3,4
3,9052,1116,1113,3,4
3,9053,1116,1113,3,4
3,9054,1116,1113,3,4
3,9055,1116,1113,3,4
3,9056,1116,1113,3,4
3,9057,1116,1113,3,4
3,9058,1116,1112,4,4
3,9059,1116,1113,3,4
3,9060,1116,1112,4,4
3,9061,1116,1112,4,4
3,9062,1116,1112,4,4
3,9063,1116,1112,4,4
3,9064,1116,1112,4,4
3,9065,1116,1113,3,4
3,9066,1116,1113,3,4
3,9067,1116,1112,4,4
3,9068,1116,1113,3,4
3,9069,1116,1113,3,4
3,9070,1116,1113,3,4
3,9071,1116,1113,3,4
3,9072,1116,1113,3,4
3,9073,1116,1113,3,4
3,9074,1116,1113,3,4
3,9075,1116,1113,3,4
3,9076,1116,1112,4,4
3,9077,1116,1112,4,4
3,9078,1116,1113,3,4
3,9079,1116,1113,3,4
3,9080,1116,1113,3,4
3,9081,1116,1113,3,4
3,9082,1116,1113,3,4
3,9083,1116,1113,3,4
3,9084,1116,1112,4,4
3,9085,1116,1113,3,4
3,9086,1116,1113,3,4
3,9087,1116,1113,3,4
3,9088,1116,1113,3,4
3,9089,1116,1113,3,4
3,9090,1116,1113,3,4
3,9091,1116,1113,3,4
3,9092,1116,1113,3,4
3,9093,1116,1113,3,4
3,9094,1116,1112,4,4
3,9095,1116,1113,3,4
3,9096,1116,1113,3,4
3,9097,1116,1113,3,4
3,9098,1116,1113,3,4
3,9099,1116,1113,3,4
3,9100,1116,1113,3,4
3,9101,1116,1113,3,4
3,9102,1116,1113,3,4
3,9103,1116,1113,3,4
3,9104,1116,1113,3,4
3,9105,1116,1113,3,4
3,9106,1116,1113,3,4
3,9107,1116,1113,3,4
3,9108,1116,1113,3,4
3,9109,1116,1113,3,4
3,9110,1116,1113,3,4
3,9111,1116,1112,4,4
3,9112,1116,1112,4,4
3,9113,1116,1113,3,4
3,9114,1116,1113,3,4
3,9115,1116,1113,3,4
3,9116,1116,1113,3,4
3,9117,1116,1113,3,4
3,9118,1116,1113,3,4
3,9119,1116,1113,3,4
3,9120,1116,1113,3,4
3,9121,1116,1113,3,4
3,9122,1116,1113,3,4
3,9123,1116,1113,3,4
3,9124,1116,1112,4,4
3,9125,1116,1112,4,4
3,9126,1116,1112,4,4
3,9127,1116,1113,3,4
3,9128,1116,1113,3,4
3,9129,1116,1113,3,4
3,9130,1116,1113,3,4
3,9131,1116,1113,3,4
3,9132,1116,1113,3,4
3,9133,1116,1113,3,4
3,9134,1116,1113,3,4
3,9135,1116,1112,4,4
3,9136,1116,1113,3,4
3,9137,1116,1113,3,4
3,9138,1116,1113,3,4
3,9139,1116,1113,3,4
3,9140,1116,1113,3,4
3,9141,1116,1113,3,4
3,9142,1116,1113,3,4
3,9143,1116,1113,3,4
3,9144,1116,1113,3,4
3,9145,1116,1112,4,4
3,9146,1116,1112,4,4
3,9147,1116,1113,3,4
3,9148,1116,1113,3,4
3,9149,1116,1113,3,4
3,9150,1116,1113,3,4
3,9151,1116,1113,3,4
3,9152,1116,1112,4,4
3,9153,1116,1113,3,4
3,9154,1116,1113,3,4
3,9155,1116,1113,3,4
3,9156,1116,1113,3,4
3,9157,1116,1112,4,4
3,9158,1116,1112,4,4
3,9159,1116,1113,3,4
3,9160,1116,1112,4,4
3,9161,1116,1113,3,4
3,9162,1116,1113,3,4
3,9163,1116,1113,3,4
3,9164,1116,1113,3,4
3,9165,1116,1112,4,4
3,9166,1116,1113,3,4
3,9167,1116,1113,3,4
3,9168,1116,1113,3,4
3,9169,1116,1113,3,4
3,9170,1116,1113,3,4
3,9171,1116,1113,3,4
3,9172,1116,1113,3,4
3,9173,1116,1112,4,4
3,9174,1116,1113,3,4
3,9175,1116,1112,4,4
3,9176,1116,1113,3,4
3,9177,1116,1113,3,4
3,9178,1116,1112,4,4
3,9179,1116,1113,3,4
3,9180,1116,1113,3,4
3,9181,1116,1112,4,4
3,9182,1116,1113,3,4
3,9183,1116,1113,3,4
3,9184,1116,1113,3,4
3,9185,1116,1113,3,4
3,9186,1116,1113,3,4
3,9187,1116,1113,3,4
3,9188,1116,1113,3,4
3,9189,1116,1113,3,4
3,9190,1116,1113,3,4
3,9191,1116,1113,3,4
3,9192,1116,1113,3,4
3,9193,1116,1113,3,4
3,9194,1116,1113,3,4
3,9195,1116,1113,3,4
3,9196,1116,1113,3,4
3,9197,1116,1112,4,4
3,9198,1116,1113,3,4
3,9199,1116,1112,4,4
3,9200,1116,1112,4,4
3,9201,1116,1113,3,4
3,9202,1116,1112,4,4
3,9203,1116,1112,4,4
3,9204,1116,1113,3,4
3,9205,1116,1113,3,4
3,9206,1116,1113,3,4
3,9207,1116,1113,3,4
3,9208,1116,1113,3,4
3,9209,1116,1113,3,4
3,9210,1116,1113,3,4
3,9211,1116,1113,3,4
3,9212,1116,1113,3,4
3,9213,1116,1113,3,4
3,9214,1116,1112,4,4
3,9215,1116,1113,3,4
3,9216,1116,1113,3,4
3,9217,1116,1112,4,4
3,9218,1116,1113,3,4
3,9219,1116,1112,4,4
3,9220,1116,1113,3,4
3,9221,1116,1113,3,4
3,9222,1116,1113,3,4
3,9223,1116,1113,3,4
3,9224,1116,1113,3,4
3,9225,1116,1113,3,4
3,9226,1116,1113,3,4
3,9227,1116,1113,3,4
3,9228,1116,1112,4,4
3,9229,1116,1113,3,4
3,9230,1116,1113,3,4
3,9231,1116,1112,4,4
3,9232,1116,1113,3,4
3,9233,1116,1113,3,4
3,9234,1116,1112,4,4
3,9235,1116,1113,3,4
3,9236,1116,1113,3,4
3,9237,1116,1113,3,4
3,9238,1116,1113,3,4
3,9239,1116,1112,4,4
3,9240,1116,1113,3,4
3,9241,1116,1113,3,4
3,9242,1116,1112,4,4
3,9243,1116,1112,4,4
3,9244,1116,1113,3,4
3,9245,1116,1113,3,4
3,9246,1116,1113,3,4
3,9247,1116,1112,4,4
3,9248,1116,1113,3,4
3,9249,1116,1113,3,4
3,9250,1116,1113,3,4
3,9251,1116,1113,3,4
3,9252,1116,1113,3,4
3,9253,1116,1113,3,4
3,9254,1116,1113,3,4
3,9255,1116,1113,3,4
3,9256,1116,1113,3,4
3,9257,1116,1113,3,4
3,9258,1116,1113,3,4
3,9259,1116,1112,4,4
3,9260,1116,1113,3,4
3,9261,1116,1112,4,4
3,9262,1116,1113,3,4
3,9263,1116,1113,3,4
3,9264,1116,1113,3,4
3,9265,1116,1113,3,4
3,9266,1116,1113,3,4
3,9267,1116,1113,3,4
3,9268,1116,1113,3,4
3,9269,1116,1113,3,4
3,9270,1116,1112,4,4
3,9271,1116,1113,3,4
3,9272,1116,1113,3,4
3,9273,1116,1113,3,4
3,9274,1116,1112,4,4
3,9275,1116,1112,4,4
3,9276,1116,1113,3,4
3,9277,1116,1113,3,4
3,9278,1116,1113,3,4
3,9279,1116,1112,4,4
3,9280,1116,1112,4,4
3,9281,1116,1113,3,4
3,9282,1116,1113,3,4
3,9283,1116,1112,4,4
3,9284,1116,1113,3,4
3,9285,1116,1113,3,4
3,9286,1116,1112,4,4
3,9287,1116,1112,4,4
3,9288,1116,1112,4,4
3,9289,1116,1112,4,4
3,9290,1116,1113,3,4
3,9291,1116,1112,4,4
3,9292,1116,1113,3,4
3,9293,1116,1113,3,4
3,9294,1116,1112,4,4
3,9295,1116,1112,4,4
3,9296,1116,1113,3,4
3,9297,1116,1112,4,4
3,9298,1116,1112,4,4
3,9299,1116,1112,4,4
3,9300,1116,1113,3,4
3,9301,1116,1113,3,4
3,9302,1116,1113,3,4
3,9303,1116,1113,3,4
3,9304,1116,1113,3,4
3,9305,1116,1113,3,4
3,9306,1116,1113,3,4
3,9307,1116,1113,3,4
3,9308,1116,1113,3,4
3,9309,1116,1113,3,4
3,9310,1116,1113,3,4
3,9311,1116,1112,4,4
3,9312,1116,1113,3,4
3,9313,1116,1113,3,4
3,9314,1116,1113,3,4
3,9315,1116,1113,3,4
3,9316,1116,1112,4,4
3,9317,1116,1113,3,4
3,9318,1116,1113,3,4
3,9319,1116,1112,4,4
3,9320,1116,1113,3,4
3,9321,1116,1112,4,4
3,9322,1116,1113,3,4
3,9323,1116,1113,3,4
3,9324,1116,1113,3,4
3,9325,1116,1113,3,4
3,9326,1116,1113,3,4
3,9327,1116,1113,3,4
3,9328,1116,1113,3,4
3,9329,1116,1113,3,4
3,9330,1116,1113,3,4
3,9331,1116,1112,4,4
3,9332,1116,1113,3,4
3,9333,1116,1113,3,4
3,9334,1116,1113,3,4
3,9335,1116,1113,3,4
3,9336,1116,1113,3,4
3,9337,1116,1113,3,4
3,9338,1116,1113,3,4
3,9339,1116,1112,4,4
3,9340,1116,1113,3,4
3,9341,1116,1112,4,4
3,9342,1116,1113,3,4
3,9343,1116,1112,4,4
3,9344,1116,1113,3,4
3,9345,1116,1113,3,4
3,9346,1116,1113,3,4
3,9347,1116,1112,4,4
3,9348,1116,1113,3,4
3,9349,1116,1113,3,4
3,9350,1116,1113,3,4
3,9351,1116,1113,3,4
3,9352,1116,1112,4,4
3,9353,1116,1113,3,4
3,9354,1116,1113,3,4
3,9355,1116,1113,3,4
3,9356,1116,1113,3,4
3,9357,1116,1113,3,4
3,9358,1116,1113,3,4
3,9359,1116,1113,3,4
3,9360,1116,1113,3,4
3,9361,1116,1113,3,4
3,9362,1116,1113,3,4
3,9363,1116,1113,3,4
3,9364,1116,1113,3,4
3,9365,1116,1113,3,4
3,9366,1116,1113,3,4
3,9367,1116,1113,3,4
3,9368,1116,1113,3,4
3,9369,1116,1113,3,4
3,9370,1116,1113,3,4
3,9371,1116,1113,3,4
3,9372,1116,1113,3,4
3,9373,1116,1113,3,4
3,9374,1116,1112,4,4
3,9375,1116,1113,3,4
3,9376,1116,1113,3,4
3,9377,1116,1113,3,4
3,9378,1116,1113,3,4
3,9379,1116,1113,3,4
3,9380,1116,1112,4,4
3,9381,1116,1113,3,4
3,9382,1116,1113,3,4
3,9383,1116,1113,3,4
3,9384,1116,1113,3,4
3,9385,1116,1113,3,4
3,9386,1116,1112,4,4
3,9387,1116,1112,4,4
3,9388,1116,1113,3,4
3,9389,1116,1112,4,4
3,9390,1116,1113,3,4
3,9391,1116,1113,3,4
3,9392,1116,1113,3,4
3,9393,1116,1113,3,4
3,9394,1116,1113,3,4
3,9395,1116,1113,3,4
3,9396,1116,1112,4,4
3,9397,1116,1112,4,4
3,9398,1116,1113,3,4
3,9399,1116,1112,4,4
3,9400,1116,1113,3,4
3,9401,1116,1112,4,4
3,9402,1116,1113,3,4
3,9403,1116,1113,3,4
3,9404,1116,1113,3,4
3,9405,1116,1113,3,4
3,9406,1116,1113,3,4
3,9407,1116,1112,4,4
3,9408,1116,1113,3,4
3,9409,1116,1113,3,4
3,9410,1116,1113,3,4
3,9411,1116,1113,3,4
3,9412,1116,1113,3,4
3,9413,1116,1113,3,4
3,9414,1116,1113,3,4
3,9415,1116,1113,3,4
3,9416,1116,1113,3,4
3,9417,1116,1113,3,4
3,9418,1116,1113,3,4
3,9419,1116,1113,3,4
3,9420,1116,1113,3,4
3,9421,1116,1113,3,4
3,9422,1116,1113,3,4
3,9423,1116,1113,3,4
3,9424,1116,1113,3,4
3,9425,1116,1113,3,4
3,9426,1116,1113,3,4
3,9427,1116,1113,3,4
3,9428,1116,1113,3,4
3,9429,1116,1113,3,4
3,9430,1116,1113,3,4
3,9431,1116,1113,3,4
3,9432,1116,1113,3,4
3,9433,1116,1113,3,4
3,9434,1116,1113,3,4
3,9435,1116,1113,3,4
3,9436,1116,1113,3,4
3,9437,1116,1113,3,4
3,9438,1116,1113,3,4
3,9439,1116,1112,4,4
3,9440,1116,1113,3,4
3,9441,1116,1113,3,4
3,9442,1116,1113,3,4
3,9443,1116,1113,3,4
3,9444,1116,1113,3,4
3,9445,1116,1113,3,4
3,9446,1116,1113,3,4
3,9447,1116,1113,3,4
3,9448,1116,1113,3,4
3,9449,1116,1112,4,4
3,9450,1116,1113,3,4
3,9451,1116,1113,3,4
3,9452,1116,1112,4,4
3,9453,1116,1113,3,4
3,9454,1116,1113,3,4
3,9455,1116,1113,3,4
3,9456,1116,1113,3,4
3,9457,1116,1112,4,4
3,9458,1116,1113,3,4
3,9459,1116,1113,3,4
3,9460,1116,1112,4,4
3,9461,1116,1113,3,4
3,9462,1116,1113,3,4
3,9463,1116,1113,3,4
3,9464,1116,1112,4,4
3,9465,1116,1113,3,4
3,9466,1116,1113,3,4
3,9467,1116,1113,3,4
3,9468,1116,1113,3,4
3,9469,1116,1113,3,4
3,9470,1116,1113,3,4
3,9471,1116,1113,3,4
3,9472,1116,1113,3,4
3,9473,1116,1113,3,4
3,9474,1116,1112,4,4
3,9475,1116,1113,3,4
3,9476,1116,1113,3,4
3,9477,1116,1113,3,4
3,9478,1116,1112,4,4
3,9479,1116,1112,4,4
3,9480,1116,1113,3,4
3,9481,1116,1113,3,4
3,9482,1116,1112,4,4
3,9483,1116,1113,3,4
3,9484,1116,1113,3,4
3,9485,1116,1113,3,4
3,9486,1116,1113,3,4
3,9487,1116,1113,3,4
3,9488,1116,1112,4,4
3,9489,1116,1112,4,4
3,9490,1116,1113,3,4
3,9491,1116,1112,4,4
3,9492,1116,1113,3,4
3,9493,1116,1113,3,4
3,9494,1116,1113,3,4
3,9495,1116,1113,3,4
3,9496,1116,1113,3,4
3,9497,1116,1112,4,4
3,9498,1116,1112,4,4
3,9499,1116,1113,3,4
3,9500,1116,1113,3,4
3,9501,1116,1113,3,4
3,9502,1116,1113,3,4
3,9503,1116,1112,4,4
3,9504,1116,1113,3,4
3,9505,1116,1113,3,4
3,9506,1116,1112,4,4
3,9507,1116,1113,3,4
3,9508,1116,1112,4,4
3,9509,1116,1112,4,4
3,9510,1116,1112,4,4
3,9511,1116,1113,3,4
3,9512,1116,1113,3,4
3,9513,1116,1113,3,4
3,9514,1116,1113,3,4
3,9515,1116,1112,4,4
3,9516,1116,1113,3,4
3,9517,1116,1113,3,4
3,9518,1116,1113,3,4
3,9519,1116,1113,3,4
3,9520,1116,1112,4,4
3,9521,1116,1113,3,4
3,9522,1116,1113,3,4
3,9523,1116,1112,4,4
3,9524,1116,1113,3,4
3,9525,1116,1113,3,4
3,9526,1116,1113,3,4
3,9527,1116,1113,3,4
3,9528,1116,1113,3,4
3,9529,1116,1113,3,4
3,9530,1116,1113,3,4
3,9531,1116,1113,3,4
3,9532,1116,1113,3,4
3,9533,1116,1113,3,4
3,9534,1116,1113,3,4
3,9535,1116,1112,4,4
3,9536,1116,1113,3,4
3,9537,1116,1112,4,4
3,9538,1116,1113,3,4
3,9539,1116,1112,4,4
3,9540,1116,1113,3,4
3,9541,1116,1112,4,4
3,9542,1116,1113,3,4
3,9543,1116,1113,3,4
3,9544,1116,1113,3,4
3,9545,1116,1113,3,4
3,9546,1116,1113,3,4
3,9547,1116,1113,3,4
3,9548,1116,1112,4,4
3,9549,1116,1113,3,4
3,9550,1116,1113,3,4
3,9551,1116,1113,3,4
3,9552,1116,1112,4,4
3,9553,1116,1113,3,4
3,9554,1116,1113,3,4
3,9555,1116,1113,3,4
3,9556,1116,1112,4,4
3,9557,1116,1113,3,4
3,9558,1116,1113,3,4
3,9559,1116,1113,3,4
3,9560,1116,1113,3,4
3,9561,1116,1113,3,4
3,9562,1116,1113,3,4
3,9563,1116,1113,3,4
3,9564,1116,1113,3,4
3,9565,1116,1113,3,4
3,9566,1116,1113,3,4
3,9567,1116,1113,3,4
3,9568,1116,1113,3,4
3,9569,1116,1112,4,4
3,9570,1116,1113,3,4
3,9571,1116,1113,3,4
3,9572,1116,1113,3,4
3,9573,1116,1113,3,4
3,9574,1116,1113,3,4
3,9575,1116,1113,3,4
3,9576,1116,1113,3,4
3,9577,1116,1113,3,4
3,9578,1116,1113,3,4
3,9579,1116,1112,4,4
3,9580,1116,1113,3,4
3,9581,1116,1113,3,4
3,9582,1116,1113,3,4
3,9583,1116,1113,3,4
3,9584,1116,1112,4,4
3,9585,1116,1112,4,4
3,9586,1116,1113,3,4
3,9587,1116,1113,3,4
3,9588,1116,1113,3,4
3,9589,1116,1112,4,4
3,9590,1116,1112,4,4
3,9591,1116,1113,3,4
3,9592,1116,1113,3,4
3,9593,1116,1112,4,4
3,9594,1116,1113,3,4
3,9595,1116,1113,3,4
3,9596,1116,1113,3,4
3,9597,1116,1112,4,4
3,9598,1116,1112,4,4
3,9599,1116,1113,3,4
3,9600,1116,1113,3,4
3,9601,1116,1113,3,4
3,9602,1116,1112,4,4
3,9603,1116,1113,3,4
3,9604,1116,1113,3,4
3,9605,1116,1112,4,4
3,9606,1116,1113,3,4
3,9607,1116,1112,4,4
3,9608,1116,1113,3,4
3,9609,1116,1113,3,4
3,9610,1116,1113,3,4
3,9611,1116,1113,3,4
3,9612,1116,1113,3,4
3,9613,1116,1113,3,4
3,9614,1116,1113,3,4
3,9615,1116,1112,4,4
3,9616,1116,1113,3,4
3,9617,1116,1112,4,4
3,9618,1116,1112,4,4
3,9619,1116,1113,3,4
3,9620,1116,1113,3,4
3,9621,1116,1113,3,4
3,9622,1116,1113,3,4
3,9623,1116,1113,3,4
3,9624,1116,1113,3,4
3,9625,1116,1113,3,4
3,9626,1116,1113,3,4
3,9627,1116,1113,3,4
3,9628,1116,1113,3,4
3,9629,1116,1113,3,4
3,9630,1116,1113,3,4
3,9631,1116,1113,3,4
3,9632,1116,1113,3,4
3,9633,1116,1113,3,4
3,9634,1116,1113,3,4
3,9635,1116,1113,3,4
3,9636,1116,1113,3,4
3,9637,1116,1112,4,4
3,9638,1116,1113,3,4
3,9639,1116,1113,3,4
3,9640,1116,1113,3,4
3,9641,1116,1113,3,4
3,9642,1116,1113,3,4
3,9643,1116,1113,3,4
3,9644,1116,1113,3,4
3,9645,1116,1113,3,4
3,9646,1116,1113,3,4
3,9647,1116,1113,3,4
3,9648,1116,1113,3,4
3,9649,1116,1113,3,4
3,9650,1116,1113,3,4
3,9651,1116,1112,4,4
3,9652,1116,1113,3,4
3,9653,1116,1113,3,4
3,9654,1116,1113,3,4
3,9655,1116,1113,3,4
3,9656,1116,1112,4,4
3,9657,1116,1113,3,4
3,9658,1116,1113,3,4
3,9659,1116,1113,3,4
3,9660,1116,1112,4,4
3,9661,1116,1113,3,4
3,9662,1116,1112,4,4
3,9663,1116,1112,4,4
3,9664,1116,1113,3,4
3,9665,1116,1112,4,4
3,9666,1116,1113,3,4
3,9667,1116,1112,4,4
3,9668,1116,1113,3,4
3,9669,1116,1113,3,4
3,9670,1116,1113,3,4
3,9671,1116,1113,3,4
3,9672,1116,1113,3,4
3,9673,1116,1112,4,4
3,9674,1116,1112,4,4
3,9675,1116,1113,3,4
3,9676,1116,1113,3,4
3,9677,1116,1112,4,4
3,9678,1116,1112,4,4
3,9679,1116,1113,3,4
3,9680,1116,1113,3,4
3,9681,1116,1112,4,4
3,9682,1116,1113,3,4
3,9683,1116,1112,4,4
3,9684,1116,1113,3,4
3,9685,1116,1113,3,4
3,9686,1116,1113,3,4
3,9687,1116,1112,4,4
3,9688,1116,1112,4,4
3,9689,1116,1113,3,4
3,9690,1116,1113,3,4
3,9691,1116,1112,4,4
3,9692,1116,1113,3,4
3,9693,1116,1113,3,4
3,9694,1116,1112,4,4
3,9695,1116,1113,3,4
3,9696,1116,1113,3,4
3,9697,1116,1112,4,4
3,9698,1116,1113,3,4
3,9699,1116,1113,3,4
3,9700,1116,1113,3,4
3,9701,1116,1113,3,4
3,9702,1116,1113,3,4
3,9703,1116,1112,4,4
3,9704,1116,1113,3,4
3,9705,1116,1113,3,4
3,9706,1116,1113,3,4
3,9707,1116,1113,3,4
3,9708,1116,1113,3,4
3,9709,1116,1113,3,4
3,9710,1116,1113,3,4
3,9711,1116,1113,3,4
3,9712,1116,1112,4,4
3,9713,1116,1113,3,4
3,9714,1116,1113,3,4
3,9715,1116,1113,3,4
3,9716,1116,1113,3,4
3,9717,1116,1113,3,4
3,9718,1116,1113,3,4
3,9719,1116,1113,3,4
3,9720,1116,1113,3,4
3,9721,1116,1112,4,4
3,9722,1116,1113,3,4
3,9723,1116,1113,3,4
3,9724,1116,1113,3,4
3,9725,1116,1113,3,4
3,9726,1116,1113,3,4
3,9727,1116,1113,3,4
3,9728,1116,1113,3,4
3,9729,1116,1112,4,4
3,9730,1116,1113,3,4
3,9731,1116,1113,3,4
3,9732,1116,1113,3,4
3,9733,1116,1113,3,4
3,9734,1116,1113,3,4
3,9735,1116,1113,3,4
3,9736,1116,1113,3,4
3,9737,1116,1113,3,4
3,9738,1116,1113,3,4
3,9739,1116,1113,3,4
3,9740,1116,1113,3,4
3,9741,1116,1113,3,4
3,9742,1116,1113,3,4
3,9743,1116,1113,3,4
3,9744,1116,1113,3,4
3,9745,1116,1113,3,4
3,9746,1116,1113,3,4
3,9747,1116,1112,4,4
3,9748,1116,1113,3,4
3,9749,1116,1113,3,4
3,9750,1116,1112,4,4
3,9751,1116,1113,3,4
3,9752,1116,1113,3,4
3,9753,1116,1112,4,4
3,9754,1116,1113,3,4
3,9755,1116,1113,3,4
3,9756,1116,1113,3,4
3,9757,1116,1113,3,4
3,9758,1116,1113,3,4
3,9759,1116,1112,4,4
3,9760,1116,1113,3,4
3,9761,1116,1113,3,4
3,9762,1116,1112,4,4
3,9763,1116,1113,3,4
3,9764,1116,1113,3,4
3,9765,1116,1113,3,4
3,9766,1116,1112,4,4
3,9767,1116,1113,3,4
3,9768,1116,1113,3,4
3,9769,1116,1113,3,4
3,9770,1116,1112,4,4
3,9771,1116,1113,3,4
3,9772,1116,1113,3,4
3,9773,1116,1113,3,4
3,9774,1116,1112,4,4
3,9775,1116,1113,3,4
3,9776,1116,1113,3,4
3,9777,1116,1113,3,4
3,9778,1116,1112,4,4
3,9779,1116,1113,3,4
3,9780,1116,1113,3,4
3,9781,1116,1112,4,4
3,9782,1116,1113,3,4
3,9783,1116,1113,3,4
3,9784,1116,1112,4,4
3,9785,1116,1112,4,4
3,9786,1116,1113,3,4
3,9787,1116,1112,4,4
3,9788,1116,1113,3,4
3,9789,1116,1113,3,4
3,9790,1116,1112,4,4
3,9791,1116,1113,3,4
3,9792,1116,1113,3,4
3,9793,1116,1113,3,4
3,9794,1116,1113,3,4
3,9795,1116,1113,3,4
3,9796,1116,1113,3,4
3,9797,1116,1112,4,4
3,9798,1116,1112,4,4
3,9799,1116,1112,4,4
3,9800,1116,1113,3,4
3,9801,1116,1113,3,4
3,9802,1116,1113,3,4
3,9803,1116,1113,3,4
3,9804,1116,1112,4,4
3,9805,1116,1112,4,4
3,9806,1116,1113,3,4
3,9807,1116,1113,3,4
3,9808,1116,1113,3,4
3,9809,1116,1112,4,4
3,9810,1116,1113,3,4
3,9811,1116,1112,4,4
3,9812,1116,1113,3,4
3,9813,1116,1113,3,4
3,9814,1116,1113,3,4
3,9815,1116,1113,3,4
3,9816,1116,1112,4,4
3,9817,1116,1113,3,4
3,9818,1116,1113,3,4
3,9819,1116,1112,4,4
3,9820,1116,1113,3,4
3,9821,1116,1113,3,4
3,9822,1116,1113,3,4
3,9823,1116,1113,3,4
3,9824,1116,1112,4,4
3,9825,1116,1113,3,4
3,9826,1116,1113,3,4
3,9827,1116,1113,3,4
3,9828,1116,1113,3,4
3,9829,1116,1113,3,4
3,9830,1116,1112,4,4
3,9831,1116,1113,3,4
3,9832,1116,1113,3,4
3,9833,1116,1112,4,4
3,9834,1116,1113,3,4
3,9835,1116,1113,3,4
3,9836,1116,1113,3,4
3,9837,1116,1112,4,4
3,9838,1116,1112,4,4
3,9839,1116,1113,3,4
3,9840,1116,1112,4,4
3,9841,1116,1113,3,4
3,9842,1116,1113,3,4
3,9843,1116,1113,3,4
3,9844,1116,1112,4,4
3,9845,1116,1113,3,4
3,9846,1116,1113,3,4
3,9847,1116,1113,3,4
3,9848,1116,1112,4,4
3,9849,1116,1113,3,4
3,9850,1116,1112,4,4
3,9851,1116,1113,3,4
3,9852,1116,1113,3,4
3,9853,1116,1113,3,4
3,9854,1116,1113,3,4
3,9855,1116,1112,4,4
3,9856,1116,1113,3,4
3,9857,1116,1113,3,4
3,9858,1116,1113,3,4
3,9859,1116,1113,3,4
3,9860,1116,1113,3,4
3,9861,1116,1113,3,4
3,9862,1116,1113,3,4
3,9863,1116,1113,3,4
3,9864,1116,1113,3,4
3,9865,1116,1113,3,4
3,9866,1116,1113,3,4
3,9867,1116,1113,3,4
3,9868,1116,1113,3,4
3,9869,1116,1112,4,4
3,9870,1116,1113,3,4
3,9871,1116,1113,3,4
3,9872,1116,1113,3,4
3,9873,1116,1113,3,4
3,9874,1116,1112,4,4
3,9875,1116,1113,3,4
3,9876,1116,1113,3,4
3,9877,1116,1113,3,4
3,9878,1116,1113,3,4
3,9879,1116,1112,4,4
3,9880,1116,1113,3,4
3,9881,1116,1113,3,4
3,9882,1116,1113,3,4
3,9883,1116,1113,3,4
3,9884,1116,1113,3,4
3,9885,1116,1113,3,4
3,9886,1116,1113,3,4
3,9887,1116,1113,3,4
3,9888,1116,1113,3,4
3,9889,1116,1113,3,4
3,9890,1116,1113,3,4
3,9891,1116,1112,4,4
3,9892,1116,1113,3,4
3,9893,1116,1113,3,4
3,9894,1116,1113,3,4
3,9895,1116,1113,3,4
3,9896,1116,1113,3,4
3,9897,1116,1113,3,4
3,9898,1116,1113,3,4
3,9899,1116,1113,3,4
3,9900,1116,1113,3,4
3,9901,1116,1112,4,4
3,9902,1116,1113,3,4
3,9903,1116,1113,3,4
3,9904,1116,1113,3,4
3,9905,1116,1113,3,4
3,9906,1116,1112,4,4
3,9907,1116,1113,3,4
3,9908,1116,1112,4,4
3,9909,1116,1113,3,4
3,9910,1116,1113,3,4
3,9911,1116,1113,3,4
3,9912,1116,1113,3,4
3,9913,1116,1113,3,4
3,9914,1116,1112,4,4
3,9915,1116,1113,3,4
3,9916,1116,1113,3,4
3,9917,1116,1113,3,4
3,9918,1116,1113,3,4
3,9919,1116,1113,3,4
3,9920,1116,1113,3,4
3,9921,1116,1113,3,4
3,9922,1116,1112,4,4
3,9923,1116,1113,3,4
3,9924,1116,1113,3,4
3,9925,1116,1113,3,4
3,9926,1116,1113,3,4
3,9927,1116,1113,3,4
3,9928,1116,1113,3,4
3,9929,1116,1113,3,4
3,9930,1116,1113,3,4
3,9931,1116,1113,3,4
3,9932,1116,1113,3,4
3,9933,1116,1113,3,4
3,9934,1116,1113,3,4
3,9935,1116,1113,3,4
3,9936,1116,1113,3,4
3,9937,1116,1113,3,4
3,9938,1116,1113,3,4
3,9939,1116,1113,3,4
3,9940,1116,1113,3,4
3,9941,1116,1113,3,4
3,9942,1116,1113,3,4
3,9943,1116,1113,3,4
3,9944,1116,1113,3,4
3,9945,1116,1113,3,4
3,9946,1116,1113,3,4
3,9947,1116,1113,3,4
3,9948,1116,1113,3,4
3,9949,1116,1112,4,4
3,9950,1116,1112,4,4
3,9951,1116,1113,3,4
3,9952,1116,1113,3,4
3,9953,1116,1113,3,4
3,9954,1116,1113,3,4
3,9955,1116,1113,3,4
3,9956,1116,1113,3,4
3,9957,1116,1113,3,4
3,9958,1116,1113,3,4
3,9959,1116,1112,4,4
3,9960,1116,1113,3,4
3,9961,1116,1113,3,4
3,9962,1116,1112,4,4
3,9963,1116,1112,4,4
3,9964,1116,1113,3,4
3,9965,1116,1113,3,4
3,9966,1116,1113,3,4
3,9967,1116,1113,3,4
3,9968,1116,1112,4,4
3,9969,1116,1113,3,4
3,9970,1116,1112,4,4
3,9971,1116,1113,3,4
3,9972,1116,1113,3,4
3,9973,1116,1113,3,4
3,9974,1116,1113,3,4
3,9975,1116,1112,4,4
3,9976,1116,1113,3,4
3,9977,1116,1113,3,4
3,9978,1116,1112,4,4
3,9979,1116,1112,4,4
3,9980,1116,1113,3,4
3,9981,1116,1113,3,4
3,9982,1116,1113,3,4
3,9983,1116,1113,3,4
3,9984,1116,1113,3,4
3,9985,1116,1113,3,4
3,9986,1116,1113,3,4
3,9987,1116,1113,3,4
3,9988,1116,1113,3,4
3,9989,1116,1112,4,4
3,9990,1116,1113,3,4
3,9991,1116,1113,3,4
3,9992,1116,1113,3,4
3,9993,1116,1112,4,4
3,9994,1116,1113,3,4
3,9995,1116,1113,3,4
3,9996,1116,1113,3,4
3,9997,1116,1113,3,4
3,9998,1116,1112,4,4
3,9999,1116,1113,3,4
4,0,2034,2030,4,5
4,1,2034,2030,4,5
4,2,2034,2030,4,5
4,3,2034,2030,4,5
4,4,2034,2030,4,5
4,5,2034,2030,4,5
4,6,2034,2030,4,5
4,7,2034,2030,4,5
4,8,2034,2030,4,5
4,9,2034,2030,4,5
4,10,2034,2030,4,5
4,11,2034,2030,4,5
4,12,2034,2030,4,5
4,13,2034,2030,4,5
4,14,2034,2030,4,5
4,15,2034,2030,4,5
4,16,2034,2030,4,5
4,17,2034,2030,4,5
4,18,2034,2030,4,5
4,19,2034,2030,4,5
4,20,2034,2030,4,5
4,21,2034,2030,4,5
4,22,2034,2030,4,5
4,23,2034,2030,4,5
4,24,2034,2030,4,5
4,25,2034,2030,4,5
4,26,2034,2029,5,5
4,27,2034,2030,4,5
4,28,2034,2030,4,5
4,29,2034,2030,4,5
4,30,2034,2030,4,5
4,31,2034,2030,4,5
4,32,2034,2030,4,5
4,33,2034,2030,4,5
4,34,2034,2030,4,5
4,35,2034,2030,4,5
4,36,2034,2030,4,5
4,37,2034,2030,4,5
4,38,2034,2030,4,5
4,39,2034,2030,4,5
4,40,2034,2030,4,5
4,41,2034,2030,4,5
4,42,2034,2030,4,5
4,43,2034,2030,4,5
4,44,2034,2030,4,5
4,45,2034,2030,4,5
4,46,2034,2030,4,5
4,47,2034,2030,4,5
4,48,2034,2030,4,5
4,49,2034,2030,4,5
4,50,2034,2030,4,5
4,51,2034,2030,4,5
4,52,2034,2030,4,5
4,53,2034,2030,4,5
4,54,2034,2030,4,5
4,55,2034,2030,4,5
4,56,2034,2030,4,5
4,57,2034,2030,4,5
4,58,2034,2030,4,5
4,59,2034,2030,4,5
4,60,2034,2030,4,5
4,61,2034,2029,5,5
4,62,2034,2030,4,5
4,63,2034,2030,4,5
4,64,2034,2030,4,5
4,65,2034,2030,4,5
4,66,2034,2030,4,5
4,67,2034,2030,4,5
4,68,2034,2030,4,5
4,69,2034,2030,4,5
4,70,2034,2030,4,5
4,71,2034,2030,4,5
4,72,2034,2030,4,5
4,73,2034,2030,4,5
4,74,2034,2030,4,5
4,75,2034,2030,4,5
4,76,2034,2030,4,5
4,77,2034,2030,4,5
4,78,2034,2030,4,5
4,79,2034,2030,4,5
4,80,2034,2030,4,5
4,81,2034,2030,4,5
4,82,2034,2030,4,5
4,83,2034,2030,4,5
4,84,2034,2030,4,5
4,85,2034,2030,4,5
4,86,2034,2030,4,5
4,87,2034,2030,4,5
4,88,2034,2029,5,5
4,89,2034,2030,4,5
4,90,2034,2030,4,5
4,91,2034,2030,4,5
4,92,2034,2030,4,5
4,93,2034,2030,4,5
4,94,2034,2030,4,5
4,95,2034,2030,4,5
4,96,2034,2030,4,5
4,97,2034,2030,4,5
4,98,2034,2030,4,5
4,99,2034,2030,4,5
4,100,2034,2030,4,5
4,101,2034,2030,4,5
4,102,2034,2030,4,5
4,103,2034,2030,4,5
4,104,2034,2030,4,5
4,105,2034,2030,4,5
4,106,2034,2030,4,5
4,107,2034,2030,4,5
4,108,2034,2030,4,5
4,109,2034,2030,4,5
4,110,2034,2030,4,5
4,111,2034,2029,5,5
4,112,2034,2030,4,5
4,113,2034,2030,4,5
4,114,2034,2030,4,5
4,115,2034,2030,4,5
4,116,2034,2030,4,5
4,117,2034,2030,4,5
4,118,2034,2030,4,5
4,119,2034,2030,4,5
4,120,2034,2030,4,5
4,121,2034,2030,4,5
4,122,2034,2030,4,5
4,123,2034,2030,4,5
4,124,2034,2030,4,5
4,125,2034,2030,4,5
4,126,2034,2030,4,5
4,127,2034,2030,4,5
4,128,2034,2030,4,5
4,129,2034,2030,4,5
4,130,2034,2030,4,5
4,131,2034,2029,5,5
4,132,2034,2030,4,5
4,133,2034,2030,4,5
4,134,2034,2030,4,5
4,135,2034,2030,4,5
4,136,2034,2030,4,5
4,137,2034,2030,4,5
4,138,2034,2030,4,5
4,139,2034,2030,4,5
4,140,2034,2030,4,5
4,141,2034,2030,4,5
4,142,2034,2030,4,5
4,143,2034,2030,4,5
4,144,2034,2030,4,5
4,145,2034,2030,4,5
4,146,2034,2030,4,5
4,147,2034,2030,4,5
4,148,2034,2030,4,5
4,149,2034,2030,4,5
4,150,2034,2030,4,5
4,151,2034,2030,4,5
4,152,2034,2030,4,5
4,153,2034,2030,4,5
4,154,2034,2030,4,5
4,155,2034,2030,4,5
4,156,2034,2030,4,5
4,157,2034,2030,4,5
4,158,2034,2030,4,5
4,159,2034,2030,4,5
4,160,2034,2030,4,5
4,161,2034,2030,4,5
4,162,2034,2030,4,5
4,163,2034,2030,4,5
4,164,2034,2030,4,5
4,165,2034,2030,4,5
4,166,2034,2030,4,5
4,167,2034,2030,4,5
4,168,2034,2030,4,5
4,169,2034,2030,4,5
4,170,2034,2030,4,5
4,171,2034,2030,4,5
4,172,2034,2030,4,5
4,173,2034,2030,4,5
4,174,2034,2030,4,5
4,175,2034,2030,4,5
4,176,2034,2030,4,5
4,177,2034,2030,4,5
4,178,2034,2030,4,5
4,179,2034,2030,4,5
4,180,2034,2030,4,5
4,181,2034,2030,4,5
4,182,2034,2030,4,5
4,183,2034,2030,4,5
4,184,2034,2030,4,5
4,185,2034,2030,4,5
4,186,2034,2030,4,5
4,187,2034,2030,4,5
4,188,2034,2030,4,5
4,189,2034,2030,4,5
4,190,2034,2030,4,5
4,191,2034,2030,4,5
4,192,2034,2030,4,5
4,193,2034,2030,4,5
4,194,2034,2030,4,5
4,195,2034,2030,4,5
4,196,2034,2030,4,5
4,197,2034,2030,4,5
4,198,2034,2030,4,5
4,199,2034,2030,4,5
4,200,2034,2030,4,5
4,201,2034,2030,4,5
4,202,2034,2030,4,5
4,203,2034,2030,4,5
4,204,2034,2030,4,5
4,205,2034,2030,4,5
4,206,2034,2030,4,5
4,207,2034,2030,4,5
4,208,2034,2030,4,5
4,209,2034,2030,4,5
4,210,2034,2030,4,5
4,211,2034,2030,4,5
4,212,2034,2030,4,5
4,213,2034,2030,4,5
4,214,2034,2030,4,5
4,215,2034,2030,4,5
4,216,2034,2029,5,5
4,217,2034,2030,4,5
4,218,2034,2030,4,5
4,219,2034,2030,4,5
4,220,2034,2030,4,5
4,221,2034,2030,4,5
4,222,2034,2030,4,5
4,223,2034,2030,4,5
4,224,2034,2030,4,5
4,225,2034,2030,4,5
4,226,2034,2030,4,5
4,227,2034,2030,4,5
4,228,2034,2030,4,5
4,229,2034,2030,4,5
4,230,2034,2030,4,5
4,231,2034,2030,4,5
4,232,2034,2030,4,5
4,233,2034,2030,4,5
4,234,2034,2030,4,5
4,235,2034,2030,4,5
4,236,2034,2030,4,5
4,237,2034,2030,4,5
4,238,2034,2030,4,5
4,239,2034,2030,4,5
4,240,2034,2030,4,5
4,241,2034,2030,4,5
4,242,2034,2030,4,5
4,243,2034,2030,4,5
4,244,2034,2030,4,5
4,245,2034,2030,4,5
4,246,2034,2029,5,5
4,247,2034,2030,4,5
4,248,2034,2030,4,5
4,249,2034,2030,4,5
4,250,2034,2030,4,5
4,251,2034,2030,4,5
4,252,2034,2030,4,5
4,253,2034,2030,4,5
4,254,2034,2030,4,5
4,255,2034,2030,4,5
4,256,2034,2030,4,5
4,257,2034,2030,4,5
4,258,2034,2030,4,5
4,259,2034,2029,5,5
4,260,2034,2030,4,5
4,261,2034,2030,4,5
4,262,2034,2030,4,5
4,263,2034,2030,4,5
4,264,2034,2030,4,5
4,265,2034,2030,4,5
4,266,2034,2030,4,5
4,267,2034,2030,4,5
4,268,2034,2030,4,5
4,269,2034,2030,4,5
4,270,2034,2030,4,5
4,271,2034,2030,4,5
4,272,2034,2030,4,5
4,273,2034,2030,4,5
4,274,2034,2030,4,5
4,275,2034,2030,4,5
4,276,2034,2030,4,5
4,277,2034,2030,4,5
4,278,2034,2030,4,5
4,279,2034,2030,4,5
4,280,2034,2030,4,5
4,281,2034,2030,4,5
4,282,2034,2030,4,5
4,283,2034,2030,4,5
4,284,2034,2030,4,5
4,285,2034,2030,4,5
4,286,2034,2030,4,5
4,287,2034,2030,4,5
4,288,2034,2030,4,5
4,289,2034,2030,4,5
4,290,2034,2030,4,5
4,291,2034,2030,4,5
4,292,2034,2030,4,5
4,293,2034,2030,4,5
4,294,2034,2030,4,5
4,295,2034,2030,4,5
4,296,2034,2030,4,5
4,297,2034,2030,4,5
4,298,2034,2030,4,5
4,299,2034,2030,4,5
4,300,2034,2030,4,5
4,301,2034,2030,4,5
4,302,2034,2030,4,5
4,303,2034,2030,4,5
4,304,2034,2030,4,5
4,305,2034,2030,4,5
4,306,2034,2030,4,5
4,307,2034,2030,4,5
4,308,2034,2030,4,5
4,309,2034,2030,4,5
4,310,2034,2030,4,5
4,311,2034,2030,4,5
4,312,2034,2029,5,5
4,313,2034,2030,4,5
4,314,2034,2030,4,5
4,315,2034,2030,4,5
4,316,2034,2030,4,5
4,317,2034,2030,4,5
4,318,2034,2030,4,5
4,319,2034,2030,4,5
4,320,2034,2029,5,5
4,321,2034,2030,4,5
4,322,2034,2030,4,5
4,323,2034,2030,4,5
4,324,2034,2029,5,5
4,325,2034,2030,4,5
4,326,2034,2030,4,5
4,327,2034,2030,4,5
4,328,2034,2029,5,5
4,329,2034,2030,4,5
4,330,2034,2030,4,5
4,331,2034,2030,4,5
4,332,2034,2030,4,5
4,333,2034,2030,4,5
4,334,2034,2030,4,5
4,335,2034,2030,4,5
4,336,2034,2030,4,5
4,337,2034,2030,4,5
4,338,2034,2030,4,5
4,339,2034,2030,4,5
4,340,2034,2030,4,5
4,341,2034,2030,4,5
4,342,2034,2030,4,5
4,343,2034,2030,4,5
4,344,2034,2030,4,5
4,345,2034,2030,4,5
4,346,2034,2030,4,5
4,347,2034,2030,4,5
4,348,2034,2030,4,5
4,349,2034,2030,4,5
4,350,2034,2030,4,5
4,351,2034,2030,4,5
4,352,2034,2030,4,5
4,353,2034,2030,4,5
4,354,2034,2030,4,5
4,355,2034,2029,5,5
4,356,2034,2030,4,5
4,357,2034,2030,4,5
4,358,2034,2029,5,5
4,359,2034,2030,4,5
4,360,2034,2030,4,5
4,361,2034,2030,4,5
4,362,2034,2030,4,5
4,363,2034,2030,4,5
4,364,2034,2030,4,5
4,365,2034,2030,4,5
4,366,2034,2030,4,5
4,367,2034,2030,4,5
4,368,2034,2030,4,5
4,369,2034,2030,4,5
4,370,2034,2030,4,5
4,371,2034,2030,4,5
4,372,2034,2030,4,5
4,373,2034,2030,4,5
4,374,2034,2030,4,5
4,375,2034,2030,4,5
4,376,2034,2030,4,5
4,377,2034,2030,4,5
4,378,2034,2030,4,5
4,379,2034,2030,4,5
4,380,2034,2030,4,5
4,381,2034,2030,4,5
4,382,2034,2030,4,5
4,383,2034,2030,4,5
4,384,2034,2030,4,5
4,385,2034,2030,4,5
4,386,2034,2030,4,5
4,387,2034,2030,4,5
4,388,2034,2030,4,5
4,389,2034,2030,4,5
4,390,2034,2030,4,5
4,391,2034,2030,4,5
4,392,2034,2030,4,5
4,393,2034,2030,4,5
4,394,2034,2030,4,5
4,395,2034,2030,4,5
4,396,2034,2030,4,5
4,397,2034,2030,4,5
4,398,2034,2030,4,5
4,399,2034,2030,4,5
4,400,2034,2030,4,5
4,401,2034,2030,4,5
4,402,2034,2030,4,5
4,403,2034,2030,4,5
4,404,2034,2030,4,5
4,405,2034,2030,4,5
4,406,2034,2030,4,5
4,407,2034,2030,4,5
4,408,2034,2030,4,5
4,409,2034,2030,4,5
4,410,2034,2030,4,5
4,411,2034,2030,4,5
4,412,2034,2030,4,5
4,413,2034,2030,4,5
4,414,2034,2030,4,5
4,415,2034,2030,4,5
4,416,2034,2030,4,5
4,417,2034,2030,4,5
4,418,2034,2030,4,5
4,419,2034,2030,4,5
4,420,2034,2030,4,5
4,421,2034,2030,4,5
4,422,2034,2030,4,5
4,423,2034,2030,4,5
4,424,2034,2030,4,5
4,425,2034,2029,5,5
4,426,2034,2030,4,5
4,427,2034,2030,4,5
4,428,2034,2030,4,5
4,429,2034,2030,4,5
4,430,2034,2030,4,5
4,431,2034,2029,5,5
4,432,2034,2030,4,5
4,433,2034,2030,4,5
4,434,2034,2030,4,5
4,435,2034,2030,4,5
4,436,2034,2030,4,5
4,437,2034,2030,4,5
4,438,2034,2030,4,5
4,439,2034,2030,4,5
4,440,2034,2030,4,5
4,441,2034,2030,4,5
4,442,2034,2030,4,5
4,443,2034,2030,4,5
4,444,2034,2030,4,5
4,445,2034,2030,4,5
4,446,2034,2030,4,5
4,447,2034,2030,4,5
4,448,2034,2030,4,5
4,449,2034,2030,4,5
4,450,2034,2030,4,5
4,451,2034,2030,4,5
4,452,2034,2030,4,5
4,453,2034,2030,4,5
4,454,2034,2030,4,5
4,455,2034,2030,4,5
4,456,2034,2030,4,5
4,457,2034,2030,4,5
4,458,2034,2030,4,5
4,459,2034,2030,4,5
4,460,2034,2030,4,5
4,461,2034,2030,4,5
4,462,2034,2030,4,5
4,463,2034,2030,4,5
4,464,2034,2030,4,5
4,465,2034,2030,4,5
4,466,2034,2030,4,5
4,467,2034,2030,4,5
4,468,2034,2030,4,5
4,469,2034,2030,4,5
4,470,2034,2030,4,5
4,471,2034,2030,4,5
4,472,2034,2030,4,5
4,473,2034,2030,4,5
4,474,2034,2030,4,5
4,475,2034,2030,4,5
4,476,2034,2030,4,5
4,477,2034,2030,4,5
4,478,2034,2030,4,5
4,479,2034,2030,4,5
4,480,2034,2030,4,5
4,481,2034,2030,4,5
4,482,2034,2029,5,5
4,483,2034,2030,4,5
4,484,2034,2030,4,5
4,485,2034,2030,4,5
4,486,2034,2030,4,5
4,487,2034,2030,4,5
4,488,2034,2030,4,5
4,489,2034,2030,4,5
4,490,2034,2030,4,5
4,491,2034,2030,4,5
4,492,2034,2030,4,5
4,493,2034,2030,4,5
4,494,2034,2030,4,5
4,495,2034,2030,4,5
4,496,2034,2030,4,5
4,497,2034,2030,4,5
4,498,2034,2030,4,5
4,499,2034,2030,4,5
4,500,2034,2030,4,5
4,501,2034,2030,4,5
4,502,2034,2030,4,5
4,503,2034,2030,4,5
4,504,2034,2030,4,5
4,505,2034,2030,4,5
4,506,2034,2030,4,5
4,507,2034,2030,4,5
4,508,2034,2030,4,5
4,509,2034,2030,4,5
4,510,2034,2030,4,5
4,511,2034,2030,4,5
4,512,2034,2030,4,5
4,513,2034,2030,4,5
4,514,2034,2030,4,5
4,515,2034,2030,4,5
4,516,2034,2030,4,5
4,517,2034,2030,4,5
4,518,2034,2030,4,5
4,519,2034,2030,4,5
4,520,2034,2030,4,5
4,521,2034,2030,4,5
4,522,2034,2030,4,5
4,523,2034,2030,4,5
4,524,2034,2030,4,5
4,525,2034,2030,4,5
4,526,2034,2030,4,5
4,527,2034,2030,4,5
4,528,2034,2030,4,5
4,529,2034,2030,4,5
4,530,2034,2030,4,5
4,531,2034,2030,4,5
4,532,2034,2030,4,5
4,533,2034,2030,4,5
4,534,2034,2030,4,5
4,535,2034,2030,4,5
4,536,2034,2030,4,5
4,537,2034,2030,4,5
4,538,2034,2030,4,5
4,539,2034,2030,4,5
4,540,2034,2030,4,5
4,541,2034,2030,4,5
4,542,2034,2030,4,5
4,543,2034,2030,4,5
4,544,2034,2030,4,5
4,545,2034,2030,4,5
4,546,2034,2030,4,5
4,547,2034,2030,4,5
4,548,2034,2030,4,5
4,549,2034,2030,4,5
4,550,2034,2029,5,5
4,551,2034,2030,4,5
4,552,2034,2030,4,5
4,553,2034,2030,4,5
4,554,2034,2030,4,5
4,555,2034,2030,4,5
4,556,2034,2030,4,5
4,557,2034,2030,4,5
4,558,2034,2030,4,5
4,559,2034,2030,4,5
4,560,2034,2030,4,5
4,561,2034,2030,4,5
4,562,2034,2030,4,5
4,563,2034,2030,4,5
4,564,2034,2030,4,5
4,565,2034,2030,4,5
4,566,2034,2030,4,5
4,567,2034,2030,4,5
4,568,2034,2030,4,5
4,569,2034,2030,4,5
4,570,2034,2030,4,5
4,571,2034,2030,4,5
4,572,2034,2029,5,5
4,573,2034,2030,4,5
4,574,2034,2030,4,5
4,575,2034,2030,4,5
4,576,2034,2030,4,5
4,577,2034,2030,4,5
4,578,2034,2030,4,5
4,579,2034,2030,4,5
4,580,2034,2030,4,5
4,581,2034,2030,4,5
4,582,2034,2030,4,5
4,583,2034,2030,4,5
4,584,2034,2030,4,5
4,585,2034,2030,4,5
4,586,2034,2030,4,5
4,587,2034,2030,4,5
4,588,2034,2030,4,5
4,589,2034,2030,4,5
4,590,2034,2030,4,5
4,591,2034,2030,4,5
4,592,2034,2030,4,5
4,593,2034,2030,4,5
4,594,2034,2030,4,5
4,595,2034,2030,4,5
4,596,2034,2030,4,5
4,597,2034,2030,4,5
4,598,2034,2030,4,5
4,599,2034,2030,4,5
4,600,2034,2030,4,5
4,601,2034,2030,4,5
4,602,2034,2030,4,5
4,603,2034,2030,4,5
4,604,2034,2030,4,5
4,605,2034,2030,4,5
4,606,2034,2030,4,5
4,607,2034,2030,4,5
4,608,2034,2030,4,5
4,609,2034,2030,4,5
4,610,2034,2030,4,5
4,611,2034,2030,4,5
4,612,2034,2030,4,5
4,613,2034,2030,4,5
4,614,2034,2030,4,5
4,615,2034,2030,4,5
4,616,2034,2030,4,5
4,617,2034,2030,4,5
4,618,2034,2030,4,5
4,619,2034,2030,4,5
4,620,2034,2030,4,5
4,621,2034,2030,4,5
4,622,2034,2030,4,5
4,623,2034,2030,4,5
4,624,2034,2030,4,5
4,625,2034,2030,4,5
4,626,2034,2030,4,5
4,627,2034,2030,4,5
4,628,2034,2030,4,5
4,629,2034,2030,4,5
4,630,2034,2030,4,5
4,631,2034,2030,4,5
4,632,2034,2030,4,5
4,633,2034,2030,4,5
4,634,2034,2030,4,5
4,635,2034,2030,4,5
4,636,2034,2030,4,5
4,637,2034,2030,4,5
4,638,2034,2030,4,5
4,639,2034,2030,4,5
4,640,2034,2030,4,5
4,641,2034,2030,4,5
4,642,2034,2030,4,5
4,643,2034,2030,4,5
4,644,2034,2030,4,5
4,645,2034,2030,4,5
4,646,2034,2030,4,5
4,647,2034,2030,4,5
4,648,2034,2030,4,5
4,649,2034,2030,4,5
4,650,2034,2030,4,5
4,651,2034,2030,4,5
4,652,2034,2030,4,5
4,653,2034,2030,4,5
4,654,2034,2030,4,5
4,655,2034,2030,4,5
4,656,2034,2030,4,5
4,657,2034,2030,4,5
4,658,2034,2030,4,5
4,659,2034,2030,4,5
4,660,2034,2030,4,5
4,661,2034,2030,4,5
4,662,2034,2030,4,5
4,663,2034,2030,4,5
4,664,2034,2030,4,5
4,665,2034,2030,4,5
4,666,2034,2030,4,5
4,667,2034,2030,4,5
4,668,2034,2030,4,5
4,669,2034,2030,4,5
4,670,2034,2030,4,5
4,671,2034,2030,4,5
4,672,2034,2030,4,5
4,673,2034,2030,4,5
4,674,2034,2030,4,5
4,675,2034,2029,5,5
4,676,2034,2030,4,5
4,677,2034,2030,4,5
4,678,2034,2030,4,5
4,679,2034,2030,4,5
4,680,2034,2030,4,5
4,681,2034,2030,4,5
4,682,2034,2030,4,5
4,683,2034,2030,4,5
4,684,2034,2030,4,5
4,685,2034,2030,4,5
4,686,2034,2029,5,5
4,687,2034,2030,4,5
4,688,2034,2030,4,5
4,689,2034,2030,4,5
4,690,2034,2030,4,5
4,691,2034,2030,4,5
4,692,2034,2030,4,5
4,693,2034,2030,4,5
4,694,2034,2030,4,5
4,695,2034,2030,4,5
4,696,2034,2030,4,5
4,697,2034,2030,4,5
4,698,2034,2030,4,5
4,699,2034,2030,4,5
4,700,2034,2029,5,5
4,701,2034,2030,4,5
4,702,2034,2030,4,5
4,703,2034,2030,4,5
4,704,2034,2030,4,5
4,705,2034,2030,4,5
4,706,2034,2030,4,5
4,707,2034,2030,4,5
4,708,2034,2030,4,5
4,709,2034,2030,4,5
4,710,2034,2030,4,5
4,711,2034,2030,4,5
4,712,2034,2030,4,5
4,713,2034,2030,4,5
4,714,2034,2030,4,5
4,715,2034,2030,4,5
4,716,2034,2030,4,5
4,717,2034,2030,4,5
4,718,2034,2030,4,5
4,719,2034,2030,4,5
4,720,2034,2030,4,5
4,721,2034,2030,4,5
4,722,2034,2030,4,5
4,723,2034,2030,4,5
4,724,2034,2030,4,5
4,725,2034,2030,4,5
4,726,2034,2030,4,5
4,727,2034,2030,4,5
4,728,2034,2029,5,5
4,729,2034,2030,4,5
4,730,2034,2030,4,5
4,731,2034,2030,4,5
4,732,2034,2030,4,5
4,733,2034,2030,4,5
4,734,2034,2030,4,5
4,735,2034,2030,4,5
4,736,2034,2030,4,5
4,737,2034,2030,4,5
4,738,2034,2030,4,5
4,739,2034,2030,4,5
4,740,2034,2030,4,5
4,741,2034,2030,4,5
4,742,2034,2030,4,5
4,743,2034,2030,4,5
4,744,2034,2030,4,5
4,745,2034,2030,4,5
4,746,2034,2030,4,5
4,747,2034,2030,4,5
4,748,2034,2030,4,5
4,749,2034,2030,4,5
4,750,2034,2030,4,5
4,751,2034,2030,4,5
4,752,2034,2030,4,5
4,753,2034,2030,4,5
4,754,2034,2030,4,5
4,755,2034,2030,4,5
4,756,2034,2030,4,5
4,757,2034,2030,4,5
4,758,2034,2029,5,5
4,759,2034,2030,4,5
4,760,2034,2030,4,5
4,761,2034,2030,4,5
4,762,2034,2030,4,5
4,763,2034,2030,4,5
4,764,2034,2030,4,5
4,765,2034,2030,4,5
4,766,2034,2030,4,5
4,767,2034,2030,4,5
4,768,2034,2030,4,5
4,769,2034,2030,4,5
4,770,2034,2030,4,5
4,771,2034,2030,4,5
4,772,2034,2030,4,5
4,773,2034,2030,4,5
4,774,2034,2030,4,5
4,775,2034,2030,4,5
4,776,2034,2030,4,5
4,777,2034,2030,4,5
4,778,2034,2030,4,5
4,779,2034,2030,4,5
4,780,2034,2030,4,5
4,781,2034,2030,4,5
4,782,2034,2030,4,5
4,783,2034,2030,4,5
4,784,2034,2030,4,5
4,785,2034,2030,4,5
4,786,2034,2030,4,5
4,787,2034,2030,4,5
4,788,2034,2030,4,5
4,789,2034,2030,4,5
4,790,2034,2030,4,5
4,791,2034,2030,4,5
4,792,2034,2030,4,5
4,793,2034,2030,4,5
4,794,2034,2030,4,5
4,795,2034,2030,4,5
4,796,2034,2030,4,5
4,797,2034,2030,4,5
4,798,2034,2030,4,5
4,799,2034,2030,4,5
4,800,2034,2030,4,5
4,801,2034,2030,4,5
4,802,2034,2030,4,5
4,803,2034,2030,4,5
4,804,2034,2030,4,5
4,805,2034,2030,4,5
4,806,2034,2030,4,5
4,807,2034,2030,4,5
4,808,2034,2030,4,5
4,809,2034,2030,4,5
4,810,2034,2030,4,5
4,811,2034,2030,4,5
4,812,2034,2030,4,5
4,813,2034,2030,4,5
4,814,2034,2030,4,5
4,815,2034,2030,4,5
4,816,2034,2030,4,5
4,817,2034,2030,4,5
4,818,2034,2029,5,5
4,819,2034,2030,4,5
4,820,2034,2030,4,5
4,821,2034,2030,4,5
4,822,2034,2030,4,5
4,823,2034,2030,4,5
4,824,2034,2030,4,5
4,825,2034,2030,4,5
4,826,2034,2030,4,5
4,827,2034,2030,4,5
4,828,2034,2030,4,5
4,829,2034,2030,4,5
4,830,2034,2030,4,5
4,831,2034,2030,4,5
4,832,2034,2030,4,5
4,833,2034,2030,4,5
4,834,2034,2030,4,5
4,835,2034,2030,4,5
4,836,2034,2030,4,5
4,837,2034,2030,4,5
4,838,2034,2030,4,5
4,839,2034,2030,4,5
4,840,2034,2030,4,5
4,841,2034,2030,4,5
4,842,2034,2030,4,5
4,843,2034,2030,4,5
4,844,2034,2030,4,5
4,845,2034,2030,4,5
4,846,2034,2030,4,5
4,847,2034,2030,4,5
4,848,2034,2030,4,5
4,849,2034,2029,5,5
4,850,2034,2030,4,5
4,851,2034,2030,4,5
4,852,2034,2030,4,5
4,853,2034,2030,4,5
4,854,2034,2030,4,5
4,855,2034,2030,4,5
4,856,2034,2030,4,5
4,857,2034,2030,4,5
4,858,2034,2030,4,5
4,859,2034,2030,4,5
4,860,2034,2030,4,5
4,861,2034,2030,4,5
4,862,2034,2030,4,5
4,863,2034,2030,4,5
4,864,2034,2029,5,5
4,865,2034,2030,4,5
4,866,2034,2030,4,5
4,867,2034,2030,4,5
4,868,2034,2030,4,5
4,869,2034,2030,4,5
4,870,2034,2030,4,5
4,871,2034,2030,4,5
4,872,2034,2030,4,5
4,873,2034,2030,4,5
4,874,2034,2030,4,5
4,875,2034,2029,5,5
4,876,2034,2030,4,5
4,877,2034,2030,4,5
4,878,2034,2030,4,5
4,879,2034,2030,4,5
4,880,2034,2030,4,5
4,881,2034,2030,4,5
4,882,2034,2030,4,5
4,883,2034,2030,4,5
4,884,2034,2030,4,5
4,885,2034,2030,4,5
4,886,2034,2030,4,5
4,887,2034,2030,4,5
4,888,2034,2030,4,5
4,889,2034,2030,4,5
4,890,2034,2030,4,5
4,891,2034,2030,4,5
4,892,2034,2030,4,5
4,893,2034,2030,4,5
4,894,2034,2030,4,5
4,895,2034,2030,4,5
4,896,2034,2030,4,5
4,897,2034,2030,4,5
4,898,2034,2030,4,5
4,899,2034,2030,4,5
4,900,2034,2030,4,5
4,901,2034,2030,4,5
4,902,2034,2030,4,5
4,903,2034,2030,4,5
4,904,2034,2030,4,5
4,905,2034,2030,4,5
4,906,2034,2030,4,5
4,907,2034,2030,4,5
4,908,2034,2030,4,5
4,909,2034,2030,4,5
4,910,2034,2030,4,5
4,911,2034,2030,4,5
4,912,2034,2030,4,5
4,913,2034,2030,4,5
4,914,2034,2030,4,5
4,915,2034,2030,4,5
4,916,2034,2030,4,5
4,917,2034,2030,4,5
4,918,2034,2030,4,5
4,919,2034,2030,4,5
4,920,2034,2030,4,5
4,921,2034,2029,5,5
4,922,2034,2030,4,5
4,923,2034,2030,4,5
4,924,2034,2030,4,5
4,925,2034,2030,4,5
4,926,2034,2030,4,5
4,927,2034,2030,4,5
4,928,2034,2030,4,5
4,929,2034,2030,4,5
4,930,2034,2030,4,5
4,931,2034,2030,4,5
4,932,2034,2030,4,5
4,933,2034,2030,4,5
4,934,2034,2030,4,5
4,935,2034,2030,4,5
4,936,2034,2029,5,5
4,937,2034,2030,4,5
4,938,2034,2030,4,5
4,939,2034,2030,4,5
4,940,2034,2030,4,5
4,941,2034,2030,4,5
4,942,2034,2030,4,5
4,943,2034,2030,4,5
4,944,2034,2030,4,5
4,945,2034,2030,4,5
4,946,2034,2030,4,5
4,947,2034,2030,4,5
4,948,2034,2030,4,5
4,949,2034,2030,4,5
4,950,2034,2030,4,5
4,951,2034,2030,4,5
4,952,2034,2030,4,5
4,953,2034,2030,4,5
4,954,2034,2030,4,5
4,955,2034,2030,4,5
4,956,2034,2030,4,5
4,957,2034,2030,4,5
4,958,2034,2030,4,5
4,959,2034,2030,4,5
4,960,2034,2030,4,5
4,961,2034,2030,4,5
4,962,2034,2030,4,5
4,963,2034,2030,4,5
4,964,2034,2030,4,5
4,965,2034,2030,4,5
4,966,2034,2030,4,5
4,967,2034,2030,4,5
4,968,2034,2030,4,5
4,969,2034,2030,4,5
4,970,2034,2030,4,5
4,971,2034,2030,4,5
4,972,2034,2030,4,5
4,973,2034,2030,4,5
4,974,2034,2030,4,5
4,975,2034,2030,4,5
4,976,2034,2030,4,5
4,977,2034,2030,4,5
4,978,2034,2030,4,5
4,979,2034,2030,4,5
4,980,2034,2030,4,5
4,981,2034,2030,4,5
4,982,2034,2030,4,5
4,983,2034,2030,4,5
4,984,2034,2030,4,5
4,985,2034,2030,4,5
4,986,2034,2030,4,5
4,987,2034,2030,4,5
4,988,2034,2030,4,5
4,989,2034,2030,4,5
4,990,2034,2030,4,5
4,991,2034,2030,4,5
4,992,2034,2030,4,5
4,993,2034,2030,4,5
4,994,2034,2030,4,5
4,995,2034,2030,4,5
4,996,2034,2030,4,5
4,997,2034,2030,4,5
4,998,2034,2030,4,5
4,999,2034,2030,4,5
4,1000,2034,2030,4,5
4,1001,2034,2030,4,5
4,1002,2034,2030,4,5
4,1003,2034,2030,4,5
4,1004,2034,2030,4,5
4,1005,2034,2030,4,5
4,1006,2034,2030,4,5
4,1007,2034,2030,4,5
4,1008,2034,2030,4,5
4,1009,2034,2030,4,5
4,1010,2034,2030,4,5
4,1011,2034,2030,4,5
4,1012,2034,2030,4,5
4,1013,2034,2030,4,5
4,1014,2034,2030,4,5
4,1015,2034,2029,5,5
4,1016,2034,2030,4,5
4,1017,2034,2030,4,5
4,1018,2034,2030,4,5
4,1019,2034,2030,4,5
4,1020,2034,2030,4,5
4,1021,2034,2030,4,5
4,1022,2034,2030,4,5
4,1023,2034,2030,4,5
4,1024,2034,2030,4,5
4,1025,2034,2030,4,5
4,1026,2034,2030,4,5
4,1027,2034,2030,4,5
4,1028,2034,2030,4,5
4,1029,2034,2030,4,5
4,1030,2034,2030,4,5
4,1031,2034,2030,4,5
4,1032,2034,2030,4,5
4,1033,2034,2030,4,5
4,1034,2034,2030,4,5
4,1035,2034,2030,4,5
4,1036,2034,2030,4,5
4,1037,2034,2030,4,5
4,1038,2034,2030,4,5
4,1039,2034,2030,4,5
4,1040,2034,2030,4,5
4,1041,2034,2030,4,5
4,1042,2034,2030,4,5
4,1043,2034,2030,4,5
4,1044,2034,2029,5,5
4,1045,2034,2030,4,5
4,1046,2034,2030,4,5
4,1047,2034,2030,4,5
4,1048,2034,2030,4,5
4,1049,2034,2030,4,5
4,1050,2034,2030,4,5
4,1051,2034,2030,4,5
4,1052,2034,2030,4,5
4,1053,2034,2030,4,5
4,1054,2034,2030,4,5
4,1055,2034,2030,4,5
4,1056,2034,2030,4,5
4,1057,2034,2030,4,5
4,1058,2034,2030,4,5
4,1059,2034,2030,4,5
4,1060,2034,2030,4,5
4,1061,2034,2030,4,5
4,1062,2034,2030,4,5
4,1063,2034,2030,4,5
4,1064,2034,2030,4,5
4,1065,2034,2030,4,5
4,1066,2034,2030,4,5
4,1067,2034,2030,4,5
4,1068,2034,2030,4,5
4,1069,2034,2030,4,5
4,1070,2034,2030,4,5
4,1071,2034,2030,4,5
4,1072,2034,2030,4,5
4,1073,2034,2030,4,5
4,1074,2034,2030,4,5
4,1075,2034,2030,4,5
4,1076,2034,2029,5,5
4,1077,2034,2030,4,5
4,1078,2034,2030,4,5
4,1079,2034,2030,4,5
4,1080,2034,2030,4,5
4,1081,2034,2030,4,5
4,1082,2034,2029,5,5
4,1083,2034,2030,4,5
4,1084,2034,2030,4,5
4,1085,2034,2030,4,5
4,1086,2034,2030,4,5
4,1087,2034,2030,4,5
4,1088,2034,2030,4,5
4,1089,2034,2030,4,5
4,1090,2034,2030,4,5
4,1091,2034,2030,4,5
4,1092,2034,2030,4,5
4,1093,2034,2030,4,5
4,1094,2034,2030,4,5
4,1095,2034,2030,4,5
4,1096,2034,2030,4,5
4,1097,2034,2030,4,5
4,1098,2034,2030,4,5
4,1099,2034,2030,4,5
4,1100,2034,2030,4,5
4,1101,2034,2030,4,5
4,1102,2034,2030,4,5
4,1103,2034,2030,4,5
4,1104,2034,2030,4,5
4,1105,2034,2030,4,5
4,1106,2034,2030,4,5
4,1107,2034,2030,4,5
4,1108,2034,2030,4,5
4,1109,2034,2030,4,5
4,1110,2034,2030,4,5
4,1111,2034,2030,4,5
4,1112,2034,2030,4,5
4,1113,2034,2030,4,5
4,1114,2034,2030,4,5
4,1115,2034,2030,4,5
4,1116,2034,2030,4,5
4,1117,2034,2030,4,5
4,1118,2034,2030,4,5
4,1119,2034,2030,4,5
4,1120,2034,2030,4,5
4,1121,2034,2030,4,5
4,1122,2034,2030,4,5
4,1123,2034,2030,4,5
4,1124,2034,2030,4,5
4,1125,2034,2030,4,5
4,1126,2034,2030,4,5
4,1127,2034,2030,4,5
4,1128,2034,2030,4,5
4,1129,2034,2030,4,5
4,1130,2034,2030,4,5
4,1131,2034,2030,4,5
4,1132,2034,2030,4,5
4,1133,2034,2030,4,5
4,1134,2034,2030,4,5
4,1135,2034,2030,4,5
4,1136,2034,2030,4,5
4,1137,2034,2030,4,5
4,1138,2034,2030,4,5
4,1139,2034,2030,4,5
4,1140,2034,2030,4,5
4,1141,2034,2030,4,5
4,1142,2034,2030,4,5
4,1143,2034,2030,4,5
4,1144,2034,2030,4,5
4,1145,2034,2030,4,5
4,1146,2034,2030,4,5
4,1147,2034,2030,4,5
4,1148,2034,2030,4,5
4,1149,2034,2030,4,5
4,1150,2034,2030,4,5
4,1151,2034,2030,4,5
4,1152,2034,2030,4,5
4,1153,2034,2030,4,5
4,1154,2034,2030,4,5
4,1155,2034,2030,4,5
4,1156,2034,2030,4,5
4,1157,2034,2030,4,5
4,1158,2034,2030,4,5
4,1159,2034,2030,4,5
4,1160,2034,2030,4,5
4,1161,2034,2030,4,5
4,1162,2034,2030,4,5
4,1163,2034,2030,4,5
4,1164,2034,2030,4,5
4,1165,2034,2030,4,5
4,1166,2034,2030,4,5
4,1167,2034,2030,4,5
4,1168,2034,2030,4,5
4,1169,2034,2030,4,5
4,1170,2034,2030,4,5
4,1171,2034,2030,4,5
4,1172,2034,2030,4,5
4,1173,2034,2030,4,5
4,1174,2034,2030,4,5
4,1175,2034,2029,5,5
4,1176,2034,2030,4,5
4,1177,2034,2030,4,5
4,1178,2034,2030,4,5
4,1179,2034,2030,4,5
4,1180,2034,2030,4,5
4,1181,2034,2030,4,5
4,1182,2034,2030,4,5
4,1183,2034,2030,4,5
4,1184,2034,2030,4,5
4,1185,2034,2030,4,5
4,1186,2034,2030,4,5
4,1187,2034,2030,4,5
4,1188,2034,2030,4,5
4,1189,2034,2030,4,5
4,1190,2034,2030,4,5
4,1191,2034,2030,4,5
4,1192,2034,2030,4,5
4,1193,2034,2030,4,5
4,1194,2034,2030,4,5
4,1195,2034,2030,4,5
4,1196,2034,2030,4,5
4,1197,2034,2030,4,5
4,1198,2034,2030,4,5
4,1199,2034,2030,4,5
4,1200,2034,2030,4,5
4,1201,2034,2030,4,5
4,1202,2034,2030,4,5
4,1203,2034,2030,4,5
4,1204,2034,2030,4,5
4,1205,2034,2030,4,5
4,1206,2034,2030,4,5
4,1207,2034,2030,4,5
4,1208,2034,2029,5,5
4,1209,2034,2030,4,5
4,1210,2034,2030,4,5
4,1211,2034,2030,4,5
4,1212,2034,2030,4,5
4,1213,2034,2030,4,5
4,1214,2034,2030,4,5
4,1215,2034,2030,4,5
4,1216,2034,2030,4,5
4,1217,2034,2030,4,5
4,1218,2034,2030,4,5
4,1219,2034,2030,4,5
4,1220,2034,2030,4,5
4,1221,2034,2030,4,5
4,1222,2034,2030,4,5
4,1223,2034,2030,4,5
4,1224,2034,2030,4,5
4,1225,2034,2030,4,5
4,1226,2034,2030,4,5
4,1227,2034,2030,4,5
4,1228,2034,2029,5,5
4,1229,2034,2030,4,5
4,1230,2034,2030,4,5
4,1231,2034,2030,4,5
4,1232,2034,2030,4,5
4,1233,2034,2030,4,5
4,1234,2034,2030,4,5
4,1235,2034,2030,4,5
4,1236,2034,2030,4,5
4,1237,2034,2030,4,5
4,1238,2034,2030,4,5
4,1239,2034,2030,4,5
4,1240,2034,2030,4,5
4,1241,2034,2030,4,5
4,1242,2034,2030,4,5
4,1243,2034,2030,4,5
4,1244,2034,2030,4,5
4,1245,2034,2029,5,5
4,1246,2034,2030,4,5
4,1247,2034,2030,4,5
4,1248,2034,2030,4,5
4,1249,2034,2030,4,5
4,1250,2034,2030,4,5
4,1251,2034,2030,4,5
4,1252,2034,2030,4,5
4,1253,2034,2030,4,5
4,1254,2034,2030,4,5
4,1255,2034,2030,4,5
4,1256,2034,2030,4,5
4,1257,2034,2030,4,5
4,1258,2034,2030,4,5
4,1259,2034,2030,4,5
4,1260,2034,2030,4,5
4,1261,2034,2030,4,5
4,1262,2034,2030,4,5
4,1263,2034,2030,4,5
4,1264,2034,2030,4,5
4,1265,2034,2030,4,5
4,1266,2034,2030,4,5
4,1267,2034,2030,4,5
4,1268,2034,2029,5,5
4,1269,2034,2030,4,5
4,1270,2034,2030,4,5
4,1271,2034,2030,4,5
4,1272,2034,2030,4,5
4,1273,2034,2030,4,5
4,1274,2034,2030,4,5
4,1275,2034,2030,4,5
4,1276,2034,2030,4,5
4,1277,2034,2030,4,5
4,1278,2034,2030,4,5
4,1279,2034,2030,4,5
4,1280,2034,2030,4,5
4,1281,2034,2030,4,5
4,1282,2034,2030,4,5
4,1283,2034,2030,4,5
4,1284,2034,2030,4,5
4,1285,2034,2030,4,5
4,1286,2034,2030,4,5
4,1287,2034,2030,4,5
4,1288,2034,2030,4,5
4,1289,2034,2030,4,5
4,1290,2034,2030,4,5
4,1291,2034,2030,4,5
4,1292,2034,2030,4,5
4,1293,2034,2030,4,5
4,1294,2034,2030,4,5
4,1295,2034,2030,4,5
4,1296,2034,2030,4,5
4,1297,2034,2030,4,5
4,1298,2034,2030,4,5
4,1299,2034,2030,4,5
4,1300,2034,2030,4,5
4,1301,2034,2030,4,5
4,1302,2034,2030,4,5
4,1303,2034,2030,4,5
4,1304,2034,2030,4,5
4,1305,2034,2030,4,5
4,1306,2034,2030,4,5
4,1307,2034,2030,4,5
4,1308,2034,2029,5,5
4,1309,2034,2030,4,5
4,1310,2034,2030,4,5
4,1311,2034,2030,4,5
4,1312,2034,2030,4,5
4,1313,2034,2030,4,5
4,1314,2034,2029,5,5
4,1315,2034,2030,4,5
4,1316,2034,2030,4,5
4,1317,2034,2030,4,5
4,1318,2034,2030,4,5
4,1319,2034,2030,4,5
4,1320,2034,2030,4,5
4,1321,2034,2030,4,5
4,1322,2034,2030,4,5
4,1323,2034,2030,4,5
4,1324,2034,2030,4,5
4,1325,2034,2030,4,5
4,1326,2034,2030,4,5
4,1327,2034,2030,4,5
4,1328,2034,2030,4,5
4,1329,2034,2030,4,5
4,1330,2034,2030,4,5
4,1331,2034,2030,4,5
4,1332,2034,2030,4,5
4,1333,2034,2030,4,5
4,1334,2034,2030,4,5
4,1335,2034,2030,4,5
4,1336,2034,2030,4,5
4,1337,2034,2030,4,5
4,1338,2034,2030,4,5
4,1339,2034,2030,4,5
4,1340,2034,2030,4,5
4,1341,2034,2030,4,5
4,1342,2034,2030,4,5
4,1343,2034,2030,4,5
4,1344,2034,2030,4,5
4,1345,2034,2030,4,5
4,1346,2034,2030,4,5
4,1347,2034,2030,4,5
4,1348,2034,2030,4,5
4,1349,2034,2030,4,5
4,1350,2034,2030,4,5
4,1351,2034,2030,4,5
4,1352,2034,2030,4,5
4,1353,2034,2030,4,5
4,1354,2034,2030,4,5
4,1355,2034,2030,4,5
4,1356,2034,2030,4,5
4,1357,2034,2030,4,5
4,1358,2034,2030,4,5
4,1359,2034,2030,4,5
4,1360,2034,2030,4,5
4,1361,2034,2030,4,5
4,1362,2034,2030,4,5
4,1363,2034,2030,4,5
4,1364,2034,2030,4,5
4,1365,2034,2030,4,5
4,1366,2034,2030,4,5
4,1367,2034,2030,4,5
4,1368,2034,2030,4,5
4,1369,2034,2030,4,5
4,1370,2034,2030,4,5
4,1371,2034,2030,4,5
4,1372,2034,2030,4,5
4,1373,2034,2030,4,5
4,1374,2034,2030,4,5
4,1375,2034,2030,4,5
4,1376,2034,2030,4,5
4,1377,2034,2030,4,5
4,1378,2034,2030,4,5
4,1379,2034,2030,4,5
4,1380,2034,2030,4,5
4,1381,2034,2030,4,5
4,1382,2034,2030,4,5
4,1383,2034,2030,4,5
4,1384,2034,2030,4,5
4,1385,2034,2030,4,5
4,1386,2034,2030,4,5
4,1387,2034,2030,4,5
4,1388,2034,2030,4,5
4,1389,2034,2030,4,5
4,1390,2034,2030,4,5
4,1391,2034,2030,4,5
4,1392,2034,2030,4,5
4,1393,2034,2030,4,5
4,1394,2034,2030,4,5
4,1395,2034,2030,4,5
4,1396,2034,2030,4,5
4,1397,2034,2030,4,5
4,1398,2034,2030,4,5
4,1399,2034,2030,4,5
4,1400,2034,2029,5,5
4,1401,2034,2030,4,5
4,1402,2034,2030,4,5
4,1403,2034,2029,5,5
4,1404,2034,2030,4,5
4,1405,2034,2030,4,5
4,1406,2034,2030,4,5
4,1407,2034,2030,4,5
4,1408,2034,2030,4,5
4,1409,2034,2030,4,5
4,1410,2034,2030,4,5
4,1411,2034,2030,4,5
4,1412,2034,2030,4,5
4,1413,2034,2030,4,5
4,1414,2034,2030,4,5
4,1415,2034,2030,4,5
4,1416,2034,2030,4,5
4,1417,2034,2030,4,5
4,1418,2034,2030,4,5
4,1419,2034,2030,4,5
4,1420,2034,2030,4,5
4,1421,2034,2030,4,5
4,1422,2034,2030,4,5
4,1423,2034,2030,4,5
4,1424,2034,2030,4,5
4,1425,2034,2030,4,5
4,1426,2034,2030,4,5
4,1427,2034,2030,4,5
4,1428,2034,2030,4,5
4,1429,2034,2030,4,5
4,1430,2034,2030,4,5
4,1431,2034,2030,4,5
4,1432,2034,2030,4,5
4,1433,2034,2030,4,5
4,1434,2034,2030,4,5
4,1435,2034,2030,4,5
4,1436,2034,2030,4,5
4,1437,2034,2030,4,5
4,1438,2034,2030,4,5
4,1439,2034,2030,4,5
4,1440,2034,2030,4,5
4,1441,2034,2030,4,5
4,1442,2034,2030,4,5
4,1443,2034,2030,4,5
4,1444,2034,2030,4,5
4,1445,2034,2030,4,5
4,1446,2034,2030,4,5
4,1447,2034,2030,4,5
4,1448,2034,2030,4,5
4,1449,2034,2030,4,5
4,1450,2034,2030,4,5
4,1451,2034,2030,4,5
4,1452,2034,2030,4,5
4,1453,2034,2030,4,5
4,1454,2034,2030,4,5
4,1455,2034,2030,4,5
4,1456,2034,2030,4,5
4,1457,2034,2030,4,5
4,1458,2034,2030,4,5
4,1459,2034,2030,4,5
4,1460,2034,2030,4,5
4,1461,2034,2030,4,5
4,1462,2034,2030,4,5
4,1463,2034,2030,4,5
4,1464,2034,2030,4,5
4,1465,2034,2030,4,5
4,1466,2034,2030,4,5
4,1467,2034,2030,4,5
4,1468,2034,2030,4,5
4,1469,2034,2030,4,5
4,1470,2034,2030,4,5
4,1471,2034,2030,4,5
4,1472,2034,2030,4,5
4,1473,2034,2030,4,5
4,1474,2034,2030,4,5
4,1475,2034,2030,4,5
4,1476,2034,2030,4,5
4,1477,2034,2030,4,5
4,1478,2034,2030,4,5
4,1479,2034,2030,4,5
4,1480,2034,2030,4,5
4,1481,2034,2030,4,5
4,1482,2034,2030,4,5
4,1483,2034,2030,4,5
4,1484,2034,2030,4,5
4,1485,2034,2030,4,5
4,1486,2034,2030,4,5
4,1487,2034,2030,4,5
4,1488,2034,2030,4,5
4,1489,2034,2030,4,5
4,1490,2034,2030,4,5
4,1491,2034,2030,4,5
4,1492,2034,2030,4,5
4,1493,2034,2030,4,5
4,1494,2034,2030,4,5
4,1495,2034,2030,4,5
4,1496,2034,2029,5,5
4,1497,2034,2030,4,5
4,1498,2034,2030,4,5
4,1499,2034,2030,4,5
4,1500,2034,2030,4,5
4,1501,2034,2030,4,5
4,1502,2034,2030,4,5
4,1503,2034,2030,4,5
4,1504,2034,2030,4,5
4,1505,2034,2030,4,5
4,1506,2034,2030,4,5
4,1507,2034,2030,4,5
4,1508,2034,2030,4,5
4,1509,2034,2030,4,5
4,1510,2034,2030,4,5
4,1511,2034,2030,4,5
4,1512,2034,2030,4,5
4,1513,2034,2030,4,5
4,1514,2034,2030,4,5
4,1515,2034,2030,4,5
4,1516,2034,2030,4,5
4,1517,2034,2030,4,5
4,1518,2034,2030,4,5
4,1519,2034,2030,4,5
4,1520,2034,2030,4,5
4,1521,2034,2030,4,5
4,1522,2034,2030,4,5
4,1523,2034,2030,4,5
4,1524,2034,2030,4,5
4,1525,2034,2030,4,5
4,1526,2034,2030,4,5
4,1527,2034,2030,4,5
4,1528,2034,2030,4,5
4,1529,2034,2030,4,5
4,1530,2034,2030,4,5
4,1531,2034,2030,4,5
4,1532,2034,2030,4,5
4,1533,2034,2030,4,5
4,1534,2034,2030,4,5
4,1535,2034,2030,4,5
4,1536,2034,2030,4,5
4,1537,2034,2030,4,5
4,1538,2034,2030,4,5
4,1539,2034,2029,5,5
4,1540,2034,2030,4,5
4,1541,2034,2030,4,5
4,1542,2034,2030,4,5
4,1543,2034,2030,4,5
4,1544,2034,2030,4,5
4,1545,2034,2030,4,5
4,1546,2034,2030,4,5
4,1547,2034,2030,4,5
4,1548,2034,2030,4,5
4,1549,2034,2030,4,5
4,1550,2034,2030,4,5
4,1551,2034,2030,4,5
4,1552,2034,2030,4,5
4,1553,2034,2030,4,5
4,1554,2034,2030,4,5
4,1555,2034,2030,4,5
4,1556,2034,2030,4,5
4,1557,2034,2030,4,5
4,1558,2034,2030,4,5
4,1559,2034,2030,4,5
4,1560,2034,2030,4,5
4,1561,2034,2030,4,5
4,1562,2034,2030,4,5
4,1563,2034,2030,4,5
4,1564,2034,2030,4,5
4,1565,2034,2030,4,5
4,1566,2034,2030,4,5
4,1567,2034,2030,4,5
4,1568,2034,2030,4,5
4,1569,2034,2030,4,5
4,1570,2034,2030,4,5
4,1571,2034,2030,4,5
4,1572,2034,2030,4,5
4,1573,2034,2030,4,5
4,1574,2034,2030,4,5
4,1575,2034,2030,4,5
4,1576,2034,2030,4,5
4,1577,2034,2030,4,5
4,1578,2034,2030,4,5
4,1579,2034,2030,4,5
4,1580,2034,2030,4,5
4,1581,2034,2030,4,5
4,1582,2034,2030,4,5
4,1583,2034,2030,4,5
4,1584,2034,2030,4,5
4,1585,2034,2030,4,5
4,1586,2034,2030,4,5
4,1587,2034,2030,4,5
4,1588,2034,2030,4,5
4,1589,2034,2030,4,5
4,1590,2034,2030,4,5
4,1591,2034,2030,4,5
4,1592,2034,2030,4,5
4,1593,2034,2030,4,5
4,1594,2034,2030,4,5
4,1595,2034,2030,4,5
4,1596,2034,2030,4,5
4,1597,2034,2030,4,5
4,1598,2034,2030,4,5
4,1599,2034,2030,4,5
4,1600,2034,2030,4,5
4,1601,2034,2030,4,5
4,1602,2034,2030,4,5
4,1603,2034,2030,4,5
4,1604,2034,2030,4,5
4,1605,2034,2030,4,5
4,1606,2034,2030,4,5
4,1607,2034,2030,4,5
4,1608,2034,2030,4,5
4,1609,2034,2030,4,5
4,1610,2034,2030,4,5
4,1611,2034,2030,4,5
4,1612,2034,2030,4,5
4,1613,2034,2030,4,5
4,1614,2034,2030,4,5
4,1615,2034,2030,4,5
4,1616,2034,2030,4,5
4,1617,2034,2030,4,5
4,1618,2034,2030,4,5
4,1619,2034,2030,4,5
4,1620,2034,2030,4,5
4,1621,2034,2030,4,5
4,1622,2034,2030,4,5
4,1623,2034,2030,4,5
4,1624,2034,2030,4,5
4,1625,2034,2030,4,5
4,1626,2034,2030,4,5
4,1627,2034,2030,4,5
4,1628,2034,2030,4,5
4,1629,2034,2030,4,5
4,1630,2034,2030,4,5
4,1631,2034,2030,4,5
4,1632,2034,2030,4,5
4,1633,2034,2030,4,5
4,1634,2034,2030,4,5
4,1635,2034,2030,4,5
4,1636,2034,2029,5,5
4,1637,2034,2030,4,5
4,1638,2034,2030,4,5
4,1639,2034,2030,4,5
4,1640,2034,2030,4,5
4,1641,2034,2030,4,5
4,1642,2034,2030,4,5
4,1643,2034,2030,4,5
4,1644,2034,2030,4,5
4,1645,2034,2029,5,5
4,1646,2034,2030,4,5
4,1647,2034,2030,4,5
4,1648,2034,2030,4,5
4,1649,2034,2030,4,5
4,1650,2034,2030,4,5
4,1651,2034,2030,4,5
4,1652,2034,2030,4,5
4,1653,2034,2030,4,5
4,1654,2034,2030,4,5
4,1655,2034,2030,4,5
4,1656,2034,2030,4,5
4,1657,2034,2030,4,5
4,1658,2034,2030,4,5
4,1659,2034,2030,4,5
4,1660,2034,2030,4,5
4,1661,2034,2030,4,5
4,1662,2034,2030,4,5
4,1663,2034,2030,4,5
4,1664,2034,2030,4,5
4,1665,2034,2030,4,5
4,1666,2034,2030,4,5
4,1667,2034,2030,4,5
4,1668,2034,2030,4,5
4,1669,2034,2030,4,5
4,1670,2034,2029,5,5
4,1671,2034,2030,4,5
4,1672,2034,2030,4,5
4,1673,2034,2030,4,5
4,1674,2034,2030,4,5
4,1675,2034,2030,4,5
4,1676,2034,2030,4,5
4,1677,2034,2030,4,5
4,1678,2034,2030,4,5
4,1679,2034,2030,4,5
4,1680,2034,2030,4,5
4,1681,2034,2030,4,5
4,1682,2034,2030,4,5
4,1683,2034,2030,4,5
4,1684,2034,2030,4,5
4,1685,2034,2030,4,5
4,1686,2034,2030,4,5
4,1687,2034,2030,4,5
4,1688,2034,2030,4,5
4,1689,2034,2030,4,5
4,1690,2034,2030,4,5
4,1691,2034,2030,4,5
4,1692,2034,2030,4,5
4,1693,2034,2029,5,5
4,1694,2034,2030,4,5
4,1695,2034,2030,4,5
4,1696,2034,2030,4,5
4,1697,2034,2030,4,5
4,1698,2034,2030,4,5
4,1699,2034,2030,4,5
4,1700,2034,2030,4,5
4,1701,2034,2029,5,5
4,1702,2034,2030,4,5
4,1703,2034,2030,4,5
4,1704,2034,2030,4,5
4,1705,2034,2030,4,5
4,1706,2034,2030,4,5
4,1707,2034,2030,4,5
4,1708,2034,2030,4,5
4,1709,2034,2030,4,5
4,1710,2034,2030,4,5
4,1711,2034,2030,4,5
4,1712,2034,2030,4,5
4,1713,2034,2029,5,5
4,1714,2034,2030,4,5
4,1715,2034,2030,4,5
4,1716,2034,2030,4,5
4,1717,2034,2030,4,5
4,1718,2034,2030,4,5
4,1719,2034,2030,4,5
4,1720,2034,2030,4,5
4,1721,2034,2030,4,5
4,1722,2034,2030,4,5
4,1723,2034,2030,4,5
4,1724,2034,2030,4,5
4,1725,2034,2030,4,5
4,1726,2034,2030,4,5
4,1727,2034,2030,4,5
4,1728,2034,2030,4,5
4,1729,2034,2030,4,5
4,1730,2034,2030,4,5
4,1731,2034,2030,4,5
4,1732,2034,2030,4,5
4,1733,2034,2030,4,5
4,1734,2034,2030,4,5
4,1735,2034,2030,4,5
4,1736,2034,2029,5,5
4,1737,2034,2030,4,5
4,1738,2034,2029,5,5
4,1739,2034,2030,4,5
4,1740,2034,2030,4,5
4,1741,2034,2030,4,5
4,1742,2034,2030,4,5
4,1743,2034,2030,4,5
4,1744,2034,2030,4,5
4,1745,2034,2030,4,5
4,1746,2034,2030,4,5
4,1747,2034,2030,4,5
4,1748,2034,2030,4,5
4,1749,2034,2030,4,5
4,1750,2034,2030,4,5
4,1751,2034,2030,4,5
4,1752,2034,2030,4,5
4,1753,2034,2030,4,5
4,1754,2034,2030,4,5
4,1755,2034,2030,4,5
4,1756,2034,2030,4,5
4,1757,2034,2030,4,5
4,1758,2034,2030,4,5
4,1759,2034,2030,4,5
4,1760,2034,2030,4,5
4,1761,2034,2030,4,5
4,1762,2034,2030,4,5
4,1763,2034,2030,4,5
4,1764,2034,2030,4,5
4,1765,2034,2030,4,5
4,1766,2034,2030,4,5
4,1767,2034,2030,4,5
4,1768,2034,2030,4,5
4,1769,2034,2030,4,5
4,1770,2034,2030,4,5
4,1771,2034,2030,4,5
4,1772,2034,2030,4,5
4,1773,2034,2030,4,5
4,1774,2034,2030,4,5
4,1775,2034,2030,4,5
4,1776,2034,2030,4,5
4,1777,2034,2030,4,5
4,1778,2034,2030,4,5
4,1779,2034,2030,4,5
4,1780,2034,2030,4,5
4,1781,2034,2029,5,5
4,1782,2034,2030,4,5
4,1783,2034,2030,4,5
4,1784,2034,2030,4,5
4,1785,2034,2030,4,5
4,1786,2034,2030,4,5
4,1787,2034,2030,4,5
4,1788,2034,2030,4,5
4,1789,2034,2030,4,5
4,1790,2034,2030,4,5
4,1791,2034,2030,4,5
4,1792,2034,2030,4,5
4,1793,2034,2030,4,5
4,1794,2034,2030,4,5
4,1795,2034,2030,4,5
4,1796,2034,2030,4,5
4,1797,2034,2030,4,5
4,1798,2034,2030,4,5
4,1799,2034,2030,4,5
4,1800,2034,2030,4,5
4,1801,2034,2030,4,5
4,1802,2034,2030,4,5
4,1803,2034,2030,4,5
4,1804,2034,2030,4,5
4,1805,2034,2030,4,5
4,1806,2034,2030,4,5
4,1807,2034,2030,4,5
4,1808,2034,2030,4,5
4,1809,2034,2030,4,5
4,1810,2034,2030,4,5
4,1811,2034,2030,4,5
4,1812,2034,2030,4,5
4,1813,2034,2030,4,5
4,1814,2034,2030,4,5
4,1815,2034,2030,4,5
4,1816,2034,2030,4,5
4,1817,2034,2030,4,5
4,1818,2034,2030,4,5
4,1819,2034,2030,4,5
4,1820,2034,2030,4,5
4,1821,2034,2030,4,5
4,1822,2034,2030,4,5
4,1823,2034,2030,4,5
4,1824,2034,2030,4,5
4,1825,2034,2030,4,5
4,1826,2034,2030,4,5
4,1827,2034,2029,5,5
4,1828,2034,2030,4,5
4,1829,2034,2030,4,5
4,1830,2034,2030,4,5
4,1831,2034,2030,4,5
4,1832,2034,2030,4,5
4,1833,2034,2030,4,5
4,1834,2034,2030,4,5
4,1835,2034,2030,4,5
4,1836,2034,2030,4,5
4,1837,2034,2030,4,5
4,1838,2034,2030,4,5
4,1839,2034,2029,5,5
4,1840,2034,2030,4,5
4,1841,2034,2030,4,5
4,1842,2034,2030,4,5
4,1843,2034,2030,4,5
4,1844,2034,2030,4,5
4,1845,2034,2030,4,5
4,1846,2034,2030,4,5
4,1847,2034,2030,4,5
4,1848,2034,2030,4,5
4,1849,2034,2030,4,5
4,1850,2034,2030,4,5
4,1851,2034,2029,5,5
4,1852,2034,2030,4,5
4,1853,2034,2030,4,5
4,1854,2034,2030,4,5
4,1855,2034,2030,4,5
4,1856,2034,2030,4,5
4,1857,2034,2030,4,5
4,1858,2034,2030,4,5
4,1859,2034,2030,4,5
4,1860,2034,2030,4,5
4,1861,2034,2030,4,5
4,1862,2034,2030,4,5
4,1863,2034,2030,4,5
4,1864,2034,2030,4,5
4,1865,2034,2030,4,5
4,1866,2034,2030,4,5
4,1867,2034,2030,4,5
4,1868,2034,2030,4,5
4,1869,2034,2030,4,5
4,1870,2034,2029,5,5
4,1871,2034,2029,5,5
4,1872,2034,2030,4,5
4,1873,2034,2030,4,5
4,1874,2034,2029,5,5
4,1875,2034,2030,4,5
4,1876,2034,2030,4,5
4,1877,2034,2030,4,5
4,1878,2034,2030,4,5
4,1879,2034,2030,4,5
4,1880,2034,2030,4,5
4,1881,2034,2030,4,5
4,1882,2034,2030,4,5
4,1883,2034,2030,4,5
4,1884,2034,2030,4,5
4,1885,2034,2030,4,5
4,1886,2034,2030,4,5
4,1887,2034,2030,4,5
4,1888,2034,2030,4,5
4,1889,2034,2029,5,5
4,1890,2034,2030,4,5
4,1891,2034,2030,4,5
4,1892,2034,2030,4,5
4,1893,2034,2030,4,5
4,1894,2034,2029,5,5
4,1895,2034,2030,4,5
4,1896,2034,2030,4,5
4,1897,2034,2030,4,5
4,1898,2034,2030,4,5
4,1899,2034,2030,4,5
4,1900,2034,2030,4,5
4,1901,2034,2030,4,5
4,1902,2034,2029,5,5
4,1903,2034,2030,4,5
4,1904,2034,2030,4,5
4,1905,2034,2030,4,5
4,1906,2034,2030,4,5
4,1907,2034,2030,4,5
4,1908,2034,2030,4,5
4,1909,2034,2029,5,5
4,1910,2034,2029,5,5
4,1911,2034,2030,4,5
4,1912,2034,2030,4,5
4,1913,2034,2030,4,5
4,1914,2034,2030,4,5
4,1915,2034,2030,4,5
4,1916,2034,2029,5,5
4,1917,2034,2030,4,5
4,1918,2034,2030,4,5
4,1919,2034,2030,4,5
4,1920,2034,2030,4,5
4,1921,2034,2030,4,5
4,1922,2034,2030,4,5
4,1923,2034,2030,4,5
4,1924,2034,2030,4,5
4,1925,2034,2030,4,5
4,1926,2034,2030,4,5
4,1927,2034,2030,4,5
4,1928,2034,2030,4,5
4,1929,2034,2030,4,5
4,1930,2034,2030,4,5
4,1931,2034,2030,4,5
4,1932,2034,2030,4,5
4,1933,2034,2030,4,5
4,1934,2034,2030,4,5
4,1935,2034,2030,4,5
4,1936,2034,2030,4,5
4,1937,2034,2030,4,5
4,1938,2034,2030,4,5
4,1939,2034,2030,4,5
4,1940,2034,2030,4,5
4,1941,2034,2030,4,5
4,1942,2034,2030,4,5
4,1943,2034,2030,4,5
4,1944,2034,2030,4,5
4,1945,2034,2030,4,5
4,1946,2034,2030,4,5
4,1947,2034,2030,4,5
4,1948,2034,2030,4,5
4,1949,2034,2030,4,5
4,1950,2034,2030,4,5
4,1951,2034,2030,4,5
4,1952,2034,2030,4,5
4,1953,2034,2030,4,5
4,1954,2034,2030,4,5
4,1955,2034,2030,4,5
4,1956,2034,2030,4,5
4,1957,2034,2030,4,5
4,1958,2034,2030,4,5
4,1959,2034,2030,4,5
4,1960,2034,2030,4,5
4,1961,2034,2030,4,5
4,1962,2034,2030,4,5
4,1963,2034,2030,4,5
4,1964,2034,2030,4,5
4,1965,2034,2030,4,5
4,1966,2034,2030,4,5
4,1967,2034,2030,4,5
4,1968,2034,2030,4,5
4,1969,2034,2030,4,5
4,1970,2034,2030,4,5
4,1971,2034,2030,4,5
4,1972,2034,2030,4,5
4,1973,2034,2030,4,5
4,1974,2034,2030,4,5
4,1975,2034,2030,4,5
4,1976,2034,2029,5,5
4,1977,2034,2030,4,5
4,1978,2034,2030,4,5
4,1979,2034,2030,4,5
4,1980,2034,2030,4,5
4,1981,2034,2030,4,5
4,1982,2034,2030,4,5
4,1983,2034,2030,4,5
4,1984,2034,2030,4,5
4,1985,2034,2030,4,5
4,1986,2034,2030,4,5
4,1987,2034,2030,4,5
4,1988,2034,2030,4,5
4,1989,2034,2030,4,5
4,1990,2034,2030,4,5
4,1991,2034,2030,4,5
4,1992,2034,2030,4,5
4,1993,2034,2030,4,5
4,1994,2034,2030,4,5
4,1995,2034,2030,4,5
4,1996,2034,2030,4,5
4,1997,2034,2030,4,5
4,1998,2034,2030,4,5
4,1999,2034,2030,4,5
4,2000,2034,2030,4,5
4,2001,2034,2030,4,5
4,2002,2034,2030,4,5
4,2003,2034,2030,4,5
4,2004,2034,2030,4,5
4,2005,2034,2030,4,5
4,2006,2034,2030,4,5
4,2007,2034,2030,4,5
4,2008,2034,2030,4,5
4,2009,2034,2030,4,5
4,2010,2034,2030,4,5
4,2011,2034,2030,4,5
4,2012,2034,2030,4,5
4,2013,2034,2030,4,5
4,2014,2034,2030,4,5
4,2015,2034,2030,4,5
4,2016,2034,2030,4,5
4,2017,2034,2030,4,5
4,2018,2034,2030,4,5
4,2019,2034,2030,4,5
4,2020,2034,2030,4,5
4,2021,2034,2030,4,5
4,2022,2034,2030,4,5
4,2023,2034,2030,4,5
4,2024,2034,2030,4,5
4,2025,2034,2030,4,5
4,2026,2034,2030,4,5
4,2027,2034,2030,4,5
4,2028,2034,2030,4,5
4,2029,2034,2030,4,5
4,2030,2034,2030,4,5
4,2031,2034,2030,4,5
4,2032,2034,2030,4,5
4,2033,2034,2030,4,5
4,2034,2034,2030,4,5
4,2035,2034,2029,5,5
4,2036,2034,2030,4,5
4,2037,2034,2030,4,5
4,2038,2034,2030,4,5
4,2039,2034,2030,4,5
4,2040,2034,2030,4,5
4,2041,2034,2030,4,5
4,2042,2034,2030,4,5
4,2043,2034,2030,4,5
4,2044,2034,2030,4,5
4,2045,2034,2030,4,5
4,2046,2034,2030,4,5
4,2047,2034,2030,4,5
4,2048,2034,2030,4,5
4,2049,2034,2030,4,5
4,2050,2034,2030,4,5
4,2051,2034,2030,4,5
4,2052,2034,2030,4,5
4,2053,2034,2030,4,5
4,2054,2034,2030,4,5
4,2055,2034,2030,4,5
4,2056,2034,2030,4,5
4,2057,2034,2030,4,5
4,2058,2034,2030,4,5
4,2059,2034,2030,4,5
4,2060,2034,2030,4,5
4,2061,2034,2030,4,5
4,2062,2034,2030,4,5
4,2063,2034,2030,4,5
4,2064,2034,2030,4,5
4,2065,2034,2030,4,5
4,2066,2034,2030,4,5
4,2067,2034,2030,4,5
4,2068,2034,2030,4,5
4,2069,2034,2030,4,5
4,2070,2034,2030,4,5
4,2071,2034,2030,4,5
4,2072,2034,2030,4,5
4,2073,2034,2030,4,5
4,2074,2034,2030,4,5
4,2075,2034,2030,4,5
4,2076,2034,2030,4,5
4,2077,2034,2030,4,5
4,2078,2034,2030,4,5
4,2079,2034,2030,4,5
4,2080,2034,2030,4,5
4,2081,2034,2030,4,5
4,2082,2034,2030,4,5
4,2083,2034,2030,4,5
4,2084,2034,2030,4,5
4,2085,2034,2030,4,5
4,2086,2034,2030,4,5
4,2087,2034,2030,4,5
4,2088,2034,2030,4,5
4,2089,2034,2030,4,5
4,2090,2034,2030,4,5
4,2091,2034,2030,4,5
4,2092,2034,2030,4,5
4,2093,2034,2029,5,5
4,2094,2034,2030,4,5
4,2095,2034,2030,4,5
4,2096,2034,2030,4,5
4,2097,2034,2030,4,5
4,2098,2034,2030,4,5
4,2099,2034,2029,5,5
4,2100,2034,2030,4,5
4,2101,2034,2030,4,5
4,2102,2034,2030,4,5
4,2103,2034,2030,4,5
4,2104,2034,2030,4,5
4,2105,2034,2030,4,5
4,2106,2034,2030,4,5
4,2107,2034,2030,4,5
4,2108,2034,2029,5,5
4,2109,2034,2030,4,5
4,2110,2034,2030,4,5
4,2111,2034,2030,4,5
4,2112,2034,2030,4,5
4,2113,2034,2030,4,5
4,2114,2034,2030,4,5
4,2115,2034,2030,4,5
4,2116,2034,2030,4,5
4,2117,2034,2030,4,5
4,2118,2034,2030,4,5
4,2119,2034,2030,4,5
4,2120,2034,2030,4,5
4,2121,2034,2029,5,5
4,2122,2034,2030,4,5
4,2123,2034,2030,4,5
4,2124,2034,2030,4,5
4,2125,2034,2030,4,5
4,2126,2034,2030,4,5
4,2127,2034,2030,4,5
4,2128,2034,2030,4,5
4,2129,2034,2030,4,5
4,2130,2034,2030,4,5
4,2131,2034,2030,4,5
4,2132,2034,2030,4,5
4,2133,2034,2030,4,5
4,2134,2034,2030,4,5
4,2135,2034,2030,4,5
4,2136,2034,2030,4,5
4,2137,2034,2030,4,5
4,2138,2034,2030,4,5
4,2139,2034,2030,4,5
4,2140,2034,2030,4,5
4,2141,2034,2030,4,5
4,2142,2034,2030,4,5
4,2143,2034,2030,4,5
4,2144,2034,2030,4,5
4,2145,2034,2030,4,5
4,2146,2034,2030,4,5
4,2147,2034,2030,4,5
4,2148,2034,2030,4,5
4,2149,2034,2030,4,5
4,2150,2034,2030,4,5
4,2151,2034,2030,4,5
4,2152,2034,2030,4,5
4,2153,2034,2029,5,5
4,2154,2034,2030,4,5
4,2155,2034,2030,4,5
4,2156,2034,2030,4,5
4,2157,2034,2030,4,5
4,2158,2034,2030,4,5
4,2159,2034,2030,4,5
4,2160,2034,2030,4,5
4,2161,2034,2030,4,5
4,2162,2034,2030,4,5
4,2163,2034,2030,4,5
4,2164,2034,2030,4,5
4,2165,2034,2030,4,5
4,2166,2034,2030,4,5
4,2167,2034,2030,4,5
4,2168,2034,2030,4,5
4,2169,2034,2030,4,5
4,2170,2034,2030,4,5
4,2171,2034,2030,4,5
4,2172,2034,2030,4,5
4,2173,2034,2030,4,5
4,2174,2034,2030,4,5
4,2175,2034,2030,4,5
4,2176,2034,2030,4,5
4,2177,2034,2030,4,5
4,2178,2034,2030,4,5
4,2179,2034,2030,4,5
4,2180,2034,2030,4,5
4,2181,2034,2030,4,5
4,2182,2034,2030,4,5
4,2183,2034,2030,4,5
4,2184,2034,2030,4,5
4,2185,2034,2030,4,5
4,2186,2034,2030,4,5
4,2187,2034,2030,4,5
4,2188,2034,2030,4,5
4,2189,2034,2030,4,5
4,2190,2034,2030,4,5
4,2191,2034,2030,4,5
4,2192,2034,2030,4,5
4,2193,2034,2030,4,5
4,2194,2034,2030,4,5
4,2195,2034,2030,4,5
4,2196,2034,2030,4,5
4,2197,2034,2030,4,5
4,2198,2034,2030,4,5
4,2199,2034,2030,4,5
4,2200,2034,2030,4,5
4,2201,2034,2030,4,5
4,2202,2034,2030,4,5
4,2203,2034,2030,4,5
4,2204,2034,2030,4,5
4,2205,2034,2030,4,5
4,2206,2034,2030,4,5
4,2207,2034,2030,4,5
4,2208,2034,2030,4,5
4,2209,2034,2030,4,5
4,2210,2034,2030,4,5
4,2211,2034,2030,4,5
4,2212,2034,2030,4,5
4,2213,2034,2030,4,5
4,2214,2034,2030,4,5
4,2215,2034,2030,4,5
4,2216,2034,2030,4,5
4,2217,2034,2030,4,5
4,2218,2034,2030,4,5
4,2219,2034,2030,4,5
4,2220,2034,2030,4,5
4,2221,2034,2030,4,5
4,2222,2034,2030,4,5
4,2223,2034,2030,4,5
4,2224,2034,2030,4,5
4,2225,2034,2030,4,5
4,2226,2034,2030,4,5
4,2227,2034,2030,4,5
4,2228,2034,2030,4,5
4,2229,2034,2030,4,5
4,2230,2034,2030,4,5
4,2231,2034,2030,4,5
4,2232,2034,2030,4,5
4,2233,2034,2030,4,5
4,2234,2034,2030,4,5
4,2235,2034,2030,4,5
4,2236,2034,2030,4,5
4,2237,2034,2030,4,5
4,2238,2034,2030,4,5
4,2239,2034,2030,4,5
4,2240,2034,2030,4,5
4,2241,2034,2030,4,5
4,2242,2034,2030,4,5
4,2243,2034,2030,4,5
4,2244,2034,2030,4,5
4,2245,2034,2030,4,5
4,2246,2034,2030,4,5
4,2247,2034,2030,4,5
4,2248,2034,2030,4,5
4,2249,2034,2030,4,5
4,2250,2034,2030,4,5
4,2251,2034,2030,4,5
4,2252,2034,2029,5,5
4,2253,2034,2030,4,5
4,2254,2034,2030,4,5
4,2255,2034,2029,5,5
4,2256,2034,2030,4,5
4,2257,2034,2030,4,5
4,2258,2034,2030,4,5
4,2259,2034,2030,4,5
4,2260,2034,2030,4,5
4,2261,2034,2030,4,5
4,2262,2034,2030,4,5
4,2263,2034,2030,4,5
4,2264,2034,2030,4,5
4,2265,2034,2030,4,5
4,2266,2034,2030,4,5
4,2267,2034,2030,4,5
4,2268,2034,2030,4,5
4,2269,2034,2030,4,5
4,2270,2034,2030,4,5
4,2271,2034,2030,4,5
4,2272,2034,2030,4,5
4,2273,2034,2030,4,5
4,2274,2034,2030,4,5
4,2275,2034,2030,4,5
4,2276,2034,2029,5,5
4,2277,2034,2030,4,5
4,2278,2034,2030,4,5
4,2279,2034,2030,4,5
4,2280,2034,2029,5,5
4,2281,2034,2030,4,5
4,2282,2034,2030,4,5
4,2283,2034,2030,4,5
4,2284,2034,2030,4,5
4,2285,2034,2030,4,5
4,2286,2034,2030,4,5
4,2287,2034,2030,4,5
4,2288,2034,2030,4,5
4,2289,2034,2030,4,5
4,2290,2034,2030,4,5
4,2291,2034,2030,4,5
4,2292,2034,2030,4,5
4,2293,2034,2030,4,5
4,2294,2034,2030,4,5
4,2295,2034,2030,4,5
4,2296,2034,2030,4,5
4,2297,2034,2030,4,5
4,2298,2034,2030,4,5
4,2299,2034,2030,4,5
4,2300,2034,2030,4,5
4,2301,2034,2030,4,5
4,2302,2034,2030,4,5
4,2303,2034,2030,4,5
4,2304,2034,2030,4,5
4,2305,2034,2030,4,5
4,2306,2034,2030,4,5
4,2307,2034,2030,4,5
4,2308,2034,2030,4,5
4,2309,2034,2030,4,5
4,2310,2034,2030,4,5
4,2311,2034,2030,4,5
4,2312,2034,2030,4,5
4,2313,2034,2030,4,5
4,2314,2034,2030,4,5
4,2315,2034,2030,4,5
4,2316,2034,2030,4,5
4,2317,2034,2030,4,5
4,2318,2034,2030,4,5
4,2319,2034,2030,4,5
4,2320,2034,2030,4,5
4,2321,2034,2030,4,5
4,2322,2034,2030,4,5
4,2323,2034,2030,4,5
4,2324,2034,2030,4,5
4,2325,2034,2030,4,5
4,2326,2034,2030,4,5
4,2327,2034,2030,4,5
4,2328,2034,2030,4,5
4,2329,2034,2030,4,5
4,2330,2034,2030,4,5
4,2331,2034,2030,4,5
4,2332,2034,2030,4,5
4,2333,2034,2030,4,5
4,2334,2034,2030,4,5
4,2335,2034,2030,4,5
4,2336,2034,2030,4,5
4,2337,2034,2030,4,5
4,2338,2034,2030,4,5
4,2339,2034,2030,4,5
4,2340,2034,2030,4,5
4,2341,2034,2030,4,5
4,2342,2034,2030,4,5
4,2343,2034,2030,4,5
4,2344,2034,2029,5,5
4,2345,2034,2030,4,5
4,2346,2034,2030,4,5
4,2347,2034,2030,4,5
4,2348,2034,2030,4,5
4,2349,2034,2030,4,5
4,2350,2034,2030,4,5
4,2351,2034,2030,4,5
4,2352,2034,2030,4,5
4,2353,2034,2030,4,5
4,2354,2034,2030,4,5
4,2355,2034,2030,4,5
4,2356,2034,2030,4,5
4,2357,2034,2030,4,5
4,2358,2034,2030,4,5
4,2359,2034,2030,4,5
4,2360,2034,2030,4,5
4,2361,2034,2030,4,5
4,2362,2034,2030,4,5
4,2363,2034,2030,4,5
4,2364,2034,2030,4,5
4,2365,2034,2030,4,5
4,2366,2034,2030,4,5
4,2367,2034,2030,4,5
4,2368,2034,2030,4,5
4,2369,2034,2030,4,5
4,2370,2034,2030,4,5
4,2371,2034,2030,4,5
4,2372,2034,2030,4,5
4,2373,2034,2030,4,5
4,2374,2034,2030,4,5
4,2375,2034,2030,4,5
4,2376,2034,2030,4,5
4,2377,2034,2030,4,5
4,2378,2034,2030,4,5
4,2379,2034,2030,4,5
4,2380,2034,2030,4,5
4,2381,2034,2030,4,5
4,2382,2034,2030,4,5
4,2383,2034,2030,4,5
4,2384,2034,2030,4,5
4,2385,2034,2030,4,5
4,2386,2034,2030,4,5
4,2387,2034,2030,4,5
4,2388,2034,2030,4,5
4,2389,2034,2030,4,5
4,2390,2034,2030,4,5
4,2391,2034,2030,4,5
4,2392,2034,2030,4,5
4,2393,2034,2030,4,5
4,2394,2034,2030,4,5
4,2395,2034,2030,4,5
4,2396,2034,2030,4,5
4,2397,2034,2030,4,5
4,2398,2034,2030,4,5
4,2399,2034,2030,4,5
4,2400,2034,2030,4,5
4,2401,2034,2029,5,5
4,2402,2034,2030,4,5
4,2403,2034,2030,4,5
4,2404,2034,2030,4,5
4,2405,2034,2030,4,5
4,2406,2034,2030,4,5
4,2407,2034,2030,4,5
4,2408,2034,2030,4,5
4,2409,2034,2030,4,5
4,2410,2034,2030,4,5
4,2411,2034,2030,4,5
4,2412,2034,2030,4,5
4,2413,2034,2030,4,5
4,2414,2034,2030,4,5
4,2415,2034,2030,4,5
4,2416,2034,2030,4,5
4,2417,2034,2030,4,5
4,2418,2034,2030,4,5
4,2419,2034,2030,4,5
4,2420,2034,2030,4,5
4,2421,2034,2030,4,5
4,2422,2034,2030,4,5
4,2423,2034,2030,4,5
4,2424,2034,2030,4,5
4,2425,2034,2030,4,5
4,2426,2034,2030,4,5
4,2427,2034,2030,4,5
4,2428,2034,2030,4,5
4,2429,2034,2030,4,5
4,2430,2034,2030,4,5
4,2431,2034,2030,4,5
4,2432,2034,2030,4,5
4,2433,2034,2030,4,5
4,2434,2034,2030,4,5
4,2435,2034,2030,4,5
4,2436,2034,2030,4,5
4,2437,2034,2030,4,5
4,2438,2034,2030,4,5
4,2439,2034,2030,4,5
4,2440,2034,2030,4,5
4,2441,2034,2030,4,5
4,2442,2034,2030,4,5
4,2443,2034,2030,4,5
4,2444,2034,2030,4,5
4,2445,2034,2030,4,5
4,2446,2034,2030,4,5
4,2447,2034,2030,4,5
4,2448,2034,2030,4,5
4,2449,2034,2030,4,5
4,2450,2034,2030,4,5
4,2451,2034,2030,4,5
4,2452,2034,2030,4,5
4,2453,2034,2030,4,5
4,2454,2034,2030,4,5
4,2455,2034,2030,4,5
4,2456,2034,2030,4,5
4,2457,2034,2030,4,5
4,2458,2034,2030,4,5
4,2459,2034,2030,4,5
4,2460,2034,2030,4,5
4,2461,2034,2030,4,5
4,2462,2034,2030,4,5
4,2463,2034,2030,4,5
4,2464,2034,2030,4,5
4,2465,2034,2030,4,5
4,2466,2034,2030,4,5
4,2467,2034,2030,4,5
4,2468,2034,2030,4,5
4,2469,2034,2030,4,5
4,2470,2034,2030,4,5
4,2471,2034,2030,4,5
4,2472,2034,2030,4,5
4,2473,2034,2030,4,5
4,2474,2034,2030,4,5
4,2475,2034,2030,4,5
4,2476,2034,2030,4,5
4,2477,2034,2030,4,5
4,2478,2034,2030,4,5
4,2479,2034,2030,4,5
4,2480,2034,2030,4,5
4,2481,2034,2030,4,5
4,2482,2034,2030,4,5
4,2483,2034,2030,4,5
4,2484,2034,2030,4,5
4,2485,2034,2030,4,5
4,2486,2034,2030,4,5
4,2487,2034,2030,4,5
4,2488,2034,2030,4,5
4,2489,2034,2030,4,5
4,2490,2034,2030,4,5
4,2491,2034,2030,4,5
4,2492,2034,2030,4,5
4,2493,2034,2030,4,5
4,2494,2034,2030,4,5
4,2495,2034,2030,4,5
4,2496,2034,2030,4,5
4,2497,2034,2030,4,5
4,2498,2034,2030,4,5
4,2499,2034,2030,4,5
4,2500,2034,2030,4,5
4,2501,2034,2030,4,5
4,2502,2034,2030,4,5
4,2503,2034,2030,4,5
4,2504,2034,2030,4,5
4,2505,2034,2030,4,5
4,2506,2034,2030,4,5
4,2507,2034,2030,4,5
4,2508,2034,2030,4,5
4,2509,2034,2030,4,5
4,2510,2034,2030,4,5
4,2511,2034,2030,4,5
4,2512,2034,2029,5,5
4,2513,2034,2030,4,5
4,2514,2034,2030,4,5
4,2515,2034,2030,4,5
4,2516,2034,2030,4,5
4,2517,2034,2030,4,5
4,2518,2034,2030,4,5
4,2519,2034,2030,4,5
4,2520,2034,2030,4,5
4,2521,2034,2030,4,5
4,2522,2034,2030,4,5
4,2523,2034,2030,4,5
4,2524,2034,2030,4,5
4,2525,2034,2030,4,5
4,2526,2034,2030,4,5
4,2527,2034,2030,4,5
4,2528,2034,2030,4,5
4,2529,2034,2030,4,5
4,2530,2034,2030,4,5
4,2531,2034,2030,4,5
4,2532,2034,2029,5,5
4,2533,2034,2030,4,5
4,2534,2034,2029,5,5
4,2535,2034,2030,4,5
4,2536,2034,2030,4,5
4,2537,2034,2030,4,5
4,2538,2034,2030,4,5
4,2539,2034,2030,4,5
4,2540,2034,2030,4,5
4,2541,2034,2030,4,5
4,2542,2034,2029,5,5
4,2543,2034,2030,4,5
4,2544,2034,2030,4,5
4,2545,2034,2030,4,5
4,2546,2034,2030,4,5
4,2547,2034,2030,4,5
4,2548,2034,2030,4,5
4,2549,2034,2030,4,5
4,2550,2034,2030,4,5
4,2551,2034,2030,4,5
4,2552,2034,2030,4,5
4,2553,2034,2030,4,5
4,2554,2034,2030,4,5
4,2555,2034,2030,4,5
4,2556,2034,2030,4,5
4,2557,2034,2030,4,5
4,2558,2034,2030,4,5
4,2559,2034,2030,4,5
4,2560,2034,2030,4,5
4,2561,2034,2030,4,5
4,2562,2034,2030,4,5
4,2563,2034,2030,4,5
4,2564,2034,2030,4,5
4,2565,2034,2030,4,5
4,2566,2034,2030,4,5
4,2567,2034,2030,4,5
4,2568,2034,2030,4,5
4,2569,2034,2030,4,5
4,2570,2034,2030,4,5
4,2571,2034,2030,4,5
4,2572,2034,2030,4,5
4,2573,2034,2029,5,5
4,2574,2034,2030,4,5
4,2575,2034,2030,4,5
4,2576,2034,2030,4,5
4,2577,2034,2030,4,5
4,2578,2034,2030,4,5
4,2579,2034,2030,4,5
4,2580,2034,2030,4,5
4,2581,2034,2030,4,5
4,2582,2034,2030,4,5
4,2583,2034,2030,4,5
4,2584,2034,2030,4,5
4,2585,2034,2030,4,5
4,2586,2034,2030,4,5
4,2587,2034,2030,4,5
4,2588,2034,2030,4,5
4,2589,2034,2030,4,5
4,2590,2034,2030,4,5
4,2591,2034,2030,4,5
4,2592,2034,2030,4,5
4,2593,2034,2029,5,5
4,2594,2034,2030,4,5
4,2595,2034,2030,4,5
4,2596,2034,2030,4,5
4,2597,2034,2030,4,5
4,2598,2034,2030,4,5
4,2599,2034,2030,4,5
4,2600,2034,2030,4,5
4,2601,2034,2030,4,5
4,2602,2034,2030,4,5
4,2603,2034,2030,4,5
4,2604,2034,2030,4,5
4,2605,2034,2030,4,5
4,2606,2034,2030,4,5
4,2607,2034,2030,4,5
4,2608,2034,2030,4,5
4,2609,2034,2030,4,5
4,2610,2034,2030,4,5
4,2611,2034,2030,4,5
4,2612,2034,2030,4,5
4,2613,2034,2030,4,5
4,2614,2034,2030,4,5
4,2615,2034,2030,4,5
4,2616,2034,2030,4,5
4,2617,2034,2030,4,5
4,2618,2034,2030,4,5
4,2619,2034,2030,4,5
4,2620,2034,2030,4,5
4,2621,2034,2030,4,5
4,2622,2034,2030,4,5
4,2623,2034,2030,4,5
4,2624,2034,2030,4,5
4,2625,2034,2030,4,5
4,2626,2034,2030,4,5
4,2627,2034,2030,4,5
4,2628,2034,2030,4,5
4,2629,2034,2030,4,5
4,2630,2034,2030,4,5
4,2631,2034,2030,4,5
4,2632,2034,2030,4,5
4,2633,2034,2030,4,5
4,2634,2034,2030,4,5
4,2635,2034,2030,4,5
4,2636,2034,2030,4,5
4,2637,2034,2030,4,5
4,2638,2034,2030,4,5
4,2639,2034,2030,4,5
4,2640,2034,2030,4,5
4,2641,2034,2030,4,5
4,2642,2034,2030,4,5
4,2643,2034,2030,4,5
4,2644,2034,2030,4,5
4,2645,2034,2030,4,5
4,2646,2034,2030,4,5
4,2647,2034,2030,4,5
4,2648,2034,2030,4,5
4,2649,2034,2030,4,5
4,2650,2034,2030,4,5
4,2651,2034,2030,4,5
4,2652,2034,2030,4,5
4,2653,2034,2030,4,5
4,2654,2034,2030,4,5
4,2655,2034,2030,4,5
4,2656,2034,2030,4,5
4,2657,2034,2030,4,5
4,2658,2034,2030,4,5
4,2659,2034,2030,4,5
4,2660,2034,2030,4,5
4,2661,2034,2030,4,5
4,2662,2034,2030,4,5
4,2663,2034,2030,4,5
4,2664,2034,2030,4,5
4,2665,2034,2030,4,5
4,2666,2034,2030,4,5
4,2667,2034,2030,4,5
4,2668,2034,2030,4,5
4,2669,2034,2030,4,5
4,2670,2034,2030,4,5
4,2671,2034,2030,4,5
4,2672,2034,2030,4,5
4,2673,2034,2030,4,5
4,2674,2034,2030,4,5
4,2675,2034,2030,4,5
4,2676,2034,2030,4,5
4,2677,2034,2030,4,5
4,2678,2034,2030,4,5
4,2679,2034,2030,4,5
4,2680,2034,2030,4,5
4,2681,2034,2030,4,5
4,2682,2034,2030,4,5
4,2683,2034,2030,4,5
4,2684,2034,2030,4,5
4,2685,2034,2030,4,5
4,2686,2034,2030,4,5
4,2687,2034,2029,5,5
4,2688,2034,2030,4,5
4,2689,2034,2030,4,5
4,2690,2034,2030,4,5
4,2691,2034,2030,4,5
4,2692,2034,2030,4,5
4,2693,2034,2030,4,5
4,2694,2034,2030,4,5
4,2695,2034,2030,4,5
4,2696,2034,2030,4,5
4,2697,2034,2030,4,5
4,2698,2034,2030,4,5
4,2699,2034,2030,4,5
4,2700,2034,2030,4,5
4,2701,2034,2030,4,5
4,2702,2034,2030,4,5
4,2703,2034,2030,4,5
4,2704,2034,2030,4,5
4,2705,2034,2030,4,5
4,2706,2034,2030,4,5
4,2707,2034,2030,4,5
4,2708,2034,2030,4,5
4,2709,2034,2030,4,5
4,2710,2034,2030,4,5
4,2711,2034,2030,4,5
4,2712,2034,2030,4,5
4,2713,2034,2030,4,5
4,2714,2034,2030,4,5
4,2715,2034,2030,4,5
4,2716,2034,2030,4,5
4,2717,2034,2030,4,5
4,2718,2034,2030,4,5
4,2719,2034,2030,4,5
4,2720,2034,2030,4,5
4,2721,2034,2030,4,5
4,2722,2034,2030,4,5
4,2723,2034,2030,4,5
4,2724,2034,2030,4,5
4,2725,2034,2030,4,5
4,2726,2034,2030,4,5
4,2727,2034,2030,4,5
4,2728,2034,2030,4,5
4,2729,2034,2030,4,5
4,2730,2034,2030,4,5
4,2731,2034,2030,4,5
4,2732,2034,2030,4,5
4,2733,2034,2030,4,5
4,2734,2034,2030,4,5
4,2735,2034,2030,4,5
4,2736,2034,2030,4,5
4,2737,2034,2030,4,5
4,2738,2034,2030,4,5
4,2739,2034,2030,4,5
4,2740,2034,2030,4,5
4,2741,2034,2030,4,5
4,2742,2034,2030,4,5
4,2743,2034,2030,4,5
4,2744,2034,2030,4,5
4,2745,2034,2030,4,5
4,2746,2034,2030,4,5
4,2747,2034,2030,4,5
4,2748,2034,2030,4,5
4,2749,2034,2030,4,5
4,2750,2034,2030,4,5
4,2751,2034,2030,4,5
4,2752,2034,2030,4,5
4,2753,2034,2030,4,5
4,2754,2034,2030,4,5
4,2755,2034,2030,4,5
4,2756,2034,2029,5,5
4,2757,2034,2030,4,5
4,2758,2034,2030,4,5
4,2759,2034,2030,4,5
4,2760,2034,2030,4,5
4,2761,2034,2030,4,5
4,2762,2034,2030,4,5
4,2763,2034,2030,4,5
4,2764,2034,2030,4,5
4,2765,2034,2029,5,5
4,2766,2034,2030,4,5
4,2767,2034,2030,4,5
4,2768,2034,2029,5,5
4,2769,2034,2030,4,5
4,2770,2034,2030,4,5
4,2771,2034,2030,4,5
4,2772,2034,2030,4,5
4,2773,2034,2029,5,5
4,2774,2034,2030,4,5
4,2775,2034,2030,4,5
4,2776,2034,2030,4,5
4,2777,2034,2030,4,5
4,2778,2034,2030,4,5
4,2779,2034,2030,4,5
4,2780,2034,2030,4,5
4,2781,2034,2030,4,5
4,2782,2034,2030,4,5
4,2783,2034,2030,4,5
4,2784,2034,2030,4,5
4,2785,2034,2030,4,5
4,2786,2034,2030,4,5
4,2787,2034,2030,4,5
4,2788,2034,2030,4,5
4,2789,2034,2030,4,5
4,2790,2034,2030,4,5
4,2791,2034,2030,4,5
4,2792,2034,2030,4,5
4,2793,2034,2030,4,5
4,2794,2034,2030,4,5
4,2795,2034,2030,4,5
4,2796,2034,2030,4,5
4,2797,2034,2030,4,5
4,2798,2034,2030,4,5
4,2799,2034,2030,4,5
4,2800,2034,2030,4,5
4,2801,2034,2030,4,5
4,2802,2034,2030,4,5
4,2803,2034,2030,4,5
4,2804,2034,2030,4,5
4,2805,2034,2030,4,5
4,2806,2034,2030,4,5
4,2807,2034,2030,4,5
4,2808,2034,2030,4,5
4,2809,2034,2030,4,5
4,2810,2034,2030,4,5
4,2811,2034,2030,4,5
4,2812,2034,2030,4,5
4,2813,2034,2030,4,5
4,2814,2034,2030,4,5
4,2815,2034,2030,4,5
4,2816,2034,2030,4,5
4,2817,2034,2030,4,5
4,2818,2034,2030,4,5
4,2819,2034,2030,4,5
4,2820,2034,2030,4,5
4,2821,2034,2030,4,5
4,2822,2034,2030,4,5
4,2823,2034,2030,4,5
4,2824,2034,2030,4,5
4,2825,2034,2030,4,5
4,2826,2034,2030,4,5
4,2827,2034,2030,4,5
4,2828,2034,2030,4,5
4,2829,2034,2030,4,5
4,2830,2034,2030,4,5
4,2831,2034,2030,4,5
4,2832,2034,2030,4,5
4,2833,2034,2030,4,5
4,2834,2034,2030,4,5
4,2835,2034,2030,4,5
4,2836,2034,2030,4,5
4,2837,2034,2030,4,5
4,2838,2034,2030,4,5
4,2839,2034,2029,5,5
4,2840,2034,2030,4,5
4,2841,2034,2030,4,5
4,2842,2034,2030,4,5
4,2843,2034,2030,4,5
4,2844,2034,2029,5,5
4,2845,2034,2030,4,5
4,2846,2034,2030,4,5
4,2847,2034,2030,4,5
4,2848,2034,2030,4,5
4,2849,2034,2030,4,5
4,2850,2034,2030,4,5
4,2851,2034,2030,4,5
4,2852,2034,2030,4,5
4,2853,2034,2030,4,5
4,2854,2034,2030,4,5
4,2855,2034,2030,4,5
4,2856,2034,2030,4,5
4,2857,2034,2030,4,5
4,2858,2034,2030,4,5
4,2859,2034,2030,4,5
4,2860,2034,2030,4,5
4,2861,2034,2030,4,5
4,2862,2034,2030,4,5
4,2863,2034,2030,4,5
4,2864,2034,2030,4,5
4,2865,2034,2030,4,5
4,2866,2034,2030,4,5
4,2867,2034,2030,4,5
4,2868,2034,2030,4,5
4,2869,2034,2030,4,5
4,2870,2034,2030,4,5
4,2871,2034,2030,4,5
4,2872,2034,2030,4,5
4,2873,2034,2030,4,5
4,2874,2034,2030,4,5
4,2875,2034,2030,4,5
4,2876,2034,2030,4,5
4,2877,2034,2030,4,5
4,2878,2034,2030,4,5
4,2879,2034,2030,4,5
4,2880,2034,2030,4,5
4,2881,2034,2030,4,5
4,2882,2034,2030,4,5
4,2883,2034,2029,5,5
4,2884,2034,2030,4,5
4,2885,2034,2030,4,5
4,2886,2034,2030,4,5
4,2887,2034,2030,4,5
4,2888,2034,2030,4,5
4,2889,2034,2030,4,5
4,2890,2034,2030,4,5
4,2891,2034,2030,4,5
4,2892,2034,2030,4,5
4,2893,2034,2030,4,5
4,2894,2034,2030,4,5
4,2895,2034,2030,4,5
4,2896,2034,2030,4,5
4,2897,2034,2030,4,5
4,2898,2034,2030,4,5
4,2899,2034,2030,4,5
4,2900,2034,2030,4,5
4,2901,2034,2030,4,5
4,2902,2034,2030,4,5
4,2903,2034,2030,4,5
4,2904,2034,2030,4,5
4,2905,2034,2030,4,5
4,2906,2034,2030,4,5
4,2907,2034,2030,4,5
4,2908,2034,2030,4,5
4,2909,2034,2030,4,5
4,2910,2034,2030,4,5
4,2911,2034,2030,4,5
4,2912,2034,2030,4,5
4,2913,2034,2030,4,5
4,2914,2034,2030,4,5
4,2915,2034,2030,4,5
4,2916,2034,2030,4,5
4,2917,2034,2030,4,5
4,2918,2034,2030,4,5
4,2919,2034,2030,4,5
4,2920,2034,2030,4,5
4,2921,2034,2030,4,5
4,2922,2034,2030,4,5
4,2923,2034,2030,4,5
4,2924,2034,2029,5,5
4,2925,2034,2030,4,5
4,2926,2034,2030,4,5
4,2927,2034,2030,4,5
4,2928,2034,2030,4,5
4,2929,2034,2030,4,5
4,2930,2034,2030,4,5
4,2931,2034,2030,4,5
4,2932,2034,2030,4,5
4,2933,2034,2030,4,5
4,2934,2034,2030,4,5
4,2935,2034,2030,4,5
4,2936,2034,2030,4,5
4,2937,2034,2030,4,5
4,2938,2034,2030,4,5
4,2939,2034,2030,4,5
4,2940,2034,2030,4,5
4,2941,2034,2030,4,5
4,2942,2034,2029,5,5
4,2943,2034,2030,4,5
4,2944,2034,2030,4,5
4,2945,2034,2030,4,5
4,2946,2034,2030,4,5
4,2947,2034,2030,4,5
4,2948,2034,2030,4,5
4,2949,2034,2030,4,5
4,2950,2034,2030,4,5
4,2951,2034,2030,4,5
4,2952,2034,2030,4,5
4,2953,2034,2030,4,5
4,2954,2034,2030,4,5
4,2955,2034,2030,4,5
4,2956,2034,2030,4,5
4,2957,2034,2030,4,5
4,2958,2034,2030,4,5
4,2959,2034,2030,4,5
4,2960,2034,2030,4,5
4,2961,2034,2030,4,5
4,2962,2034,2030,4,5
4,2963,2034,2030,4,5
4,2964,2034,2030,4,5
4,2965,2034,2030,4,5
4,2966,2034,2030,4,5
4,2967,2034,2030,4,5
4,2968,2034,2030,4,5
4,2969,2034,2029,5,5
4,2970,2034,2030,4,5
4,2971,2034,2030,4,5
4,2972,2034,2030,4,5
4,2973,2034,2030,4,5
4,2974,2034,2030,4,5
4,2975,2034,2030,4,5
4,2976,2034,2030,4,5
4,2977,2034,2030,4,5
4,2978,2034,2030,4,5
4,2979,2034,2030,4,5
4,2980,2034,2030,4,5
4,2981,2034,2030,4,5
4,2982,2034,2030,4,5
4,2983,2034,2029,5,5
4,2984,2034,2030,4,5
4,2985,2034,2030,4,5
4,2986,2034,2030,4,5
4,2987,2034,2030,4,5
4,2988,2034,2030,4,5
4,2989,2034,2030,4,5
4,2990,2034,2030,4,5
4,2991,2034,2030,4,5
4,2992,2034,2030,4,5
4,2993,2034,2030,4,5
4,2994,2034,2030,4,5
4,2995,2034,2030,4,5
4,2996,2034,2030,4,5
4,2997,2034,2030,4,5
4,2998,2034,2030,4,5
4,2999,2034,2030,4,5
4,3000,2034,2030,4,5
4,3001,2034,2030,4,5
4,3002,2034,2030,4,5
4,3003,2034,2030,4,5
4,3004,2034,2030,4,5
4,3005,2034,2030,4,5
4,3006,2034,2030,4,5
4,3007,2034,2030,4,5
4,3008,2034,2030,4,5
4,3009,2034,2030,4,5
4,3010,2034,2030,4,5
4,3011,2034,2030,4,5
4,3012,2034,2030,4,5
4,3013,2034,2030,4,5
4,3014,2034,2030,4,5
4,3015,2034,2030,4,5
4,3016,2034,2030,4,5
4,3017,2034,2030,4,5
4,3018,2034,2030,4,5
4,3019,2034,2030,4,5
4,3020,2034,2030,4,5
4,3021,2034,2030,4,5
4,3022,2034,2030,4,5
4,3023,2034,2030,4,5
4,3024,2034,2030,4,5
4,3025,2034,2030,4,5
4,3026,2034,2030,4,5
4,3027,2034,2030,4,5
4,3028,2034,2030,4,5
4,3029,2034,2030,4,5
4,3030,2034,2030,4,5
4,3031,2034,2030,4,5
4,3032,2034,2030,4,5
4,3033,2034,2030,4,5
4,3034,2034,2030,4,5
4,3035,2034,2030,4,5
4,3036,2034,2030,4,5
4,3037,2034,2030,4,5
4,3038,2034,2030,4,5
4,3039,2034,2030,4,5
4,3040,2034,2030,4,5
4,3041,2034,2030,4,5
4,3042,2034,2030,4,5
4,3043,2034,2030,4,5
4,3044,2034,2030,4,5
4,3045,2034,2030,4,5
4,3046,2034,2030,4,5
4,3047,2034,2030,4,5
4,3048,2034,2030,4,5
4,3049,2034,2030,4,5
4,3050,2034,2030,4,5
4,3051,2034,2030,4,5
4,3052,2034,2030,4,5
4,3053,2034,2030,4,5
4,3054,2034,2030,4,5
4,3055,2034,2030,4,5
4,3056,2034,2030,4,5
4,3057,2034,2030,4,5
4,3058,2034,2030,4,5
4,3059,2034,2030,4,5
4,3060,2034,2030,4,5
4,3061,2034,2030,4,5
4,3062,2034,2030,4,5
4,3063,2034,2030,4,5
4,3064,2034,2030,4,5
4,3065,2034,2030,4,5
4,3066,2034,2030,4,5
4,3067,2034,2030,4,5
4,3068,2034,2030,4,5
4,3069,2034,2029,5,5
4,3070,2034,2030,4,5
4,3071,2034,2030,4,5
4,3072,2034,2030,4,5
4,3073,2034,2030,4,5
4,3074,2034,2030,4,5
4,3075,2034,2030,4,5
4,3076,2034,2030,4,5
4,3077,2034,2030,4,5
4,3078,2034,2030,4,5
4,3079,2034,2030,4,5
4,3080,2034,2030,4,5
4,3081,2034,2030,4,5
4,3082,2034,2030,4,5
4,3083,2034,2030,4,5
4,3084,2034,2030,4,5
4,3085,2034,2030,4,5
4,3086,2034,2029,5,5
4,3087,2034,2030,4,5
4,3088,2034,2030,4,5
4,3089,2034,2030,4,5
4,3090,2034,2030,4,5
4,3091,2034,2030,4,5
4,3092,2034,2030,4,5
4,3093,2034,2030,4,5
4,3094,2034,2030,4,5
4,3095,2034,2030,4,5
4,3096,2034,2030,4,5
4,3097,2034,2030,4,5
4,3098,2034,2030,4,5
4,3099,2034,2030,4,5
4,3100,2034,2030,4,5
4,3101,2034,2030,4,5
4,3102,2034,2029,5,5
4,3103,2034,2030,4,5
4,3104,2034,2030,4,5
4,3105,2034,2030,4,5
4,3106,2034,2030,4,5
4,3107,2034,2030,4,5
4,3108,2034,2030,4,5
4,3109,2034,2030,4,5
4,3110,2034,2030,4,5
4,3111,2034,2030,4,5
4,3112,2034,2030,4,5
4,3113,2034,2030,4,5
4,3114,2034,2030,4,5
4,3115,2034,2030,4,5
4,3116,2034,2030,4,5
4,3117,2034,2030,4,5
4,3118,2034,2030,4,5
4,3119,2034,2030,4,5
4,3120,2034,2030,4,5
4,3121,2034,2030,4,5
4,3122,2034,2030,4,5
4,3123,2034,2030,4,5
4,3124,2034,2030,4,5
4,3125,2034,2030,4,5
4,3126,2034,2030,4,5
4,3127,2034,2030,4,5
4,3128,2034,2030,4,5
4,3129,2034,2030,4,5
4,3130,2034,2030,4,5
4,3131,2034,2030,4,5
4,3132,2034,2030,4,5
4,3133,2034,2030,4,5
4,3134,2034,2030,4,5
4,3135,2034,2030,4,5
4,3136,2034,2030,4,5
4,3137,2034,2030,4,5
4,3138,2034,2030,4,5
4,3139,2034,2030,4,5
4,3140,2034,2030,4,5
4,3141,2034,2030,4,5
4,3142,2034,2030,4,5
4,3143,2034,2030,4,5
4,3144,2034,2030,4,5
4,3145,2034,2030,4,5
4,3146,2034,2030,4,5
4,3147,2034,2030,4,5
4,3148,2034,2030,4,5
4,3149,2034,2030,4,5
4,3150,2034,2029,5,5
4,3151,2034,2030,4,5
4,3152,2034,2030,4,5
4,3153,2034,2030,4,5
4,3154,2034,2030,4,5
4,3155,2034,2030,4,5
4,3156,2034,2030,4,5
4,3157,2034,2030,4,5
4,3158,2034,2030,4,5
4,3159,2034,2030,4,5
4,3160,2034,2030,4,5
4,3161,2034,2030,4,5
4,3162,2034,2030,4,5
4,3163,2034,2030,4,5
4,3164,2034,2029,5,5
4,3165,2034,2030,4,5
4,3166,2034,2030,4,5
4,3167,2034,2030,4,5
4,3168,2034,2030,4,5
4,3169,2034,2030,4,5
4,3170,2034,2030,4,5
4,3171,2034,2030,4,5
4,3172,2034,2030,4,5
4,3173,2034,2030,4,5
4,3174,2034,2030,4,5
4,3175,2034,2030,4,5
4,3176,2034,2030,4,5
4,3177,2034,2030,4,5
4,3178,2034,2030,4,5
4,3179,2034,2030,4,5
4,3180,2034,2030,4,5
4,3181,2034,2030,4,5
4,3182,2034,2030,4,5
4,3183,2034,2030,4,5
4,3184,2034,2030,4,5
4,3185,2034,2030,4,5
4,3186,2034,2030,4,5
4,3187,2034,2030,4,5
4,3188,2034,2029,5,5
4,3189,2034,2030,4,5
4,3190,2034,2030,4,5
4,3191,2034,2030,4,5
4,3192,2034,2029,5,5
4,3193,2034,2030,4,5
4,3194,2034,2030,4,5
4,3195,2034,2030,4,5
4,3196,2034,2030,4,5
4,3197,2034,2030,4,5
4,3198,2034,2030,4,5
4,3199,2034,2030,4,5
4,3200,2034,2030,4,5
4,3201,2034,2030,4,5
4,3202,2034,2030,4,5
4,3203,2034,2029,5,5
4,3204,2034,2030,4,5
4,3205,2034,2030,4,5
4,3206,2034,2030,4,5
4,3207,2034,2030,4,5
4,3208,2034,2030,4,5
4,3209,2034,2030,4,5
4,3210,2034,2030,4,5
4,3211,2034,2030,4,5
4,3212,2034,2030,4,5
4,3213,2034,2030,4,5
4,3214,2034,2030,4,5
4,3215,2034,2030,4,5
4,3216,2034,2030,4,5
4,3217,2034,2030,4,5
4,3218,2034,2030,4,5
4,3219,2034,2030,4,5
4,3220,2034,2030,4,5
4,3221,2034,2030,4,5
4,3222,2034,2030,4,5
4,3223,2034,2030,4,5
4,3224,2034,2030,4,5
4,3225,2034,2030,4,5
4,3226,2034,2030,4,5
4,3227,2034,2030,4,5
4,3228,2034,2030,4,5
4,3229,2034,2030,4,5
4,3230,2034,2030,4,5
4,3231,2034,2030,4,5
4,3232,2034,2030,4,5
4,3233,2034,2030,4,5
4,3234,2034,2030,4,5
4,3235,2034,2030,4,5
4,3236,2034,2030,4,5
4,3237,2034,2030,4,5
4,3238,2034,2030,4,5
4,3239,2034,2029,5,5
4,3240,2034,2030,4,5
4,3241,2034,2030,4,5
4,3242,2034,2030,4,5
4,3243,2034,2030,4,5
4,3244,2034,2030,4,5
4,3245,2034,2030,4,5
4,3246,2034,2030,4,5
4,3247,2034,2030,4,5
4,3248,2034,2029,5,5
4,3249,2034,2030,4,5
4,3250,2034,2030,4,5
4,3251,2034,2030,4,5
4,3252,2034,2030,4,5
4,3253,2034,2030,4,5
4,3254,2034,2030,4,5
4,3255,2034,2030,4,5
4,3256,2034,2030,4,5
4,3257,2034,2030,4,5
4,3258,2034,2030,4,5
4,3259,2034,2030,4,5
4,3260,2034,2030,4,5
4,3261,2034,2030,4,5
4,3262,2034,2030,4,5
4,3263,2034,2030,4,5
4,3264,2034,2030,4,5
4,3265,2034,2029,5,5
4,3266,2034,2030,4,5
4,3267,2034,2030,4,5
4,3268,2034,2030,4,5
4,3269,2034,2029,5,5
4,3270,2034,2030,4,5
4,3271,2034,2030,4,5
4,3272,2034,2030,4,5
4,3273,2034,2030,4,5
4,3274,2034,2030,4,5
4,3275,2034,2030,4,5
4,3276,2034,2030,4,5
4,3277,2034,2030,4,5
4,3278,2034,2030,4,5
4,3279,2034,2030,4,5
4,3280,2034,2030,4,5
4,3281,2034,2030,4,5
4,3282,2034,2030,4,5
4,3283,2034,2030,4,5
4,3284,2034,2030,4,5
4,3285,2034,2030,4,5
4,3286,2034,2030,4,5
4,3287,2034,2030,4,5
4,3288,2034,2030,4,5
4,3289,2034,2030,4,5
4,3290,2034,2030,4,5
4,3291,2034,2030,4,5
4,3292,2034,2030,4,5
4,3293,2034,2030,4,5
4,3294,2034,2030,4,5
4,3295,2034,2030,4,5
4,3296,2034,2030,4,5
4,3297,2034,2030,4,5
4,3298,2034,2030,4,5
4,3299,2034,2030,4,5
4,3300,2034,2030,4,5
4,3301,2034,2030,4,5
4,3302,2034,2030,4,5
4,3303,2034,2030,4,5
4,3304,2034,2030,4,5
4,3305,2034,2030,4,5
4,3306,2034,2030,4,5
4,3307,2034,2030,4,5
4,3308,2034,2030,4,5
4,3309,2034,2030,4,5
4,3310,2034,2030,4,5
4,3311,2034,2030,4,5
4,3312,2034,2030,4,5
4,3313,2034,2030,4,5
4,3314,2034,2030,4,5
4,3315,2034,2030,4,5
4,3316,2034,2030,4,5
4,3317,2034,2030,4,5
4,3318,2034,2030,4,5
4,3319,2034,2030,4,5
4,3320,2034,2030,4,5
4,3321,2034,2030,4,5
4,3322,2034,2030,4,5
4,3323,2034,2030,4,5
4,3324,2034,2030,4,5
4,3325,2034,2030,4,5
4,3326,2034,2030,4,5
4,3327,2034,2030,4,5
4,3328,2034,2030,4,5
4,3329,2034,2030,4,5
4,3330,2034,2030,4,5
4,3331,2034,2030,4,5
4,3332,2034,2030,4,5
4,3333,2034,2030,4,5
4,3334,2034,2030,4,5
4,3335,2034,2030,4,5
4,3336,2034,2030,4,5
4,3337,2034,2030,4,5
4,3338,2034,2030,4,5
4,3339,2034,2030,4,5
4,3340,2034,2030,4,5
4,3341,2034,2030,4,5
4,3342,2034,2030,4,5
4,3343,2034,2030,4,5
4,3344,2034,2030,4,5
4,3345,2034,2030,4,5
4,3346,2034,2030,4,5
4,3347,2034,2030,4,5
4,3348,2034,2030,4,5
4,3349,2034,2030,4,5
4,3350,2034,2030,4,5
4,3351,2034,2030,4,5
4,3352,2034,2030,4,5
4,3353,2034,2030,4,5
4,3354,2034,2030,4,5
4,3355,2034,2030,4,5
4,3356,2034,2030,4,5
4,3357,2034,2030,4,5
4,3358,2034,2030,4,5
4,3359,2034,2030,4,5
4,3360,2034,2030,4,5
4,3361,2034,2030,4,5
4,3362,2034,2030,4,5
4,3363,2034,2030,4,5
4,3364,2034,2030,4,5
4,3365,2034,2030,4,5
4,3366,2034,2030,4,5
4,3367,2034,2030,4,5
4,3368,2034,2030,4,5
4,3369,2034,2030,4,5
4,3370,2034,2029,5,5
4,3371,2034,2030,4,5
4,3372,2034,2030,4,5
4,3373,2034,2030,4,5
4,3374,2034,2030,4,5
4,3375,2034,2030,4,5
4,3376,2034,2030,4,5
4,3377,2034,2030,4,5
4,3378,2034,2030,4,5
4,3379,2034,2030,4,5
4,3380,2034,2030,4,5
4,3381,2034,2030,4,5
4,3382,2034,2030,4,5
4,3383,2034,2030,4,5
4,3384,2034,2030,4,5
4,3385,2034,2030,4,5
4,3386,2034,2030,4,5
4,3387,2034,2030,4,5
4,3388,2034,2030,4,5
4,3389,2034,2030,4,5
4,3390,2034,2030,4,5
4,3391,2034,2030,4,5
4,3392,2034,2030,4,5
4,3393,2034,2030,4,5
4,3394,2034,2030,4,5
4,3395,2034,2030,4,5
4,3396,2034,2030,4,5
4,3397,2034,2030,4,5
4,3398,2034,2030,4,5
4,3399,2034,2030,4,5
4,3400,2034,2030,4,5
4,3401,2034,2030,4,5
4,3402,2034,2030,4,5
4,3403,2034,2030,4,5
4,3404,2034,2030,4,5
4,3405,2034,2030,4,5
4,3406,2034,2030,4,5
4,3407,2034,2030,4,5
4,3408,2034,2030,4,5
4,3409,2034,2030,4,5
4,3410,2034,2030,4,5
4,3411,2034,2030,4,5
4,3412,2034,2029,5,5
4,3413,2034,2030,4,5
4,3414,2034,2030,4,5
4,3415,2034,2030,4,5
4,3416,2034,2030,4,5
4,3417,2034,2030,4,5
4,3418,2034,2030,4,5
4,3419,2034,2030,4,5
4,3420,2034,2030,4,5
4,3421,2034,2030,4,5
4,3422,2034,2030,4,5
4,3423,2034,2030,4,5
4,3424,2034,2030,4,5
4,3425,2034,2030,4,5
4,3426,2034,2030,4,5
4,3427,2034,2030,4,5
4,3428,2034,2030,4,5
4,3429,2034,2030,4,5
4,3430,2034,2030,4,5
4,3431,2034,2030,4,5
4,3432,2034,2030,4,5
4,3433,2034,2030,4,5
4,3434,2034,2030,4,5
4,3435,2034,2030,4,5
4,3436,2034,2030,4,5
4,3437,2034,2030,4,5
4,3438,2034,2030,4,5
4,3439,2034,2030,4,5
4,3440,2034,2030,4,5
4,3441,2034,2030,4,5
4,3442,2034,2030,4,5
4,3443,2034,2030,4,5
4,3444,2034,2030,4,5
4,3445,2034,2029,5,5
4,3446,2034,2030,4,5
4,3447,2034,2030,4,5
4,3448,2034,2030,4,5
4,3449,2034,2030,4,5
4,3450,2034,2030,4,5
4,3451,2034,2030,4,5
4,3452,2034,2030,4,5
4,3453,2034,2030,4,5
4,3454,2034,2030,4,5
4,3455,2034,2030,4,5
4,3456,2034,2030,4,5
4,3457,2034,2030,4,5
4,3458,2034,2030,4,5
4,3459,2034,2030,4,5
4,3460,2034,2030,4,5
4,3461,2034,2030,4,5
4,3462,2034,2030,4,5
4,3463,2034,2030,4,5
4,3464,2034,2030,4,5
4,3465,2034,2030,4,5
4,3466,2034,2030,4,5
4,3467,2034,2030,4,5
4,3468,2034,2029,5,5
4,3469,2034,2030,4,5
4,3470,2034,2030,4,5
4,3471,2034,2030,4,5
4,3472,2034,2030,4,5
4,3473,2034,2030,4,5
4,3474,2034,2030,4,5
4,3475,2034,2030,4,5
4,3476,2034,2030,4,5
4,3477,2034,2030,4,5
4,3478,2034,2030,4,5
4,3479,2034,2030,4,5
4,3480,2034,2030,4,5
4,3481,2034,2030,4,5
4,3482,2034,2030,4,5
4,3483,2034,2030,4,5
4,3484,2034,2030,4,5
4,3485,2034,2030,4,5
4,3486,2034,2030,4,5
4,3487,2034,2030,4,5
4,3488,2034,2030,4,5
4,3489,2034,2030,4,5
4,3490,2034,2030,4,5
4,3491,2034,2030,4,5
4,3492,2034,2030,4,5
4,3493,2034,2030,4,5
4,3494,2034,2029,5,5
4,3495,2034,2030,4,5
4,3496,2034,2030,4,5
4,3497,2034,2030,4,5
4,3498,2034,2030,4,5
4,3499,2034,2030,4,5
4,3500,2034,2030,4,5
4,3501,2034,2030,4,5
4,3502,2034,2030,4,5
4,3503,2034,2030,4,5
4,3504,2034,2030,4,5
4,3505,2034,2030,4,5
4,3506,2034,2030,4,5
4,3507,2034,2030,4,5
4,3508,2034,2030,4,5
4,3509,2034,2030,4,5
4,3510,2034,2030,4,5
4,3511,2034,2030,4,5
4,3512,2034,2030,4,5
4,3513,2034,2030,4,5
4,3514,2034,2030,4,5
4,3515,2034,2030,4,5
4,3516,2034,2030,4,5
4,3517,2034,2030,4,5
4,3518,2034,2030,4,5
4,3519,2034,2030,4,5
4,3520,2034,2030,4,5
4,3521,2034,2030,4,5
4,3522,2034,2030,4,5
4,3523,2034,2030,4,5
4,3524,2034,2030,4,5
4,3525,2034,2030,4,5
4,3526,2034,2030,4,5
4,3527,2034,2030,4,5
4,3528,2034,2030,4,5
4,3529,2034,2030,4,5
4,3530,2034,2030,4,5
4,3531,2034,2030,4,5
4,3532,2034,2030,4,5
4,3533,2034,2030,4,5
4,3534,2034,2030,4,5
4,3535,2034,2030,4,5
4,3536,2034,2030,4,5
4,3537,2034,2030,4,5
4,3538,2034,2030,4,5
4,3539,2034,2030,4,5
4,3540,2034,2030,4,5
4,3541,2034,2030,4,5
4,3542,2034,2030,4,5
4,3543,2034,2030,4,5
4,3544,2034,2030,4,5
4,3545,2034,2030,4,5
4,3546,2034,2030,4,5
4,3547,2034,2030,4,5
4,3548,2034,2030,4,5
4,3549,2034,2030,4,5
4,3550,2034,2030,4,5
4,3551,2034,2030,4,5
4,3552,2034,2030,4,5
4,3553,2034,2030,4,5
4,3554,2034,2030,4,5
4,3555,2034,2029,5,5
4,3556,2034,2030,4,5
4,3557,2034,2030,4,5
4,3558,2034,2030,4,5
4,3559,2034,2030,4,5
4,3560,2034,2030,4,5
4,3561,2034,2030,4,5
4,3562,2034,2030,4,5
4,3563,2034,2030,4,5
4,3564,2034,2030,4,5
4,3565,2034,2030,4,5
4,3566,2034,2030,4,5
4,3567,2034,2030,4,5
4,3568,2034,2030,4,5
4,3569,2034,2030,4,5
4,3570,2034,2030,4,5
4,3571,2034,2030,4,5
4,3572,2034,2030,4,5
4,3573,2034,2030,4,5
4,3574,2034,2030,4,5
4,3575,2034,2030,4,5
4,3576,2034,2030,4,5
4,3577,2034,2029,5,5
4,3578,2034,2030,4,5
4,3579,2034,2030,4,5
4,3580,2034,2030,4,5
4,3581,2034,2030,4,5
4,3582,2034,2030,4,5
4,3583,2034,2030,4,5
4,3584,2034,2029,5,5
4,3585,2034,2030,4,5
4,3586,2034,2030,4,5
4,3587,2034,2030,4,5
4,3588,2034,2030,4,5
4,3589,2034,2030,4,5
4,3590,2034,2030,4,5
4,3591,2034,2030,4,5
4,3592,2034,2030,4,5
4,3593,2034,2030,4,5
4,3594,2034,2030,4,5
4,3595,2034,2030,4,5
4,3596,2034,2030,4,5
4,3597,2034,2030,4,5
4,3598,2034,2030,4,5
4,3599,2034,2030,4,5
4,3600,2034,2030,4,5
4,3601,2034,2030,4,5
4,3602,2034,2030,4,5
4,3603,2034,2030,4,5
4,3604,2034,2030,4,5
4,3605,2034,2030,4,5
4,3606,2034,2030,4,5
4,3607,2034,2030,4,5
4,3608,2034,2030,4,5
4,3609,2034,2030,4,5
4,3610,2034,2030,4,5
4,3611,2034,2029,5,5
4,3612,2034,2030,4,5
4,3613,2034,2030,4,5
4,3614,2034,2030,4,5
4,3615,2034,2030,4,5
4,3616,2034,2030,4,5
4,3617,2034,2030,4,5
4,3618,2034,2030,4,5
4,3619,2034,2030,4,5
4,3620,2034,2030,4,5
4,3621,2034,2030,4,5
4,3622,2034,2030,4,5
4,3623,2034,2030,4,5
4,3624,2034,2030,4,5
4,3625,2034,2030,4,5
4,3626,2034,2030,4,5
4,3627,2034,2030,4,5
4,3628,2034,2030,4,5
4,3629,2034,2030,4,5
4,3630,2034,2030,4,5
4,3631,2034,2030,4,5
4,3632,2034,2030,4,5
4,3633,2034,2030,4,5
4,3634,2034,2030,4,5
4,3635,2034,2030,4,5
4,3636,2034,2030,4,5
4,3637,2034,2030,4,5
4,3638,2034,2030,4,5
4,3639,2034,2030,4,5
4,3640,2034,2030,4,5
4,3641,2034,2030,4,5
4,3642,2034,2030,4,5
4,3643,2034,2030,4,5
4,3644,2034,2030,4,5
4,3645,2034,2030,4,5
4,3646,2034,2030,4,5
4,3647,2034,2029,5,5
4,3648,2034,2030,4,5
4,3649,2034,2030,4,5
4,3650,2034,2030,4,5
4,3651,2034,2030,4,5
4,3652,2034,2030,4,5
4,3653,2034,2030,4,5
4,3654,2034,2030,4,5
4,3655,2034,2030,4,5
4,3656,2034,2030,4,5
4,3657,2034,2030,4,5
4,3658,2034,2030,4,5
4,3659,2034,2030,4,5
4,3660,2034,2030,4,5
4,3661,2034,2030,4,5
4,3662,2034,2030,4,5
4,3663,2034,2030,4,5
4,3664,2034,2030,4,5
4,3665,2034,2030,4,5
4,3666,2034,2030,4,5
4,3667,2034,2030,4,5
4,3668,2034,2029,5,5
4,3669,2034,2030,4,5
4,3670,2034,2030,4,5
4,3671,2034,2030,4,5
4,3672,2034,2030,4,5
4,3673,2034,2030,4,5
4,3674,2034,2030,4,5
4,3675,2034,2030,4,5
4,3676,2034,2030,4,5
4,3677,2034,2030,4,5
4,3678,2034,2030,4,5
4,3679,2034,2030,4,5
4,3680,2034,2030,4,5
4,3681,2034,2030,4,5
4,3682,2034,2030,4,5
4,3683,2034,2030,4,5
4,3684,2034,2030,4,5
4,3685,2034,2030,4,5
4,3686,2034,2030,4,5
4,3687,2034,2030,4,5
4,3688,2034,2030,4,5
4,3689,2034,2030,4,5
4,3690,2034,2030,4,5
4,3691,2034,2030,4,5
4,3692,2034,2030,4,5
4,3693,2034,2030,4,5
4,3694,2034,2030,4,5
4,3695,2034,2030,4,5
4,3696,2034,2030,4,5
4,3697,2034,2030,4,5
4,3698,2034,2030,4,5
4,3699,2034,2030,4,5
4,3700,2034,2030,4,5
4,3701,2034,2030,4,5
4,3702,2034,2030,4,5
4,3703,2034,2030,4,5
4,3704,2034,2030,4,5
4,3705,2034,2030,4,5
4,3706,2034,2030,4,5
4,3707,2034,2030,4,5
4,3708,2034,2030,4,5
4,3709,2034,2030,4,5
4,3710,2034,2030,4,5
4,3711,2034,2030,4,5
4,3712,2034,2030,4,5
4,3713,2034,2030,4,5
4,3714,2034,2030,4,5
4,3715,2034,2030,4,5
4,3716,2034,2030,4,5
4,3717,2034,2030,4,5
4,3718,2034,2030,4,5
4,3719,2034,2030,4,5
4,3720,2034,2030,4,5
4,3721,2034,2030,4,5
4,3722,2034,2030,4,5
4,3723,2034,2030,4,5
4,3724,2034,2030,4,5
4,3725,2034,2030,4,5
4,3726,2034,2030,4,5
4,3727,2034,2030,4,5
4,3728,2034,2030,4,5
4,3729,2034,2030,4,5
4,3730,2034,2029,5,5
4,3731,2034,2030,4,5
4,3732,2034,2030,4,5
4,3733,2034,2030,4,5
4,3734,2034,2030,4,5
4,3735,2034,2030,4,5
4,3736,2034,2030,4,5
4,3737,2034,2030,4,5
4,3738,2034,2030,4,5
4,3739,2034,2030,4,5
4,3740,2034,2030,4,5
4,3741,2034,2030,4,5
4,3742,2034,2030,4,5
4,3743,2034,2030,4,5
4,3744,2034,2030,4,5
4,3745,2034,2030,4,5
4,3746,2034,2030,4,5
4,3747,2034,2030,4,5
4,3748,2034,2030,4,5
4,3749,2034,2030,4,5
4,3750,2034,2030,4,5
4,3751,2034,2030,4,5
4,3752,2034,2030,4,5
4,3753,2034,2030,4,5
4,3754,2034,2030,4,5
4,3755,2034,2030,4,5
4,3756,2034,2030,4,5
4,3757,2034,2030,4,5
4,3758,2034,2030,4,5
4,3759,2034,2030,4,5
4,3760,2034,2030,4,5
4,3761,2034,2030,4,5
4,3762,2034,2030,4,5
4,3763,2034,2030,4,5
4,3764,2034,2030,4,5
4,3765,2034,2030,4,5
4,3766,2034,2030,4,5
4,3767,2034,2030,4,5
4,3768,2034,2030,4,5
4,3769,2034,2030,4,5
4,3770,2034,2030,4,5
4,3771,2034,2030,4,5
4,3772,2034,2030,4,5
4,3773,2034,2030,4,5
4,3774,2034,2030,4,5
4,3775,2034,2030,4,5
4,3776,2034,2029,5,5
4,3777,2034,2030,4,5
4,3778,2034,2030,4,5
4,3779,2034,2030,4,5
4,3780,2034,2030,4,5
4,3781,2034,2030,4,5
4,3782,2034,2030,4,5
4,3783,2034,2030,4,5
4,3784,2034,2030,4,5
4,3785,2034,2030,4,5
4,3786,2034,2030,4,5
4,3787,2034,2030,4,5
4,3788,2034,2030,4,5
4,3789,2034,2030,4,5
4,3790,2034,2030,4,5
4,3791,2034,2030,4,5
4,3792,2034,2030,4,5
4,3793,2034,2030,4,5
4,3794,2034,2030,4,5
4,3795,2034,2030,4,5
4,3796,2034,2030,4,5
4,3797,2034,2030,4,5
4,3798,2034,2030,4,5
4,3799,2034,2030,4,5
4,3800,2034,2030,4,5
4,3801,2034,2030,4,5
4,3802,2034,2030,4,5
4,3803,2034,2030,4,5
4,3804,2034,2030,4,5
4,3805,2034,2030,4,5
4,3806,2034,2030,4,5
4,3807,2034,2030,4,5
4,3808,2034,2030,4,5
4,3809,2034,2030,4,5
4,3810,2034,2030,4,5
4,3811,2034,2030,4,5
4,3812,2034,2030,4,5
4,3813,2034,2030,4,5
4,3814,2034,2030,4,5
4,3815,2034,2030,4,5
4,3816,2034,2030,4,5
4,3817,2034,2030,4,5
4,3818,2034,2030,4,5
4,3819,2034,2030,4,5
4,3820,2034,2030,4,5
4,3821,2034,2030,4,5
4,3822,2034,2030,4,5
4,3823,2034,2030,4,5
4,3824,2034,2030,4,5
4,3825,2034,2030,4,5
4,3826,2034,2030,4,5
4,3827,2034,2030,4,5
4,3828,2034,2030,4,5
4,3829,2034,2030,4,5
4,3830,2034,2030,4,5
4,3831,2034,2030,4,5
4,3832,2034,2030,4,5
4,3833,2034,2030,4,5
4,3834,2034,2030,4,5
4,3835,2034,2029,5,5
4,3836,2034,2030,4,5
4,3837,2034,2030,4,5
4,3838,2034,2030,4,5
4,3839,2034,2030,4,5
4,3840,2034,2029,5,5
4,3841,2034,2030,4,5
4,3842,2034,2030,4,5
4,3843,2034,2030,4,5
4,3844,2034,2030,4,5
4,3845,2034,2029,5,5
4,3846,2034,2030,4,5
4,3847,2034,2030,4,5
4,3848,2034,2030,4,5
4,3849,2034,2030,4,5
4,3850,2034,2030,4,5
4,3851,2034,2030,4,5
4,3852,2034,2030,4,5
4,3853,2034,2030,4,5
4,3854,2034,2030,4,5
4,3855,2034,2030,4,5
4,3856,2034,2030,4,5
4,3857,2034,2030,4,5
4,3858,2034,2030,4,5
4,3859,2034,2030,4,5
4,3860,2034,2030,4,5
4,3861,2034,2030,4,5
4,3862,2034,2030,4,5
4,3863,2034,2029,5,5
4,3864,2034,2030,4,5
4,3865,2034,2030,4,5
4,3866,2034,2030,4,5
4,3867,2034,2030,4,5
4,3868,2034,2030,4,5
4,3869,2034,2030,4,5
4,3870,2034,2030,4,5
4,3871,2034,2030,4,5
4,3872,2034,2030,4,5
4,3873,2034,2030,4,5
4,3874,2034,2030,4,5
4,3875,2034,2030,4,5
4,3876,2034,2029,5,5
4,3877,2034,2030,4,5
4,3878,2034,2030,4,5
4,3879,2034,2030,4,5
4,3880,2034,2030,4,5
4,3881,2034,2030,4,5
4,3882,2034,2030,4,5
4,3883,2034,2030,4,5
4,3884,2034,2030,4,5
4,3885,2034,2030,4,5
4,3886,2034,2029,5,5
4,3887,2034,2030,4,5
4,3888,2034,2030,4,5
4,3889,2034,2030,4,5
4,3890,2034,2030,4,5
4,3891,2034,2030,4,5
4,3892,2034,2030,4,5
4,3893,2034,2030,4,5
4,3894,2034,2030,4,5
4,3895,2034,2030,4,5
4,3896,2034,2030,4,5
4,3897,2034,2030,4,5
4,3898,2034,2030,4,5
4,3899,2034,2030,4,5
4,3900,2034,2030,4,5
4,3901,2034,2030,4,5
4,3902,2034,2030,4,5
4,3903,2034,2030,4,5
4,3904,2034,2030,4,5
4,3905,2034,2030,4,5
4,3906,2034,2030,4,5
4,3907,2034,2030,4,5
4,3908,2034,2030,4,5
4,3909,2034,2030,4,5
4,3910,2034,2030,4,5
4,3911,2034,2030,4,5
4,3912,2034,2030,4,5
4,3913,2034,2030,4,5
4,3914,2034,2030,4,5
4,3915,2034,2030,4,5
4,3916,2034,2030,4,5
4,3917,2034,2030,4,5
4,3918,2034,2030,4,5
4,3919,2034,2030,4,5
4,3920,2034,2030,4,5
4,3921,2034,2030,4,5
4,3922,2034,2030,4,5
4,3923,2034,2030,4,5
4,3924,2034,2030,4,5
4,3925,2034,2030,4,5
4,3926,2034,2030,4,5
4,3927,2034,2030,4,5
4,3928,2034,2030,4,5
4,3929,2034,2030,4,5
4,3930,2034,2030,4,5
4,3931,2034,2030,4,5
4,3932,2034,2030,4,5
4,3933,2034,2030,4,5
4,3934,2034,2030,4,5
4,3935,2034,2030,4,5
4,3936,2034,2030,4,5
4,3937,2034,2030,4,5
4,3938,2034,2030,4,5
4,3939,2034,2030,4,5
4,3940,2034,2030,4,5
4,3941,2034,2030,4,5
4,3942,2034,2030,4,5
4,3943,2034,2030,4,5
4,3944,2034,2030,4,5
4,3945,2034,2030,4,5
4,3946,2034,2030,4,5
4,3947,2034,2030,4,5
4,3948,2034,2030,4,5
4,3949,2034,2030,4,5
4,3950,2034,2030,4,5
4,3951,2034,2030,4,5
4,3952,2034,2030,4,5
4,3953,2034,2030,4,5
4,3954,2034,2030,4,5
4,3955,2034,2030,4,5
4,3956,2034,2030,4,5
4,3957,2034,2030,4,5
4,3958,2034,2030,4,5
4,3959,2034,2030,4,5
4,3960,2034,2030,4,5
4,3961,2034,2030,4,5
4,3962,2034,2030,4,5
4,3963,2034,2030,4,5
4,3964,2034,2030,4,5
4,3965,2034,2030,4,5
4,3966,2034,2030,4,5
4,3967,2034,2030,4,5
4,3968,2034,2030,4,5
4,3969,2034,2030,4,5
4,3970,2034,2030,4,5
4,3971,2034,2030,4,5
4,3972,2034,2030,4,5
4,3973,2034,2030,4,5
4,3974,2034,2030,4,5
4,3975,2034,2030,4,5
4,3976,2034,2030,4,5
4,3977,2034,2030,4,5
4,3978,2034,2030,4,5
4,3979,2034,2030,4,5
4,3980,2034,2030,4,5
4,3981,2034,2030,4,5
4,3982,2034,2030,4,5
4,3983,2034,2030,4,5
4,3984,2034,2030,4,5
4,3985,2034,2030,4,5
4,3986,2034,2030,4,5
4,3987,2034,2030,4,5
4,3988,2034,2030,4,5
4,3989,2034,2030,4,5
4,3990,2034,2030,4,5
4,3991,2034,2030,4,5
4,3992,2034,2030,4,5
4,3993,2034,2030,4,5
4,3994,2034,2030,4,5
4,3995,2034,2030,4,5
4,3996,2034,2030,4,5
4,3997,2034,2030,4,5
4,3998,2034,2030,4,5
4,3999,2034,2030,4,5
4,4000,2034,2030,4,5
4,4001,2034,2030,4,5
4,4002,2034,2030,4,5
4,4003,2034,2030,4,5
4,4004,2034,2030,4,5
4,4005,2034,2030,4,5
4,4006,2034,2030,4,5
4,4007,2034,2030,4,5
4,4008,2034,2030,4,5
4,4009,2034,2030,4,5
4,4010,2034,2030,4,5
4,4011,2034,2030,4,5
4,4012,2034,2030,4,5
4,4013,2034,2030,4,5
4,4014,2034,2030,4,5
4,4015,2034,2030,4,5
4,4016,2034,2030,4,5
4,4017,2034,2030,4,5
4,4018,2034,2030,4,5
4,4019,2034,2030,4,5
4,4020,2034,2030,4,5
4,4021,2034,2030,4,5
4,4022,2034,2030,4,5
4,4023,2034,2030,4,5
4,4024,2034,2030,4,5
4,4025,2034,2030,4,5
4,4026,2034,2030,4,5
4,4027,2034,2030,4,5
4,4028,2034,2029,5,5
4,4029,2034,2030,4,5
4,4030,2034,2030,4,5
4,4031,2034,2030,4,5
4,4032,2034,2030,4,5
4,4033,2034,2030,4,5
4,4034,2034,2030,4,5
4,4035,2034,2030,4,5
4,4036,2034,2030,4,5
4,4037,2034,2030,4,5
4,4038,2034,2030,4,5
4,4039,2034,2030,4,5
4,4040,2034,2030,4,5
4,4041,2034,2030,4,5
4,4042,2034,2030,4,5
4,4043,2034,2030,4,5
4,4044,2034,2030,4,5
4,4045,2034,2030,4,5
4,4046,2034,2030,4,5
4,4047,2034,2030,4,5
4,4048,2034,2030,4,5
4,4049,2034,2030,4,5
4,4050,2034,2030,4,5
4,4051,2034,2030,4,5
4,4052,2034,2030,4,5
4,4053,2034,2030,4,5
4,4054,2034,2030,4,5
4,4055,2034,2030,4,5
4,4056,2034,2030,4,5
4,4057,2034,2030,4,5
4,4058,2034,2030,4,5
4,4059,2034,2030,4,5
4,4060,2034,2030,4,5
4,4061,2034,2030,4,5
4,4062,2034,2030,4,5
4,4063,2034,2030,4,5
4,4064,2034,2030,4,5
4,4065,2034,2029,5,5
4,4066,2034,2030,4,5
4,4067,2034,2030,4,5
4,4068,2034,2030,4,5
4,4069,2034,2030,4,5
4,4070,2034,2030,4,5
4,4071,2034,2029,5,5
4,4072,2034,2030,4,5
4,4073,2034,2030,4,5
4,4074,2034,2030,4,5
4,4075,2034,2030,4,5
4,4076,2034,2030,4,5
4,4077,2034,2030,4,5
4,4078,2034,2030,4,5
4,4079,2034,2030,4,5
4,4080,2034,2030,4,5
4,4081,2034,2030,4,5
4,4082,2034,2030,4,5
4,4083,2034,2030,4,5
4,4084,2034,2030,4,5
4,4085,2034,2030,4,5
4,4086,2034,2030,4,5
4,4087,2034,2030,4,5
4,4088,2034,2030,4,5
4,4089,2034,2030,4,5
4,4090,2034,2030,4,5
4,4091,2034,2030,4,5
4,4092,2034,2030,4,5
4,4093,2034,2030,4,5
4,4094,2034,2030,4,5
4,4095,2034,2030,4,5
4,4096,2034,2030,4,5
4,4097,2034,2030,4,5
4,4098,2034,2030,4,5
4,4099,2034,2030,4,5
4,4100,2034,2030,4,5
4,4101,2034,2030,4,5
4,4102,2034,2030,4,5
4,4103,2034,2030,4,5
4,4104,2034,2030,4,5
4,4105,2034,2030,4,5
4,4106,2034,2030,4,5
4,4107,2034,2030,4,5
4,4108,2034,2030,4,5
4,4109,2034,2030,4,5
4,4110,2034,2030,4,5
4,4111,2034,2030,4,5
4,4112,2034,2030,4,5
4,4113,2034,2030,4,5
4,4114,2034,2030,4,5
4,4115,2034,2030,4,5
4,4116,2034,2030,4,5
4,4117,2034,2030,4,5
4,4118,2034,2029,5,5
4,4119,2034,2030,4,5
4,4120,2034,2030,4,5
4,4121,2034,2030,4,5
4,4122,2034,2030,4,5
4,4123,2034,2030,4,5
4,4124,2034,2029,5,5
4,4125,2034,2030,4,5
4,4126,2034,2030,4,5
4,4127,2034,2030,4,5
4,4128,2034,2030,4,5
4,4129,2034,2030,4,5
4,4130,2034,2029,5,5
4,4131,2034,2030,4,5
4,4132,2034,2030,4,5
4,4133,2034,2030,4,5
4,4134,2034,2030,4,5
4,4135,2034,2030,4,5
4,4136,2034,2030,4,5
4,4137,2034,2030,4,5
4,4138,2034,2030,4,5
4,4139,2034,2030,4,5
4,4140,2034,2030,4,5
4,4141,2034,2030,4,5
4,4142,2034,2030,4,5
4,4143,2034,2030,4,5
4,4144,2034,2030,4,5
4,4145,2034,2030,4,5
4,4146,2034,2030,4,5
4,4147,2034,2030,4,5
4,4148,2034,2029,5,5
4,4149,2034,2030,4,5
4,4150,2034,2030,4,5
4,4151,2034,2030,4,5
4,4152,2034,2030,4,5
4,4153,2034,2030,4,5
4,4154,2034,2030,4,5
4,4155,2034,2030,4,5
4,4156,2034,2030,4,5
4,4157,2034,2030,4,5
4,4158,2034,2030,4,5
4,4159,2034,2030,4,5
4,4160,2034,2029,5,5
4,4161,2034,2030,4,5
4,4162,2034,2030,4,5
4,4163,2034,2030,4,5
4,4164,2034,2030,4,5
4,4165,2034,2029,5,5
4,4166,2034,2030,4,5
4,4167,2034,2030,4,5
4,4168,2034,2030,4,5
4,4169,2034,2030,4,5
4,4170,2034,2030,4,5
4,4171,2034,2030,4,5
4,4172,2034,2030,4,5
4,4173,2034,2030,4,5
4,4174,2034,2030,4,5
4,4175,2034,2030,4,5
4,4176,2034,2030,4,5
4,4177,2034,2030,4,5
4,4178,2034,2030,4,5
4,4179,2034,2030,4,5
4,4180,2034,2030,4,5
4,4181,2034,2030,4,5
4,4182,2034,2030,4,5
4,4183,2034,2030,4,5
4,4184,2034,2030,4,5
4,4185,2034,2030,4,5
4,4186,2034,2030,4,5
4,4187,2034,2030,4,5
4,4188,2034,2030,4,5
4,4189,2034,2030,4,5
4,4190,2034,2030,4,5
4,4191,2034,2030,4,5
4,4192,2034,2030,4,5
4,4193,2034,2030,4,5
4,4194,2034,2030,4,5
4,4195,2034,2030,4,5
4,4196,2034,2030,4,5
4,4197,2034,2030,4,5
4,4198,2034,2030,4,5
4,4199,2034,2030,4,5
4,4200,2034,2030,4,5
4,4201,2034,2029,5,5
4,4202,2034,2030,4,5
4,4203,2034,2030,4,5
4,4204,2034,2030,4,5
4,4205,2034,2030,4,5
4,4206,2034,2030,4,5
4,4207,2034,2030,4,5
4,4208,2034,2030,4,5
4,4209,2034,2030,4,5
4,4210,2034,2030,4,5
4,4211,2034,2030,4,5
4,4212,2034,2030,4,5
4,4213,2034,2030,4,5
4,4214,2034,2030,4,5
4,4215,2034,2030,4,5
4,4216,2034,2030,4,5
4,4217,2034,2030,4,5
4,4218,2034,2030,4,5
4,4219,2034,2030,4,5
4,4220,2034,2030,4,5
4,4221,2034,2030,4,5
4,4222,2034,2030,4,5
4,4223,2034,2029,5,5
4,4224,2034,2030,4,5
4,4225,2034,2030,4,5
4,4226,2034,2030,4,5
4,4227,2034,2030,4,5
4,4228,2034,2030,4,5
4,4229,2034,2030,4,5
4,4230,2034,2030,4,5
4,4231,2034,2030,4,5
4,4232,2034,2030,4,5
4,4233,2034,2030,4,5
4,4234,2034,2030,4,5
4,4235,2034,2030,4,5
4,4236,2034,2030,4,5
4,4237,2034,2030,4,5
4,4238,2034,2030,4,5
4,4239,2034,2030,4,5
4,4240,2034,2030,4,5
4,4241,2034,2030,4,5
4,4242,2034,2030,4,5
4,4243,2034,2030,4,5
4,4244,2034,2030,4,5
4,4245,2034,2030,4,5
4,4246,2034,2030,4,5
4,4247,2034,2030,4,5
4,4248,2034,2030,4,5
4,4249,2034,2030,4,5
4,4250,2034,2030,4,5
4,4251,2034,2030,4,5
4,4252,2034,2030,4,5
4,4253,2034,2030,4,5
4,4254,2034,2030,4,5
4,4255,2034,2030,4,5
4,4256,2034,2030,4,5
4,4257,2034,2030,4,5
4,4258,2034,2030,4,5
4,4259,2034,2030,4,5
4,4260,2034,2030,4,5
4,4261,2034,2030,4,5
4,4262,2034,2030,4,5
4,4263,2034,2030,4,5
4,4264,2034,2030,4,5
4,4265,2034,2030,4,5
4,4266,2034,2030,4,5
4,4267,2034,2030,4,5
4,4268,2034,2030,4,5
4,4269,2034,2030,4,5
4,4270,2034,2030,4,5
4,4271,2034,2030,4,5
4,4272,2034,2030,4,5
4,4273,2034,2029,5,5
4,4274,2034,2030,4,5
4,4275,2034,2030,4,5
4,4276,2034,2030,4,5
4,4277,2034,2029,5,5
4,4278,2034,2030,4,5
4,4279,2034,2030,4,5
4,4280,2034,2030,4,5
4,4281,2034,2030,4,5
4,4282,2034,2030,4,5
4,4283,2034,2030,4,5
4,4284,2034,2030,4,5
4,4285,2034,2030,4,5
4,4286,2034,2030,4,5
4,4287,2034,2030,4,5
4,4288,2034,2030,4,5
4,4289,2034,2030,4,5
4,4290,2034,2030,4,5
4,4291,2034,2030,4,5
4,4292,2034,2030,4,5
4,4293,2034,2030,4,5
4,4294,2034,2030,4,5
4,4295,2034,2030,4,5
4,4296,2034,2030,4,5
4,4297,2034,2030,4,5
4,4298,2034,2030,4,5
4,4299,2034,2030,4,5
4,4300,2034,2030,4,5
4,4301,2034,2030,4,5
4,4302,2034,2030,4,5
4,4303,2034,2030,4,5
4,4304,2034,2030,4,5
4,4305,2034,2030,4,5
4,4306,2034,2030,4,5
4,4307,2034,2030,4,5
4,4308,2034,2029,5,5
4,4309,2034,2029,5,5
4,4310,2034,2030,4,5
4,4311,2034,2030,4,5
4,4312,2034,2030,4,5
4,4313,2034,2030,4,5
4,4314,2034,2030,4,5
4,4315,2034,2030,4,5
4,4316,2034,2030,4,5
4,4317,2034,2030,4,5
4,4318,2034,2030,4,5
4,4319,2034,2030,4,5
4,4320,2034,2030,4,5
4,4321,2034,2030,4,5
4,4322,2034,2030,4,5
4,4323,2034,2030,4,5
4,4324,2034,2030,4,5
4,4325,2034,2030,4,5
4,4326,2034,2030,4,5
4,4327,2034,2030,4,5
4,4328,2034,2029,5,5
4,4329,2034,2030,4,5
4,4330,2034,2030,4,5
4,4331,2034,2030,4,5
4,4332,2034,2030,4,5
4,4333,2034,2030,4,5
4,4334,2034,2030,4,5
4,4335,2034,2030,4,5
4,4336,2034,2030,4,5
4,4337,2034,2030,4,5
4,4338,2034,2030,4,5
4,4339,2034,2030,4,5
4,4340,2034,2030,4,5
4,4341,2034,2030,4,5
4,4342,2034,2030,4,5
4,4343,2034,2030,4,5
4,4344,2034,2030,4,5
4,4345,2034,2030,4,5
4,4346,2034,2030,4,5
4,4347,2034,2030,4,5
4,4348,2034,2030,4,5
4,4349,2034,2030,4,5
4,4350,2034,2030,4,5
4,4351,2034,2030,4,5
4,4352,2034,2030,4,5
4,4353,2034,2030,4,5
4,4354,2034,2030,4,5
4,4355,2034,2030,4,5
4,4356,2034,2030,4,5
4,4357,2034,2030,4,5
4,4358,2034,2030,4,5
4,4359,2034,2030,4,5
4,4360,2034,2030,4,5
4,4361,2034,2030,4,5
4,4362,2034,2030,4,5
4,4363,2034,2030,4,5
4,4364,2034,2030,4,5
4,4365,2034,2030,4,5
4,4366,2034,2030,4,5
4,4367,2034,2030,4,5
4,4368,2034,2030,4,5
4,4369,2034,2030,4,5
4,4370,2034,2030,4,5
4,4371,2034,2030,4,5
4,4372,2034,2030,4,5
4,4373,2034,2030,4,5
4,4374,2034,2030,4,5
4,4375,2034,2030,4,5
4,4376,2034,2030,4,5
4,4377,2034,2030,4,5
4,4378,2034,2030,4,5
4,4379,2034,2030,4,5
4,4380,2034,2030,4,5
4,4381,2034,2030,4,5
4,4382,2034,2030,4,5
4,4383,2034,2030,4,5
4,4384,2034,2030,4,5
4,4385,2034,2030,4,5
4,4386,2034,2030,4,5
4,4387,2034,2030,4,5
4,4388,2034,2030,4,5
4,4389,2034,2030,4,5
4,4390,2034,2030,4,5
4,4391,2034,2030,4,5
4,4392,2034,2030,4,5
4,4393,2034,2030,4,5
4,4394,2034,2030,4,5
4,4395,2034,2030,4,5
4,4396,2034,2030,4,5
4,4397,2034,2030,4,5
4,4398,2034,2030,4,5
4,4399,2034,2030,4,5
4,4400,2034,2030,4,5
4,4401,2034,2030,4,5
4,4402,2034,2030,4,5
4,4403,2034,2030,4,5
4,4404,2034,2030,4,5
4,4405,2034,2030,4,5
4,4406,2034,2030,4,5
4,4407,2034,2030,4,5
4,4408,2034,2030,4,5
4,4409,2034,2030,4,5
4,4410,2034,2030,4,5
4,4411,2034,2030,4,5
4,4412,2034,2030,4,5
4,4413,2034,2030,4,5
4,4414,2034,2030,4,5
4,4415,2034,2030,4,5
4,4416,2034,2030,4,5
4,4417,2034,2030,4,5
4,4418,2034,2029,5,5
4,4419,2034,2030,4,5
4,4420,2034,2030,4,5
4,4421,2034,2030,4,5
4,4422,2034,2030,4,5
4,4423,2034,2030,4,5
4,4424,2034,2030,4,5
4,4425,2034,2029,5,5
4,4426,2034,2030,4,5
4,4427,2034,2030,4,5
4,4428,2034,2030,4,5
4,4429,2034,2030,4,5
4,4430,2034,2030,4,5
4,4431,2034,2030,4,5
4,4432,2034,2030,4,5
4,4433,2034,2030,4,5
4,4434,2034,2030,4,5
4,4435,2034,2030,4,5
4,4436,2034,2030,4,5
4,4437,2034,2030,4,5
4,4438,2034,2030,4,5
4,4439,2034,2030,4,5
4,4440,2034,2030,4,5
4,4441,2034,2030,4,5
4,4442,2034,2030,4,5
4,4443,2034,2030,4,5
4,4444,2034,2030,4,5
4,4445,2034,2030,4,5
4,4446,2034,2030,4,5
4,4447,2034,2030,4,5
4,4448,2034,2030,4,5
4,4449,2034,2030,4,5
4,4450,2034,2030,4,5
4,4451,2034,2030,4,5
4,4452,2034,2030,4,5
4,4453,2034,2030,4,5
4,4454,2034,2030,4,5
4,4455,2034,2030,4,5
4,4456,2034,2030,4,5
4,4457,2034,2030,4,5
4,4458,2034,2030,4,5
4,4459,2034,2030,4,5
4,4460,2034,2030,4,5
4,4461,2034,2030,4,5
4,4462,2034,2030,4,5
4,4463,2034,2030,4,5
4,4464,2034,2030,4,5
4,4465,2034,2030,4,5
4,4466,2034,2030,4,5
4,4467,2034,2030,4,5
4,4468,2034,2030,4,5
4,4469,2034,2030,4,5
4,4470,2034,2030,4,5
4,4471,2034,2030,4,5
4,4472,2034,2030,4,5
4,4473,2034,2030,4,5
4,4474,2034,2030,4,5
4,4475,2034,2030,4,5
4,4476,2034,2030,4,5
4,4477,2034,2030,4,5
4,4478,2034,2030,4,5
4,4479,2034,2030,4,5
4,4480,2034,2030,4,5
4,4481,2034,2030,4,5
4,4482,2034,2030,4,5
4,4483,2034,2030,4,5
4,4484,2034,2030,4,5
4,4485,2034,2030,4,5
4,4486,2034,2029,5,5
4,4487,2034,2030,4,5
4,4488,2034,2030,4,5
4,4489,2034,2030,4,5
4,4490,2034,2030,4,5
4,4491,2034,2030,4,5
4,4492,2034,2030,4,5
4,4493,2034,2030,4,5
4,4494,2034,2030,4,5
4,4495,2034,2030,4,5
4,4496,2034,2030,4,5
4,4497,2034,2030,4,5
4,4498,2034,2030,4,5
4,4499,2034,2030,4,5
4,4500,2034,2030,4,5
4,4501,2034,2030,4,5
4,4502,2034,2030,4,5
4,4503,2034,2030,4,5
4,4504,2034,2030,4,5
4,4505,2034,2030,4,5
4,4506,2034,2030,4,5
4,4507,2034,2030,4,5
4,4508,2034,2030,4,5
4,4509,2034,2030,4,5
4,4510,2034,2030,4,5
4,4511,2034,2030,4,5
4,4512,2034,2030,4,5
4,4513,2034,2030,4,5
4,4514,2034,2030,4,5
4,4515,2034,2030,4,5
4,4516,2034,2030,4,5
4,4517,2034,2030,4,5
4,4518,2034,2030,4,5
4,4519,2034,2030,4,5
4,4520,2034,2030,4,5
4,4521,2034,2030,4,5
4,4522,2034,2030,4,5
4,4523,2034,2030,4,5
4,4524,2034,2030,4,5
4,4525,2034,2030,4,5
4,4526,2034,2030,4,5
4,4527,2034,2030,4,5
4,4528,2034,2029,5,5
4,4529,2034,2030,4,5
4,4530,2034,2030,4,5
4,4531,2034,2030,4,5
4,4532,2034,2030,4,5
4,4533,2034,2030,4,5
4,4534,2034,2030,4,5
4,4535,2034,2030,4,5
4,4536,2034,2030,4,5
4,4537,2034,2030,4,5
4,4538,2034,2030,4,5
4,4539,2034,2030,4,5
4,4540,2034,2030,4,5
4,4541,2034,2029,5,5
4,4542,2034,2030,4,5
4,4543,2034,2030,4,5
4,4544,2034,2030,4,5
4,4545,2034,2030,4,5
4,4546,2034,2030,4,5
4,4547,2034,2030,4,5
4,4548,2034,2030,4,5
4,4549,2034,2030,4,5
4,4550,2034,2030,4,5
4,4551,2034,2030,4,5
4,4552,2034,2030,4,5
4,4553,2034,2030,4,5
4,4554,2034,2030,4,5
4,4555,2034,2030,4,5
4,4556,2034,2030,4,5
4,4557,2034,2030,4,5
4,4558,2034,2030,4,5
4,4559,2034,2030,4,5
4,4560,2034,2030,4,5
4,4561,2034,2029,5,5
4,4562,2034,2030,4,5
4,4563,2034,2030,4,5
4,4564,2034,2030,4,5
4,4565,2034,2030,4,5
4,4566,2034,2030,4,5
4,4567,2034,2030,4,5
4,4568,2034,2030,4,5
4,4569,2034,2030,4,5
4,4570,2034,2030,4,5
4,4571,2034,2030,4,5
4,4572,2034,2030,4,5
4,4573,2034,2030,4,5
4,4574,2034,2030,4,5
4,4575,2034,2030,4,5
4,4576,2034,2030,4,5
4,4577,2034,2030,4,5
4,4578,2034,2030,4,5
4,4579,2034,2030,4,5
4,4580,2034,2030,4,5
4,4581,2034,2030,4,5
4,4582,2034,2030,4,5
4,4583,2034,2030,4,5
4,4584,2034,2030,4,5
4,4585,2034,2030,4,5
4,4586,2034,2030,4,5
4,4587,2034,2030,4,5
4,4588,2034,2030,4,5
4,4589,2034,2030,4,5
4,4590,2034,2030,4,5
4,4591,2034,2030,4,5
4,4592,2034,2029,5,5
4,4593,2034,2030,4,5
4,4594,2034,2030,4,5
4,4595,2034,2030,4,5
4,4596,2034,2030,4,5
4,4597,2034,2030,4,5
4,4598,2034,2030,4,5
4,4599,2034,2030,4,5
4,4600,2034,2030,4,5
4,4601,2034,2029,5,5
4,4602,2034,2030,4,5
4,4603,2034,2030,4,5
4,4604,2034,2030,4,5
4,4605,2034,2030,4,5
4,4606,2034,2030,4,5
4,4607,2034,2030,4,5
4,4608,2034,2030,4,5
4,4609,2034,2030,4,5
4,4610,2034,2030,4,5
4,4611,2034,2030,4,5
4,4612,2034,2030,4,5
4,4613,2034,2030,4,5
4,4614,2034,2030,4,5
4,4615,2034,2030,4,5
4,4616,2034,2030,4,5
4,4617,2034,2030,4,5
4,4618,2034,2030,4,5
4,4619,2034,2030,4,5
4,4620,2034,2030,4,5
4,4621,2034,2030,4,5
4,4622,2034,2030,4,5
4,4623,2034,2030,4,5
4,4624,2034,2030,4,5
4,4625,2034,2029,5,5
4,4626,2034,2030,4,5
4,4627,2034,2030,4,5
4,4628,2034,2030,4,5
4,4629,2034,2030,4,5
4,4630,2034,2030,4,5
4,4631,2034,2030,4,5
4,4632,2034,2030,4,5
4,4633,2034,2029,5,5
4,4634,2034,2030,4,5
4,4635,2034,2030,4,5
4,4636,2034,2030,4,5
4,4637,2034,2030,4,5
4,4638,2034,2030,4,5
4,4639,2034,2030,4,5
4,4640,2034,2030,4,5
4,4641,2034,2030,4,5
4,4642,2034,2030,4,5
4,4643,2034,2030,4,5
4,4644,2034,2030,4,5
4,4645,2034,2030,4,5
4,4646,2034,2030,4,5
4,4647,2034,2030,4,5
4,4648,2034,2029,5,5
4,4649,2034,2030,4,5
4,4650,2034,2030,4,5
4,4651,2034,2030,4,5
4,4652,2034,2030,4,5
4,4653,2034,2030,4,5
4,4654,2034,2030,4,5
4,4655,2034,2030,4,5
4,4656,2034,2030,4,5
4,4657,2034,2030,4,5
4,4658,2034,2030,4,5
4,4659,2034,2030,4,5
4,4660,2034,2030,4,5
4,4661,2034,2030,4,5
4,4662,2034,2030,4,5
4,4663,2034,2030,4,5
4,4664,2034,2030,4,5
4,4665,2034,2030,4,5
4,4666,2034,2030,4,5
4,4667,2034,2030,4,5
4,4668,2034,2030,4,5
4,4669,2034,2030,4,5
4,4670,2034,2030,4,5
4,4671,2034,2030,4,5
4,4672,2034,2030,4,5
4,4673,2034,2030,4,5
4,4674,2034,2030,4,5
4,4675,2034,2030,4,5
4,4676,2034,2030,4,5
4,4677,2034,2030,4,5
4,4678,2034,2030,4,5
4,4679,2034,2030,4,5
4,4680,2034,2030,4,5
4,4681,2034,2030,4,5
4,4682,2034,2030,4,5
4,4683,2034,2030,4,5
4,4684,2034,2030,4,5
4,4685,2034,2030,4,5
4,4686,2034,2030,4,5
4,4687,2034,2030,4,5
4,4688,2034,2030,4,5
4,4689,2034,2030,4,5
4,4690,2034,2030,4,5
4,4691,2034,2030,4,5
4,4692,2034,2030,4,5
4,4693,2034,2030,4,5
4,4694,2034,2030,4,5
4,4695,2034,2030,4,5
4,4696,2034,2030,4,5
4,4697,2034,2030,4,5
4,4698,2034,2030,4,5
4,4699,2034,2030,4,5
4,4700,2034,2030,4,5
4,4701,2034,2030,4,5
4,4702,2034,2030,4,5
4,4703,2034,2030,4,5
4,4704,2034,2030,4,5
4,4705,2034,2030,4,5
4,4706,2034,2030,4,5
4,4707,2034,2030,4,5
4,4708,2034,2030,4,5
4,4709,2034,2030,4,5
4,4710,2034,2030,4,5
4,4711,2034,2030,4,5
4,4712,2034,2030,4,5
4,4713,2034,2030,4,5
4,4714,2034,2030,4,5
4,4715,2034,2030,4,5
4,4716,2034,2030,4,5
4,4717,2034,2030,4,5
4,4718,2034,2030,4,5
4,4719,2034,2030,4,5
4,4720,2034,2030,4,5
4,4721,2034,2030,4,5
4,4722,2034,2030,4,5
4,4723,2034,2030,4,5
4,4724,2034,2030,4,5
4,4725,2034,2030,4,5
4,4726,2034,2030,4,5
4,4727,2034,2030,4,5
4,4728,2034,2030,4,5
4,4729,2034,2030,4,5
4,4730,2034,2030,4,5
4,4731,2034,2030,4,5
4,4732,2034,2030,4,5
4,4733,2034,2030,4,5
4,4734,2034,2030,4,5
4,4735,2034,2030,4,5
4,4736,2034,2030,4,5
4,4737,2034,2030,4,5
4,4738,2034,2030,4,5
4,4739,2034,2029,5,5
4,4740,2034,2030,4,5
4,4741,2034,2030,4,5
4,4742,2034,2030,4,5
4,4743,2034,2030,4,5
4,4744,2034,2030,4,5
4,4745,2034,2030,4,5
4,4746,2034,2030,4,5
4,4747,2034,2030,4,5
4,4748,2034,2030,4,5
4,4749,2034,2030,4,5
4,4750,2034,2030,4,5
4,4751,2034,2030,4,5
4,4752,2034,2030,4,5
4,4753,2034,2030,4,5
4,4754,2034,2030,4,5
4,4755,2034,2030,4,5
4,4756,2034,2030,4,5
4,4757,2034,2030,4,5
4,4758,2034,2030,4,5
4,4759,2034,2030,4,5
4,4760,2034,2030,4,5
4,4761,2034,2030,4,5
4,4762,2034,2030,4,5
4,4763,2034,2030,4,5
4,4764,2034,2030,4,5
4,4765,2034,2029,5,5
4,4766,2034,2030,4,5
4,4767,2034,2030,4,5
4,4768,2034,2030,4,5
4,4769,2034,2030,4,5
4,4770,2034,2030,4,5
4,4771,2034,2030,4,5
4,4772,2034,2030,4,5
4,4773,2034,2030,4,5
4,4774,2034,2030,4,5
4,4775,2034,2030,4,5
4,4776,2034,2030,4,5
4,4777,2034,2030,4,5
4,4778,2034,2030,4,5
4,4779,2034,2030,4,5
4,4780,2034,2030,4,5
4,4781,2034,2030,4,5
4,4782,2034,2030,4,5
4,4783,2034,2030,4,5
4,4784,2034,2030,4,5
4,4785,2034,2030,4,5
4,4786,2034,2030,4,5
4,4787,2034,2030,4,5
4,4788,2034,2030,4,5
4,4789,2034,2030,4,5
4,4790,2034,2030,4,5
4,4791,2034,2030,4,5
4,4792,2034,2030,4,5
4,4793,2034,2030,4,5
4,4794,2034,2030,4,5
4,4795,2034,2030,4,5
4,4796,2034,2030,4,5
4,4797,2034,2030,4,5
4,4798,2034,2030,4,5
4,4799,2034,2030,4,5
4,4800,2034,2030,4,5
4,4801,2034,2030,4,5
4,4802,2034,2030,4,5
4,4803,2034,2030,4,5
4,4804,2034,2030,4,5
4,4805,2034,2029,5,5
4,4806,2034,2030,4,5
4,4807,2034,2030,4,5
4,4808,2034,2030,4,5
4,4809,2034,2030,4,5
4,4810,2034,2030,4,5
4,4811,2034,2030,4,5
4,4812,2034,2030,4,5
4,4813,2034,2030,4,5
4,4814,2034,2030,4,5
4,4815,2034,2030,4,5
4,4816,2034,2030,4,5
4,4817,2034,2030,4,5
4,4818,2034,2030,4,5
4,4819,2034,2030,4,5
4,4820,2034,2030,4,5
4,4821,2034,2030,4,5
4,4822,2034,2030,4,5
4,4823,2034,2030,4,5
4,4824,2034,2030,4,5
4,4825,2034,2030,4,5
4,4826,2034,2030,4,5
4,4827,2034,2030,4,5
4,4828,2034,2030,4,5
4,4829,2034,2029,5,5
4,4830,2034,2030,4,5
4,4831,2034,2030,4,5
4,4832,2034,2030,4,5
4,4833,2034,2030,4,5
4,4834,2034,2030,4,5
4,4835,2034,2030,4,5
4,4836,2034,2030,4,5
4,4837,2034,2030,4,5
4,4838,2034,2030,4,5
4,4839,2034,2030,4,5
4,4840,2034,2030,4,5
4,4841,2034,2030,4,5
4,4842,2034,2030,4,5
4,4843,2034,2030,4,5
4,4844,2034,2030,4,5
4,4845,2034,2030,4,5
4,4846,2034,2030,4,5
4,4847,2034,2030,4,5
4,4848,2034,2030,4,5
4,4849,2034,2030,4,5
4,4850,2034,2030,4,5
4,4851,2034,2030,4,5
4,4852,2034,2030,4,5
4,4853,2034,2030,4,5
4,4854,2034,2030,4,5
4,4855,2034,2030,4,5
4,4856,2034,2030,4,5
4,4857,2034,2030,4,5
4,4858,2034,2030,4,5
4,4859,2034,2030,4,5
4,4860,2034,2030,4,5
4,4861,2034,2030,4,5
4,4862,2034,2030,4,5
4,4863,2034,2030,4,5
4,4864,2034,2029,5,5
4,4865,2034,2030,4,5
4,4866,2034,2030,4,5
4,4867,2034,2030,4,5
4,4868,2034,2030,4,5
4,4869,2034,2030,4,5
4,4870,2034,2030,4,5
4,4871,2034,2030,4,5
4,4872,2034,2030,4,5
4,4873,2034,2030,4,5
4,4874,2034,2030,4,5
4,4875,2034,2030,4,5
4,4876,2034,2030,4,5
4,4877,2034,2030,4,5
4,4878,2034,2030,4,5
4,4879,2034,2030,4,5
4,4880,2034,2030,4,5
4,4881,2034,2030,4,5
4,4882,2034,2030,4,5
4,4883,2034,2030,4,5
4,4884,2034,2030,4,5
4,4885,2034,2030,4,5
4,4886,2034,2030,4,5
4,4887,2034,2030,4,5
4,4888,2034,2030,4,5
4,4889,2034,2030,4,5
4,4890,2034,2030,4,5
4,4891,2034,2030,4,5
4,4892,2034,2029,5,5
4,4893,2034,2030,4,5
4,4894,2034,2030,4,5
4,4895,2034,2030,4,5
4,4896,2034,2030,4,5
4,4897,2034,2030,4,5
4,4898,2034,2030,4,5
4,4899,2034,2030,4,5
4,4900,2034,2030,4,5
4,4901,2034,2030,4,5
4,4902,2034,2030,4,5
4,4903,2034,2030,4,5
4,4904,2034,2030,4,5
4,4905,2034,2030,4,5
4,4906,2034,2030,4,5
4,4907,2034,2030,4,5
4,4908,2034,2030,4,5
4,4909,2034,2030,4,5
4,4910,2034,2029,5,5
4,4911,2034,2030,4,5
4,4912,2034,2030,4,5
4,4913,2034,2029,5,5
4,4914,2034,2030,4,5
4,4915,2034,2030,4,5
4,4916,2034,2030,4,5
4,4917,2034,2030,4,5
4,4918,2034,2030,4,5
4,4919,2034,2030,4,5
4,4920,2034,2030,4,5
4,4921,2034,2030,4,5
4,4922,2034,2030,4,5
4,4923,2034,2030,4,5
4,4924,2034,2030,4,5
4,4925,2034,2030,4,5
4,4926,2034,2030,4,5
4,4927,2034,2030,4,5
4,4928,2034,2030,4,5
4,4929,2034,2030,4,5
4,4930,2034,2030,4,5
4,4931,2034,2030,4,5
4,4932,2034,2030,4,5
4,4933,2034,2030,4,5
4,4934,2034,2030,4,5
4,4935,2034,2030,4,5
4,4936,2034,2030,4,5
4,4937,2034,2030,4,5
4,4938,2034,2030,4,5
4,4939,2034,2030,4,5
4,4940,2034,2030,4,5
4,4941,2034,2030,4,5
4,4942,2034,2030,4,5
4,4943,2034,2030,4,5
4,4944,2034,2029,5,5
4,4945,2034,2030,4,5
4,4946,2034,2030,4,5
4,4947,2034,2030,4,5
4,4948,2034,2030,4,5
4,4949,2034,2030,4,5
4,4950,2034,2030,4,5
4,4951,2034,2030,4,5
4,4952,2034,2030,4,5
4,4953,2034,2030,4,5
4,4954,2034,2030,4,5
4,4955,2034,2030,4,5
4,4956,2034,2030,4,5
4,4957,2034,2030,4,5
4,4958,2034,2030,4,5
4,4959,2034,2030,4,5
4,4960,2034,2030,4,5
4,4961,2034,2030,4,5
4,4962,2034,2030,4,5
4,4963,2034,2030,4,5
4,4964,2034,2030,4,5
4,4965,2034,2030,4,5
4,4966,2034,2030,4,5
4,4967,2034,2030,4,5
4,4968,2034,2030,4,5
4,4969,2034,2030,4,5
4,4970,2034,2030,4,5
4,4971,2034,2030,4,5
4,4972,2034,2030,4,5
4,4973,2034,2030,4,5
4,4974,2034,2030,4,5
4,4975,2034,2030,4,5
4,4976,2034,2030,4,5
4,4977,2034,2030,4,5
4,4978,2034,2030,4,5
4,4979,2034,2030,4,5
4,4980,2034,2030,4,5
4,4981,2034,2030,4,5
4,4982,2034,2030,4,5
4,4983,2034,2030,4,5
4,4984,2034,2030,4,5
4,4985,2034,2030,4,5
4,4986,2034,2030,4,5
4,4987,2034,2030,4,5
4,4988,2034,2030,4,5
4,4989,2034,2030,4,5
4,4990,2034,2030,4,5
4,4991,2034,2030,4,5
4,4992,2034,2030,4,5
4,4993,2034,2030,4,5
4,4994,2034,2030,4,5
4,4995,2034,2030,4,5
4,4996,2034,2030,4,5
4,4997,2034,2030,4,5
4,4998,2034,2030,4,5
4,4999,2034,2030,4,5
4,5000,2034,2030,4,5
4,5001,2034,2030,4,5
4,5002,2034,2030,4,5
4,5003,2034,2030,4,5
4,5004,2034,2030,4,5
4,5005,2034,2030,4,5
4,5006,2034,2030,4,5
4,5007,2034,2030,4,5
4,5008,2034,2030,4,5
4,5009,2034,2030,4,5
4,5010,2034,2030,4,5
4,5011,2034,2030,4,5
4,5012,2034,2030,4,5
4,5013,2034,2030,4,5
4,5014,2034,2030,4,5
4,5015,2034,2030,4,5
4,5016,2034,2030,4,5
4,5017,2034,2030,4,5
4,5018,2034,2030,4,5
4,5019,2034,2030,4,5
4,5020,2034,2030,4,5
4,5021,2034,2030,4,5
4,5022,2034,2030,4,5
4,5023,2034,2030,4,5
4,5024,2034,2030,4,5
4,5025,2034,2030,4,5
4,5026,2034,2030,4,5
4,5027,2034,2030,4,5
4,5028,2034,2030,4,5
4,5029,2034,2030,4,5
4,5030,2034,2030,4,5
4,5031,2034,2030,4,5
4,5032,2034,2030,4,5
4,5033,2034,2030,4,5
4,5034,2034,2030,4,5
4,5035,2034,2030,4,5
4,5036,2034,2030,4,5
4,5037,2034,2030,4,5
4,5038,2034,2030,4,5
4,5039,2034,2030,4,5
4,5040,2034,2030,4,5
4,5041,2034,2030,4,5
4,5042,2034,2030,4,5
4,5043,2034,2030,4,5
4,5044,2034,2030,4,5
4,5045,2034,2030,4,5
4,5046,2034,2030,4,5
4,5047,2034,2030,4,5
4,5048,2034,2030,4,5
4,5049,2034,2030,4,5
4,5050,2034,2030,4,5
4,5051,2034,2030,4,5
4,5052,2034,2030,4,5
4,5053,2034,2030,4,5
4,5054,2034,2030,4,5
4,5055,2034,2030,4,5
4,5056,2034,2030,4,5
4,5057,2034,2030,4,5
4,5058,2034,2030,4,5
4,5059,2034,2030,4,5
4,5060,2034,2030,4,5
4,5061,2034,2030,4,5
4,5062,2034,2030,4,5
4,5063,2034,2030,4,5
4,5064,2034,2030,4,5
4,5065,2034,2030,4,5
4,5066,2034,2029,5,5
4,5067,2034,2030,4,5
4,5068,2034,2030,4,5
4,5069,2034,2030,4,5
4,5070,2034,2030,4,5
4,5071,2034,2030,4,5
4,5072,2034,2030,4,5
4,5073,2034,2030,4,5
4,5074,2034,2030,4,5
4,5075,2034,2030,4,5
4,5076,2034,2030,4,5
4,5077,2034,2030,4,5
4,5078,2034,2030,4,5
4,5079,2034,2030,4,5
4,5080,2034,2030,4,5
4,5081,2034,2030,4,5
4,5082,2034,2030,4,5
4,5083,2034,2030,4,5
4,5084,2034,2030,4,5
4,5085,2034,2030,4,5
4,5086,2034,2030,4,5
4,5087,2034,2030,4,5
4,5088,2034,2029,5,5
4,5089,2034,2030,4,5
4,5090,2034,2030,4,5
4,5091,2034,2030,4,5
4,5092,2034,2030,4,5
4,5093,2034,2030,4,5
4,5094,2034,2030,4,5
4,5095,2034,2030,4,5
4,5096,2034,2030,4,5
4,5097,2034,2030,4,5
4,5098,2034,2030,4,5
4,5099,2034,2030,4,5
4,5100,2034,2030,4,5
4,5101,2034,2030,4,5
4,5102,2034,2030,4,5
4,5103,2034,2030,4,5
4,5104,2034,2030,4,5
4,5105,2034,2029,5,5
4,5106,2034,2030,4,5
4,5107,2034,2030,4,5
4,5108,2034,2030,4,5
4,5109,2034,2030,4,5
4,5110,2034,2030,4,5
4,5111,2034,2030,4,5
4,5112,2034,2030,4,5
4,5113,2034,2030,4,5
4,5114,2034,2030,4,5
4,5115,2034,2030,4,5
4,5116,2034,2030,4,5
4,5117,2034,2030,4,5
4,5118,2034,2030,4,5
4,5119,2034,2029,5,5
4,5120,2034,2030,4,5
4,5121,2034,2030,4,5
4,5122,2034,2030,4,5
4,5123,2034,2030,4,5
4,5124,2034,2030,4,5
4,5125,2034,2029,5,5
4,5126,2034,2030,4,5
4,5127,2034,2030,4,5
4,5128,2034,2030,4,5
4,5129,2034,2030,4,5
4,5130,2034,2030,4,5
4,5131,2034,2030,4,5
4,5132,2034,2030,4,5
4,5133,2034,2030,4,5
4,5134,2034,2030,4,5
4,5135,2034,2030,4,5
4,5136,2034,2030,4,5
4,5137,2034,2030,4,5
4,5138,2034,2030,4,5
4,5139,2034,2030,4,5
4,5140,2034,2030,4,5
4,5141,2034,2030,4,5
4,5142,2034,2030,4,5
4,5143,2034,2030,4,5
4,5144,2034,2030,4,5
4,5145,2034,2030,4,5
4,5146,2034,2030,4,5
4,5147,2034,2030,4,5
4,5148,2034,2030,4,5
4,5149,2034,2030,4,5
4,5150,2034,2030,4,5
4,5151,2034,2030,4,5
4,5152,2034,2030,4,5
4,5153,2034,2030,4,5
4,5154,2034,2030,4,5
4,5155,2034,2030,4,5
4,5156,2034,2030,4,5
4,5157,2034,2030,4,5
4,5158,2034,2030,4,5
4,5159,2034,2030,4,5
4,5160,2034,2030,4,5
4,5161,2034,2030,4,5
4,5162,2034,2030,4,5
4,5163,2034,2030,4,5
4,5164,2034,2030,4,5
4,5165,2034,2030,4,5
4,5166,2034,2030,4,5
4,5167,2034,2030,4,5
4,5168,2034,2030,4,5
4,5169,2034,2030,4,5
4,5170,2034,2030,4,5
4,5171,2034,2030,4,5
4,5172,2034,2030,4,5
4,5173,2034,2030,4,5
4,5174,2034,2030,4,5
4,5175,2034,2030,4,5
4,5176,2034,2030,4,5
4,5177,2034,2030,4,5
4,5178,2034,2030,4,5
4,5179,2034,2030,4,5
4,5180,2034,2030,4,5
4,5181,2034,2030,4,5
4,5182,2034,2030,4,5
4,5183,2034,2030,4,5
4,5184,2034,2030,4,5
4,5185,2034,2030,4,5
4,5186,2034,2030,4,5
4,5187,2034,2030,4,5
4,5188,2034,2030,4,5
4,5189,2034,2030,4,5
4,5190,2034,2030,4,5
4,5191,2034,2030,4,5
4,5192,2034,2030,4,5
4,5193,2034,2030,4,5
4,5194,2034,2030,4,5
4,5195,2034,2030,4,5
4,5196,2034,2030,4,5
4,5197,2034,2030,4,5
4,5198,2034,2030,4,5
4,5199,2034,2030,4,5
4,5200,2034,2030,4,5
4,5201,2034,2030,4,5
4,5202,2034,2030,4,5
4,5203,2034,2030,4,5
4,5204,2034,2030,4,5
4,5205,2034,2030,4,5
4,5206,2034,2030,4,5
4,5207,2034,2030,4,5
4,5208,2034,2030,4,5
4,5209,2034,2030,4,5
4,5210,2034,2029,5,5
4,5211,2034,2030,4,5
4,5212,2034,2030,4,5
4,5213,2034,2030,4,5
4,5214,2034,2030,4,5
4,5215,2034,2030,4,5
4,5216,2034,2030,4,5
4,5217,2034,2030,4,5
4,5218,2034,2030,4,5
4,5219,2034,2030,4,5
4,5220,2034,2030,4,5
4,5221,2034,2030,4,5
4,5222,2034,2030,4,5
4,5223,2034,2030,4,5
4,5224,2034,2030,4,5
4,5225,2034,2030,4,5
4,5226,2034,2030,4,5
4,5227,2034,2030,4,5
4,5228,2034,2030,4,5
4,5229,2034,2030,4,5
4,5230,2034,2030,4,5
4,5231,2034,2030,4,5
4,5232,2034,2030,4,5
4,5233,2034,2030,4,5
4,5234,2034,2030,4,5
4,5235,2034,2030,4,5
4,5236,2034,2030,4,5
4,5237,2034,2030,4,5
4,5238,2034,2030,4,5
4,5239,2034,2030,4,5
4,5240,2034,2029,5,5
4,5241,2034,2030,4,5
4,5242,2034,2030,4,5
4,5243,2034,2030,4,5
4,5244,2034,2030,4,5
4,5245,2034,2030,4,5
4,5246,2034,2030,4,5
4,5247,2034,2030,4,5
4,5248,2034,2030,4,5
4,5249,2034,2030,4,5
4,5250,2034,2030,4,5
4,5251,2034,2030,4,5
4,5252,2034,2030,4,5
4,5253,2034,2030,4,5
4,5254,2034,2030,4,5
4,5255,2034,2030,4,5
4,5256,2034,2030,4,5
4,5257,2034,2030,4,5
4,5258,2034,2030,4,5
4,5259,2034,2030,4,5
4,5260,2034,2030,4,5
4,5261,2034,2030,4,5
4,5262,2034,2030,4,5
4,5263,2034,2030,4,5
4,5264,2034,2030,4,5
4,5265,2034,2030,4,5
4,5266,2034,2030,4,5
4,5267,2034,2030,4,5
4,5268,2034,2030,4,5
4,5269,2034,2030,4,5
4,5270,2034,2030,4,5
4,5271,2034,2030,4,5
4,5272,2034,2029,5,5
4,5273,2034,2030,4,5
4,5274,2034,2030,4,5
4,5275,2034,2030,4,5
4,5276,2034,2030,4,5
4,5277,2034,2030,4,5
4,5278,2034,2030,4,5
4,5279,2034,2030,4,5
4,5280,2034,2030,4,5
4,5281,2034,2030,4,5
4,5282,2034,2030,4,5
4,5283,2034,2030,4,5
4,5284,2034,2030,4,5
4,5285,2034,2030,4,5
4,5286,2034,2030,4,5
4,5287,2034,2030,4,5
4,5288,2034,2030,4,5
4,5289,2034,2029,5,5
4,5290,2034,2030,4,5
4,5291,2034,2030,4,5
4,5292,2034,2030,4,5
4,5293,2034,2030,4,5
4,5294,2034,2030,4,5
4,5295,2034,2030,4,5
4,5296,2034,2030,4,5
4,5297,2034,2030,4,5
4,5298,2034,2030,4,5
4,5299,2034,2030,4,5
4,5300,2034,2030,4,5
4,5301,2034,2030,4,5
4,5302,2034,2030,4,5
4,5303,2034,2030,4,5
4,5304,2034,2030,4,5
4,5305,2034,2030,4,5
4,5306,2034,2030,4,5
4,5307,2034,2030,4,5
4,5308,2034,2030,4,5
4,5309,2034,2030,4,5
4,5310,2034,2030,4,5
4,5311,2034,2030,4,5
4,5312,2034,2030,4,5
4,5313,2034,2030,4,5
4,5314,2034,2029,5,5
4,5315,2034,2030,4,5
4,5316,2034,2030,4,5
4,5317,2034,2030,4,5
4,5318,2034,2030,4,5
4,5319,2034,2030,4,5
4,5320,2034,2030,4,5
4,5321,2034,2030,4,5
4,5322,2034,2030,4,5
4,5323,2034,2030,4,5
4,5324,2034,2030,4,5
4,5325,2034,2030,4,5
4,5326,2034,2030,4,5
4,5327,2034,2030,4,5
4,5328,2034,2030,4,5
4,5329,2034,2030,4,5
4,5330,2034,2029,5,5
4,5331,2034,2030,4,5
4,5332,2034,2030,4,5
4,5333,2034,2030,4,5
4,5334,2034,2030,4,5
4,5335,2034,2030,4,5
4,5336,2034,2030,4,5
4,5337,2034,2030,4,5
4,5338,2034,2030,4,5
4,5339,2034,2030,4,5
4,5340,2034,2030,4,5
4,5341,2034,2030,4,5
4,5342,2034,2030,4,5
4,5343,2034,2029,5,5
4,5344,2034,2030,4,5
4,5345,2034,2030,4,5
4,5346,2034,2030,4,5
4,5347,2034,2030,4,5
4,5348,2034,2030,4,5
4,5349,2034,2030,4,5
4,5350,2034,2030,4,5
4,5351,2034,2030,4,5
4,5352,2034,2030,4,5
4,5353,2034,2030,4,5
4,5354,2034,2030,4,5
4,5355,2034,2030,4,5
4,5356,2034,2030,4,5
4,5357,2034,2030,4,5
4,5358,2034,2030,4,5
4,5359,2034,2030,4,5
4,5360,2034,2030,4,5
4,5361,2034,2030,4,5
4,5362,2034,2030,4,5
4,5363,2034,2030,4,5
4,5364,2034,2030,4,5
4,5365,2034,2030,4,5
4,5366,2034,2030,4,5
4,5367,2034,2030,4,5
4,5368,2034,2030,4,5
4,5369,2034,2030,4,5
4,5370,2034,2030,4,5
4,5371,2034,2030,4,5
4,5372,2034,2030,4,5
4,5373,2034,2030,4,5
4,5374,2034,2030,4,5
4,5375,2034,2030,4,5
4,5376,2034,2030,4,5
4,5377,2034,2030,4,5
4,5378,2034,2030,4,5
4,5379,2034,2030,4,5
4,5380,2034,2030,4,5
4,5381,2034,2030,4,5
4,5382,2034,2030,4,5
4,5383,2034,2030,4,5
4,5384,2034,2030,4,5
4,5385,2034,2030,4,5
4,5386,2034,2030,4,5
4,5387,2034,2030,4,5
4,5388,2034,2030,4,5
4,5389,2034,2030,4,5
4,5390,2034,2030,4,5
4,5391,2034,2030,4,5
4,5392,2034,2030,4,5
4,5393,2034,2030,4,5
4,5394,2034,2030,4,5
4,5395,2034,2030,4,5
4,5396,2034,2030,4,5
4,5397,2034,2030,4,5
4,5398,2034,2030,4,5
4,5399,2034,2030,4,5
4,5400,2034,2030,4,5
4,5401,2034,2030,4,5
4,5402,2034,2030,4,5
4,5403,2034,2030,4,5
4,5404,2034,2030,4,5
4,5405,2034,2030,4,5
4,5406,2034,2030,4,5
4,5407,2034,2030,4,5
4,5408,2034,2030,4,5
4,5409,2034,2030,4,5
4,5410,2034,2030,4,5
4,5411,2034,2030,4,5
4,5412,2034,2030,4,5
4,5413,2034,2030,4,5
4,5414,2034,2030,4,5
4,5415,2034,2030,4,5
4,5416,2034,2030,4,5
4,5417,2034,2030,4,5
4,5418,2034,2030,4,5
4,5419,2034,2030,4,5
4,5420,2034,2030,4,5
4,5421,2034,2030,4,5
4,5422,2034,2030,4,5
4,5423,2034,2030,4,5
4,5424,2034,2030,4,5
4,5425,2034,2030,4,5
4,5426,2034,2030,4,5
4,5427,2034,2030,4,5
4,5428,2034,2030,4,5
4,5429,2034,2029,5,5
4,5430,2034,2030,4,5
4,5431,2034,2030,4,5
4,5432,2034,2030,4,5
4,5433,2034,2030,4,5
4,5434,2034,2030,4,5
4,5435,2034,2030,4,5
4,5436,2034,2030,4,5
4,5437,2034,2030,4,5
4,5438,2034,2030,4,5
4,5439,2034,2029,5,5
4,5440,2034,2029,5,5
4,5441,2034,2030,4,5
4,5442,2034,2030,4,5
4,5443,2034,2030,4,5
4,5444,2034,2030,4,5
4,5445,2034,2030,4,5
4,5446,2034,2030,4,5
4,5447,2034,2030,4,5
4,5448,2034,2030,4,5
4,5449,2034,2030,4,5
4,5450,2034,2030,4,5
4,5451,2034,2030,4,5
4,5452,2034,2030,4,5
4,5453,2034,2030,4,5
4,5454,2034,2030,4,5
4,5455,2034,2030,4,5
4,5456,2034,2030,4,5
4,5457,2034,2030,4,5
4,5458,2034,2030,4,5
4,5459,2034,2030,4,5
4,5460,2034,2030,4,5
4,5461,2034,2030,4,5
4,5462,2034,2030,4,5
4,5463,2034,2030,4,5
4,5464,2034,2030,4,5
4,5465,2034,2030,4,5
4,5466,2034,2030,4,5
4,5467,2034,2030,4,5
4,5468,2034,2030,4,5
4,5469,2034,2030,4,5
4,5470,2034,2030,4,5
4,5471,2034,2030,4,5
4,5472,2034,2030,4,5
4,5473,2034,2030,4,5
4,5474,2034,2030,4,5
4,5475,2034,2030,4,5
4,5476,2034,2030,4,5
4,5477,2034,2030,4,5
4,5478,2034,2030,4,5
4,5479,2034,2030,4,5
4,5480,2034,2030,4,5
4,5481,2034,2030,4,5
4,5482,2034,2030,4,5
4,5483,2034,2030,4,5
4,5484,2034,2030,4,5
4,5485,2034,2030,4,5
4,5486,2034,2030,4,5
4,5487,2034,2030,4,5
4,5488,2034,2030,4,5
4,5489,2034,2030,4,5
4,5490,2034,2030,4,5
4,5491,2034,2029,5,5
4,5492,2034,2029,5,5
4,5493,2034,2030,4,5
4,5494,2034,2030,4,5
4,5495,2034,2030,4,5
4,5496,2034,2030,4,5
4,5497,2034,2030,4,5
4,5498,2034,2030,4,5
4,5499,2034,2030,4,5
4,5500,2034,2030,4,5
4,5501,2034,2030,4,5
4,5502,2034,2030,4,5
4,5503,2034,2030,4,5
4,5504,2034,2030,4,5
4,5505,2034,2030,4,5
4,5506,2034,2030,4,5
4,5507,2034,2030,4,5
4,5508,2034,2030,4,5
4,5509,2034,2030,4,5
4,5510,2034,2030,4,5
4,5511,2034,2029,5,5
4,5512,2034,2030,4,5
4,5513,2034,2030,4,5
4,5514,2034,2030,4,5
4,5515,2034,2030,4,5
4,5516,2034,2030,4,5
4,5517,2034,2030,4,5
4,5518,2034,2030,4,5
4,5519,2034,2030,4,5
4,5520,2034,2030,4,5
4,5521,2034,2030,4,5
4,5522,2034,2030,4,5
4,5523,2034,2030,4,5
4,5524,2034,2030,4,5
4,5525,2034,2030,4,5
4,5526,2034,2030,4,5
4,5527,2034,2030,4,5
4,5528,2034,2030,4,5
4,5529,2034,2030,4,5
4,5530,2034,2030,4,5
4,5531,2034,2030,4,5
4,5532,2034,2030,4,5
4,5533,2034,2030,4,5
4,5534,2034,2030,4,5
4,5535,2034,2030,4,5
4,5536,2034,2030,4,5
4,5537,2034,2030,4,5
4,5538,2034,2030,4,5
4,5539,2034,2030,4,5
4,5540,2034,2030,4,5
4,5541,2034,2030,4,5
4,5542,2034,2030,4,5
4,5543,2034,2030,4,5
4,5544,2034,2030,4,5
4,5545,2034,2030,4,5
4,5546,2034,2030,4,5
4,5547,2034,2030,4,5
4,5548,2034,2030,4,5
4,5549,2034,2030,4,5
4,5550,2034,2030,4,5
4,5551,2034,2030,4,5
4,5552,2034,2030,4,5
4,5553,2034,2030,4,5
4,5554,2034,2030,4,5
4,5555,2034,2030,4,5
4,5556,2034,2030,4,5
4,5557,2034,2030,4,5
4,5558,2034,2030,4,5
4,5559,2034,2030,4,5
4,5560,2034,2030,4,5
4,5561,2034,2030,4,5
4,5562,2034,2030,4,5
4,5563,2034,2030,4,5
4,5564,2034,2030,4,5
4,5565,2034,2030,4,5
4,5566,2034,2030,4,5
4,5567,2034,2030,4,5
4,5568,2034,2030,4,5
4,5569,2034,2029,5,5
4,5570,2034,2030,4,5
4,5571,2034,2030,4,5
4,5572,2034,2029,5,5
4,5573,2034,2030,4,5
4,5574,2034,2030,4,5
4,5575,2034,2030,4,5
4,5576,2034,2030,4,5
4,5577,2034,2030,4,5
4,5578,2034,2030,4,5
4,5579,2034,2030,4,5
4,5580,2034,2030,4,5
4,5581,2034,2029,5,5
4,5582,2034,2030,4,5
4,5583,2034,2030,4,5
4,5584,2034,2030,4,5
4,5585,2034,2030,4,5
4,5586,2034,2030,4,5
4,5587,2034,2030,4,5
4,5588,2034,2030,4,5
4,5589,2034,2030,4,5
4,5590,2034,2030,4,5
4,5591,2034,2030,4,5
4,5592,2034,2030,4,5
4,5593,2034,2030,4,5
4,5594,2034,2030,4,5
4,5595,2034,2030,4,5
4,5596,2034,2030,4,5
4,5597,2034,2030,4,5
4,5598,2034,2030,4,5
4,5599,2034,2030,4,5
4,5600,2034,2030,4,5
4,5601,2034,2030,4,5
4,5602,2034,2030,4,5
4,5603,2034,2030,4,5
4,5604,2034,2030,4,5
4,5605,2034,2029,5,5
4,5606,2034,2030,4,5
4,5607,2034,2030,4,5
4,5608,2034,2030,4,5
4,5609,2034,2030,4,5
4,5610,2034,2030,4,5
4,5611,2034,2030,4,5
4,5612,2034,2030,4,5
4,5613,2034,2030,4,5
4,5614,2034,2030,4,5
4,5615,2034,2030,4,5
4,5616,2034,2030,4,5
4,5617,2034,2030,4,5
4,5618,2034,2030,4,5
4,5619,2034,2030,4,5
4,5620,2034,2030,4,5
4,5621,2034,2030,4,5
4,5622,2034,2030,4,5
4,5623,2034,2030,4,5
4,5624,2034,2030,4,5
4,5625,2034,2030,4,5
4,5626,2034,2030,4,5
4,5627,2034,2030,4,5
4,5628,2034,2030,4,5
4,5629,2034,2030,4,5
4,5630,2034,2030,4,5
4,5631,2034,2030,4,5
4,5632,2034,2030,4,5
4,5633,2034,2030,4,5
4,5634,2034,2030,4,5
4,5635,2034,2030,4,5
4,5636,2034,2030,4,5
4,5637,2034,2030,4,5
4,5638,2034,2030,4,5
4,5639,2034,2030,4,5
4,5640,2034,2030,4,5
4,5641,2034,2030,4,5
4,5642,2034,2030,4,5
4,5643,2034,2030,4,5
4,5644,2034,2030,4,5
4,5645,2034,2030,4,5
4,5646,2034,2030,4,5
4,5647,2034,2030,4,5
4,5648,2034,2029,5,5
4,5649,2034,2030,4,5
4,5650,2034,2030,4,5
4,5651,2034,2030,4,5
4,5652,2034,2030,4,5
4,5653,2034,2030,4,5
4,5654,2034,2030,4,5
4,5655,2034,2030,4,5
4,5656,2034,2030,4,5
4,5657,2034,2030,4,5
4,5658,2034,2030,4,5
4,5659,2034,2030,4,5
4,5660,2034,2030,4,5
4,5661,2034,2030,4,5
4,5662,2034,2030,4,5
4,5663,2034,2030,4,5
4,5664,2034,2030,4,5
4,5665,2034,2030,4,5
4,5666,2034,2030,4,5
4,5667,2034,2030,4,5
4,5668,2034,2029,5,5
4,5669,2034,2030,4,5
4,5670,2034,2030,4,5
4,5671,2034,2030,4,5
4,5672,2034,2030,4,5
4,5673,2034,2030,4,5
4,5674,2034,2030,4,5
4,5675,2034,2030,4,5
4,5676,2034,2030,4,5
4,5677,2034,2030,4,5
4,5678,2034,2030,4,5
4,5679,2034,2030,4,5
4,5680,2034,2030,4,5
4,5681,2034,2030,4,5
4,5682,2034,2030,4,5
4,5683,2034,2030,4,5
4,5684,2034,2030,4,5
4,5685,2034,2030,4,5
4,5686,2034,2030,4,5
4,5687,2034,2030,4,5
4,5688,2034,2030,4,5
4,5689,2034,2030,4,5
4,5690,2034,2030,4,5
4,5691,2034,2030,4,5
4,5692,2034,2030,4,5
4,5693,2034,2030,4,5
4,5694,2034,2030,4,5
4,5695,2034,2030,4,5
4,5696,2034,2030,4,5
4,5697,2034,2030,4,5
4,5698,2034,2030,4,5
4,5699,2034,2030,4,5
4,5700,2034,2030,4,5
4,5701,2034,2030,4,5
4,5702,2034,2030,4,5
4,5703,2034,2030,4,5
4,5704,2034,2030,4,5
4,5705,2034,2030,4,5
4,5706,2034,2030,4,5
4,5707,2034,2030,4,5
4,5708,2034,2030,4,5
4,5709,2034,2030,4,5
4,5710,2034,2030,4,5
4,5711,2034,2030,4,5
4,5712,2034,2030,4,5
4,5713,2034,2030,4,5
4,5714,2034,2030,4,5
4,5715,2034,2030,4,5
4,5716,2034,2030,4,5
4,5717,2034,2030,4,5
4,5718,2034,2030,4,5
4,5719,2034,2030,4,5
4,5720,2034,2030,4,5
4,5721,2034,2030,4,5
4,5722,2034,2030,4,5
4,5723,2034,2030,4,5
4,5724,2034,2030,4,5
4,5725,2034,2030,4,5
4,5726,2034,2030,4,5
4,5727,2034,2030,4,5
4,5728,2034,2030,4,5
4,5729,2034,2030,4,5
4,5730,2034,2030,4,5
4,5731,2034,2030,4,5
4,5732,2034,2030,4,5
4,5733,2034,2030,4,5
4,5734,2034,2030,4,5
4,5735,2034,2030,4,5
4,5736,2034,2029,5,5
4,5737,2034,2030,4,5
4,5738,2034,2030,4,5
4,5739,2034,2030,4,5
4,5740,2034,2030,4,5
4,5741,2034,2030,4,5
4,5742,2034,2030,4,5
4,5743,2034,2030,4,5
4,5744,2034,2030,4,5
4,5745,2034,2030,4,5
4,5746,2034,2029,5,5
4,5747,2034,2030,4,5
4,5748,2034,2029,5,5
4,5749,2034,2030,4,5
4,5750,2034,2030,4,5
4,5751,2034,2030,4,5
4,5752,2034,2030,4,5
4,5753,2034,2030,4,5
4,5754,2034,2030,4,5
4,5755,2034,2030,4,5
4,5756,2034,2030,4,5
4,5757,2034,2030,4,5
4,5758,2034,2030,4,5
4,5759,2034,2030,4,5
4,5760,2034,2030,4,5
4,5761,2034,2030,4,5
4,5762,2034,2030,4,5
4,5763,2034,2030,4,5
4,5764,2034,2030,4,5
4,5765,2034,2030,4,5
4,5766,2034,2030,4,5
4,5767,2034,2030,4,5
4,5768,2034,2030,4,5
4,5769,2034,2030,4,5
4,5770,2034,2030,4,5
4,5771,2034,2030,4,5
4,5772,2034,2030,4,5
4,5773,2034,2030,4,5
4,5774,2034,2030,4,5
4,5775,2034,2030,4,5
4,5776,2034,2030,4,5
4,5777,2034,2030,4,5
4,5778,2034,2030,4,5
4,5779,2034,2030,4,5
4,5780,2034,2030,4,5
4,5781,2034,2030,4,5
4,5782,2034,2030,4,5
4,5783,2034,2030,4,5
4,5784,2034,2030,4,5
4,5785,2034,2030,4,5
4,5786,2034,2030,4,5
4,5787,2034,2030,4,5
4,5788,2034,2030,4,5
4,5789,2034,2030,4,5
4,5790,2034,2030,4,5
4,5791,2034,2030,4,5
4,5792,2034,2030,4,5
4,5793,2034,2030,4,5
4,5794,2034,2030,4,5
4,5795,2034,2030,4,5
4,5796,2034,2030,4,5
4,5797,2034,2030,4,5
4,5798,2034,2030,4,5
4,5799,2034,2030,4,5
4,5800,2034,2030,4,5
4,5801,2034,2030,4,5
4,5802,2034,2030,4,5
4,5803,2034,2030,4,5
4,5804,2034,2030,4,5
4,5805,2034,2030,4,5
4,5806,2034,2030,4,5
4,5807,2034,2030,4,5
4,5808,2034,2030,4,5
4,5809,2034,2030,4,5
4,5810,2034,2030,4,5
4,5811,2034,2030,4,5
4,5812,2034,2030,4,5
4,5813,2034,2030,4,5
4,5814,2034,2030,4,5
4,5815,2034,2030,4,5
4,5816,2034,2030,4,5
4,5817,2034,2030,4,5
4,5818,2034,2030,4,5
4,5819,2034,2030,4,5
4,5820,2034,2030,4,5
4,5821,2034,2030,4,5
4,5822,2034,2030,4,5
4,5823,2034,2030,4,5
4,5824,2034,2030,4,5
4,5825,2034,2029,5,5
4,5826,2034,2030,4,5
4,5827,2034,2030,4,5
4,5828,2034,2030,4,5
4,5829,2034,2030,4,5
4,5830,2034,2030,4,5
4,5831,2034,2030,4,5
4,5832,2034,2030,4,5
4,5833,2034,2030,4,5
4,5834,2034,2030,4,5
4,5835,2034,2030,4,5
4,5836,2034,2030,4,5
4,5837,2034,2030,4,5
4,5838,2034,2030,4,5
4,5839,2034,2030,4,5
4,5840,2034,2029,5,5
4,5841,2034,2030,4,5
4,5842,2034,2030,4,5
4,5843,2034,2030,4,5
4,5844,2034,2030,4,5
4,5845,2034,2030,4,5
4,5846,2034,2030,4,5
4,5847,2034,2030,4,5
4,5848,2034,2030,4,5
4,5849,2034,2030,4,5
4,5850,2034,2030,4,5
4,5851,2034,2030,4,5
4,5852,2034,2030,4,5
4,5853,2034,2030,4,5
4,5854,2034,2030,4,5
4,5855,2034,2030,4,5
4,5856,2034,2030,4,5
4,5857,2034,2030,4,5
4,5858,2034,2030,4,5
4,5859,2034,2030,4,5
4,5860,2034,2030,4,5
4,5861,2034,2030,4,5
4,5862,2034,2030,4,5
4,5863,2034,2030,4,5
4,5864,2034,2030,4,5
4,5865,2034,2030,4,5
4,5866,2034,2030,4,5
4,5867,2034,2030,4,5
4,5868,2034,2030,4,5
4,5869,2034,2030,4,5
4,5870,2034,2030,4,5
4,5871,2034,2030,4,5
4,5872,2034,2030,4,5
4,5873,2034,2030,4,5
4,5874,2034,2030,4,5
4,5875,2034,2030,4,5
4,5876,2034,2030,4,5
4,5877,2034,2030,4,5
4,5878,2034,2030,4,5
4,5879,2034,2030,4,5
4,5880,2034,2030,4,5
4,5881,2034,2030,4,5
4,5882,2034,2030,4,5
4,5883,2034,2030,4,5
4,5884,2034,2030,4,5
4,5885,2034,2030,4,5
4,5886,2034,2030,4,5
4,5887,2034,2030,4,5
4,5888,2034,2030,4,5
4,5889,2034,2030,4,5
4,5890,2034,2030,4,5
4,5891,2034,2030,4,5
4,5892,2034,2030,4,5
4,5893,2034,2030,4,5
4,5894,2034,2030,4,5
4,5895,2034,2030,4,5
4,5896,2034,2030,4,5
4,5897,2034,2030,4,5
4,5898,2034,2030,4,5
4,5899,2034,2030,4,5
4,5900,2034,2030,4,5
4,5901,2034,2030,4,5
4,5902,2034,2029,5,5
4,5903,2034,2030,4,5
4,5904,2034,2030,4,5
4,5905,2034,2030,4,5
4,5906,2034,2030,4,5
4,5907,2034,2030,4,5
4,5908,2034,2029,5,5
4,5909,2034,2030,4,5
4,5910,2034,2030,4,5
4,5911,2034,2030,4,5
4,5912,2034,2030,4,5
4,5913,2034,2030,4,5
4,5914,2034,2030,4,5
4,5915,2034,2030,4,5
4,5916,2034,2030,4,5
4,5917,2034,2030,4,5
4,5918,2034,2030,4,5
4,5919,2034,2030,4,5
4,5920,2034,2030,4,5
4,5921,2034,2030,4,5
4,5922,2034,2030,4,5
4,5923,2034,2030,4,5
4,5924,2034,2030,4,5
4,5925,2034,2030,4,5
4,5926,2034,2030,4,5
4,5927,2034,2030,4,5
4,5928,2034,2030,4,5
4,5929,2034,2030,4,5
4,5930,2034,2030,4,5
4,5931,2034,2030,4,5
4,5932,2034,2030,4,5
4,5933,2034,2030,4,5
4,5934,2034,2030,4,5
4,5935,2034,2030,4,5
4,5936,2034,2030,4,5
4,5937,2034,2030,4,5
4,5938,2034,2030,4,5
4,5939,2034,2030,4,5
4,5940,2034,2030,4,5
4,5941,2034,2030,4,5
4,5942,2034,2030,4,5
4,5943,2034,2030,4,5
4,5944,2034,2030,4,5
4,5945,2034,2030,4,5
4,5946,2034,2030,4,5
4,5947,2034,2030,4,5
4,5948,2034,2030,4,5
4,5949,2034,2030,4,5
4,5950,2034,2030,4,5
4,5951,2034,2030,4,5
4,5952,2034,2030,4,5
4,5953,2034,2030,4,5
4,5954,2034,2030,4,5
4,5955,2034,2029,5,5
4,5956,2034,2030,4,5
4,5957,2034,2030,4,5
4,5958,2034,2030,4,5
4,5959,2034,2030,4,5
4,5960,2034,2030,4,5
4,5961,2034,2030,4,5
4,5962,2034,2030,4,5
4,5963,2034,2030,4,5
4,5964,2034,2030,4,5
4,5965,2034,2030,4,5
4,5966,2034,2030,4,5
4,5967,2034,2030,4,5
4,5968,2034,2030,4,5
4,5969,2034,2030,4,5
4,5970,2034,2030,4,5
4,5971,2034,2030,4,5
4,5972,2034,2030,4,5
4,5973,2034,2030,4,5
4,5974,2034,2030,4,5
4,5975,2034,2030,4,5
4,5976,2034,2030,4,5
4,5977,2034,2030,4,5
4,5978,2034,2030,4,5
4,5979,2034,2030,4,5
4,5980,2034,2030,4,5
4,5981,2034,2030,4,5
4,5982,2034,2030,4,5
4,5983,2034,2030,4,5
4,5984,2034,2030,4,5
4,5985,2034,2030,4,5
4,5986,2034,2030,4,5
4,5987,2034,2030,4,5
4,5988,2034,2029,5,5
4,5989,2034,2030,4,5
4,5990,2034,2030,4,5
4,5991,2034,2030,4,5
4,5992,2034,2030,4,5
4,5993,2034,2029,5,5
4,5994,2034,2030,4,5
4,5995,2034,2030,4,5
4,5996,2034,2030,4,5
4,5997,2034,2030,4,5
4,5998,2034,2030,4,5
4,5999,2034,2030,4,5
4,6000,2034,2030,4,5
4,6001,2034,2030,4,5
4,6002,2034,2030,4,5
4,6003,2034,2030,4,5
4,6004,2034,2030,4,5
4,6005,2034,2030,4,5
4,6006,2034,2030,4,5
4,6007,2034,2030,4,5
4,6008,2034,2030,4,5
4,6009,2034,2030,4,5
4,6010,2034,2030,4,5
4,6011,2034,2030,4,5
4,6012,2034,2030,4,5
4,6013,2034,2030,4,5
4,6014,2034,2030,4,5
4,6015,2034,2030,4,5
4,6016,2034,2030,4,5
4,6017,2034,2030,4,5
4,6018,2034,2030,4,5
4,6019,2034,2030,4,5
4,6020,2034,2030,4,5
4,6021,2034,2030,4,5
4,6022,2034,2030,4,5
4,6023,2034,2030,4,5
4,6024,2034,2029,5,5
4,6025,2034,2030,4,5
4,6026,2034,2030,4,5
4,6027,2034,2030,4,5
4,6028,2034,2030,4,5
4,6029,2034,2030,4,5
4,6030,2034,2030,4,5
4,6031,2034,2030,4,5
4,6032,2034,2030,4,5
4,6033,2034,2030,4,5
4,6034,2034,2030,4,5
4,6035,2034,2030,4,5
4,6036,2034,2030,4,5
4,6037,2034,2030,4,5
4,6038,2034,2030,4,5
4,6039,2034,2030,4,5
4,6040,2034,2030,4,5
4,6041,2034,2030,4,5
4,6042,2034,2030,4,5
4,6043,2034,2030,4,5
4,6044,2034,2030,4,5
4,6045,2034,2030,4,5
4,6046,2034,2029,5,5
4,6047,2034,2030,4,5
4,6048,2034,2030,4,5
4,6049,2034,2030,4,5
4,6050,2034,2030,4,5
4,6051,2034,2030,4,5
4,6052,2034,2030,4,5
4,6053,2034,2030,4,5
4,6054,2034,2029,5,5
4,6055,2034,2030,4,5
4,6056,2034,2030,4,5
4,6057,2034,2030,4,5
4,6058,2034,2030,4,5
4,6059,2034,2030,4,5
4,6060,2034,2030,4,5
4,6061,2034,2030,4,5
4,6062,2034,2030,4,5
4,6063,2034,2030,4,5
4,6064,2034,2030,4,5
4,6065,2034,2030,4,5
4,6066,2034,2030,4,5
4,6067,2034,2030,4,5
4,6068,2034,2030,4,5
4,6069,2034,2030,4,5
4,6070,2034,2030,4,5
4,6071,2034,2030,4,5
4,6072,2034,2030,4,5
4,6073,2034,2030,4,5
4,6074,2034,2030,4,5
4,6075,2034,2030,4,5
4,6076,2034,2030,4,5
4,6077,2034,2030,4,5
4,6078,2034,2030,4,5
4,6079,2034,2030,4,5
4,6080,2034,2030,4,5
4,6081,2034,2030,4,5
4,6082,2034,2030,4,5
4,6083,2034,2030,4,5
4,6084,2034,2030,4,5
4,6085,2034,2030,4,5
4,6086,2034,2030,4,5
4,6087,2034,2030,4,5
4,6088,2034,2030,4,5
4,6089,2034,2030,4,5
4,6090,2034,2030,4,5
4,6091,2034,2030,4,5
4,6092,2034,2030,4,5
4,6093,2034,2030,4,5
4,6094,2034,2030,4,5
4,6095,2034,2030,4,5
4,6096,2034,2030,4,5
4,6097,2034,2030,4,5
4,6098,2034,2030,4,5
4,6099,2034,2030,4,5
4,6100,2034,2030,4,5
4,6101,2034,2030,4,5
4,6102,2034,2030,4,5
4,6103,2034,2030,4,5
4,6104,2034,2030,4,5
4,6105,2034,2030,4,5
4,6106,2034,2030,4,5
4,6107,2034,2030,4,5
4,6108,2034,2030,4,5
4,6109,2034,2030,4,5
4,6110,2034,2030,4,5
4,6111,2034,2030,4,5
4,6112,2034,2030,4,5
4,6113,2034,2030,4,5
4,6114,2034,2030,4,5
4,6115,2034,2030,4,5
4,6116,2034,2030,4,5
4,6117,2034,2030,4,5
4,6118,2034,2030,4,5
4,6119,2034,2030,4,5
4,6120,2034,2030,4,5
4,6121,2034,2030,4,5
4,6122,2034,2030,4,5
4,6123,2034,2030,4,5
4,6124,2034,2030,4,5
4,6125,2034,2030,4,5
4,6126,2034,2030,4,5
4,6127,2034,2030,4,5
4,6128,2034,2030,4,5
4,6129,2034,2030,4,5
4,6130,2034,2030,4,5
4,6131,2034,2030,4,5
4,6132,2034,2030,4,5
4,6133,2034,2030,4,5
4,6134,2034,2030,4,5
4,6135,2034,2030,4,5
4,6136,2034,2030,4,5
4,6137,2034,2030,4,5
4,6138,2034,2030,4,5
4,6139,2034,2030,4,5
4,6140,2034,2030,4,5
4,6141,2034,2030,4,5
4,6142,2034,2030,4,5
4,6143,2034,2030,4,5
4,6144,2034,2030,4,5
4,6145,2034,2030,4,5
4,6146,2034,2030,4,5
4,6147,2034,2030,4,5
4,6148,2034,2030,4,5
4,6149,2034,2030,4,5
4,6150,2034,2030,4,5
4,6151,2034,2030,4,5
4,6152,2034,2030,4,5
4,6153,2034,2030,4,5
4,6154,2034,2030,4,5
4,6155,2034,2029,5,5
4,6156,2034,2030,4,5
4,6157,2034,2030,4,5
4,6158,2034,2029,5,5
4,6159,2034,2030,4,5
4,6160,2034,2030,4,5
4,6161,2034,2030,4,5
4,6162,2034,2030,4,5
4,6163,2034,2030,4,5
4,6164,2034,2030,4,5
4,6165,2034,2030,4,5
4,6166,2034,2030,4,5
4,6167,2034,2030,4,5
4,6168,2034,2030,4,5
4,6169,2034,2030,4,5
4,6170,2034,2030,4,5
4,6171,2034,2030,4,5
4,6172,2034,2030,4,5
4,6173,2034,2030,4,5
4,6174,2034,2030,4,5
4,6175,2034,2030,4,5
4,6176,2034,2030,4,5
4,6177,2034,2030,4,5
4,6178,2034,2030,4,5
4,6179,2034,2030,4,5
4,6180,2034,2030,4,5
4,6181,2034,2030,4,5
4,6182,2034,2030,4,5
4,6183,2034,2030,4,5
4,6184,2034,2030,4,5
4,6185,2034,2030,4,5
4,6186,2034,2030,4,5
4,6187,2034,2030,4,5
4,6188,2034,2030,4,5
4,6189,2034,2030,4,5
4,6190,2034,2030,4,5
4,6191,2034,2030,4,5
4,6192,2034,2030,4,5
4,6193,2034,2030,4,5
4,6194,2034,2030,4,5
4,6195,2034,2030,4,5
4,6196,2034,2030,4,5
4,6197,2034,2030,4,5
4,6198,2034,2030,4,5
4,6199,2034,2030,4,5
4,6200,2034,2029,5,5
4,6201,2034,2030,4,5
4,6202,2034,2030,4,5
4,6203,2034,2030,4,5
4,6204,2034,2030,4,5
4,6205,2034,2030,4,5
4,6206,2034,2030,4,5
4,6207,2034,2030,4,5
4,6208,2034,2030,4,5
4,6209,2034,2030,4,5
4,6210,2034,2030,4,5
4,6211,2034,2030,4,5
4,6212,2034,2030,4,5
4,6213,2034,2030,4,5
4,6214,2034,2030,4,5
4,6215,2034,2030,4,5
4,6216,2034,2030,4,5
4,6217,2034,2030,4,5
4,6218,2034,2030,4,5
4,6219,2034,2030,4,5
4,6220,2034,2030,4,5
4,6221,2034,2030,4,5
4,6222,2034,2030,4,5
4,6223,2034,2030,4,5
4,6224,2034,2030,4,5
4,6225,2034,2030,4,5
4,6226,2034,2030,4,5
4,6227,2034,2030,4,5
4,6228,2034,2030,4,5
4,6229,2034,2030,4,5
4,6230,2034,2030,4,5
4,6231,2034,2030,4,5
4,6232,2034,2030,4,5
4,6233,2034,2030,4,5
4,6234,2034,2030,4,5
4,6235,2034,2030,4,5
4,6236,2034,2030,4,5
4,6237,2034,2030,4,5
4,6238,2034,2030,4,5
4,6239,2034,2030,4,5
4,6240,2034,2030,4,5
4,6241,2034,2030,4,5
4,6242,2034,2029,5,5
4,6243,2034,2030,4,5
4,6244,2034,2030,4,5
4,6245,2034,2030,4,5
4,6246,2034,2030,4,5
4,6247,2034,2030,4,5
4,6248,2034,2030,4,5
4,6249,2034,2030,4,5
4,6250,2034,2030,4,5
4,6251,2034,2030,4,5
4,6252,2034,2030,4,5
4,6253,2034,2030,4,5
4,6254,2034,2030,4,5
4,6255,2034,2030,4,5
4,6256,2034,2029,5,5
4,6257,2034,2030,4,5
4,6258,2034,2030,4,5
4,6259,2034,2030,4,5
4,6260,2034,2030,4,5
4,6261,2034,2030,4,5
4,6262,2034,2030,4,5
4,6263,2034,2030,4,5
4,6264,2034,2030,4,5
4,6265,2034,2030,4,5
4,6266,2034,2030,4,5
4,6267,2034,2030,4,5
4,6268,2034,2030,4,5
4,6269,2034,2030,4,5
4,6270,2034,2030,4,5
4,6271,2034,2030,4,5
4,6272,2034,2030,4,5
4,6273,2034,2030,4,5
4,6274,2034,2030,4,5
4,6275,2034,2030,4,5
4,6276,2034,2030,4,5
4,6277,2034,2030,4,5
4,6278,2034,2030,4,5
4,6279,2034,2030,4,5
4,6280,2034,2030,4,5
4,6281,2034,2030,4,5
4,6282,2034,2030,4,5
4,6283,2034,2029,5,5
4,6284,2034,2029,5,5
4,6285,2034,2030,4,5
4,6286,2034,2030,4,5
4,6287,2034,2030,4,5
4,6288,2034,2030,4,5
4,6289,2034,2030,4,5
4,6290,2034,2030,4,5
4,6291,2034,2030,4,5
4,6292,2034,2030,4,5
4,6293,2034,2030,4,5
4,6294,2034,2030,4,5
4,6295,2034,2030,4,5
4,6296,2034,2030,4,5
4,6297,2034,2030,4,5
4,6298,2034,2030,4,5
4,6299,2034,2030,4,5
4,6300,2034,2030,4,5
4,6301,2034,2030,4,5
4,6302,2034,2030,4,5
4,6303,2034,2030,4,5
4,6304,2034,2030,4,5
4,6305,2034,2030,4,5
4,6306,2034,2030,4,5
4,6307,2034,2030,4,5
4,6308,2034,2030,4,5
4,6309,2034,2030,4,5
4,6310,2034,2030,4,5
4,6311,2034,2030,4,5
4,6312,2034,2030,4,5
4,6313,2034,2030,4,5
4,6314,2034,2030,4,5
4,6315,2034,2030,4,5
4,6316,2034,2030,4,5
4,6317,2034,2030,4,5
4,6318,2034,2030,4,5
4,6319,2034,2030,4,5
4,6320,2034,2030,4,5
4,6321,2034,2030,4,5
4,6322,2034,2030,4,5
4,6323,2034,2030,4,5
4,6324,2034,2030,4,5
4,6325,2034,2030,4,5
4,6326,2034,2030,4,5
4,6327,2034,2030,4,5
4,6328,2034,2029,5,5
4,6329,2034,2030,4,5
4,6330,2034,2030,4,5
4,6331,2034,2030,4,5
4,6332,2034,2030,4,5
4,6333,2034,2030,4,5
4,6334,2034,2030,4,5
4,6335,2034,2030,4,5
4,6336,2034,2030,4,5
4,6337,2034,2030,4,5
4,6338,2034,2030,4,5
4,6339,2034,2030,4,5
4,6340,2034,2030,4,5
4,6341,2034,2030,4,5
4,6342,2034,2030,4,5
4,6343,2034,2030,4,5
4,6344,2034,2030,4,5
4,6345,2034,2030,4,5
4,6346,2034,2030,4,5
4,6347,2034,2030,4,5
4,6348,2034,2030,4,5
4,6349,2034,2030,4,5
4,6350,2034,2030,4,5
4,6351,2034,2030,4,5
4,6352,2034,2030,4,5
4,6353,2034,2030,4,5
4,6354,2034,2030,4,5
4,6355,2034,2030,4,5
4,6356,2034,2030,4,5
4,6357,2034,2030,4,5
4,6358,2034,2030,4,5
4,6359,2034,2030,4,5
4,6360,2034,2030,4,5
4,6361,2034,2030,4,5
4,6362,2034,2030,4,5
4,6363,2034,2030,4,5
4,6364,2034,2030,4,5
4,6365,2034,2030,4,5
4,6366,2034,2030,4,5
4,6367,2034,2030,4,5
4,6368,2034,2030,4,5
4,6369,2034,2030,4,5
4,6370,2034,2030,4,5
4,6371,2034,2030,4,5
4,6372,2034,2030,4,5
4,6373,2034,2030,4,5
4,6374,2034,2030,4,5
4,6375,2034,2030,4,5
4,6376,2034,2030,4,5
4,6377,2034,2030,4,5
4,6378,2034,2030,4,5
4,6379,2034,2030,4,5
4,6380,2034,2030,4,5
4,6381,2034,2030,4,5
4,6382,2034,2030,4,5
4,6383,2034,2030,4,5
4,6384,2034,2030,4,5
4,6385,2034,2030,4,5
4,6386,2034,2030,4,5
4,6387,2034,2030,4,5
4,6388,2034,2030,4,5
4,6389,2034,2030,4,5
4,6390,2034,2030,4,5
4,6391,2034,2030,4,5
4,6392,2034,2030,4,5
4,6393,2034,2030,4,5
4,6394,2034,2030,4,5
4,6395,2034,2030,4,5
4,6396,2034,2030,4,5
4,6397,2034,2030,4,5
4,6398,2034,2030,4,5
4,6399,2034,2030,4,5
4,6400,2034,2030,4,5
4,6401,2034,2030,4,5
4,6402,2034,2030,4,5
4,6403,2034,2030,4,5
4,6404,2034,2030,4,5
4,6405,2034,2030,4,5
4,6406,2034,2030,4,5
4,6407,2034,2029,5,5
4,6408,2034,2030,4,5
4,6409,2034,2030,4,5
4,6410,2034,2030,4,5
4,6411,2034,2030,4,5
4,6412,2034,2030,4,5
4,6413,2034,2030,4,5
4,6414,2034,2030,4,5
4,6415,2034,2030,4,5
4,6416,2034,2030,4,5
4,6417,2034,2030,4,5
4,6418,2034,2030,4,5
4,6419,2034,2030,4,5
4,6420,2034,2030,4,5
4,6421,2034,2030,4,5
4,6422,2034,2030,4,5
4,6423,2034,2030,4,5
4,6424,2034,2030,4,5
4,6425,2034,2030,4,5
4,6426,2034,2030,4,5
4,6427,2034,2030,4,5
4,6428,2034,2030,4,5
4,6429,2034,2030,4,5
4,6430,2034,2030,4,5
4,6431,2034,2030,4,5
4,6432,2034,2030,4,5
4,6433,2034,2030,4,5
4,6434,2034,2030,4,5
4,6435,2034,2030,4,5
4,6436,2034,2030,4,5
4,6437,2034,2030,4,5
4,6438,2034,2030,4,5
4,6439,2034,2030,4,5
4,6440,2034,2030,4,5
4,6441,2034,2030,4,5
4,6442,2034,2030,4,5
4,6443,2034,2030,4,5
4,6444,2034,2029,5,5
4,6445,2034,2030,4,5
4,6446,2034,2030,4,5
4,6447,2034,2030,4,5
4,6448,2034,2030,4,5
4,6449,2034,2030,4,5
4,6450,2034,2030,4,5
4,6451,2034,2030,4,5
4,6452,2034,2030,4,5
4,6453,2034,2030,4,5
4,6454,2034,2030,4,5
4,6455,2034,2030,4,5
4,6456,2034,2030,4,5
4,6457,2034,2029,5,5
4,6458,2034,2030,4,5
4,6459,2034,2030,4,5
4,6460,2034,2030,4,5
4,6461,2034,2029,5,5
4,6462,2034,2030,4,5
4,6463,2034,2030,4,5
4,6464,2034,2030,4,5
4,6465,2034,2030,4,5
4,6466,2034,2030,4,5
4,6467,2034,2030,4,5
4,6468,2034,2030,4,5
4,6469,2034,2030,4,5
4,6470,2034,2030,4,5
4,6471,2034,2030,4,5
4,6472,2034,2030,4,5
4,6473,2034,2030,4,5
4,6474,2034,2030,4,5
4,6475,2034,2030,4,5
4,6476,2034,2030,4,5
4,6477,2034,2030,4,5
4,6478,2034,2030,4,5
4,6479,2034,2030,4,5
4,6480,2034,2030,4,5
4,6481,2034,2030,4,5
4,6482,2034,2030,4,5
4,6483,2034,2030,4,5
4,6484,2034,2030,4,5
4,6485,2034,2030,4,5
4,6486,2034,2030,4,5
4,6487,2034,2030,4,5
4,6488,2034,2030,4,5
4,6489,2034,2030,4,5
4,6490,2034,2030,4,5
4,6491,2034,2030,4,5
4,6492,2034,2030,4,5
4,6493,2034,2030,4,5
4,6494,2034,2030,4,5
4,6495,2034,2030,4,5
4,6496,2034,2030,4,5
4,6497,2034,2030,4,5
4,6498,2034,2030,4,5
4,6499,2034,2030,4,5
4,6500,2034,2030,4,5
4,6501,2034,2030,4,5
4,6502,2034,2030,4,5
4,6503,2034,2030,4,5
4,6504,2034,2030,4,5
4,6505,2034,2030,4,5
4,6506,2034,2030,4,5
4,6507,2034,2030,4,5
4,6508,2034,2030,4,5
4,6509,2034,2030,4,5
4,6510,2034,2030,4,5
4,6511,2034,2030,4,5
4,6512,2034,2030,4,5
4,6513,2034,2030,4,5
4,6514,2034,2030,4,5
4,6515,2034,2030,4,5
4,6516,2034,2030,4,5
4,6517,2034,2030,4,5
4,6518,2034,2030,4,5
4,6519,2034,2030,4,5
4,6520,2034,2030,4,5
4,6521,2034,2030,4,5
4,6522,2034,2030,4,5
4,6523,2034,2030,4,5
4,6524,2034,2030,4,5
4,6525,2034,2030,4,5
4,6526,2034,2030,4,5
4,6527,2034,2030,4,5
4,6528,2034,2030,4,5
4,6529,2034,2030,4,5
4,6530,2034,2030,4,5
4,6531,2034,2030,4,5
4,6532,2034,2030,4,5
4,6533,2034,2030,4,5
4,6534,2034,2030,4,5
4,6535,2034,2030,4,5
4,6536,2034,2030,4,5
4,6537,2034,2030,4,5
4,6538,2034,2030,4,5
4,6539,2034,2030,4,5
4,6540,2034,2030,4,5
4,6541,2034,2030,4,5
4,6542,2034,2030,4,5
4,6543,2034,2030,4,5
4,6544,2034,2030,4,5
4,6545,2034,2030,4,5
4,6546,2034,2030,4,5
4,6547,2034,2030,4,5
4,6548,2034,2030,4,5
4,6549,2034,2030,4,5
4,6550,2034,2030,4,5
4,6551,2034,2030,4,5
4,6552,2034,2030,4,5
4,6553,2034,2030,4,5
4,6554,2034,2030,4,5
4,6555,2034,2030,4,5
4,6556,2034,2030,4,5
4,6557,2034,2030,4,5
4,6558,2034,2030,4,5
4,6559,2034,2030,4,5
4,6560,2034,2030,4,5
4,6561,2034,2029,5,5
4,6562,2034,2030,4,5
4,6563,2034,2030,4,5
4,6564,2034,2030,4,5
4,6565,2034,2030,4,5
4,6566,2034,2030,4,5
4,6567,2034,2030,4,5
4,6568,2034,2030,4,5
4,6569,2034,2030,4,5
4,6570,2034,2030,4,5
4,6571,2034,2030,4,5
4,6572,2034,2030,4,5
4,6573,2034,2030,4,5
4,6574,2034,2030,4,5
4,6575,2034,2030,4,5
4,6576,2034,2030,4,5
4,6577,2034,2030,4,5
4,6578,2034,2030,4,5
4,6579,2034,2030,4,5
4,6580,2034,2030,4,5
4,6581,2034,2030,4,5
4,6582,2034,2030,4,5
4,6583,2034,2030,4,5
4,6584,2034,2030,4,5
4,6585,2034,2030,4,5
4,6586,2034,2030,4,5
4,6587,2034,2030,4,5
4,6588,2034,2029,5,5
4,6589,2034,2030,4,5
4,6590,2034,2030,4,5
4,6591,2034,2030,4,5
4,6592,2034,2030,4,5
4,6593,2034,2030,4,5
4,6594,2034,2030,4,5
4,6595,2034,2030,4,5
4,6596,2034,2030,4,5
4,6597,2034,2030,4,5
4,6598,2034,2029,5,5
4,6599,2034,2030,4,5
4,6600,2034,2030,4,5
4,6601,2034,2030,4,5
4,6602,2034,2030,4,5
4,6603,2034,2030,4,5
4,6604,2034,2030,4,5
4,6605,2034,2030,4,5
4,6606,2034,2030,4,5
4,6607,2034,2030,4,5
4,6608,2034,2030,4,5
4,6609,2034,2030,4,5
4,6610,2034,2030,4,5
4,6611,2034,2030,4,5
4,6612,2034,2030,4,5
4,6613,2034,2030,4,5
4,6614,2034,2030,4,5
4,6615,2034,2030,4,5
4,6616,2034,2030,4,5
4,6617,2034,2030,4,5
4,6618,2034,2030,4,5
4,6619,2034,2030,4,5
4,6620,2034,2030,4,5
4,6621,2034,2030,4,5
4,6622,2034,2030,4,5
4,6623,2034,2030,4,5
4,6624,2034,2030,4,5
4,6625,2034,2030,4,5
4,6626,2034,2030,4,5
4,6627,2034,2030,4,5
4,6628,2034,2030,4,5
4,6629,2034,2030,4,5
4,6630,2034,2030,4,5
4,6631,2034,2030,4,5
4,6632,2034,2030,4,5
4,6633,2034,2030,4,5
4,6634,2034,2030,4,5
4,6635,2034,2030,4,5
4,6636,2034,2030,4,5
4,6637,2034,2030,4,5
4,6638,2034,2030,4,5
4,6639,2034,2029,5,5
4,6640,2034,2030,4,5
4,6641,2034,2030,4,5
4,6642,2034,2030,4,5
4,6643,2034,2030,4,5
4,6644,2034,2030,4,5
4,6645,2034,2030,4,5
4,6646,2034,2030,4,5
4,6647,2034,2030,4,5
4,6648,2034,2030,4,5
4,6649,2034,2030,4,5
4,6650,2034,2030,4,5
4,6651,2034,2030,4,5
4,6652,2034,2030,4,5
4,6653,2034,2030,4,5
4,6654,2034,2030,4,5
4,6655,2034,2030,4,5
4,6656,2034,2030,4,5
4,6657,2034,2030,4,5
4,6658,2034,2030,4,5
4,6659,2034,2030,4,5
4,6660,2034,2030,4,5
4,6661,2034,2030,4,5
4,6662,2034,2030,4,5
4,6663,2034,2030,4,5
4,6664,2034,2030,4,5
4,6665,2034,2030,4,5
4,6666,2034,2030,4,5
4,6667,2034,2030,4,5
4,6668,2034,2030,4,5
4,6669,2034,2030,4,5
4,6670,2034,2030,4,5
4,6671,2034,2030,4,5
4,6672,2034,2030,4,5
4,6673,2034,2030,4,5
4,6674,2034,2030,4,5
4,6675,2034,2030,4,5
4,6676,2034,2030,4,5
4,6677,2034,2030,4,5
4,6678,2034,2030,4,5
4,6679,2034,2030,4,5
4,6680,2034,2030,4,5
4,6681,2034,2030,4,5
4,6682,2034,2030,4,5
4,6683,2034,2030,4,5
4,6684,2034,2030,4,5
4,6685,2034,2030,4,5
4,6686,2034,2030,4,5
4,6687,2034,2030,4,5
4,6688,2034,2030,4,5
4,6689,2034,2030,4,5
4,6690,2034,2030,4,5
4,6691,2034,2030,4,5
4,6692,2034,2030,4,5
4,6693,2034,2030,4,5
4,6694,2034,2030,4,5
4,6695,2034,2030,4,5
4,6696,2034,2030,4,5
4,6697,2034,2030,4,5
4,6698,2034,2030,4,5
4,6699,2034,2030,4,5
4,6700,2034,2030,4,5
4,6701,2034,2030,4,5
4,6702,2034,2030,4,5
4,6703,2034,2030,4,5
4,6704,2034,2029,5,5
4,6705,2034,2030,4,5
4,6706,2034,2030,4,5
4,6707,2034,2030,4,5
4,6708,2034,2030,4,5
4,6709,2034,2030,4,5
4,6710,2034,2030,4,5
4,6711,2034,2030,4,5
4,6712,2034,2030,4,5
4,6713,2034,2030,4,5
4,6714,2034,2030,4,5
4,6715,2034,2030,4,5
4,6716,2034,2030,4,5
4,6717,2034,2030,4,5
4,6718,2034,2030,4,5
4,6719,2034,2030,4,5
4,6720,2034,2030,4,5
4,6721,2034,2030,4,5
4,6722,2034,2030,4,5
4,6723,2034,2030,4,5
4,6724,2034,2030,4,5
4,6725,2034,2030,4,5
4,6726,2034,2030,4,5
4,6727,2034,2030,4,5
4,6728,2034,2030,4,5
4,6729,2034,2029,5,5
4,6730,2034,2030,4,5
4,6731,2034,2030,4,5
4,6732,2034,2030,4,5
4,6733,2034,2030,4,5
4,6734,2034,2030,4,5
4,6735,2034,2030,4,5
4,6736,2034,2030,4,5
4,6737,2034,2030,4,5
4,6738,2034,2030,4,5
4,6739,2034,2030,4,5
4,6740,2034,2030,4,5
4,6741,2034,2030,4,5
4,6742,2034,2030,4,5
4,6743,2034,2030,4,5
4,6744,2034,2030,4,5
4,6745,2034,2030,4,5
4,6746,2034,2030,4,5
4,6747,2034,2030,4,5
4,6748,2034,2030,4,5
4,6749,2034,2030,4,5
4,6750,2034,2030,4,5
4,6751,2034,2030,4,5
4,6752,2034,2029,5,5
4,6753,2034,2030,4,5
4,6754,2034,2030,4,5
4,6755,2034,2030,4,5
4,6756,2034,2030,4,5
4,6757,2034,2030,4,5
4,6758,2034,2030,4,5
4,6759,2034,2029,5,5
4,6760,2034,2030,4,5
4,6761,2034,2030,4,5
4,6762,2034,2030,4,5
4,6763,2034,2030,4,5
4,6764,2034,2030,4,5
4,6765,2034,2030,4,5
4,6766,2034,2030,4,5
4,6767,2034,2030,4,5
4,6768,2034,2030,4,5
4,6769,2034,2030,4,5
4,6770,2034,2030,4,5
4,6771,2034,2030,4,5
4,6772,2034,2030,4,5
4,6773,2034,2030,4,5
4,6774,2034,2030,4,5
4,6775,2034,2030,4,5
4,6776,2034,2030,4,5
4,6777,2034,2030,4,5
4,6778,2034,2030,4,5
4,6779,2034,2030,4,5
4,6780,2034,2030,4,5
4,6781,2034,2030,4,5
4,6782,2034,2030,4,5
4,6783,2034,2030,4,5
4,6784,2034,2030,4,5
4,6785,2034,2030,4,5
4,6786,2034,2030,4,5
4,6787,2034,2030,4,5
4,6788,2034,2030,4,5
4,6789,2034,2030,4,5
4,6790,2034,2030,4,5
4,6791,2034,2030,4,5
4,6792,2034,2030,4,5
4,6793,2034,2030,4,5
4,6794,2034,2030,4,5
4,6795,2034,2030,4,5
4,6796,2034,2030,4,5
4,6797,2034,2030,4,5
4,6798,2034,2030,4,5
4,6799,2034,2030,4,5
4,6800,2034,2030,4,5
4,6801,2034,2030,4,5
4,6802,2034,2030,4,5
4,6803,2034,2030,4,5
4,6804,2034,2030,4,5
4,6805,2034,2030,4,5
4,6806,2034,2030,4,5
4,6807,2034,2030,4,5
4,6808,2034,2030,4,5
4,6809,2034,2030,4,5
4,6810,2034,2030,4,5
4,6811,2034,2030,4,5
4,6812,2034,2030,4,5
4,6813,2034,2030,4,5
4,6814,2034,2030,4,5
4,6815,2034,2030,4,5
4,6816,2034,2030,4,5
4,6817,2034,2030,4,5
4,6818,2034,2030,4,5
4,6819,2034,2030,4,5
4,6820,2034,2030,4,5
4,6821,2034,2030,4,5
4,6822,2034,2030,4,5
4,6823,2034,2030,4,5
4,6824,2034,2030,4,5
4,6825,2034,2030,4,5
4,6826,2034,2030,4,5
4,6827,2034,2030,4,5
4,6828,2034,2030,4,5
4,6829,2034,2030,4,5
4,6830,2034,2030,4,5
4,6831,2034,2030,4,5
4,6832,2034,2030,4,5
4,6833,2034,2030,4,5
4,6834,2034,2030,4,5
4,6835,2034,2030,4,5
4,6836,2034,2030,4,5
4,6837,2034,2030,4,5
4,6838,2034,2030,4,5
4,6839,2034,2030,4,5
4,6840,2034,2030,4,5
4,6841,2034,2030,4,5
4,6842,2034,2030,4,5
4,6843,2034,2030,4,5
4,6844,2034,2030,4,5
4,6845,2034,2029,5,5
4,6846,2034,2030,4,5
4,6847,2034,2030,4,5
4,6848,2034,2030,4,5
4,6849,2034,2030,4,5
4,6850,2034,2030,4,5
4,6851,2034,2030,4,5
4,6852,2034,2030,4,5
4,6853,2034,2030,4,5
4,6854,2034,2030,4,5
4,6855,2034,2030,4,5
4,6856,2034,2030,4,5
4,6857,2034,2030,4,5
4,6858,2034,2030,4,5
4,6859,2034,2030,4,5
4,6860,2034,2030,4,5
4,6861,2034,2030,4,5
4,6862,2034,2030,4,5
4,6863,2034,2030,4,5
4,6864,2034,2030,4,5
4,6865,2034,2030,4,5
4,6866,2034,2030,4,5
4,6867,2034,2030,4,5
4,6868,2034,2030,4,5
4,6869,2034,2030,4,5
4,6870,2034,2030,4,5
4,6871,2034,2030,4,5
4,6872,2034,2030,4,5
4,6873,2034,2030,4,5
4,6874,2034,2029,5,5
4,6875,2034,2030,4,5
4,6876,2034,2030,4,5
4,6877,2034,2030,4,5
4,6878,2034,2030,4,5
4,6879,2034,2030,4,5
4,6880,2034,2030,4,5
4,6881,2034,2030,4,5
4,6882,2034,2030,4,5
4,6883,2034,2030,4,5
4,6884,2034,2030,4,5
4,6885,2034,2030,4,5
4,6886,2034,2030,4,5
4,6887,2034,2030,4,5
4,6888,2034,2030,4,5
4,6889,2034,2030,4,5
4,6890,2034,2030,4,5
4,6891,2034,2030,4,5
4,6892,2034,2030,4,5
4,6893,2034,2030,4,5
4,6894,2034,2030,4,5
4,6895,2034,2030,4,5
4,6896,2034,2029,5,5
4,6897,2034,2030,4,5
4,6898,2034,2030,4,5
4,6899,2034,2030,4,5
4,6900,2034,2030,4,5
4,6901,2034,2030,4,5
4,6902,2034,2030,4,5
4,6903,2034,2030,4,5
4,6904,2034,2030,4,5
4,6905,2034,2030,4,5
4,6906,2034,2030,4,5
4,6907,2034,2030,4,5
4,6908,2034,2030,4,5
4,6909,2034,2030,4,5
4,6910,2034,2030,4,5
4,6911,2034,2030,4,5
4,6912,2034,2030,4,5
4,6913,2034,2030,4,5
4,6914,2034,2030,4,5
4,6915,2034,2030,4,5
4,6916,2034,2030,4,5
4,6917,2034,2030,4,5
4,6918,2034,2030,4,5
4,6919,2034,2030,4,5
4,6920,2034,2030,4,5
4,6921,2034,2030,4,5
4,6922,2034,2030,4,5
4,6923,2034,2030,4,5
4,6924,2034,2030,4,5
4,6925,2034,2030,4,5
4,6926,2034,2030,4,5
4,6927,2034,2030,4,5
4,6928,2034,2030,4,5
4,6929,2034,2030,4,5
4,6930,2034,2030,4,5
4,6931,2034,2030,4,5
4,6932,2034,2030,4,5
4,6933,2034,2030,4,5
4,6934,2034,2030,4,5
4,6935,2034,2030,4,5
4,6936,2034,2030,4,5
4,6937,2034,2030,4,5
4,6938,2034,2030,4,5
4,6939,2034,2030,4,5
4,6940,2034,2030,4,5
4,6941,2034,2030,4,5
4,6942,2034,2030,4,5
4,6943,2034,2030,4,5
4,6944,2034,2030,4,5
4,6945,2034,2030,4,5
4,6946,2034,2030,4,5
4,6947,2034,2030,4,5
4,6948,2034,2030,4,5
4,6949,2034,2030,4,5
4,6950,2034,2030,4,5
4,6951,2034,2030,4,5
4,6952,2034,2030,4,5
4,6953,2034,2030,4,5
4,6954,2034,2030,4,5
4,6955,2034,2030,4,5
4,6956,2034,2030,4,5
4,6957,2034,2030,4,5
4,6958,2034,2030,4,5
4,6959,2034,2030,4,5
4,6960,2034,2030,4,5
4,6961,2034,2030,4,5
4,6962,2034,2030,4,5
4,6963,2034,2030,4,5
4,6964,2034,2030,4,5
4,6965,2034,2030,4,5
4,6966,2034,2030,4,5
4,6967,2034,2030,4,5
4,6968,2034,2030,4,5
4,6969,2034,2030,4,5
4,6970,2034,2030,4,5
4,6971,2034,2030,4,5
4,6972,2034,2030,4,5
4,6973,2034,2030,4,5
4,6974,2034,2030,4,5
4,6975,2034,2030,4,5
4,6976,2034,2030,4,5
4,6977,2034,2030,4,5
4,6978,2034,2030,4,5
4,6979,2034,2030,4,5
4,6980,2034,2030,4,5
4,6981,2034,2030,4,5
4,6982,2034,2030,4,5
4,6983,2034,2030,4,5
4,6984,2034,2030,4,5
4,6985,2034,2030,4,5
4,6986,2034,2030,4,5
4,6987,2034,2030,4,5
4,6988,2034,2030,4,5
4,6989,2034,2030,4,5
4,6990,2034,2029,5,5
4,6991,2034,2030,4,5
4,6992,2034,2030,4,5
4,6993,2034,2030,4,5
4,6994,2034,2030,4,5
4,6995,2034,2030,4,5
4,6996,2034,2030,4,5
4,6997,2034,2030,4,5
4,6998,2034,2030,4,5
4,6999,2034,2030,4,5
4,7000,2034,2029,5,5
4,7001,2034,2030,4,5
4,7002,2034,2030,4,5
4,7003,2034,2030,4,5
4,7004,2034,2030,4,5
4,7005,2034,2030,4,5
4,7006,2034,2030,4,5
4,7007,2034,2030,4,5
4,7008,2034,2030,4,5
4,7009,2034,2030,4,5
4,7010,2034,2030,4,5
4,7011,2034,2030,4,5
4,7012,2034,2030,4,5
4,7013,2034,2030,4,5
4,7014,2034,2030,4,5
4,7015,2034,2030,4,5
4,7016,2034,2030,4,5
4,7017,2034,2030,4,5
4,7018,2034,2030,4,5
4,7019,2034,2030,4,5
4,7020,2034,2030,4,5
4,7021,2034,2030,4,5
4,7022,2034,2030,4,5
4,7023,2034,2030,4,5
4,7024,2034,2030,4,5
4,7025,2034,2030,4,5
4,7026,2034,2030,4,5
4,7027,2034,2030,4,5
4,7028,2034,2030,4,5
4,7029,2034,2030,4,5
4,7030,2034,2030,4,5
4,7031,2034,2030,4,5
4,7032,2034,2030,4,5
4,7033,2034,2030,4,5
4,7034,2034,2030,4,5
4,7035,2034,2030,4,5
4,7036,2034,2030,4,5
4,7037,2034,2030,4,5
4,7038,2034,2030,4,5
4,7039,2034,2030,4,5
4,7040,2034,2030,4,5
4,7041,2034,2030,4,5
4,7042,2034,2030,4,5
4,7043,2034,2030,4,5
4,7044,2034,2030,4,5
4,7045,2034,2030,4,5
4,7046,2034,2030,4,5
4,7047,2034,2030,4,5
4,7048,2034,2030,4,5
4,7049,2034,2030,4,5
4,7050,2034,2030,4,5
4,7051,2034,2030,4,5
4,7052,2034,2030,4,5
4,7053,2034,2030,4,5
4,7054,2034,2030,4,5
4,7055,2034,2030,4,5
4,7056,2034,2030,4,5
4,7057,2034,2030,4,5
4,7058,2034,2030,4,5
4,7059,2034,2029,5,5
4,7060,2034,2030,4,5
4,7061,2034,2030,4,5
4,7062,2034,2030,4,5
4,7063,2034,2030,4,5
4,7064,2034,2030,4,5
4,7065,2034,2030,4,5
4,7066,2034,2030,4,5
4,7067,2034,2030,4,5
4,7068,2034,2030,4,5
4,7069,2034,2030,4,5
4,7070,2034,2030,4,5
4,7071,2034,2030,4,5
4,7072,2034,2030,4,5
4,7073,2034,2030,4,5
4,7074,2034,2030,4,5
4,7075,2034,2030,4,5
4,7076,2034,2030,4,5
4,7077,2034,2030,4,5
4,7078,2034,2030,4,5
4,7079,2034,2030,4,5
4,7080,2034,2030,4,5
4,7081,2034,2030,4,5
4,7082,2034,2030,4,5
4,7083,2034,2030,4,5
4,7084,2034,2030,4,5
4,7085,2034,2030,4,5
4,7086,2034,2030,4,5
4,7087,2034,2030,4,5
4,7088,2034,2030,4,5
4,7089,2034,2030,4,5
4,7090,2034,2030,4,5
4,7091,2034,2030,4,5
4,7092,2034,2030,4,5
4,7093,2034,2030,4,5
4,7094,2034,2030,4,5
4,7095,2034,2030,4,5
4,7096,2034,2029,5,5
4,7097,2034,2029,5,5
4,7098,2034,2030,4,5
4,7099,2034,2030,4,5
4,7100,2034,2030,4,5
4,7101,2034,2030,4,5
4,7102,2034,2030,4,5
4,7103,2034,2030,4,5
4,7104,2034,2030,4,5
4,7105,2034,2030,4,5
4,7106,2034,2030,4,5
4,7107,2034,2030,4,5
4,7108,2034,2030,4,5
4,7109,2034,2030,4,5
4,7110,2034,2030,4,5
4,7111,2034,2030,4,5
4,7112,2034,2030,4,5
4,7113,2034,2030,4,5
4,7114,2034,2030,4,5
4,7115,2034,2030,4,5
4,7116,2034,2030,4,5
4,7117,2034,2030,4,5
4,7118,2034,2030,4,5
4,7119,2034,2030,4,5
4,7120,2034,2030,4,5
4,7121,2034,2030,4,5
4,7122,2034,2030,4,5
4,7123,2034,2030,4,5
4,7124,2034,2030,4,5
4,7125,2034,2030,4,5
4,7126,2034,2030,4,5
4,7127,2034,2029,5,5
4,7128,2034,2030,4,5
4,7129,2034,2030,4,5
4,7130,2034,2030,4,5
4,7131,2034,2030,4,5
4,7132,2034,2030,4,5
4,7133,2034,2030,4,5
4,7134,2034,2030,4,5
4,7135,2034,2030,4,5
4,7136,2034,2030,4,5
4,7137,2034,2030,4,5
4,7138,2034,2030,4,5
4,7139,2034,2030,4,5
4,7140,2034,2030,4,5
4,7141,2034,2030,4,5
4,7142,2034,2030,4,5
4,7143,2034,2030,4,5
4,7144,2034,2029,5,5
4,7145,2034,2030,4,5
4,7146,2034,2030,4,5
4,7147,2034,2030,4,5
4,7148,2034,2030,4,5
4,7149,2034,2030,4,5
4,7150,2034,2030,4,5
4,7151,2034,2030,4,5
4,7152,2034,2030,4,5
4,7153,2034,2030,4,5
4,7154,2034,2030,4,5
4,7155,2034,2030,4,5
4,7156,2034,2030,4,5
4,7157,2034,2030,4,5
4,7158,2034,2029,5,5
4,7159,2034,2030,4,5
4,7160,2034,2030,4,5
4,7161,2034,2030,4,5
4,7162,2034,2030,4,5
4,7163,2034,2030,4,5
4,7164,2034,2030,4,5
4,7165,2034,2030,4,5
4,7166,2034,2030,4,5
4,7167,2034,2030,4,5
4,7168,2034,2030,4,5
4,7169,2034,2030,4,5
4,7170,2034,2030,4,5
4,7171,2034,2030,4,5
4,7172,2034,2030,4,5
4,7173,2034,2030,4,5
4,7174,2034,2030,4,5
4,7175,2034,2030,4,5
4,7176,2034,2029,5,5
4,7177,2034,2030,4,5
4,7178,2034,2030,4,5
4,7179,2034,2030,4,5
4,7180,2034,2030,4,5
4,7181,2034,2030,4,5
4,7182,2034,2029,5,5
4,7183,2034,2030,4,5
4,7184,2034,2030,4,5
4,7185,2034,2030,4,5
4,7186,2034,2030,4,5
4,7187,2034,2030,4,5
4,7188,2034,2030,4,5
4,7189,2034,2030,4,5
4,7190,2034,2030,4,5
4,7191,2034,2030,4,5
4,7192,2034,2030,4,5
4,7193,2034,2030,4,5
4,7194,2034,2030,4,5
4,7195,2034,2030,4,5
4,7196,2034,2030,4,5
4,7197,2034,2030,4,5
4,7198,2034,2030,4,5
4,7199,2034,2030,4,5
4,7200,2034,2030,4,5
4,7201,2034,2030,4,5
4,7202,2034,2030,4,5
4,7203,2034,2030,4,5
4,7204,2034,2030,4,5
4,7205,2034,2030,4,5
4,7206,2034,2030,4,5
4,7207,2034,2030,4,5
4,7208,2034,2030,4,5
4,7209,2034,2030,4,5
4,7210,2034,2030,4,5
4,7211,2034,2030,4,5
4,7212,2034,2030,4,5
4,7213,2034,2030,4,5
4,7214,2034,2030,4,5
4,7215,2034,2030,4,5
4,7216,2034,2030,4,5
4,7217,2034,2030,4,5
4,7218,2034,2030,4,5
4,7219,2034,2030,4,5
4,7220,2034,2030,4,5
4,7221,2034,2030,4,5
4,7222,2034,2030,4,5
4,7223,2034,2030,4,5
4,7224,2034,2030,4,5
4,7225,2034,2030,4,5
4,7226,2034,2030,4,5
4,7227,2034,2030,4,5
4,7228,2034,2030,4,5
4,7229,2034,2030,4,5
4,7230,2034,2030,4,5
4,7231,2034,2030,4,5
4,7232,2034,2030,4,5
4,7233,2034,2030,4,5
4,7234,2034,2030,4,5
4,7235,2034,2030,4,5
4,7236,2034,2030,4,5
4,7237,2034,2030,4,5
4,7238,2034,2030,4,5
4,7239,2034,2030,4,5
4,7240,2034,2030,4,5
4,7241,2034,2030,4,5
4,7242,2034,2030,4,5
4,7243,2034,2030,4,5
4,7244,2034,2030,4,5
4,7245,2034,2030,4,5
4,7246,2034,2030,4,5
4,7247,2034,2030,4,5
4,7248,2034,2030,4,5
4,7249,2034,2030,4,5
4,7250,2034,2030,4,5
4,7251,2034,2030,4,5
4,7252,2034,2030,4,5
4,7253,2034,2030,4,5
4,7254,2034,2030,4,5
4,7255,2034,2030,4,5
4,7256,2034,2030,4,5
4,7257,2034,2030,4,5
4,7258,2034,2030,4,5
4,7259,2034,2030,4,5
4,7260,2034,2030,4,5
4,7261,2034,2030,4,5
4,7262,2034,2030,4,5
4,7263,2034,2030,4,5
4,7264,2034,2030,4,5
4,7265,2034,2030,4,5
4,7266,2034,2030,4,5
4,7267,2034,2030,4,5
4,7268,2034,2030,4,5
4,7269,2034,2030,4,5
4,7270,2034,2030,4,5
4,7271,2034,2030,4,5
4,7272,2034,2030,4,5
4,7273,2034,2030,4,5
4,7274,2034,2030,4,5
4,7275,2034,2030,4,5
4,7276,2034,2030,4,5
4,7277,2034,2030,4,5
4,7278,2034,2030,4,5
4,7279,2034,2030,4,5
4,7280,2034,2030,4,5
4,7281,2034,2030,4,5
4,7282,2034,2030,4,5
4,7283,2034,2030,4,5
4,7284,2034,2030,4,5
4,7285,2034,2030,4,5
4,7286,2034,2030,4,5
4,7287,2034,2029,5,5
4,7288,2034,2030,4,5
4,7289,2034,2030,4,5
4,7290,2034,2030,4,5
4,7291,2034,2030,4,5
4,7292,2034,2030,4,5
4,7293,2034,2030,4,5
4,7294,2034,2030,4,5
4,7295,2034,2030,4,5
4,7296,2034,2030,4,5
4,7297,2034,2030,4,5
4,7298,2034,2030,4,5
4,7299,2034,2030,4,5
4,7300,2034,2030,4,5
4,7301,2034,2030,4,5
4,7302,2034,2030,4,5
4,7303,2034,2030,4,5
4,7304,2034,2030,4,5
4,7305,2034,2030,4,5
4,7306,2034,2030,4,5
4,7307,2034,2030,4,5
4,7308,2034,2030,4,5
4,7309,2034,2030,4,5
4,7310,2034,2030,4,5
4,7311,2034,2030,4,5
4,7312,2034,2030,4,5
4,7313,2034,2030,4,5
4,7314,2034,2030,4,5
4,7315,2034,2030,4,5
4,7316,2034,2030,4,5
4,7317,2034,2030,4,5
4,7318,2034,2030,4,5
4,7319,2034,2030,4,5
4,7320,2034,2030,4,5
4,7321,2034,2029,5,5
4,7322,2034,2030,4,5
4,7323,2034,2030,4,5
4,7324,2034,2030,4,5
4,7325,2034,2030,4,5
4,7326,2034,2030,4,5
4,7327,2034,2030,4,5
4,7328,2034,2030,4,5
4,7329,2034,2030,4,5
4,7330,2034,2030,4,5
4,7331,2034,2030,4,5
4,7332,2034,2030,4,5
4,7333,2034,2030,4,5
4,7334,2034,2030,4,5
4,7335,2034,2030,4,5
4,7336,2034,2030,4,5
4,7337,2034,2030,4,5
4,7338,2034,2030,4,5
4,7339,2034,2030,4,5
4,7340,2034,2030,4,5
4,7341,2034,2030,4,5
4,7342,2034,2030,4,5
4,7343,2034,2030,4,5
4,7344,2034,2030,4,5
4,7345,2034,2030,4,5
4,7346,2034,2029,5,5
4,7347,2034,2030,4,5
4,7348,2034,2030,4,5
4,7349,2034,2030,4,5
4,7350,2034,2030,4,5
4,7351,2034,2030,4,5
4,7352,2034,2030,4,5
4,7353,2034,2030,4,5
4,7354,2034,2030,4,5
4,7355,2034,2030,4,5
4,7356,2034,2030,4,5
4,7357,2034,2030,4,5
4,7358,2034,2030,4,5
4,7359,2034,2030,4,5
4,7360,2034,2030,4,5
4,7361,2034,2030,4,5
4,7362,2034,2030,4,5
4,7363,2034,2030,4,5
4,7364,2034,2030,4,5
4,7365,2034,2030,4,5
4,7366,2034,2030,4,5
4,7367,2034,2030,4,5
4,7368,2034,2030,4,5
4,7369,2034,2030,4,5
4,7370,2034,2030,4,5
4,7371,2034,2029,5,5
4,7372,2034,2030,4,5
4,7373,2034,2030,4,5
4,7374,2034,2030,4,5
4,7375,2034,2030,4,5
4,7376,2034,2030,4,5
4,7377,2034,2030,4,5
4,7378,2034,2030,4,5
4,7379,2034,2030,4,5
4,7380,2034,2030,4,5
4,7381,2034,2029,5,5
4,7382,2034,2030,4,5
4,7383,2034,2030,4,5
4,7384,2034,2030,4,5
4,7385,2034,2030,4,5
4,7386,2034,2030,4,5
4,7387,2034,2030,4,5
4,7388,2034,2030,4,5
4,7389,2034,2030,4,5
4,7390,2034,2030,4,5
4,7391,2034,2030,4,5
4,7392,2034,2030,4,5
4,7393,2034,2030,4,5
4,7394,2034,2030,4,5
4,7395,2034,2030,4,5
4,7396,2034,2030,4,5
4,7397,2034,2030,4,5
4,7398,2034,2030,4,5
4,7399,2034,2030,4,5
4,7400,2034,2030,4,5
4,7401,2034,2030,4,5
4,7402,2034,2030,4,5
4,7403,2034,2030,4,5
4,7404,2034,2030,4,5
4,7405,2034,2030,4,5
4,7406,2034,2030,4,5
4,7407,2034,2030,4,5
4,7408,2034,2030,4,5
4,7409,2034,2030,4,5
4,7410,2034,2030,4,5
4,7411,2034,2030,4,5
4,7412,2034,2030,4,5
4,7413,2034,2030,4,5
4,7414,2034,2030,4,5
4,7415,2034,2030,4,5
4,7416,2034,2030,4,5
4,7417,2034,2030,4,5
4,7418,2034,2030,4,5
4,7419,2034,2030,4,5
4,7420,2034,2030,4,5
4,7421,2034,2030,4,5
4,7422,2034,2030,4,5
4,7423,2034,2030,4,5
4,7424,2034,2030,4,5
4,7425,2034,2030,4,5
4,7426,2034,2030,4,5
4,7427,2034,2030,4,5
4,7428,2034,2030,4,5
4,7429,2034,2030,4,5
4,7430,2034,2030,4,5
4,7431,2034,2030,4,5
4,7432,2034,2030,4,5
4,7433,2034,2030,4,5
4,7434,2034,2030,4,5
4,7435,2034,2030,4,5
4,7436,2034,2030,4,5
4,7437,2034,2030,4,5
4,7438,2034,2030,4,5
4,7439,2034,2030,4,5
4,7440,2034,2030,4,5
4,7441,2034,2030,4,5
4,7442,2034,2030,4,5
4,7443,2034,2029,5,5
4,7444,2034,2030,4,5
4,7445,2034,2030,4,5
4,7446,2034,2030,4,5
4,7447,2034,2030,4,5
4,7448,2034,2030,4,5
4,7449,2034,2030,4,5
4,7450,2034,2030,4,5
4,7451,2034,2030,4,5
4,7452,2034,2030,4,5
4,7453,2034,2030,4,5
4,7454,2034,2030,4,5
4,7455,2034,2030,4,5
4,7456,2034,2030,4,5
4,7457,2034,2030,4,5
4,7458,2034,2030,4,5
4,7459,2034,2030,4,5
4,7460,2034,2030,4,5
4,7461,2034,2030,4,5
4,7462,2034,2030,4,5
4,7463,2034,2030,4,5
4,7464,2034,2030,4,5
4,7465,2034,2030,4,5
4,7466,2034,2030,4,5
4,7467,2034,2030,4,5
4,7468,2034,2030,4,5
4,7469,2034,2030,4,5
4,7470,2034,2030,4,5
4,7471,2034,2030,4,5
4,7472,2034,2030,4,5
4,7473,2034,2030,4,5
4,7474,2034,2030,4,5
4,7475,2034,2030,4,5
4,7476,2034,2030,4,5
4,7477,2034,2030,4,5
4,7478,2034,2030,4,5
4,7479,2034,2030,4,5
4,7480,2034,2030,4,5
4,7481,2034,2030,4,5
4,7482,2034,2030,4,5
4,7483,2034,2029,5,5
4,7484,2034,2030,4,5
4,7485,2034,2030,4,5
4,7486,2034,2030,4,5
4,7487,2034,2030,4,5
4,7488,2034,2030,4,5
4,7489,2034,2030,4,5
4,7490,2034,2030,4,5
4,7491,2034,2030,4,5
4,7492,2034,2030,4,5
4,7493,2034,2030,4,5
4,7494,2034,2030,4,5
4,7495,2034,2030,4,5
4,7496,2034,2030,4,5
4,7497,2034,2030,4,5
4,7498,2034,2030,4,5
4,7499,2034,2030,4,5
4,7500,2034,2030,4,5
4,7501,2034,2030,4,5
4,7502,2034,2029,5,5
4,7503,2034,2030,4,5
4,7504,2034,2030,4,5
4,7505,2034,2030,4,5
4,7506,2034,2030,4,5
4,7507,2034,2030,4,5
4,7508,2034,2030,4,5
4,7509,2034,2030,4,5
4,7510,2034,2030,4,5
4,7511,2034,2030,4,5
4,7512,2034,2030,4,5
4,7513,2034,2030,4,5
4,7514,2034,2030,4,5
4,7515,2034,2030,4,5
4,7516,2034,2029,5,5
4,7517,2034,2030,4,5
4,7518,2034,2030,4,5
4,7519,2034,2030,4,5
4,7520,2034,2030,4,5
4,7521,2034,2030,4,5
4,7522,2034,2030,4,5
4,7523,2034,2030,4,5
4,7524,2034,2030,4,5
4,7525,2034,2030,4,5
4,7526,2034,2030,4,5
4,7527,2034,2030,4,5
4,7528,2034,2030,4,5
4,7529,2034,2030,4,5
4,7530,2034,2030,4,5
4,7531,2034,2030,4,5
4,7532,2034,2030,4,5
4,7533,2034,2030,4,5
4,7534,2034,2030,4,5
4,7535,2034,2030,4,5
4,7536,2034,2030,4,5
4,7537,2034,2030,4,5
4,7538,2034,2030,4,5
4,7539,2034,2030,4,5
4,7540,2034,2030,4,5
4,7541,2034,2030,4,5
4,7542,2034,2030,4,5
4,7543,2034,2030,4,5
4,7544,2034,2030,4,5
4,7545,2034,2030,4,5
4,7546,2034,2030,4,5
4,7547,2034,2030,4,5
4,7548,2034,2029,5,5
4,7549,2034,2030,4,5
4,7550,2034,2030,4,5
4,7551,2034,2030,4,5
4,7552,2034,2030,4,5
4,7553,2034,2030,4,5
4,7554,2034,2030,4,5
4,7555,2034,2030,4,5
4,7556,2034,2030,4,5
4,7557,2034,2030,4,5
4,7558,2034,2030,4,5
4,7559,2034,2030,4,5
4,7560,2034,2030,4,5
4,7561,2034,2030,4,5
4,7562,2034,2029,5,5
4,7563,2034,2030,4,5
4,7564,2034,2029,5,5
4,7565,2034,2030,4,5
4,7566,2034,2030,4,5
4,7567,2034,2030,4,5
4,7568,2034,2030,4,5
4,7569,2034,2030,4,5
4,7570,2034,2030,4,5
4,7571,2034,2030,4,5
4,7572,2034,2030,4,5
4,7573,2034,2030,4,5
4,7574,2034,2030,4,5
4,7575,2034,2030,4,5
4,7576,2034,2030,4,5
4,7577,2034,2030,4,5
4,7578,2034,2030,4,5
4,7579,2034,2030,4,5
4,7580,2034,2030,4,5
4,7581,2034,2030,4,5
4,7582,2034,2030,4,5
4,7583,2034,2030,4,5
4,7584,2034,2030,4,5
4,7585,2034,2030,4,5
4,7586,2034,2030,4,5
4,7587,2034,2030,4,5
4,7588,2034,2030,4,5
4,7589,2034,2030,4,5
4,7590,2034,2030,4,5
4,7591,2034,2030,4,5
4,7592,2034,2030,4,5
4,7593,2034,2030,4,5
4,7594,2034,2030,4,5
4,7595,2034,2030,4,5
4,7596,2034,2030,4,5
4,7597,2034,2029,5,5
4,7598,2034,2030,4,5
4,7599,2034,2030,4,5
4,7600,2034,2030,4,5
4,7601,2034,2030,4,5
4,7602,2034,2030,4,5
4,7603,2034,2030,4,5
4,7604,2034,2030,4,5
4,7605,2034,2030,4,5
4,7606,2034,2030,4,5
4,7607,2034,2030,4,5
4,7608,2034,2030,4,5
4,7609,2034,2030,4,5
4,7610,2034,2030,4,5
4,7611,2034,2030,4,5
4,7612,2034,2030,4,5
4,7613,2034,2030,4,5
4,7614,2034,2029,5,5
4,7615,2034,2030,4,5
4,7616,2034,2030,4,5
4,7617,2034,2030,4,5
4,7618,2034,2030,4,5
4,7619,2034,2030,4,5
4,7620,2034,2029,5,5
4,7621,2034,2030,4,5
4,7622,2034,2030,4,5
4,7623,2034,2030,4,5
4,7624,2034,2030,4,5
4,7625,2034,2030,4,5
4,7626,2034,2030,4,5
4,7627,2034,2030,4,5
4,7628,2034,2030,4,5
4,7629,2034,2030,4,5
4,7630,2034,2030,4,5
4,7631,2034,2030,4,5
4,7632,2034,2030,4,5
4,7633,2034,2030,4,5
4,7634,2034,2030,4,5
4,7635,2034,2030,4,5
4,7636,2034,2030,4,5
4,7637,2034,2030,4,5
4,7638,2034,2030,4,5
4,7639,2034,2029,5,5
4,7640,2034,2030,4,5
4,7641,2034,2030,4,5
4,7642,2034,2030,4,5
4,7643,2034,2029,5,5
4,7644,2034,2030,4,5
4,7645,2034,2030,4,5
4,7646,2034,2030,4,5
4,7647,2034,2030,4,5
4,7648,2034,2030,4,5
4,7649,2034,2030,4,5
4,7650,2034,2030,4,5
4,7651,2034,2030,4,5
4,7652,2034,2030,4,5
4,7653,2034,2030,4,5
4,7654,2034,2030,4,5
4,7655,2034,2030,4,5
4,7656,2034,2030,4,5
4,7657,2034,2030,4,5
4,7658,2034,2030,4,5
4,7659,2034,2030,4,5
4,7660,2034,2030,4,5
4,7661,2034,2030,4,5
4,7662,2034,2030,4,5
4,7663,2034,2030,4,5
4,7664,2034,2030,4,5
4,7665,2034,2030,4,5
4,7666,2034,2030,4,5
4,7667,2034,2030,4,5
4,7668,2034,2030,4,5
4,7669,2034,2030,4,5
4,7670,2034,2030,4,5
4,7671,2034,2030,4,5
4,7672,2034,2029,5,5
4,7673,2034,2030,4,5
4,7674,2034,2030,4,5
4,7675,2034,2030,4,5
4,7676,2034,2030,4,5
4,7677,2034,2030,4,5
4,7678,2034,2030,4,5
4,7679,2034,2030,4,5
4,7680,2034,2029,5,5
4,7681,2034,2030,4,5
4,7682,2034,2030,4,5
4,7683,2034,2030,4,5
4,7684,2034,2030,4,5
4,7685,2034,2030,4,5
4,7686,2034,2030,4,5
4,7687,2034,2030,4,5
4,7688,2034,2030,4,5
4,7689,2034,2030,4,5
4,7690,2034,2030,4,5
4,7691,2034,2030,4,5
4,7692,2034,2030,4,5
4,7693,2034,2030,4,5
4,7694,2034,2030,4,5
4,7695,2034,2030,4,5
4,7696,2034,2030,4,5
4,7697,2034,2030,4,5
4,7698,2034,2030,4,5
4,7699,2034,2030,4,5
4,7700,2034,2030,4,5
4,7701,2034,2030,4,5
4,7702,2034,2030,4,5
4,7703,2034,2030,4,5
4,7704,2034,2030,4,5
4,7705,2034,2030,4,5
4,7706,2034,2030,4,5
4,7707,2034,2030,4,5
4,7708,2034,2029,5,5
4,7709,2034,2030,4,5
4,7710,2034,2030,4,5
4,7711,2034,2030,4,5
4,7712,2034,2030,4,5
4,7713,2034,2030,4,5
4,7714,2034,2030,4,5
4,7715,2034,2030,4,5
4,7716,2034,2030,4,5
4,7717,2034,2030,4,5
4,7718,2034,2029,5,5
4,7719,2034,2030,4,5
4,7720,2034,2030,4,5
4,7721,2034,2030,4,5
4,7722,2034,2030,4,5
4,7723,2034,2030,4,5
4,7724,2034,2030,4,5
4,7725,2034,2030,4,5
4,7726,2034,2030,4,5
4,7727,2034,2030,4,5
4,7728,2034,2030,4,5
4,7729,2034,2030,4,5
4,7730,2034,2030,4,5
4,7731,2034,2030,4,5
4,7732,2034,2030,4,5
4,7733,2034,2030,4,5
4,7734,2034,2030,4,5
4,7735,2034,2030,4,5
4,7736,2034,2030,4,5
4,7737,2034,2030,4,5
4,7738,2034,2030,4,5
4,7739,2034,2030,4,5
4,7740,2034,2030,4,5
4,7741,2034,2030,4,5
4,7742,2034,2030,4,5
4,7743,2034,2030,4,5
4,7744,2034,2030,4,5
4,7745,2034,2030,4,5
4,7746,2034,2030,4,5
4,7747,2034,2030,4,5
4,7748,2034,2030,4,5
4,7749,2034,2030,4,5
4,7750,2034,2030,4,5
4,7751,2034,2030,4,5
4,7752,2034,2030,4,5
4,7753,2034,2030,4,5
4,7754,2034,2030,4,5
4,7755,2034,2030,4,5
4,7756,2034,2030,4,5
4,7757,2034,2030,4,5
4,7758,2034,2030,4,5
4,7759,2034,2030,4,5
4,7760,2034,2030,4,5
4,7761,2034,2030,4,5
4,7762,2034,2030,4,5
4,7763,2034,2030,4,5
4,7764,2034,2030,4,5
4,7765,2034,2030,4,5
4,7766,2034,2030,4,5
4,7767,2034,2030,4,5
4,7768,2034,2030,4,5
4,7769,2034,2030,4,5
4,7770,2034,2030,4,5
4,7771,2034,2030,4,5
4,7772,2034,2030,4,5
4,7773,2034,2029,5,5
4,7774,2034,2030,4,5
4,7775,2034,2030,4,5
4,7776,2034,2030,4,5
4,7777,2034,2030,4,5
4,7778,2034,2030,4,5
4,7779,2034,2030,4,5
4,7780,2034,2030,4,5
4,7781,2034,2030,4,5
4,7782,2034,2030,4,5
4,7783,2034,2030,4,5
4,7784,2034,2030,4,5
4,7785,2034,2030,4,5
4,7786,2034,2030,4,5
4,7787,2034,2030,4,5
4,7788,2034,2030,4,5
4,7789,2034,2030,4,5
4,7790,2034,2030,4,5
4,7791,2034,2030,4,5
4,7792,2034,2030,4,5
4,7793,2034,2030,4,5
4,7794,2034,2030,4,5
4,7795,2034,2030,4,5
4,7796,2034,2030,4,5
4,7797,2034,2029,5,5
4,7798,2034,2030,4,5
4,7799,2034,2030,4,5
4,7800,2034,2030,4,5
4,7801,2034,2030,4,5
4,7802,2034,2030,4,5
4,7803,2034,2030,4,5
4,7804,2034,2030,4,5
4,7805,2034,2030,4,5
4,7806,2034,2030,4,5
4,7807,2034,2030,4,5
4,7808,2034,2030,4,5
4,7809,2034,2030,4,5
4,7810,2034,2030,4,5
4,7811,2034,2030,4,5
4,7812,2034,2030,4,5
4,7813,2034,2030,4,5
4,7814,2034,2030,4,5
4,7815,2034,2030,4,5
4,7816,2034,2030,4,5
4,7817,2034,2030,4,5
4,7818,2034,2030,4,5
4,7819,2034,2030,4,5
4,7820,2034,2030,4,5
4,7821,2034,2030,4,5
4,7822,2034,2030,4,5
4,7823,2034,2030,4,5
4,7824,2034,2030,4,5
4,7825,2034,2030,4,5
4,7826,2034,2030,4,5
4,7827,2034,2030,4,5
4,7828,2034,2030,4,5
4,7829,2034,2030,4,5
4,7830,2034,2030,4,5
4,7831,2034,2030,4,5
4,7832,2034,2030,4,5
4,7833,2034,2030,4,5
4,7834,2034,2030,4,5
4,7835,2034,2030,4,5
4,7836,2034,2030,4,5
4,7837,2034,2030,4,5
4,7838,2034,2030,4,5
4,7839,2034,2030,4,5
4,7840,2034,2030,4,5
4,7841,2034,2030,4,5
4,7842,2034,2030,4,5
4,7843,2034,2030,4,5
4,7844,2034,2030,4,5
4,7845,2034,2030,4,5
4,7846,2034,2030,4,5
4,7847,2034,2030,4,5
4,7848,2034,2030,4,5
4,7849,2034,2030,4,5
4,7850,2034,2030,4,5
4,7851,2034,2030,4,5
4,7852,2034,2030,4,5
4,7853,2034,2029,5,5
4,7854,2034,2030,4,5
4,7855,2034,2030,4,5
4,7856,2034,2030,4,5
4,7857,2034,2030,4,5
4,7858,2034,2030,4,5
4,7859,2034,2030,4,5
4,7860,2034,2030,4,5
4,7861,2034,2030,4,5
4,7862,2034,2030,4,5
4,7863,2034,2030,4,5
4,7864,2034,2030,4,5
4,7865,2034,2030,4,5
4,7866,2034,2030,4,5
4,7867,2034,2030,4,5
4,7868,2034,2030,4,5
4,7869,2034,2030,4,5
4,7870,2034,2030,4,5
4,7871,2034,2030,4,5
4,7872,2034,2030,4,5
4,7873,2034,2030,4,5
4,7874,2034,2030,4,5
4,7875,2034,2030,4,5
4,7876,2034,2030,4,5
4,7877,2034,2030,4,5
4,7878,2034,2030,4,5
4,7879,2034,2030,4,5
4,7880,2034,2029,5,5
4,7881,2034,2030,4,5
4,7882,2034,2030,4,5
4,7883,2034,2030,4,5
4,7884,2034,2030,4,5
4,7885,2034,2030,4,5
4,7886,2034,2030,4,5
4,7887,2034,2030,4,5
4,7888,2034,2030,4,5
4,7889,2034,2030,4,5
4,7890,2034,2030,4,5
4,7891,2034,2030,4,5
4,7892,2034,2030,4,5
4,7893,2034,2030,4,5
4,7894,2034,2030,4,5
4,7895,2034,2030,4,5
4,7896,2034,2030,4,5
4,7897,2034,2030,4,5
4,7898,2034,2030,4,5
4,7899,2034,2030,4,5
4,7900,2034,2030,4,5
4,7901,2034,2030,4,5
4,7902,2034,2030,4,5
4,7903,2034,2030,4,5
4,7904,2034,2030,4,5
4,7905,2034,2030,4,5
4,7906,2034,2030,4,5
4,7907,2034,2030,4,5
4,7908,2034,2030,4,5
4,7909,2034,2030,4,5
4,7910,2034,2029,5,5
4,7911,2034,2030,4,5
4,7912,2034,2030,4,5
4,7913,2034,2030,4,5
4,7914,2034,2030,4,5
4,7915,2034,2030,4,5
4,7916,2034,2030,4,5
4,7917,2034,2030,4,5
4,7918,2034,2030,4,5
4,7919,2034,2030,4,5
4,7920,2034,2030,4,5
4,7921,2034,2030,4,5
4,7922,2034,2030,4,5
4,7923,2034,2030,4,5
4,7924,2034,2030,4,5
4,7925,2034,2030,4,5
4,7926,2034,2030,4,5
4,7927,2034,2030,4,5
4,7928,2034,2030,4,5
4,7929,2034,2030,4,5
4,7930,2034,2030,4,5
4,7931,2034,2030,4,5
4,7932,2034,2030,4,5
4,7933,2034,2030,4,5
4,7934,2034,2030,4,5
4,7935,2034,2030,4,5
4,7936,2034,2030,4,5
4,7937,2034,2030,4,5
4,7938,2034,2030,4,5
4,7939,2034,2030,4,5
4,7940,2034,2030,4,5
4,7941,2034,2030,4,5
4,7942,2034,2030,4,5
4,7943,2034,2030,4,5
4,7944,2034,2030,4,5
4,7945,2034,2030,4,5
4,7946,2034,2030,4,5
4,7947,2034,2030,4,5
4,7948,2034,2030,4,5
4,7949,2034,2030,4,5
4,7950,2034,2029,5,5
4,7951,2034,2030,4,5
4,7952,2034,2029,5,5
4,7953,2034,2030,4,5
4,7954,2034,2030,4,5
4,7955,2034,2030,4,5
4,7956,2034,2030,4,5
4,7957,2034,2030,4,5
4,7958,2034,2030,4,5
4,7959,2034,2030,4,5
4,7960,2034,2030,4,5
4,7961,2034,2030,4,5
4,7962,2034,2030,4,5
4,7963,2034,2030,4,5
4,7964,2034,2030,4,5
4,7965,2034,2030,4,5
4,7966,2034,2030,4,5
4,7967,2034,2030,4,5
4,7968,2034,2030,4,5
4,7969,2034,2030,4,5
4,7970,2034,2030,4,5
4,7971,2034,2030,4,5
4,7972,2034,2030,4,5
4,7973,2034,2029,5,5
4,7974,2034,2030,4,5
4,7975,2034,2030,4,5
4,7976,2034,2030,4,5
4,7977,2034,2030,4,5
4,7978,2034,2030,4,5
4,7979,2034,2030,4,5
4,7980,2034,2030,4,5
4,7981,2034,2030,4,5
4,7982,2034,2030,4,5
4,7983,2034,2030,4,5
4,7984,2034,2030,4,5
4,7985,2034,2030,4,5
4,7986,2034,2030,4,5
4,7987,2034,2030,4,5
4,7988,2034,2030,4,5
4,7989,2034,2030,4,5
4,7990,2034,2030,4,5
4,7991,2034,2030,4,5
4,7992,2034,2030,4,5
4,7993,2034,2030,4,5
4,7994,2034,2030,4,5
4,7995,2034,2030,4,5
4,7996,2034,2030,4,5
4,7997,2034,2030,4,5
4,7998,2034,2030,4,5
4,7999,2034,2030,4,5
4,8000,2034,2030,4,5
4,8001,2034,2030,4,5
4,8002,2034,2030,4,5
4,8003,2034,2030,4,5
4,8004,2034,2030,4,5
4,8005,2034,2030,4,5
4,8006,2034,2030,4,5
4,8007,2034,2030,4,5
4,8008,2034,2030,4,5
4,8009,2034,2030,4,5
4,8010,2034,2030,4,5
4,8011,2034,2030,4,5
4,8012,2034,2030,4,5
4,8013,2034,2030,4,5
4,8014,2034,2030,4,5
4,8015,2034,2030,4,5
4,8016,2034,2030,4,5
4,8017,2034,2030,4,5
4,8018,2034,2030,4,5
4,8019,2034,2030,4,5
4,8020,2034,2030,4,5
4,8021,2034,2030,4,5
4,8022,2034,2030,4,5
4,8023,2034,2030,4,5
4,8024,2034,2030,4,5
4,8025,2034,2030,4,5
4,8026,2034,2030,4,5
4,8027,2034,2030,4,5
4,8028,2034,2030,4,5
4,8029,2034,2029,5,5
4,8030,2034,2030,4,5
4,8031,2034,2030,4,5
4,8032,2034,2030,4,5
4,8033,2034,2030,4,5
4,8034,2034,2030,4,5
4,8035,2034,2030,4,5
4,8036,2034,2030,4,5
4,8037,2034,2030,4,5
4,8038,2034,2030,4,5
4,8039,2034,2030,4,5
4,8040,2034,2030,4,5
4,8041,2034,2030,4,5
4,8042,2034,2030,4,5
4,8043,2034,2030,4,5
4,8044,2034,2030,4,5
4,8045,2034,2030,4,5
4,8046,2034,2030,4,5
4,8047,2034,2030,4,5
4,8048,2034,2030,4,5
4,8049,2034,2030,4,5
4,8050,2034,2030,4,5
4,8051,2034,2030,4,5
4,8052,2034,2030,4,5
4,8053,2034,2029,5,5
4,8054,2034,2030,4,5
4,8055,2034,2030,4,5
4,8056,2034,2030,4,5
4,8057,2034,2030,4,5
4,8058,2034,2029,5,5
4,8059,2034,2030,4,5
4,8060,2034,2030,4,5
4,8061,2034,2030,4,5
4,8062,2034,2030,4,5
4,8063,2034,2030,4,5
4,8064,2034,2030,4,5
4,8065,2034,2030,4,5
4,8066,2034,2030,4,5
4,8067,2034,2030,4,5
4,8068,2034,2030,4,5
4,8069,2034,2030,4,5
4,8070,2034,2030,4,5
4,8071,2034,2030,4,5
4,8072,2034,2030,4,5
4,8073,2034,2030,4,5
4,8074,2034,2030,4,5
4,8075,2034,2030,4,5
4,8076,2034,2030,4,5
4,8077,2034,2030,4,5
4,8078,2034,2030,4,5
4,8079,2034,2030,4,5
4,8080,2034,2030,4,5
4,8081,2034,2030,4,5
4,8082,2034,2030,4,5
4,8083,2034,2030,4,5
4,8084,2034,2030,4,5
4,8085,2034,2030,4,5
4,8086,2034,2030,4,5
4,8087,2034,2030,4,5
4,8088,2034,2029,5,5
4,8089,2034,2030,4,5
4,8090,2034,2030,4,5
4,8091,2034,2030,4,5
4,8092,2034,2030,4,5
4,8093,2034,2030,4,5
4,8094,2034,2030,4,5
4,8095,2034,2030,4,5
4,8096,2034,2030,4,5
4,8097,2034,2030,4,5
4,8098,2034,2030,4,5
4,8099,2034,2030,4,5
4,8100,2034,2030,4,5
4,8101,2034,2030,4,5
4,8102,2034,2030,4,5
4,8103,2034,2030,4,5
4,8104,2034,2030,4,5
4,8105,2034,2030,4,5
4,8106,2034,2030,4,5
4,8107,2034,2030,4,5
4,8108,2034,2030,4,5
4,8109,2034,2030,4,5
4,8110,2034,2030,4,5
4,8111,2034,2030,4,5
4,8112,2034,2030,4,5
4,8113,2034,2030,4,5
4,8114,2034,2030,4,5
4,8115,2034,2030,4,5
4,8116,2034,2030,4,5
4,8117,2034,2030,4,5
4,8118,2034,2030,4,5
4,8119,2034,2030,4,5
4,8120,2034,2030,4,5
4,8121,2034,2030,4,5
4,8122,2034,2030,4,5
4,8123,2034,2030,4,5
4,8124,2034,2030,4,5
4,8125,2034,2030,4,5
4,8126,2034,2030,4,5
4,8127,2034,2030,4,5
4,8128,2034,2030,4,5
4,8129,2034,2030,4,5
4,8130,2034,2030,4,5
4,8131,2034,2030,4,5
4,8132,2034,2030,4,5
4,8133,2034,2030,4,5
4,8134,2034,2030,4,5
4,8135,2034,2030,4,5
4,8136,2034,2030,4,5
4,8137,2034,2030,4,5
4,8138,2034,2030,4,5
4,8139,2034,2030,4,5
4,8140,2034,2030,4,5
4,8141,2034,2029,5,5
4,8142,2034,2030,4,5
4,8143,2034,2030,4,5
4,8144,2034,2029,5,5
4,8145,2034,2030,4,5
4,8146,2034,2030,4,5
4,8147,2034,2030,4,5
4,8148,2034,2030,4,5
4,8149,2034,2030,4,5
4,8150,2034,2030,4,5
4,8151,2034,2030,4,5
4,8152,2034,2030,4,5
4,8153,2034,2030,4,5
4,8154,2034,2030,4,5
4,8155,2034,2030,4,5
4,8156,2034,2030,4,5
4,8157,2034,2030,4,5
4,8158,2034,2030,4,5
4,8159,2034,2030,4,5
4,8160,2034,2030,4,5
4,8161,2034,2030,4,5
4,8162,2034,2030,4,5
4,8163,2034,2030,4,5
4,8164,2034,2030,4,5
4,8165,2034,2030,4,5
4,8166,2034,2030,4,5
4,8167,2034,2030,4,5
4,8168,2034,2030,4,5
4,8169,2034,2030,4,5
4,8170,2034,2030,4,5
4,8171,2034,2030,4,5
4,8172,2034,2030,4,5
4,8173,2034,2030,4,5
4,8174,2034,2029,5,5
4,8175,2034,2029,5,5
4,8176,2034,2030,4,5
4,8177,2034,2030,4,5
4,8178,2034,2030,4,5
4,8179,2034,2030,4,5
4,8180,2034,2030,4,5
4,8181,2034,2030,4,5
4,8182,2034,2030,4,5
4,8183,2034,2030,4,5
4,8184,2034,2030,4,5
4,8185,2034,2030,4,5
4,8186,2034,2030,4,5
4,8187,2034,2030,4,5
4,8188,2034,2030,4,5
4,8189,2034,2030,4,5
4,8190,2034,2030,4,5
4,8191,2034,2030,4,5
4,8192,2034,2030,4,5
4,8193,2034,2030,4,5
4,8194,2034,2030,4,5
4,8195,2034,2030,4,5
4,8196,2034,2030,4,5
4,8197,2034,2030,4,5
4,8198,2034,2030,4,5
4,8199,2034,2030,4,5
4,8200,2034,2030,4,5
4,8201,2034,2030,4,5
4,8202,2034,2030,4,5
4,8203,2034,2030,4,5
4,8204,2034,2030,4,5
4,8205,2034,2030,4,5
4,8206,2034,2030,4,5
4,8207,2034,2030,4,5
4,8208,2034,2030,4,5
4,8209,2034,2030,4,5
4,8210,2034,2030,4,5
4,8211,2034,2029,5,5
4,8212,2034,2030,4,5
4,8213,2034,2030,4,5
4,8214,2034,2030,4,5
4,8215,2034,2030,4,5
4,8216,2034,2030,4,5
4,8217,2034,2030,4,5
4,8218,2034,2030,4,5
4,8219,2034,2030,4,5
4,8220,2034,2030,4,5
4,8221,2034,2030,4,5
4,8222,2034,2030,4,5
4,8223,2034,2030,4,5
4,8224,2034,2030,4,5
4,8225,2034,2030,4,5
4,8226,2034,2030,4,5
4,8227,2034,2030,4,5
4,8228,2034,2030,4,5
4,8229,2034,2030,4,5
4,8230,2034,2030,4,5
4,8231,2034,2030,4,5
4,8232,2034,2030,4,5
4,8233,2034,2030,4,5
4,8234,2034,2030,4,5
4,8235,2034,2030,4,5
4,8236,2034,2030,4,5
4,8237,2034,2030,4,5
4,8238,2034,2030,4,5
4,8239,2034,2030,4,5
4,8240,2034,2030,4,5
4,8241,2034,2030,4,5
4,8242,2034,2030,4,5
4,8243,2034,2030,4,5
4,8244,2034,2030,4,5
4,8245,2034,2030,4,5
4,8246,2034,2030,4,5
4,8247,2034,2030,4,5
4,8248,2034,2030,4,5
4,8249,2034,2030,4,5
4,8250,2034,2030,4,5
4,8251,2034,2030,4,5
4,8252,2034,2030,4,5
4,8253,2034,2030,4,5
4,8254,2034,2030,4,5
4,8255,2034,2030,4,5
4,8256,2034,2030,4,5
4,8257,2034,2030,4,5
4,8258,2034,2030,4,5
4,8259,2034,2030,4,5
4,8260,2034,2030,4,5
4,8261,2034,2030,4,5
4,8262,2034,2030,4,5
4,8263,2034,2030,4,5
4,8264,2034,2030,4,5
4,8265,2034,2030,4,5
4,8266,2034,2030,4,5
4,8267,2034,2030,4,5
4,8268,2034,2030,4,5
4,8269,2034,2030,4,5
4,8270,2034,2030,4,5
4,8271,2034,2030,4,5
4,8272,2034,2030,4,5
4,8273,2034,2030,4,5
4,8274,2034,2030,4,5
4,8275,2034,2030,4,5
4,8276,2034,2030,4,5
4,8277,2034,2030,4,5
4,8278,2034,2030,4,5
4,8279,2034,2030,4,5
4,8280,2034,2030,4,5
4,8281,2034,2030,4,5
4,8282,2034,2030,4,5
4,8283,2034,2030,4,5
4,8284,2034,2030,4,5
4,8285,2034,2030,4,5
4,8286,2034,2029,5,5
4,8287,2034,2030,4,5
4,8288,2034,2030,4,5
4,8289,2034,2030,4,5
4,8290,2034,2030,4,5
4,8291,2034,2030,4,5
4,8292,2034,2030,4,5
4,8293,2034,2030,4,5
4,8294,2034,2030,4,5
4,8295,2034,2030,4,5
4,8296,2034,2030,4,5
4,8297,2034,2030,4,5
4,8298,2034,2030,4,5
4,8299,2034,2030,4,5
4,8300,2034,2030,4,5
4,8301,2034,2030,4,5
4,8302,2034,2030,4,5
4,8303,2034,2030,4,5
4,8304,2034,2030,4,5
4,8305,2034,2030,4,5
4,8306,2034,2030,4,5
4,8307,2034,2030,4,5
4,8308,2034,2030,4,5
4,8309,2034,2030,4,5
4,8310,2034,2029,5,5
4,8311,2034,2030,4,5
4,8312,2034,2030,4,5
4,8313,2034,2030,4,5
4,8314,2034,2030,4,5
4,8315,2034,2030,4,5
4,8316,2034,2030,4,5
4,8317,2034,2030,4,5
4,8318,2034,2030,4,5
4,8319,2034,2030,4,5
4,8320,2034,2030,4,5
4,8321,2034,2030,4,5
4,8322,2034,2030,4,5
4,8323,2034,2030,4,5
4,8324,2034,2030,4,5
4,8325,2034,2030,4,5
4,8326,2034,2030,4,5
4,8327,2034,2030,4,5
4,8328,2034,2030,4,5
4,8329,2034,2030,4,5
4,8330,2034,2030,4,5
4,8331,2034,2030,4,5
4,8332,2034,2030,4,5
4,8333,2034,2030,4,5
4,8334,2034,2030,4,5
4,8335,2034,2030,4,5
4,8336,2034,2030,4,5
4,8337,2034,2030,4,5
4,8338,2034,2030,4,5
4,8339,2034,2030,4,5
4,8340,2034,2030,4,5
4,8341,2034,2030,4,5
4,8342,2034,2030,4,5
4,8343,2034,2030,4,5
4,8344,2034,2030,4,5
4,8345,2034,2030,4,5
4,8346,2034,2030,4,5
4,8347,2034,2030,4,5
4,8348,2034,2030,4,5
4,8349,2034,2030,4,5
4,8350,2034,2030,4,5
4,8351,2034,2030,4,5
4,8352,2034,2030,4,5
4,8353,2034,2030,4,5
4,8354,2034,2030,4,5
4,8355,2034,2030,4,5
4,8356,2034,2030,4,5
4,8357,2034,2030,4,5
4,8358,2034,2030,4,5
4,8359,2034,2030,4,5
4,8360,2034,2030,4,5
4,8361,2034,2030,4,5
4,8362,2034,2030,4,5
4,8363,2034,2030,4,5
4,8364,2034,2030,4,5
4,8365,2034,2030,4,5
4,8366,2034,2030,4,5
4,8367,2034,2030,4,5
4,8368,2034,2029,5,5
4,8369,2034,2030,4,5
4,8370,2034,2030,4,5
4,8371,2034,2030,4,5
4,8372,2034,2030,4,5
4,8373,2034,2030,4,5
4,8374,2034,2030,4,5
4,8375,2034,2030,4,5
4,8376,2034,2030,4,5
4,8377,2034,2030,4,5
4,8378,2034,2030,4,5
4,8379,2034,2030,4,5
4,8380,2034,2030,4,5
4,8381,2034,2030,4,5
4,8382,2034,2030,4,5
4,8383,2034,2030,4,5
4,8384,2034,2030,4,5
4,8385,2034,2030,4,5
4,8386,2034,2030,4,5
4,8387,2034,2030,4,5
4,8388,2034,2030,4,5
4,8389,2034,2030,4,5
4,8390,2034,2030,4,5
4,8391,2034,2030,4,5
4,8392,2034,2030,4,5
4,8393,2034,2030,4,5
4,8394,2034,2029,5,5
4,8395,2034,2030,4,5
4,8396,2034,2030,4,5
4,8397,2034,2030,4,5
4,8398,2034,2030,4,5
4,8399,2034,2030,4,5
4,8400,2034,2030,4,5
4,8401,2034,2030,4,5
4,8402,2034,2030,4,5
4,8403,2034,2030,4,5
4,8404,2034,2030,4,5
4,8405,2034,2030,4,5
4,8406,2034,2030,4,5
4,8407,2034,2030,4,5
4,8408,2034,2030,4,5
4,8409,2034,2030,4,5
4,8410,2034,2030,4,5
4,8411,2034,2030,4,5
4,8412,2034,2030,4,5
4,8413,2034,2030,4,5
4,8414,2034,2030,4,5
4,8415,2034,2030,4,5
4,8416,2034,2030,4,5
4,8417,2034,2030,4,5
4,8418,2034,2030,4,5
4,8419,2034,2030,4,5
4,8420,2034,2030,4,5
4,8421,2034,2030,4,5
4,8422,2034,2030,4,5
4,8423,2034,2030,4,5
4,8424,2034,2029,5,5
4,8425,2034,2030,4,5
4,8426,2034,2030,4,5
4,8427,2034,2030,4,5
4,8428,2034,2030,4,5
4,8429,2034,2030,4,5
4,8430,2034,2030,4,5
4,8431,2034,2029,5,5
4,8432,2034,2030,4,5
4,8433,2034,2030,4,5
4,8434,2034,2030,4,5
4,8435,2034,2030,4,5
4,8436,2034,2030,4,5
4,8437,2034,2030,4,5
4,8438,2034,2029,5,5
4,8439,2034,2030,4,5
4,8440,2034,2030,4,5
4,8441,2034,2030,4,5
4,8442,2034,2030,4,5
4,8443,2034,2030,4,5
4,8444,2034,2030,4,5
4,8445,2034,2030,4,5
4,8446,2034,2030,4,5
4,8447,2034,2030,4,5
4,8448,2034,2030,4,5
4,8449,2034,2030,4,5
4,8450,2034,2030,4,5
4,8451,2034,2030,4,5
4,8452,2034,2030,4,5
4,8453,2034,2030,4,5
4,8454,2034,2030,4,5
4,8455,2034,2030,4,5
4,8456,2034,2030,4,5
4,8457,2034,2030,4,5
4,8458,2034,2030,4,5
4,8459,2034,2030,4,5
4,8460,2034,2030,4,5
4,8461,2034,2030,4,5
4,8462,2034,2030,4,5
4,8463,2034,2030,4,5
4,8464,2034,2030,4,5
4,8465,2034,2030,4,5
4,8466,2034,2030,4,5
4,8467,2034,2030,4,5
4,8468,2034,2030,4,5
4,8469,2034,2030,4,5
4,8470,2034,2030,4,5
4,8471,2034,2030,4,5
4,8472,2034,2030,4,5
4,8473,2034,2030,4,5
4,8474,2034,2030,4,5
4,8475,2034,2030,4,5
4,8476,2034,2030,4,5
4,8477,2034,2030,4,5
4,8478,2034,2030,4,5
4,8479,2034,2030,4,5
4,8480,2034,2030,4,5
4,8481,2034,2030,4,5
4,8482,2034,2030,4,5
4,8483,2034,2030,4,5
4,8484,2034,2030,4,5
4,8485,2034,2030,4,5
4,8486,2034,2030,4,5
4,8487,2034,2030,4,5
4,8488,2034,2030,4,5
4,8489,2034,2030,4,5
4,8490,2034,2030,4,5
4,8491,2034,2030,4,5
4,8492,2034,2030,4,5
4,8493,2034,2030,4,5
4,8494,2034,2030,4,5
4,8495,2034,2030,4,5
4,8496,2034,2030,4,5
4,8497,2034,2030,4,5
4,8498,2034,2030,4,5
4,8499,2034,2030,4,5
4,8500,2034,2030,4,5
4,8501,2034,2029,5,5
4,8502,2034,2029,5,5
4,8503,2034,2030,4,5
4,8504,2034,2030,4,5
4,8505,2034,2030,4,5
4,8506,2034,2030,4,5
4,8507,2034,2030,4,5
4,8508,2034,2030,4,5
4,8509,2034,2030,4,5
4,8510,2034,2030,4,5
4,8511,2034,2030,4,5
4,8512,2034,2030,4,5
4,8513,2034,2030,4,5
4,8514,2034,2030,4,5
4,8515,2034,2030,4,5
4,8516,2034,2030,4,5
4,8517,2034,2030,4,5
4,8518,2034,2030,4,5
4,8519,2034,2030,4,5
4,8520,2034,2030,4,5
4,8521,2034,2029,5,5
4,8522,2034,2030,4,5
4,8523,2034,2030,4,5
4,8524,2034,2030,4,5
4,8525,2034,2030,4,5
4,8526,2034,2030,4,5
4,8527,2034,2030,4,5
4,8528,2034,2030,4,5
4,8529,2034,2030,4,5
4,8530,2034,2030,4,5
4,8531,2034,2030,4,5
4,8532,2034,2030,4,5
4,8533,2034,2030,4,5
4,8534,2034,2030,4,5
4,8535,2034,2030,4,5
4,8536,2034,2030,4,5
4,8537,2034,2030,4,5
4,8538,2034,2030,4,5
4,8539,2034,2029,5,5
4,8540,2034,2030,4,5
4,8541,2034,2030,4,5
4,8542,2034,2030,4,5
4,8543,2034,2030,4,5
4,8544,2034,2030,4,5
4,8545,2034,2030,4,5
4,8546,2034,2030,4,5
4,8547,2034,2030,4,5
4,8548,2034,2030,4,5
4,8549,2034,2030,4,5
4,8550,2034,2030,4,5
4,8551,2034,2030,4,5
4,8552,2034,2030,4,5
4,8553,2034,2030,4,5
4,8554,2034,2030,4,5
4,8555,2034,2030,4,5
4,8556,2034,2030,4,5
4,8557,2034,2030,4,5
4,8558,2034,2030,4,5
4,8559,2034,2030,4,5
4,8560,2034,2030,4,5
4,8561,2034,2029,5,5
4,8562,2034,2030,4,5
4,8563,2034,2030,4,5
4,8564,2034,2030,4,5
4,8565,2034,2030,4,5
4,8566,2034,2030,4,5
4,8567,2034,2029,5,5
4,8568,2034,2030,4,5
4,8569,2034,2030,4,5
4,8570,2034,2030,4,5
4,8571,2034,2030,4,5
4,8572,2034,2030,4,5
4,8573,2034,2029,5,5
4,8574,2034,2030,4,5
4,8575,2034,2030,4,5
4,8576,2034,2030,4,5
4,8577,2034,2030,4,5
4,8578,2034,2030,4,5
4,8579,2034,2030,4,5
4,8580,2034,2030,4,5
4,8581,2034,2030,4,5
4,8582,2034,2030,4,5
4,8583,2034,2030,4,5
4,8584,2034,2030,4,5
4,8585,2034,2030,4,5
4,8586,2034,2030,4,5
4,8587,2034,2030,4,5
4,8588,2034,2030,4,5
4,8589,2034,2029,5,5
4,8590,2034,2030,4,5
4,8591,2034,2030,4,5
4,8592,2034,2030,4,5
4,8593,2034,2030,4,5
4,8594,2034,2029,5,5
4,8595,2034,2030,4,5
4,8596,2034,2030,4,5
4,8597,2034,2030,4,5
4,8598,2034,2030,4,5
4,8599,2034,2030,4,5
4,8600,2034,2030,4,5
4,8601,2034,2030,4,5
4,8602,2034,2030,4,5
4,8603,2034,2030,4,5
4,8604,2034,2030,4,5
4,8605,2034,2030,4,5
4,8606,2034,2030,4,5
4,8607,2034,2030,4,5
4,8608,2034,2030,4,5
4,8609,2034,2030,4,5
4,8610,2034,2030,4,5
4,8611,2034,2030,4,5
4,8612,2034,2030,4,5
4,8613,2034,2030,4,5
4,8614,2034,2030,4,5
4,8615,2034,2030,4,5
4,8616,2034,2030,4,5
4,8617,2034,2030,4,5
4,8618,2034,2030,4,5
4,8619,2034,2030,4,5
4,8620,2034,2030,4,5
4,8621,2034,2030,4,5
4,8622,2034,2030,4,5
4,8623,2034,2030,4,5
4,8624,2034,2030,4,5
4,8625,2034,2029,5,5
4,8626,2034,2030,4,5
4,8627,2034,2030,4,5
4,8628,2034,2030,4,5
4,8629,2034,2030,4,5
4,8630,2034,2030,4,5
4,8631,2034,2030,4,5
4,8632,2034,2030,4,5
4,8633,2034,2030,4,5
4,8634,2034,2030,4,5
4,8635,2034,2030,4,5
4,8636,2034,2030,4,5
4,8637,2034,2030,4,5
4,8638,2034,2030,4,5
4,8639,2034,2030,4,5
4,8640,2034,2030,4,5
4,8641,2034,2030,4,5
4,8642,2034,2030,4,5
4,8643,2034,2030,4,5
4,8644,2034,2030,4,5
4,8645,2034,2030,4,5
4,8646,2034,2030,4,5
4,8647,2034,2030,4,5
4,8648,2034,2030,4,5
4,8649,2034,2030,4,5
4,8650,2034,2030,4,5
4,8651,2034,2030,4,5
4,8652,2034,2030,4,5
4,8653,2034,2030,4,5
4,8654,2034,2030,4,5
4,8655,2034,2030,4,5
4,8656,2034,2030,4,5
4,8657,2034,2030,4,5
4,8658,2034,2030,4,5
4,8659,2034,2030,4,5
4,8660,2034,2029,5,5
4,8661,2034,2030,4,5
4,8662,2034,2030,4,5
4,8663,2034,2030,4,5
4,8664,2034,2030,4,5
4,8665,2034,2030,4,5
4,8666,2034,2030,4,5
4,8667,2034,2030,4,5
4,8668,2034,2030,4,5
4,8669,2034,2030,4,5
4,8670,2034,2030,4,5
4,8671,2034,2030,4,5
4,8672,2034,2030,4,5
4,8673,2034,2029,5,5
4,8674,2034,2030,4,5
4,8675,2034,2030,4,5
4,8676,2034,2030,4,5
4,8677,2034,2030,4,5
4,8678,2034,2030,4,5
4,8679,2034,2030,4,5
4,8680,2034,2030,4,5
4,8681,2034,2030,4,5
4,8682,2034,2030,4,5
4,8683,2034,2030,4,5
4,8684,2034,2030,4,5
4,8685,2034,2030,4,5
4,8686,2034,2030,4,5
4,8687,2034,2030,4,5
4,8688,2034,2030,4,5
4,8689,2034,2030,4,5
4,8690,2034,2030,4,5
4,8691,2034,2030,4,5
4,8692,2034,2030,4,5
4,8693,2034,2030,4,5
4,8694,2034,2030,4,5
4,8695,2034,2030,4,5
4,8696,2034,2030,4,5
4,8697,2034,2030,4,5
4,8698,2034,2030,4,5
4,8699,2034,2030,4,5
4,8700,2034,2030,4,5
4,8701,2034,2029,5,5
4,8702,2034,2030,4,5
4,8703,2034,2030,4,5
4,8704,2034,2030,4,5
4,8705,2034,2030,4,5
4,8706,2034,2030,4,5
4,8707,2034,2030,4,5
4,8708,2034,2029,5,5
4,8709,2034,2030,4,5
4,8710,2034,2030,4,5
4,8711,2034,2030,4,5
4,8712,2034,2030,4,5
4,8713,2034,2030,4,5
4,8714,2034,2030,4,5
4,8715,2034,2030,4,5
4,8716,2034,2030,4,5
4,8717,2034,2030,4,5
4,8718,2034,2030,4,5
4,8719,2034,2030,4,5
4,8720,2034,2030,4,5
4,8721,2034,2030,4,5
4,8722,2034,2030,4,5
4,8723,2034,2030,4,5
4,8724,2034,2030,4,5
4,8725,2034,2030,4,5
4,8726,2034,2030,4,5
4,8727,2034,2030,4,5
4,8728,2034,2030,4,5
4,8729,2034,2030,4,5
4,8730,2034,2030,4,5
4,8731,2034,2030,4,5
4,8732,2034,2030,4,5
4,8733,2034,2030,4,5
4,8734,2034,2030,4,5
4,8735,2034,2030,4,5
4,8736,2034,2030,4,5
4,8737,2034,2030,4,5
4,8738,2034,2030,4,5
4,8739,2034,2030,4,5
4,8740,2034,2030,4,5
4,8741,2034,2030,4,5
4,8742,2034,2030,4,5
4,8743,2034,2030,4,5
4,8744,2034,2030,4,5
4,8745,2034,2030,4,5
4,8746,2034,2030,4,5
4,8747,2034,2030,4,5
4,8748,2034,2030,4,5
4,8749,2034,2030,4,5
4,8750,2034,2030,4,5
4,8751,2034,2030,4,5
4,8752,2034,2030,4,5
4,8753,2034,2030,4,5
4,8754,2034,2030,4,5
4,8755,2034,2030,4,5
4,8756,2034,2030,4,5
4,8757,2034,2030,4,5
4,8758,2034,2030,4,5
4,8759,2034,2030,4,5
4,8760,2034,2030,4,5
4,8761,2034,2030,4,5
4,8762,2034,2030,4,5
4,8763,2034,2030,4,5
4,8764,2034,2030,4,5
4,8765,2034,2030,4,5
4,8766,2034,2030,4,5
4,8767,2034,2030,4,5
4,8768,2034,2030,4,5
4,8769,2034,2030,4,5
4,8770,2034,2029,5,5
4,8771,2034,2030,4,5
4,8772,2034,2030,4,5
4,8773,2034,2030,4,5
4,8774,2034,2030,4,5
4,8775,2034,2030,4,5
4,8776,2034,2030,4,5
4,8777,2034,2030,4,5
4,8778,2034,2030,4,5
4,8779,2034,2030,4,5
4,8780,2034,2030,4,5
4,8781,2034,2029,5,5
4,8782,2034,2030,4,5
4,8783,2034,2030,4,5
4,8784,2034,2030,4,5
4,8785,2034,2030,4,5
4,8786,2034,2030,4,5
4,8787,2034,2030,4,5
4,8788,2034,2030,4,5
4,8789,2034,2030,4,5
4,8790,2034,2030,4,5
4,8791,2034,2030,4,5
4,8792,2034,2030,4,5
4,8793,2034,2030,4,5
4,8794,2034,2030,4,5
4,8795,2034,2030,4,5
4,8796,2034,2030,4,5
4,8797,2034,2030,4,5
4,8798,2034,2030,4,5
4,8799,2034,2030,4,5
4,8800,2034,2030,4,5
4,8801,2034,2030,4,5
4,8802,2034,2030,4,5
4,8803,2034,2030,4,5
4,8804,2034,2030,4,5
4,8805,2034,2030,4,5
4,8806,2034,2030,4,5
4,8807,2034,2030,4,5
4,8808,2034,2030,4,5
4,8809,2034,2029,5,5
4,8810,2034,2030,4,5
4,8811,2034,2030,4,5
4,8812,2034,2030,4,5
4,8813,2034,2030,4,5
4,8814,2034,2029,5,5
4,8815,2034,2030,4,5
4,8816,2034,2030,4,5
4,8817,2034,2030,4,5
4,8818,2034,2030,4,5
4,8819,2034,2030,4,5
4,8820,2034,2030,4,5
4,8821,2034,2030,4,5
4,8822,2034,2030,4,5
4,8823,2034,2030,4,5
4,8824,2034,2030,4,5
4,8825,2034,2030,4,5
4,8826,2034,2029,5,5
4,8827,2034,2030,4,5
4,8828,2034,2030,4,5
4,8829,2034,2030,4,5
4,8830,2034,2030,4,5
4,8831,2034,2030,4,5
4,8832,2034,2030,4,5
4,8833,2034,2030,4,5
4,8834,2034,2030,4,5
4,8835,2034,2030,4,5
4,8836,2034,2030,4,5
4,8837,2034,2030,4,5
4,8838,2034,2029,5,5
4,8839,2034,2030,4,5
4,8840,2034,2030,4,5
4,8841,2034,2030,4,5
4,8842,2034,2030,4,5
4,8843,2034,2030,4,5
4,8844,2034,2030,4,5
4,8845,2034,2030,4,5
4,8846,2034,2030,4,5
4,8847,2034,2030,4,5
4,8848,2034,2030,4,5
4,8849,2034,2030,4,5
4,8850,2034,2030,4,5
4,8851,2034,2030,4,5
4,8852,2034,2030,4,5
4,8853,2034,2029,5,5
4,8854,2034,2030,4,5
4,8855,2034,2030,4,5
4,8856,2034,2030,4,5
4,8857,2034,2030,4,5
4,8858,2034,2030,4,5
4,8859,2034,2030,4,5
4,8860,2034,2029,5,5
4,8861,2034,2030,4,5
4,8862,2034,2030,4,5
4,8863,2034,2030,4,5
4,8864,2034,2030,4,5
4,8865,2034,2030,4,5
4,8866,2034,2030,4,5
4,8867,2034,2030,4,5
4,8868,2034,2030,4,5
4,8869,2034,2030,4,5
4,8870,2034,2030,4,5
4,8871,2034,2030,4,5
4,8872,2034,2030,4,5
4,8873,2034,2030,4,5
4,8874,2034,2030,4,5
4,8875,2034,2030,4,5
4,8876,2034,2030,4,5
4,8877,2034,2030,4,5
4,8878,2034,2030,4,5
4,8879,2034,2030,4,5
4,8880,2034,2030,4,5
4,8881,2034,2030,4,5
4,8882,2034,2030,4,5
4,8883,2034,2030,4,5
4,8884,2034,2030,4,5
4,8885,2034,2030,4,5
4,8886,2034,2030,4,5
4,8887,2034,2030,4,5
4,8888,2034,2030,4,5
4,8889,2034,2030,4,5
4,8890,2034,2030,4,5
4,8891,2034,2030,4,5
4,8892,2034,2030,4,5
4,8893,2034,2030,4,5
4,8894,2034,2030,4,5
4,8895,2034,2030,4,5
4,8896,2034,2030,4,5
4,8897,2034,2030,4,5
4,8898,2034,2030,4,5
4,8899,2034,2030,4,5
4,8900,2034,2030,4,5
4,8901,2034,2030,4,5
4,8902,2034,2030,4,5
4,8903,2034,2030,4,5
4,8904,2034,2030,4,5
4,8905,2034,2030,4,5
4,8906,2034,2030,4,5
4,8907,2034,2030,4,5
4,8908,2034,2030,4,5
4,8909,2034,2030,4,5
4,8910,2034,2030,4,5
4,8911,2034,2030,4,5
4,8912,2034,2030,4,5
4,8913,2034,2030,4,5
4,8914,2034,2029,5,5
4,8915,2034,2030,4,5
4,8916,2034,2030,4,5
4,8917,2034,2030,4,5
4,8918,2034,2030,4,5
4,8919,2034,2030,4,5
4,8920,2034,2030,4,5
4,8921,2034,2030,4,5
4,8922,2034,2030,4,5
4,8923,2034,2030,4,5
4,8924,2034,2030,4,5
4,8925,2034,2030,4,5
4,8926,2034,2030,4,5
4,8927,2034,2030,4,5
4,8928,2034,2030,4,5
4,8929,2034,2030,4,5
4,8930,2034,2030,4,5
4,8931,2034,2030,4,5
4,8932,2034,2030,4,5
4,8933,2034,2030,4,5
4,8934,2034,2030,4,5
4,8935,2034,2030,4,5
4,8936,2034,2030,4,5
4,8937,2034,2030,4,5
4,8938,2034,2030,4,5
4,8939,2034,2030,4,5
4,8940,2034,2030,4,5
4,8941,2034,2030,4,5
4,8942,2034,2030,4,5
4,8943,2034,2030,4,5
4,8944,2034,2030,4,5
4,8945,2034,2030,4,5
4,8946,2034,2030,4,5
4,8947,2034,2030,4,5
4,8948,2034,2030,4,5
4,8949,2034,2030,4,5
4,8950,2034,2030,4,5
4,8951,2034,2030,4,5
4,8952,2034,2030,4,5
4,8953,2034,2030,4,5
4,8954,2034,2030,4,5
4,8955,2034,2030,4,5
4,8956,2034,2030,4,5
4,8957,2034,2030,4,5
4,8958,2034,2030,4,5
4,8959,2034,2029,5,5
4,8960,2034,2030,4,5
4,8961,2034,2030,4,5
4,8962,2034,2030,4,5
4,8963,2034,2030,4,5
4,8964,2034,2030,4,5
4,8965,2034,2030,4,5
4,8966,2034,2030,4,5
4,8967,2034,2030,4,5
4,8968,2034,2030,4,5
4,8969,2034,2030,4,5
4,8970,2034,2030,4,5
4,8971,2034,2030,4,5
4,8972,2034,2030,4,5
4,8973,2034,2030,4,5
4,8974,2034,2030,4,5
4,8975,2034,2030,4,5
4,8976,2034,2030,4,5
4,8977,2034,2030,4,5
4,8978,2034,2030,4,5
4,8979,2034,2030,4,5
4,8980,2034,2029,5,5
4,8981,2034,2030,4,5
4,8982,2034,2030,4,5
4,8983,2034,2030,4,5
4,8984,2034,2030,4,5
4,8985,2034,2030,4,5
4,8986,2034,2030,4,5
4,8987,2034,2030,4,5
4,8988,2034,2030,4,5
4,8989,2034,2030,4,5
4,8990,2034,2030,4,5
4,8991,2034,2030,4,5
4,8992,2034,2029,5,5
4,8993,2034,2030,4,5
4,8994,2034,2030,4,5
4,8995,2034,2030,4,5
4,8996,2034,2030,4,5
4,8997,2034,2030,4,5
4,8998,2034,2030,4,5
4,8999,2034,2030,4,5
4,9000,2034,2030,4,5
4,9001,2034,2030,4,5
4,9002,2034,2030,4,5
4,9003,2034,2030,4,5
4,9004,2034,2030,4,5
4,9005,2034,2030,4,5
4,9006,2034,2030,4,5
4,9007,2034,2030,4,5
4,9008,2034,2029,5,5
4,9009,2034,2030,4,5
4,9010,2034,2030,4,5
4,9011,2034,2030,4,5
4,9012,2034,2030,4,5
4,9013,2034,2030,4,5
4,9014,2034,2030,4,5
4,9015,2034,2030,4,5
4,9016,2034,2030,4,5
4,9017,2034,2030,4,5
4,9018,2034,2030,4,5
4,9019,2034,2030,4,5
4,9020,2034,2030,4,5
4,9021,2034,2030,4,5
4,9022,2034,2030,4,5
4,9023,2034,2030,4,5
4,9024,2034,2030,4,5
4,9025,2034,2030,4,5
4,9026,2034,2030,4,5
4,9027,2034,2030,4,5
4,9028,2034,2030,4,5
4,9029,2034,2030,4,5
4,9030,2034,2030,4,5
4,9031,2034,2030,4,5
4,9032,2034,2030,4,5
4,9033,2034,2030,4,5
4,9034,2034,2030,4,5
4,9035,2034,2030,4,5
4,9036,2034,2030,4,5
4,9037,2034,2030,4,5
4,9038,2034,2030,4,5
4,9039,2034,2030,4,5
4,9040,2034,2030,4,5
4,9041,2034,2030,4,5
4,9042,2034,2030,4,5
4,9043,2034,2030,4,5
4,9044,2034,2030,4,5
4,9045,2034,2030,4,5
4,9046,2034,2030,4,5
4,9047,2034,2029,5,5
4,9048,2034,2030,4,5
4,9049,2034,2030,4,5
4,9050,2034,2030,4,5
4,9051,2034,2030,4,5
4,9052,2034,2030,4,5
4,9053,2034,2030,4,5
4,9054,2034,2030,4,5
4,9055,2034,2030,4,5
4,9056,2034,2029,5,5
4,9057,2034,2030,4,5
4,9058,2034,2030,4,5
4,9059,2034,2030,4,5
4,9060,2034,2030,4,5
4,9061,2034,2030,4,5
4,9062,2034,2030,4,5
4,9063,2034,2030,4,5
4,9064,2034,2030,4,5
4,9065,2034,2030,4,5
4,9066,2034,2030,4,5
4,9067,2034,2030,4,5
4,9068,2034,2030,4,5
4,9069,2034,2030,4,5
4,9070,2034,2030,4,5
4,9071,2034,2030,4,5
4,9072,2034,2030,4,5
4,9073,2034,2030,4,5
4,9074,2034,2030,4,5
4,9075,2034,2030,4,5
4,9076,2034,2030,4,5
4,9077,2034,2030,4,5
4,9078,2034,2030,4,5
4,9079,2034,2030,4,5
4,9080,2034,2029,5,5
4,9081,2034,2030,4,5
4,9082,2034,2030,4,5
4,9083,2034,2030,4,5
4,9084,2034,2030,4,5
4,9085,2034,2030,4,5
4,9086,2034,2030,4,5
4,9087,2034,2030,4,5
4,9088,2034,2030,4,5
4,9089,2034,2030,4,5
4,9090,2034,2030,4,5
4,9091,2034,2030,4,5
4,9092,2034,2030,4,5
4,9093,2034,2030,4,5
4,9094,2034,2030,4,5
4,9095,2034,2030,4,5
4,9096,2034,2030,4,5
4,9097,2034,2030,4,5
4,9098,2034,2030,4,5
4,9099,2034,2030,4,5
4,9100,2034,2030,4,5
4,9101,2034,2030,4,5
4,9102,2034,2030,4,5
4,9103,2034,2029,5,5
4,9104,2034,2030,4,5
4,9105,2034,2030,4,5
4,9106,2034,2030,4,5
4,9107,2034,2030,4,5
4,9108,2034,2030,4,5
4,9109,2034,2030,4,5
4,9110,2034,2030,4,5
4,9111,2034,2030,4,5
4,9112,2034,2030,4,5
4,9113,2034,2030,4,5
4,9114,2034,2030,4,5
4,9115,2034,2030,4,5
4,9116,2034,2030,4,5
4,9117,2034,2030,4,5
4,9118,2034,2030,4,5
4,9119,2034,2030,4,5
4,9120,2034,2030,4,5
4,9121,2034,2030,4,5
4,9122,2034,2030,4,5
4,9123,2034,2030,4,5
4,9124,2034,2030,4,5
4,9125,2034,2030,4,5
4,9126,2034,2030,4,5
4,9127,2034,2030,4,5
4,9128,2034,2030,4,5
4,9129,2034,2030,4,5
4,9130,2034,2030,4,5
4,9131,2034,2030,4,5
4,9132,2034,2030,4,5
4,9133,2034,2030,4,5
4,9134,2034,2030,4,5
4,9135,2034,2030,4,5
4,9136,2034,2030,4,5
4,9137,2034,2030,4,5
4,9138,2034,2030,4,5
4,9139,2034,2030,4,5
4,9140,2034,2030,4,5
4,9141,2034,2030,4,5
4,9142,2034,2030,4,5
4,9143,2034,2030,4,5
4,9144,2034,2030,4,5
4,9145,2034,2030,4,5
4,9146,2034,2030,4,5
4,9147,2034,2030,4,5
4,9148,2034,2030,4,5
4,9149,2034,2030,4,5
4,9150,2034,2030,4,5
4,9151,2034,2030,4,5
4,9152,2034,2030,4,5
4,9153,2034,2030,4,5
4,9154,2034,2030,4,5
4,9155,2034,2030,4,5
4,9156,2034,2030,4,5
4,9157,2034,2030,4,5
4,9158,2034,2029,5,5
4,9159,2034,2030,4,5
4,9160,2034,2030,4,5
4,9161,2034,2030,4,5
4,9162,2034,2030,4,5
4,9163,2034,2029,5,5
4,9164,2034,2030,4,5
4,9165,2034,2030,4,5
4,9166,2034,2030,4,5
4,9167,2034,2030,4,5
4,9168,2034,2030,4,5
4,9169,2034,2030,4,5
4,9170,2034,2030,4,5
4,9171,2034,2030,4,5
4,9172,2034,2030,4,5
4,9173,2034,2030,4,5
4,9174,2034,2030,4,5
4,9175,2034,2030,4,5
4,9176,2034,2030,4,5
4,9177,2034,2030,4,5
4,9178,2034,2030,4,5
4,9179,2034,2030,4,5
4,9180,2034,2030,4,5
4,9181,2034,2030,4,5
4,9182,2034,2030,4,5
4,9183,2034,2030,4,5
4,9184,2034,2030,4,5
4,9185,2034,2030,4,5
4,9186,2034,2030,4,5
4,9187,2034,2030,4,5
4,9188,2034,2030,4,5
4,9189,2034,2030,4,5
4,9190,2034,2030,4,5
4,9191,2034,2030,4,5
4,9192,2034,2030,4,5
4,9193,2034,2030,4,5
4,9194,2034,2030,4,5
4,9195,2034,2030,4,5
4,9196,2034,2030,4,5
4,9197,2034,2030,4,5
4,9198,2034,2030,4,5
4,9199,2034,2030,4,5
4,9200,2034,2030,4,5
4,9201,2034,2030,4,5
4,9202,2034,2030,4,5
4,9203,2034,2029,5,5
4,9204,2034,2030,4,5
4,9205,2034,2030,4,5
4,9206,2034,2030,4,5
4,9207,2034,2030,4,5
4,9208,2034,2030,4,5
4,9209,2034,2030,4,5
4,9210,2034,2030,4,5
4,9211,2034,2030,4,5
4,9212,2034,2030,4,5
4,9213,2034,2030,4,5
4,9214,2034,2030,4,5
4,9215,2034,2030,4,5
4,9216,2034,2030,4,5
4,9217,2034,2030,4,5
4,9218,2034,2030,4,5
4,9219,2034,2030,4,5
4,9220,2034,2030,4,5
4,9221,2034,2030,4,5
4,9222,2034,2030,4,5
4,9223,2034,2030,4,5
4,9224,2034,2030,4,5
4,9225,2034,2030,4,5
4,9226,2034,2030,4,5
4,9227,2034,2030,4,5
4,9228,2034,2030,4,5
4,9229,2034,2030,4,5
4,9230,2034,2030,4,5
4,9231,2034,2030,4,5
4,9232,2034,2030,4,5
4,9233,2034,2030,4,5
4,9234,2034,2030,4,5
4,9235,2034,2030,4,5
4,9236,2034,2030,4,5
4,9237,2034,2030,4,5
4,9238,2034,2030,4,5
4,9239,2034,2030,4,5
4,9240,2034,2030,4,5
4,9241,2034,2030,4,5
4,9242,2034,2030,4,5
4,9243,2034,2030,4,5
4,9244,2034,2030,4,5
4,9245,2034,2030,4,5
4,9246,2034,2030,4,5
4,9247,2034,2030,4,5
4,9248,2034,2030,4,5
4,9249,2034,2029,5,5
4,9250,2034,2030,4,5
4,9251,2034,2030,4,5
4,9252,2034,2030,4,5
4,9253,2034,2030,4,5
4,9254,2034,2030,4,5
4,9255,2034,2030,4,5
4,9256,2034,2030,4,5
4,9257,2034,2030,4,5
4,9258,2034,2030,4,5
4,9259,2034,2030,4,5
4,9260,2034,2030,4,5
4,9261,2034,2030,4,5
4,9262,2034,2030,4,5
4,9263,2034,2030,4,5
4,9264,2034,2030,4,5
4,9265,2034,2030,4,5
4,9266,2034,2030,4,5
4,9267,2034,2030,4,5
4,9268,2034,2030,4,5
4,9269,2034,2030,4,5
4,9270,2034,2030,4,5
4,9271,2034,2030,4,5
4,9272,2034,2030,4,5
4,9273,2034,2030,4,5
4,9274,2034,2030,4,5
4,9275,2034,2030,4,5
4,9276,2034,2030,4,5
4,9277,2034,2030,4,5
4,9278,2034,2030,4,5
4,9279,2034,2030,4,5
4,9280,2034,2030,4,5
4,9281,2034,2030,4,5
4,9282,2034,2030,4,5
4,9283,2034,2030,4,5
4,9284,2034,2030,4,5
4,9285,2034,2030,4,5
4,9286,2034,2030,4,5
4,9287,2034,2030,4,5
4,9288,2034,2030,4,5
4,9289,2034,2030,4,5
4,9290,2034,2030,4,5
4,9291,2034,2030,4,5
4,9292,2034,2030,4,5
4,9293,2034,2030,4,5
4,9294,2034,2030,4,5
4,9295,2034,2030,4,5
4,9296,2034,2030,4,5
4,9297,2034,2030,4,5
4,9298,2034,2030,4,5
4,9299,2034,2030,4,5
4,9300,2034,2030,4,5
4,9301,2034,2030,4,5
4,9302,2034,2030,4,5
4,9303,2034,2030,4,5
4,9304,2034,2030,4,5
4,9305,2034,2030,4,5
4,9306,2034,2030,4,5
4,9307,2034,2030,4,5
4,9308,2034,2030,4,5
4,9309,2034,2030,4,5
4,9310,2034,2030,4,5
4,9311,2034,2030,4,5
4,9312,2034,2030,4,5
4,9313,2034,2030,4,5
4,9314,2034,2030,4,5
4,9315,2034,2030,4,5
4,9316,2034,2030,4,5
4,9317,2034,2030,4,5
4,9318,2034,2030,4,5
4,9319,2034,2030,4,5
4,9320,2034,2030,4,5
4,9321,2034,2030,4,5
4,9322,2034,2030,4,5
4,9323,2034,2030,4,5
4,9324,2034,2030,4,5
4,9325,2034,2030,4,5
4,9326,2034,2030,4,5
4,9327,2034,2029,5,5
4,9328,2034,2030,4,5
4,9329,2034,2030,4,5
4,9330,2034,2030,4,5
4,9331,2034,2030,4,5
4,9332,2034,2030,4,5
4,9333,2034,2030,4,5
4,9334,2034,2030,4,5
4,9335,2034,2030,4,5
4,9336,2034,2030,4,5
4,9337,2034,2030,4,5
4,9338,2034,2030,4,5
4,9339,2034,2030,4,5
4,9340,2034,2030,4,5
4,9341,2034,2030,4,5
4,9342,2034,2030,4,5
4,9343,2034,2030,4,5
4,9344,2034,2030,4,5
4,9345,2034,2030,4,5
4,9346,2034,2030,4,5
4,9347,2034,2030,4,5
4,9348,2034,2030,4,5
4,9349,2034,2030,4,5
4,9350,2034,2030,4,5
4,9351,2034,2030,4,5
4,9352,2034,2030,4,5
4,9353,2034,2030,4,5
4,9354,2034,2030,4,5
4,9355,2034,2030,4,5
4,9356,2034,2030,4,5
4,9357,2034,2030,4,5
4,9358,2034,2030,4,5
4,9359,2034,2030,4,5
4,9360,2034,2030,4,5
4,9361,2034,2030,4,5
4,9362,2034,2030,4,5
4,9363,2034,2030,4,5
4,9364,2034,2030,4,5
4,9365,2034,2030,4,5
4,9366,2034,2030,4,5
4,9367,2034,2030,4,5
4,9368,2034,2030,4,5
4,9369,2034,2030,4,5
4,9370,2034,2030,4,5
4,9371,2034,2030,4,5
4,9372,2034,2030,4,5
4,9373,2034,2030,4,5
4,9374,2034,2029,5,5
4,9375,2034,2030,4,5
4,9376,2034,2030,4,5
4,9377,2034,2030,4,5
4,9378,2034,2030,4,5
4,9379,2034,2030,4,5
4,9380,2034,2030,4,5
4,9381,2034,2030,4,5
4,9382,2034,2030,4,5
4,9383,2034,2030,4,5
4,9384,2034,2030,4,5
4,9385,2034,2030,4,5
4,9386,2034,2030,4,5
4,9387,2034,2030,4,5
4,9388,2034,2030,4,5
4,9389,2034,2030,4,5
4,9390,2034,2030,4,5
4,9391,2034,2030,4,5
4,9392,2034,2030,4,5
4,9393,2034,2030,4,5
4,9394,2034,2030,4,5
4,9395,2034,2030,4,5
4,9396,2034,2030,4,5
4,9397,2034,2030,4,5
4,9398,2034,2030,4,5
4,9399,2034,2030,4,5
4,9400,2034,2030,4,5
4,9401,2034,2030,4,5
4,9402,2034,2030,4,5
4,9403,2034,2030,4,5
4,9404,2034,2030,4,5
4,9405,2034,2030,4,5
4,9406,2034,2030,4,5
4,9407,2034,2030,4,5
4,9408,2034,2030,4,5
4,9409,2034,2030,4,5
4,9410,2034,2030,4,5
4,9411,2034,2030,4,5
4,9412,2034,2030,4,5
4,9413,2034,2029,5,5
4,9414,2034,2030,4,5
4,9415,2034,2029,5,5
4,9416,2034,2030,4,5
4,9417,2034,2030,4,5
4,9418,2034,2030,4,5
4,9419,2034,2030,4,5
4,9420,2034,2030,4,5
4,9421,2034,2030,4,5
4,9422,2034,2030,4,5
4,9423,2034,2030,4,5
4,9424,2034,2030,4,5
4,9425,2034,2030,4,5
4,9426,2034,2030,4,5
4,9427,2034,2030,4,5
4,9428,2034,2030,4,5
4,9429,2034,2030,4,5
4,9430,2034,2030,4,5
4,9431,2034,2030,4,5
4,9432,2034,2030,4,5
4,9433,2034,2030,4,5
4,9434,2034,2030,4,5
4,9435,2034,2030,4,5
4,9436,2034,2030,4,5
4,9437,2034,2030,4,5
4,9438,2034,2029,5,5
4,9439,2034,2030,4,5
4,9440,2034,2030,4,5
4,9441,2034,2030,4,5
4,9442,2034,2030,4,5
4,9443,2034,2030,4,5
4,9444,2034,2030,4,5
4,9445,2034,2030,4,5
4,9446,2034,2030,4,5
4,9447,2034,2030,4,5
4,9448,2034,2030,4,5
4,9449,2034,2030,4,5
4,9450,2034,2029,5,5
4,9451,2034,2030,4,5
4,9452,2034,2030,4,5
4,9453,2034,2030,4,5
4,9454,2034,2030,4,5
4,9455,2034,2030,4,5
4,9456,2034,2030,4,5
4,9457,2034,2030,4,5
4,9458,2034,2030,4,5
4,9459,2034,2030,4,5
4,9460,2034,2030,4,5
4,9461,2034,2030,4,5
4,9462,2034,2030,4,5
4,9463,2034,2030,4,5
4,9464,2034,2030,4,5
4,9465,2034,2030,4,5
4,9466,2034,2030,4,5
4,9467,2034,2030,4,5
4,9468,2034,2030,4,5
4,9469,2034,2030,4,5
4,9470,2034,2030,4,5
4,9471,2034,2030,4,5
4,9472,2034,2029,5,5
4,9473,2034,2030,4,5
4,9474,2034,2030,4,5
4,9475,2034,2030,4,5
4,9476,2034,2030,4,5
4,9477,2034,2030,4,5
4,9478,2034,2030,4,5
4,9479,2034,2030,4,5
4,9480,2034,2030,4,5
4,9481,2034,2030,4,5
4,9482,2034,2030,4,5
4,9483,2034,2030,4,5
4,9484,2034,2030,4,5
4,9485,2034,2030,4,5
4,9486,2034,2030,4,5
4,9487,2034,2030,4,5
4,9488,2034,2030,4,5
4,9489,2034,2030,4,5
4,9490,2034,2030,4,5
4,9491,2034,2030,4,5
4,9492,2034,2030,4,5
4,9493,2034,2030,4,5
4,9494,2034,2030,4,5
4,9495,2034,2030,4,5
4,9496,2034,2030,4,5
4,9497,2034,2030,4,5
4,9498,2034,2030,4,5
4,9499,2034,2030,4,5
4,9500,2034,2030,4,5
4,9501,2034,2030,4,5
4,9502,2034,2030,4,5
4,9503,2034,2030,4,5
4,9504,2034,2030,4,5
4,9505,2034,2030,4,5
4,9506,2034,2030,4,5
4,9507,2034,2030,4,5
4,9508,2034,2030,4,5
4,9509,2034,2030,4,5
4,9510,2034,2030,4,5
4,9511,2034,2030,4,5
4,9512,2034,2030,4,5
4,9513,2034,2030,4,5
4,9514,2034,2030,4,5
4,9515,2034,2030,4,5
4,9516,2034,2030,4,5
4,9517,2034,2030,4,5
4,9518,2034,2030,4,5
4,9519,2034,2030,4,5
4,9520,2034,2030,4,5
4,9521,2034,2030,4,5
4,9522,2034,2030,4,5
4,9523,2034,2030,4,5
4,9524,2034,2030,4,5
4,9525,2034,2030,4,5
4,9526,2034,2030,4,5
4,9527,2034,2030,4,5
4,9528,2034,2030,4,5
4,9529,2034,2030,4,5
4,9530,2034,2030,4,5
4,9531,2034,2030,4,5
4,9532,2034,2030,4,5
4,9533,2034,2030,4,5
4,9534,2034,2030,4,5
4,9535,2034,2030,4,5
4,9536,2034,2030,4,5
4,9537,2034,2030,4,5
4,9538,2034,2030,4,5
4,9539,2034,2030,4,5
4,9540,2034,2030,4,5
4,9541,2034,2030,4,5
4,9542,2034,2030,4,5
4,9543,2034,2030,4,5
4,9544,2034,2030,4,5
4,9545,2034,2030,4,5
4,9546,2034,2030,4,5
4,9547,2034,2030,4,5
4,9548,2034,2030,4,5
4,9549,2034,2030,4,5
4,9550,2034,2030,4,5
4,9551,2034,2030,4,5
4,9552,2034,2030,4,5
4,9553,2034,2030,4,5
4,9554,2034,2030,4,5
4,9555,2034,2030,4,5
4,9556,2034,2030,4,5
4,9557,2034,2030,4,5
4,9558,2034,2030,4,5
4,9559,2034,2030,4,5
4,9560,2034,2030,4,5
4,9561,2034,2030,4,5
4,9562,2034,2030,4,5
4,9563,2034,2030,4,5
4,9564,2034,2030,4,5
4,9565,2034,2030,4,5
4,9566,2034,2029,5,5
4,9567,2034,2030,4,5
4,9568,2034,2030,4,5
4,9569,2034,2030,4,5
4,9570,2034,2030,4,5
4,9571,2034,2030,4,5
4,9572,2034,2030,4,5
4,9573,2034,2030,4,5
4,9574,2034,2030,4,5
4,9575,2034,2030,4,5
4,9576,2034,2030,4,5
4,9577,2034,2030,4,5
4,9578,2034,2030,4,5
4,9579,2034,2030,4,5
4,9580,2034,2030,4,5
4,9581,2034,2030,4,5
4,9582,2034,2030,4,5
4,9583,2034,2030,4,5
4,9584,2034,2030,4,5
4,9585,2034,2030,4,5
4,9586,2034,2030,4,5
4,9587,2034,2030,4,5
4,9588,2034,2030,4,5
4,9589,2034,2030,4,5
4,9590,2034,2030,4,5
4,9591,2034,2030,4,5
4,9592,2034,2030,4,5
4,9593,2034,2030,4,5
4,9594,2034,2030,4,5
4,9595,2034,2030,4,5
4,9596,2034,2030,4,5
4,9597,2034,2030,4,5
4,9598,2034,2030,4,5
4,9599,2034,2030,4,5
4,9600,2034,2030,4,5
4,9601,2034,2030,4,5
4,9602,2034,2030,4,5
4,9603,2034,2030,4,5
4,9604,2034,2030,4,5
4,9605,2034,2030,4,5
4,9606,2034,2030,4,5
4,9607,2034,2030,4,5
4,9608,2034,2030,4,5
4,9609,2034,2030,4,5
4,9610,2034,2030,4,5
4,9611,2034,2030,4,5
4,9612,2034,2030,4,5
4,9613,2034,2030,4,5
4,9614,2034,2030,4,5
4,9615,2034,2030,4,5
4,9616,2034,2030,4,5
4,9617,2034,2030,4,5
4,9618,2034,2030,4,5
4,9619,2034,2030,4,5
4,9620,2034,2030,4,5
4,9621,2034,2030,4,5
4,9622,2034,2030,4,5
4,9623,2034,2030,4,5
4,9624,2034,2030,4,5
4,9625,2034,2030,4,5
4,9626,2034,2030,4,5
4,9627,2034,2030,4,5
4,9628,2034,2030,4,5
4,9629,2034,2030,4,5
4,9630,2034,2030,4,5
4,9631,2034,2030,4,5
4,9632,2034,2030,4,5
4,9633,2034,2030,4,5
4,9634,2034,2030,4,5
4,9635,2034,2030,4,5
4,9636,2034,2030,4,5
4,9637,2034,2030,4,5
4,9638,2034,2030,4,5
4,9639,2034,2030,4,5
4,9640,2034,2030,4,5
4,9641,2034,2030,4,5
4,9642,2034,2030,4,5
4,9643,2034,2030,4,5
4,9644,2034,2030,4,5
4,9645,2034,2030,4,5
4,9646,2034,2030,4,5
4,9647,2034,2030,4,5
4,9648,2034,2030,4,5
4,9649,2034,2030,4,5
4,9650,2034,2030,4,5
4,9651,2034,2030,4,5
4,9652,2034,2030,4,5
4,9653,2034,2030,4,5
4,9654,2034,2030,4,5
4,9655,2034,2030,4,5
4,9656,2034,2030,4,5
4,9657,2034,2030,4,5
4,9658,2034,2030,4,5
4,9659,2034,2030,4,5
4,9660,2034,2030,4,5
4,9661,2034,2030,4,5
4,9662,2034,2030,4,5
4,9663,2034,2030,4,5
4,9664,2034,2030,4,5
4,9665,2034,2030,4,5
4,9666,2034,2029,5,5
4,9667,2034,2030,4,5
4,9668,2034,2030,4,5
4,9669,2034,2030,4,5
4,9670,2034,2030,4,5
4,9671,2034,2030,4,5
4,9672,2034,2030,4,5
4,9673,2034,2030,4,5
4,9674,2034,2030,4,5
4,9675,2034,2030,4,5
4,9676,2034,2030,4,5
4,9677,2034,2030,4,5
4,9678,2034,2030,4,5
4,9679,2034,2030,4,5
4,9680,2034,2030,4,5
4,9681,2034,2030,4,5
4,9682,2034,2030,4,5
4,9683,2034,2030,4,5
4,9684,2034,2030,4,5
4,9685,2034,2030,4,5
4,9686,2034,2030,4,5
4,9687,2034,2030,4,5
4,9688,2034,2030,4,5
4,9689,2034,2030,4,5
4,9690,2034,2030,4,5
4,9691,2034,2030,4,5
4,9692,2034,2030,4,5
4,9693,2034,2030,4,5
4,9694,2034,2030,4,5
4,9695,2034,2030,4,5
4,9696,2034,2030,4,5
4,9697,2034,2030,4,5
4,9698,2034,2030,4,5
4,9699,2034,2030,4,5
4,9700,2034,2030,4,5
4,9701,2034,2030,4,5
4,9702,2034,2030,4,5
4,9703,2034,2030,4,5
4,9704,2034,2030,4,5
4,9705,2034,2030,4,5
4,9706,2034,2030,4,5
4,9707,2034,2030,4,5
4,9708,2034,2030,4,5
4,9709,2034,2030,4,5
4,9710,2034,2030,4,5
4,9711,2034,2030,4,5
4,9712,2034,2030,4,5
4,9713,2034,2030,4,5
4,9714,2034,2030,4,5
4,9715,2034,2030,4,5
4,9716,2034,2030,4,5
4,9717,2034,2030,4,5
4,9718,2034,2030,4,5
4,9719,2034,2030,4,5
4,9720,2034,2030,4,5
4,9721,2034,2030,4,5
4,9722,2034,2030,4,5
4,9723,2034,2030,4,5
4,9724,2034,2030,4,5
4,9725,2034,2030,4,5
4,9726,2034,2030,4,5
4,9727,2034,2030,4,5
4,9728,2034,2030,4,5
4,9729,2034,2030,4,5
4,9730,2034,2030,4,5
4,9731,2034,2029,5,5
4,9732,2034,2030,4,5
4,9733,2034,2030,4,5
4,9734,2034,2030,4,5
4,9735,2034,2029,5,5
4,9736,2034,2030,4,5
4,9737,2034,2030,4,5
4,9738,2034,2030,4,5
4,9739,2034,2030,4,5
4,9740,2034,2029,5,5
4,9741,2034,2030,4,5
4,9742,2034,2030,4,5
4,9743,2034,2030,4,5
4,9744,2034,2030,4,5
4,9745,2034,2030,4,5
4,9746,2034,2030,4,5
4,9747,2034,2030,4,5
4,9748,2034,2030,4,5
4,9749,2034,2030,4,5
4,9750,2034,2030,4,5
4,9751,2034,2030,4,5
4,9752,2034,2030,4,5
4,9753,2034,2029,5,5
4,9754,2034,2030,4,5
4,9755,2034,2030,4,5
4,9756,2034,2030,4,5
4,9757,2034,2030,4,5
4,9758,2034,2030,4,5
4,9759,2034,2030,4,5
4,9760,2034,2030,4,5
4,9761,2034,2030,4,5
4,9762,2034,2030,4,5
4,9763,2034,2030,4,5
4,9764,2034,2030,4,5
4,9765,2034,2030,4,5
4,9766,2034,2030,4,5
4,9767,2034,2030,4,5
4,9768,2034,2030,4,5
4,9769,2034,2030,4,5
4,9770,2034,2030,4,5
4,9771,2034,2030,4,5
4,9772,2034,2030,4,5
4,9773,2034,2030,4,5
4,9774,2034,2029,5,5
4,9775,2034,2030,4,5
4,9776,2034,2030,4,5
4,9777,2034,2030,4,5
4,9778,2034,2030,4,5
4,9779,2034,2030,4,5
4,9780,2034,2030,4,5
4,9781,2034,2030,4,5
4,9782,2034,2030,4,5
4,9783,2034,2030,4,5
4,9784,2034,2030,4,5
4,9785,2034,2030,4,5
4,9786,2034,2030,4,5
4,9787,2034,2030,4,5
4,9788,2034,2030,4,5
4,9789,2034,2030,4,5
4,9790,2034,2030,4,5
4,9791,2034,2030,4,5
4,9792,2034,2030,4,5
4,9793,2034,2030,4,5
4,9794,2034,2030,4,5
4,9795,2034,2030,4,5
4,9796,2034,2030,4,5
4,9797,2034,2030,4,5
4,9798,2034,2030,4,5
4,9799,2034,2030,4,5
4,9800,2034,2030,4,5
4,9801,2034,2030,4,5
4,9802,2034,2030,4,5
4,9803,2034,2030,4,5
4,9804,2034,2030,4,5
4,9805,2034,2030,4,5
4,9806,2034,2030,4,5
4,9807,2034,2030,4,5
4,9808,2034,2030,4,5
4,9809,2034,2030,4,5
4,9810,2034,2030,4,5
4,9811,2034,2029,5,5
4,9812,2034,2030,4,5
4,9813,2034,2030,4,5
4,9814,2034,2030,4,5
4,9815,2034,2030,4,5
4,9816,2034,2030,4,5
4,9817,2034,2030,4,5
4,9818,2034,2030,4,5
4,9819,2034,2030,4,5
4,9820,2034,2030,4,5
4,9821,2034,2030,4,5
4,9822,2034,2030,4,5
4,9823,2034,2030,4,5
4,9824,2034,2030,4,5
4,9825,2034,2030,4,5
4,9826,2034,2030,4,5
4,9827,2034,2030,4,5
4,9828,2034,2030,4,5
4,9829,2034,2030,4,5
4,9830,2034,2030,4,5
4,9831,2034,2030,4,5
4,9832,2034,2030,4,5
4,9833,2034,2029,5,5
4,9834,2034,2030,4,5
4,9835,2034,2030,4,5
4,9836,2034,2030,4,5
4,9837,2034,2030,4,5
4,9838,2034,2030,4,5
4,9839,2034,2030,4,5
4,9840,2034,2030,4,5
4,9841,2034,2030,4,5
4,9842,2034,2030,4,5
4,9843,2034,2030,4,5
4,9844,2034,2029,5,5
4,9845,2034,2030,4,5
4,9846,2034,2030,4,5
4,9847,2034,2030,4,5
4,9848,2034,2030,4,5
4,9849,2034,2029,5,5
4,9850,2034,2030,4,5
4,9851,2034,2030,4,5
4,9852,2034,2030,4,5
4,9853,2034,2030,4,5
4,9854,2034,2030,4,5
4,9855,2034,2030,4,5
4,9856,2034,2030,4,5
4,9857,2034,2030,4,5
4,9858,2034,2030,4,5
4,9859,2034,2030,4,5
4,9860,2034,2030,4,5
4,9861,2034,2030,4,5
4,9862,2034,2030,4,5
4,9863,2034,2030,4,5
4,9864,2034,2030,4,5
4,9865,2034,2030,4,5
4,9866,2034,2030,4,5
4,9867,2034,2030,4,5
4,9868,2034,2030,4,5
4,9869,2034,2030,4,5
4,9870,2034,2030,4,5
4,9871,2034,2030,4,5
4,9872,2034,2030,4,5
4,9873,2034,2030,4,5
4,9874,2034,2030,4,5
4,9875,2034,2030,4,5
4,9876,2034,2030,4,5
4,9877,2034,2030,4,5
4,9878,2034,2030,4,5
4,9879,2034,2030,4,5
4,9880,2034,2030,4,5
4,9881,2034,2030,4,5
4,9882,2034,2030,4,5
4,9883,2034,2030,4,5
4,9884,2034,2030,4,5
4,9885,2034,2030,4,5
4,9886,2034,2030,4,5
4,9887,2034,2030,4,5
4,9888,2034,2030,4,5
4,9889,2034,2030,4,5
4,9890,2034,2030,4,5
4,9891,2034,2030,4,5
4,9892,2034,2030,4,5
4,9893,2034,2030,4,5
4,9894,2034,2030,4,5
4,9895,2034,2030,4,5
4,9896,2034,2030,4,5
4,9897,2034,2030,4,5
4,9898,2034,2030,4,5
4,9899,2034,2030,4,5
4,9900,2034,2030,4,5
4,9901,2034,2030,4,5
4,9902,2034,2030,4,5
4,9903,2034,2030,4,5
4,9904,2034,2030,4,5
4,9905,2034,2030,4,5
4,9906,2034,2030,4,5
4,9907,2034,2030,4,5
4,9908,2034,2030,4,5
4,9909,2034,2030,4,5
4,9910,2034,2030,4,5
4,9911,2034,2030,4,5
4,9912,2034,2030,4,5
4,9913,2034,2030,4,5
4,9914,2034,2030,4,5
4,9915,2034,2030,4,5
4,9916,2034,2030,4,5
4,9917,2034,2030,4,5
4,9918,2034,2030,4,5
4,9919,2034,2030,4,5
4,9920,2034,2030,4,5
4,9921,2034,2029,5,5
4,9922,2034,2030,4,5
4,9923,2034,2030,4,5
4,9924,2034,2030,4,5
4,9925,2034,2030,4,5
4,9926,2034,2030,4,5
4,9927,2034,2030,4,5
4,9928,2034,2030,4,5
4,9929,2034,2030,4,5
4,9930,2034,2030,4,5
4,9931,2034,2030,4,5
4,9932,2034,2030,4,5
4,9933,2034,2030,4,5
4,9934,2034,2030,4,5
4,9935,2034,2030,4,5
4,9936,2034,2030,4,5
4,9937,2034,2030,4,5
4,9938,2034,2030,4,5
4,9939,2034,2030,4,5
4,9940,2034,2030,4,5
4,9941,2034,2030,4,5
4,9942,2034,2030,4,5
4,9943,2034,2030,4,5
4,9944,2034,2030,4,5
4,9945,2034,2030,4,5
4,9946,2034,2030,4,5
4,9947,2034,2030,4,5
4,9948,2034,2030,4,5
4,9949,2034,2030,4,5
4,9950,2034,2030,4,5
4,9951,2034,2030,4,5
4,9952,2034,2030,4,5
4,9953,2034,2030,4,5
4,9954,2034,2030,4,5
4,9955,2034,2030,4,5
4,9956,2034,2029,5,5
4,9957,2034,2030,4,5
4,9958,2034,2030,4,5
4,9959,2034,2030,4,5
4,9960,2034,2030,4,5
4,9961,2034,2030,4,5
4,9962,2034,2030,4,5
4,9963,2034,2030,4,5
4,9964,2034,2030,4,5
4,9965,2034,2030,4,5
4,9966,2034,2030,4,5
4,9967,2034,2030,4,5
4,9968,2034,2030,4,5
4,9969,2034,2030,4,5
4,9970,2034,2030,4,5
4,9971,2034,2030,4,5
4,9972,2034,2030,4,5
4,9973,2034,2030,4,5
4,9974,2034,2030,4,5
4,9975,2034,2030,4,5
4,9976,2034,2030,4,5
4,9977,2034,2030,4,5
4,9978,2034,2030,4,5
4,9979,2034,2030,4,5
4,9980,2034,2030,4,5
4,9981,2034,2030,4,5
4,9982,2034,2030,4,5
4,9983,2034,2029,5,5
4,9984,2034,2030,4,5
4,9985,2034,2030,4,5
4,9986,2034,2030,4,5
4,9987,2034,2030,4,5
4,9988,2034,2030,4,5
4,9989,2034,2030,4,5
4,9990,2034,2030,4,5
4,9991,2034,2030,4,5
4,9992,2034,2030,4,5
4,9993,2034,2030,4,5
4,9994,2034,2030,4,5
4,9995,2034,2030,4,5
4,9996,2034,2030,4,5
4,9997,2034,2030,4,5
4,9998,2034,2030,4,5
4,9999,2034,2029,5,5
5,0,3458,3453,5,6
5,1,3458,3453,5,6
5,2,3458,3453,5,6
5,3,3458,3453,5,6
5,4,3458,3453,5,6
5,5,3458,3453,5,6
5,6,3458,3453,5,6
5,7,3458,3453,5,6
5,8,3458,3453,5,6
5,9,3458,3453,5,6
5,10,3458,3453,5,6
5,11,3458,3453,5,6
5,12,3458,3453,5,6
5,13,3458,3453,5,6
5,14,3458,3453,5,6
5,15,3458,3453,5,6
5,16,3458,3453,5,6
5,17,3458,3453,5,6
5,18,3458,3453,5,6
5,19,3458,3453,5,6
5,20,3458,3453,5,6
5,21,3458,3453,5,6
5,22,3458,3453,5,6
5,23,3458,3453,5,6
5,24,3458,3453,5,6
5,25,3458,3453,5,6
5,26,3458,3453,5,6
5,27,3458,3453,5,6
5,28,3458,3453,5,6
5,29,3458,3453,5,6
5,30,3458,3453,5,6
5,31,3458,3453,5,6
5,32,3458,3453,5,6
5,33,3458,3453,5,6
5,34,3458,3453,5,6
5,35,3458,3453,5,6
5,36,3458,3453,5,6
5,37,3458,3453,5,6
5,38,3458,3453,5,6
5,39,3458,3453,5,6
5,40,3458,3453,5,6
5,41,3458,3453,5,6
5,42,3458,3453,5,6
5,43,3458,3453,5,6
5,44,3458,3453,5,6
5,45,3458,3453,5,6
5,46,3458,3453,5,6
5,47,3458,3453,5,6
5,48,3458,3453,5,6
5,49,3458,3453,5,6
5,50,3458,3453,5,6
5,51,3458,3453,5,6
5,52,3458,3453,5,6
5,53,3458,3453,5,6
5,54,3458,3453,5,6
5,55,3458,3453,5,6
5,56,3458,3453,5,6
5,57,3458,3453,5,6
5,58,3458,3453,5,6
5,59,3458,3453,5,6
5,60,3458,3453,5,6
5,61,3458,3453,5,6
5,62,3458,3453,5,6
5,63,3458,3453,5,6
5,64,3458,3453,5,6
5,65,3458,3453,5,6
5,66,3458,3453,5,6
5,67,3458,3453,5,6
5,68,3458,3453,5,6
5,69,3458,3453,5,6
5,70,3458,3453,5,6
5,71,3458,3453,5,6
5,72,3458,3453,5,6
5,73,3458,3453,5,6
5,74,3458,3453,5,6
5,75,3458,3453,5,6
5,76,3458,3453,5,6
5,77,3458,3453,5,6
5,78,3458,3453,5,6
5,79,3458,3453,5,6
5,80,3458,3453,5,6
5,81,3458,3453,5,6
5,82,3458,3453,5,6
5,83,3458,3453,5,6
5,84,3458,3453,5,6
5,85,3458,3453,5,6
5,86,3458,3453,5,6
5,87,3458,3453,5,6
5,88,3458,3453,5,6
5,89,3458,3453,5,6
5,90,3458,3453,5,6
5,91,3458,3453,5,6
5,92,3458,3453,5,6
5,93,3458,3453,5,6
5,94,3458,3453,5,6
5,95,3458,3453,5,6
5,96,3458,3453,5,6
5,97,3458,3453,5,6
5,98,3458,3453,5,6
5,99,3458,3453,5,6
5,100,3458,3453,5,6
5,101,3458,3453,5,6
5,102,3458,3453,5,6
5,103,3458,3453,5,6
5,104,3458,3453,5,6
5,105,3458,3453,5,6
5,106,3458,3453,5,6
5,107,3458,3453,5,6
5,108,3458,3453,5,6
5,109,3458,3453,5,6
5,110,3458,3453,5,6
5,111,3458,3453,5,6
5,112,3458,3453,5,6
5,113,3458,3453,5,6
5,114,3458,3453,5,6
5,115,3458,3453,5,6
5,116,3458,3453,5,6
5,117,3458,3453,5,6
5,118,3458,3453,5,6
5,119,3458,3453,5,6
5,120,3458,3453,5,6
5,121,3458,3453,5,6
5,122,3458,3453,5,6
5,123,3458,3453,5,6
5,124,3458,3453,5,6
5,125,3458,3453,5,6
5,126,3458,3453,5,6
5,127,3458,3453,5,6
5,128,3458,3453,5,6
5,129,3458,3453,5,6
5,130,3458,3453,5,6
5,131,3458,3453,5,6
5,132,3458,3453,5,6
5,133,3458,3453,5,6
5,134,3458,3453,5,6
5,135,3458,3453,5,6
5,136,3458,3453,5,6
5,137,3458,3453,5,6
5,138,3458,3453,5,6
5,139,3458,3453,5,6
5,140,3458,3453,5,6
5,141,3458,3453,5,6
5,142,3458,3453,5,6
5,143,3458,3453,5,6
5,144,3458,3453,5,6
5,145,3458,3453,5,6
5,146,3458,3453,5,6
5,147,3458,3453,5,6
5,148,3458,3453,5,6
5,149,3458,3453,5,6
5,150,3458,3453,5,6
5,151,3458,3453,5,6
5,152,3458,3453,5,6
5,153,3458,3453,5,6
5,154,3458,3453,5,6
5,155,3458,3453,5,6
5,156,3458,3453,5,6
5,157,3458,3453,5,6
5,158,3458,3453,5,6
5,159,3458,3453,5,6
5,160,3458,3453,5,6
5,161,3458,3453,5,6
5,162,3458,3453,5,6
5,163,3458,3453,5,6
5,164,3458,3453,5,6
5,165,3458,3453,5,6
5,166,3458,3453,5,6
5,167,3458,3453,5,6
5,168,3458,3453,5,6
5,169,3458,3453,5,6
5,170,3458,3453,5,6
5,171,3458,3453,5,6
5,172,3458,3453,5,6
5,173,3458,3453,5,6
5,174,3458,3453,5,6
5,175,3458,3453,5,6
5,176,3458,3453,5,6
5,177,3458,3453,5,6
5,178,3458,3453,5,6
5,179,3458,3453,5,6
5,180,3458,3453,5,6
5,181,3458,3453,5,6
5,182,3458,3453,5,6
5,183,3458,3453,5,6
5,184,3458,3453,5,6
5,185,3458,3453,5,6
5,186,3458,3453,5,6
5,187,3458,3453,5,6
5,188,3458,3453,5,6
5,189,3458,3453,5,6
5,190,3458,3453,5,6
5,191,3458,3453,5,6
5,192,3458,3453,5,6
5,193,3458,3453,5,6
5,194,3458,3453,5,6
5,195,3458,3453,5,6
5,196,3458,3453,5,6
5,197,3458,3453,5,6
5,198,3458,3453,5,6
5,199,3458,3453,5,6
5,200,3458,3453,5,6
5,201,3458,3453,5,6
5,202,3458,3453,5,6
5,203,3458,3453,5,6
5,204,3458,3453,5,6
5,205,3458,3453,5,6
5,206,3458,3453,5,6
5,207,3458,3453,5,6
5,208,3458,3453,5,6
5,209,3458,3453,5,6
5,210,3458,3453,5,6
5,211,3458,3453,5,6
5,212,3458,3453,5,6
5,213,3458,3453,5,6
5,214,3458,3453,5,6
5,215,3458,3453,5,6
5,216,3458,3453,5,6
5,217,3458,3453,5,6
5,218,3458,3453,5,6
5,219,3458,3453,5,6
5,220,3458,3453,5,6
5,221,3458,3453,5,6
5,222,3458,3453,5,6
5,223,3458,3453,5,6
5,224,3458,3453,5,6
5,225,3458,3453,5,6
5,226,3458,3453,5,6
5,227,3458,3453,5,6
5,228,3458,3453,5,6
5,229,3458,3453,5,6
5,230,3458,3453,5,6
5,231,3458,3453,5,6
5,232,3458,3453,5,6
5,233,3458,3453,5,6
5,234,3458,3453,5,6
5,235,3458,3453,5,6
5,236,3458,3453,5,6
5,237,3458,3453,5,6
5,238,3458,3453,5,6
5,239,3458,3453,5,6
5,240,3458,3453,5,6
5,241,3458,3453,5,6
5,242,3458,3453,5,6
5,243,3458,3453,5,6
5,244,3458,3453,5,6
5,245,3458,3453,5,6
5,246,3458,3453,5,6
5,247,3458,3453,5,6
5,248,3458,3453,5,6
5,249,3458,3453,5,6
5,250,3458,3453,5,6
5,251,3458,3453,5,6
5,252,3458,3453,5,6
5,253,3458,3453,5,6
5,254,3458,3453,5,6
5,255,3458,3453,5,6
5,256,3458,3453,5,6
5,257,3458,3453,5,6
5,258,3458,3453,5,6
5,259,3458,3453,5,6
5,260,3458,3453,5,6
5,261,3458,3453,5,6
5,262,3458,3453,5,6
5,263,3458,3453,5,6
5,264,3458,3453,5,6
5,265,3458,3453,5,6
5,266,3458,3453,5,6
5,267,3458,3453,5,6
5,268,3458,3453,5,6
5,269,3458,3453,5,6
5,270,3458,3453,5,6
5,271,3458,3453,5,6
5,272,3458,3453,5,6
5,273,3458,3453,5,6
5,274,3458,3453,5,6
5,275,3458,3453,5,6
5,276,3458,3453,5,6
5,277,3458,3453,5,6
5,278,3458,3453,5,6
5,279,3458,3453,5,6
5,280,3458,3453,5,6
5,281,3458,3453,5,6
5,282,3458,3453,5,6
5,283,3458,3453,5,6
5,284,3458,3453,5,6
5,285,3458,3453,5,6
5,286,3458,3453,5,6
5,287,3458,3453,5,6
5,288,3458,3453,5,6
5,289,3458,3453,5,6
5,290,3458,3453,5,6
5,291,3458,3453,5,6
5,292,3458,3453,5,6
5,293,3458,3453,5,6
5,294,3458,3453,5,6
5,295,3458,3453,5,6
5,296,3458,3453,5,6
5,297,3458,3453,5,6
5,298,3458,3453,5,6
5,299,3458,3453,5,6
5,300,3458,3453,5,6
5,301,3458,3453,5,6
5,302,3458,3453,5,6
5,303,3458,3453,5,6
5,304,3458,3453,5,6
5,305,3458,3453,5,6
5,306,3458,3453,5,6
5,307,3458,3453,5,6
5,308,3458,3453,5,6
5,309,3458,3453,5,6
5,310,3458,3453,5,6
5,311,3458,3453,5,6
5,312,3458,3453,5,6
5,313,3458,3453,5,6
5,314,3458,3453,5,6
5,315,3458,3453,5,6
5,316,3458,3453,5,6
5,317,3458,3453,5,6
5,318,3458,3453,5,6
5,319,3458,3453,5,6
5,320,3458,3453,5,6
5,321,3458,3453,5,6
5,322,3458,3453,5,6
5,323,3458,3453,5,6
5,324,3458,3453,5,6
5,325,3458,3453,5,6
5,326,3458,3453,5,6
5,327,3458,3453,5,6
5,328,3458,3453,5,6
5,329,3458,3453,5,6
5,330,3458,3453,5,6
5,331,3458,3453,5,6
5,332,3458,3453,5,6
5,333,3458,3453,5,6
5,334,3458,3453,5,6
5,335,3458,3453,5,6
5,336,3458,3453,5,6
5,337,3458,3453,5,6
5,338,3458,3453,5,6
5,339,3458,3453,5,6
5,340,3458,3453,5,6
5,341,3458,3453,5,6
5,342,3458,3453,5,6
5,343,3458,3453,5,6
5,344,3458,3453,5,6
5,345,3458,3453,5,6
5,346,3458,3453,5,6
5,347,3458,3453,5,6
5,348,3458,3453,5,6
5,349,3458,3453,5,6
5,350,3458,3453,5,6
5,351,3458,3453,5,6
5,352,3458,3453,5,6
5,353,3458,3453,5,6
5,354,3458,3453,5,6
5,355,3458,3453,5,6
5,356,3458,3453,5,6
5,357,3458,3453,5,6
5,358,3458,3453,5,6
5,359,3458,3453,5,6
5,360,3458,3453,5,6
5,361,3458,3453,5,6
5,362,3458,3453,5,6
5,363,3458,3453,5,6
5,364,3458,3453,5,6
5,365,3458,3453,5,6
5,366,3458,3453,5,6
5,367,3458,3453,5,6
5,368,3458,3453,5,6
5,369,3458,3453,5,6
5,370,3458,3453,5,6
5,371,3458,3453,5,6
5,372,3458,3453,5,6
5,373,3458,3453,5,6
5,374,3458,3453,5,6
5,375,3458,3453,5,6
5,376,3458,3453,5,6
5,377,3458,3453,5,6
5,378,3458,3453,5,6
5,379,3458,3453,5,6
5,380,3458,3453,5,6
5,381,3458,3453,5,6
5,382,3458,3453,5,6
5,383,3458,3453,5,6
5,384,3458,3453,5,6
5,385,3458,3453,5,6
5,386,3458,3453,5,6
5,387,3458,3453,5,6
5,388,3458,3453,5,6
5,389,3458,3453,5,6
5,390,3458,3453,5,6
5,391,3458,3453,5,6
5,392,3458,3453,5,6
5,393,3458,3453,5,6
5,394,3458,3453,5,6
5,395,3458,3453,5,6
5,396,3458,3453,5,6
5,397,3458,3453,5,6
5,398,3458,3453,5,6
5,399,3458,3453,5,6
5,400,3458,3453,5,6
5,401,3458,3453,5,6
5,402,3458,3453,5,6
5,403,3458,3453,5,6
5,404,3458,3453,5,6
5,405,3458,3453,5,6
5,406,3458,3453,5,6
5,407,3458,3453,5,6
5,408,3458,3453,5,6
5,409,3458,3453,5,6
5,410,3458,3453,5,6
5,411,3458,3453,5,6
5,412,3458,3453,5,6
5,413,3458,3453,5,6
5,414,3458,3453,5,6
5,415,3458,3453,5,6
5,416,3458,3453,5,6
5,417,3458,3453,5,6
5,418,3458,3453,5,6
5,419,3458,3453,5,6
5,420,3458,3453,5,6
5,421,3458,3453,5,6
5,422,3458,3453,5,6
5,423,3458,3453,5,6
5,424,3458,3453,5,6
5,425,3458,3453,5,6
5,426,3458,3453,5,6
5,427,3458,3453,5,6
5,428,3458,3453,5,6
5,429,3458,3453,5,6
5,430,3458,3453,5,6
5,431,3458,3453,5,6
5,432,3458,3453,5,6
5,433,3458,3453,5,6
5,434,3458,3453,5,6
5,435,3458,3453,5,6
5,436,3458,3453,5,6
5,437,3458,3453,5,6
5,438,3458,3453,5,6
5,439,3458,3453,5,6
5,440,3458,3453,5,6
5,441,3458,3453,5,6
5,442,3458,3453,5,6
5,443,3458,3453,5,6
5,444,3458,3453,5,6
5,445,3458,3453,5,6
5,446,3458,3453,5,6
5,447,3458,3453,5,6
5,448,3458,3453,5,6
5,449,3458,3453,5,6
5,450,3458,3453,5,6
5,451,3458,3453,5,6
5,452,3458,3453,5,6
5,453,3458,3453,5,6
5,454,3458,3453,5,6
5,455,3458,3453,5,6
5,456,3458,3453,5,6
5,457,3458,3453,5,6
5,458,3458,3453,5,6
5,459,3458,3453,5,6
5,460,3458,3453,5,6
5,461,3458,3453,5,6
5,462,3458,3453,5,6
5,463,3458,3453,5,6
5,464,3458,3453,5,6
5,465,3458,3453,5,6
5,466,3458,3453,5,6
5,467,3458,3453,5,6
5,468,3458,3453,5,6
5,469,3458,3453,5,6
5,470,3458,3453,5,6
5,471,3458,3453,5,6
5,472,3458,3453,5,6
5,473,3458,3453,5,6
5,474,3458,3453,5,6
5,475,3458,3453,5,6
5,476,3458,3453,5,6
5,477,3458,3453,5,6
5,478,3458,3453,5,6
5,479,3458,3453,5,6
5,480,3458,3453,5,6
5,481,3458,3453,5,6
5,482,3458,3453,5,6
5,483,3458,3453,5,6
5,484,3458,3453,5,6
5,485,3458,3453,5,6
5,486,3458,3453,5,6
5,487,3458,3453,5,6
5,488,3458,3453,5,6
5,489,3458,3453,5,6
5,490,3458,3453,5,6
5,491,3458,3453,5,6
5,492,3458,3453,5,6
5,493,3458,3453,5,6
5,494,3458,3453,5,6
5,495,3458,3453,5,6
5,496,3458,3453,5,6
5,497,3458,3453,5,6
5,498,3458,3453,5,6
5,499,3458,3453,5,6
5,500,3458,3453,5,6
5,501,3458,3453,5,6
5,502,3458,3453,5,6
5,503,3458,3453,5,6
5,504,3458,3453,5,6
5,505,3458,3453,5,6
5,506,3458,3453,5,6
5,507,3458,3453,5,6
5,508,3458,3453,5,6
5,509,3458,3453,5,6
5,510,3458,3453,5,6
5,511,3458,3453,5,6
5,512,3458,3453,5,6
5,513,3458,3453,5,6
5,514,3458,3453,5,6
5,515,3458,3453,5,6
5,516,3458,3453,5,6
5,517,3458,3453,5,6
5,518,3458,3453,5,6
5,519,3458,3453,5,6
5,520,3458,3453,5,6
5,521,3458,3453,5,6
5,522,3458,3453,5,6
5,523,3458,3453,5,6
5,524,3458,3453,5,6
5,525,3458,3453,5,6
5,526,3458,3453,5,6
5,527,3458,3453,5,6
5,528,3458,3453,5,6
5,529,3458,3453,5,6
5,530,3458,3453,5,6
5,531,3458,3453,5,6
5,532,3458,3453,5,6
5,533,3458,3453,5,6
5,534,3458,3453,5,6
5,535,3458,3453,5,6
5,536,3458,3453,5,6
5,537,3458,3453,5,6
5,538,3458,3453,5,6
5,539,3458,3453,5,6
5,540,3458,3453,5,6
5,541,3458,3453,5,6
5,542,3458,3453,5,6
5,543,3458,3453,5,6
5,544,3458,3453,5,6
5,545,3458,3453,5,6
5,546,3458,3453,5,6
5,547,3458,3453,5,6
5,548,3458,3453,5,6
5,549,3458,3453,5,6
5,550,3458,3453,5,6
5,551,3458,3453,5,6
5,552,3458,3453,5,6
5,553,3458,3453,5,6
5,554,3458,3453,5,6
5,555,3458,3453,5,6
5,556,3458,3453,5,6
5,557,3458,3453,5,6
5,558,3458,3453,5,6
5,559,3458,3453,5,6
5,560,3458,3453,5,6
5,561,3458,3453,5,6
5,562,3458,3453,5,6
5,563,3458,3453,5,6
5,564,3458,3453,5,6
5,565,3458,3453,5,6
5,566,3458,3453,5,6
5,567,3458,3453,5,6
5,568,3458,3453,5,6
5,569,3458,3453,5,6
5,570,3458,3453,5,6
5,571,3458,3453,5,6
5,572,3458,3453,5,6
5,573,3458,3453,5,6
5,574,3458,3453,5,6
5,575,3458,3453,5,6
5,576,3458,3453,5,6
5,577,3458,3453,5,6
5,578,3458,3453,5,6
5,579,3458,3453,5,6
5,580,3458,3453,5,6
5,581,3458,3453,5,6
5,582,3458,3453,5,6
5,583,3458,3453,5,6
5,584,3458,3453,5,6
5,585,3458,3453,5,6
5,586,3458,3453,5,6
5,587,3458,3453,5,6
5,588,3458,3453,5,6
5,589,3458,3453,5,6
5,590,3458,3453,5,6
5,591,3458,3453,5,6
5,592,3458,3453,5,6
5,593,3458,3453,5,6
5,594,3458,3453,5,6
5,595,3458,3453,5,6
5,596,3458,3453,5,6
5,597,3458,3453,5,6
5,598,3458,3453,5,6
5,599,3458,3453,5,6
5,600,3458,3453,5,6
5,601,3458,3453,5,6
5,602,3458,3453,5,6
5,603,3458,3453,5,6
5,604,3458,3453,5,6
5,605,3458,3453,5,6
5,606,3458,3453,5,6
5,607,3458,3453,5,6
5,608,3458,3453,5,6
5,609,3458,3453,5,6
5,610,3458,3453,5,6
5,611,3458,3453,5,6
5,612,3458,3453,5,6
5,613,3458,3453,5,6
5,614,3458,3453,5,6
5,615,3458,3453,5,6
5,616,3458,3453,5,6
5,617,3458,3453,5,6
5,618,3458,3453,5,6
5,619,3458,3453,5,6
5,620,3458,3453,5,6
5,621,3458,3453,5,6
5,622,3458,3453,5,6
5,623,3458,3453,5,6
5,624,3458,3453,5,6
5,625,3458,3453,5,6
5,626,3458,3453,5,6
5,627,3458,3453,5,6
5,628,3458,3453,5,6
5,629,3458,3453,5,6
5,630,3458,3453,5,6
5,631,3458,3453,5,6
5,632,3458,3453,5,6
5,633,3458,3453,5,6
5,634,3458,3453,5,6
5,635,3458,3453,5,6
5,636,3458,3453,5,6
5,637,3458,3453,5,6
5,638,3458,3453,5,6
5,639,3458,3453,5,6
5,640,3458,3453,5,6
5,641,3458,3453,5,6
5,642,3458,3453,5,6
5,643,3458,3453,5,6
5,644,3458,3453,5,6
5,645,3458,3453,5,6
5,646,3458,3453,5,6
5,647,3458,3453,5,6
5,648,3458,3453,5,6
5,649,3458,3453,5,6
5,650,3458,3453,5,6
5,651,3458,3453,5,6
5,652,3458,3453,5,6
5,653,3458,3453,5,6
5,654,3458,3453,5,6
5,655,3458,3453,5,6
5,656,3458,3453,5,6
5,657,3458,3453,5,6
5,658,3458,3453,5,6
5,659,3458,3453,5,6
5,660,3458,3453,5,6
5,661,3458,3453,5,6
5,662,3458,3453,5,6
5,663,3458,3453,5,6
5,664,3458,3453,5,6
5,665,3458,3453,5,6
5,666,3458,3453,5,6
5,667,3458,3453,5,6
5,668,3458,3453,5,6
5,669,3458,3453,5,6
5,670,3458,3453,5,6
5,671,3458,3453,5,6
5,672,3458,3453,5,6
5,673,3458,3453,5,6
5,674,3458,3453,5,6
5,675,3458,3453,5,6
5,676,3458,3453,5,6
5,677,3458,3453,5,6
5,678,3458,3453,5,6
5,679,3458,3453,5,6
5,680,3458,3453,5,6
5,681,3458,3453,5,6
5,682,3458,3453,5,6
5,683,3458,3453,5,6
5,684,3458,3453,5,6
5,685,3458,3453,5,6
5,686,3458,3453,5,6
5,687,3458,3453,5,6
5,688,3458,3453,5,6
5,689,3458,3453,5,6
5,690,3458,3453,5,6
5,691,3458,3453,5,6
5,692,3458,3453,5,6
5,693,3458,3453,5,6
5,694,3458,3453,5,6
5,695,3458,3453,5,6
5,696,3458,3453,5,6
5,697,3458,3453,5,6
5,698,3458,3453,5,6
5,699,3458,3453,5,6
5,700,3458,3453,5,6
5,701,3458,3453,5,6
5,702,3458,3453,5,6
5,703,3458,3453,5,6
5,704,3458,3453,5,6
5,705,3458,3453,5,6
5,706,3458,3453,5,6
5,707,3458,3453,5,6
5,708,3458,3453,5,6
5,709,3458,3453,5,6
5,710,3458,3453,5,6
5,711,3458,3453,5,6
5,712,3458,3453,5,6
5,713,3458,3453,5,6
5,714,3458,3453,5,6
5,715,3458,3453,5,6
5,716,3458,3453,5,6
5,717,3458,3453,5,6
5,718,3458,3453,5,6
5,719,3458,3453,5,6
5,720,3458,3453,5,6
5,721,3458,3453,5,6
5,722,3458,3453,5,6
5,723,3458,3453,5,6
5,724,3458,3453,5,6
5,725,3458,3453,5,6
5,726,3458,3453,5,6
5,727,3458,3453,5,6
5,728,3458,3453,5,6
5,729,3458,3453,5,6
5,730,3458,3453,5,6
5,731,3458,3453,5,6
5,732,3458,3453,5,6
5,733,3458,3453,5,6
5,734,3458,3453,5,6
5,735,3458,3453,5,6
5,736,3458,3453,5,6
5,737,3458,3453,5,6
5,738,3458,3453,5,6
5,739,3458,3453,5,6
5,740,3458,3453,5,6
5,741,3458,3453,5,6
5,742,3458,3453,5,6
5,743,3458,3453,5,6
5,744,3458,3453,5,6
5,745,3458,3453,5,6
5,746,3458,3453,5,6
5,747,3458,3453,5,6
5,748,3458,3453,5,6
5,749,3458,3453,5,6
5,750,3458,3453,5,6
5,751,3458,3453,5,6
5,752,3458,3453,5,6
5,753,3458,3453,5,6
5,754,3458,3453,5,6
5,755,3458,3453,5,6
5,756,3458,3453,5,6
5,757,3458,3453,5,6
5,758,3458,3453,5,6
5,759,3458,3453,5,6
5,760,3458,3453,5,6
5,761,3458,3453,5,6
5,762,3458,3453,5,6
5,763,3458,3453,5,6
5,764,3458,3453,5,6
5,765,3458,3453,5,6
5,766,3458,3453,5,6
5,767,3458,3453,5,6
5,768,3458,3453,5,6
5,769,3458,3453,5,6
5,770,3458,3453,5,6
5,771,3458,3453,5,6
5,772,3458,3453,5,6
5,773,3458,3453,5,6
5,774,3458,3453,5,6
5,775,3458,3453,5,6
5,776,3458,3453,5,6
5,777,3458,3453,5,6
5,778,3458,3453,5,6
5,779,3458,3453,5,6
5,780,3458,3453,5,6
5,781,3458,3453,5,6
5,782,3458,3453,5,6
5,783,3458,3453,5,6
5,784,3458,3453,5,6
5,785,3458,3453,5,6
5,786,3458,3453,5,6
5,787,3458,3453,5,6
5,788,3458,3453,5,6
5,789,3458,3453,5,6
5,790,3458,3453,5,6
5,791,3458,3453,5,6
5,792,3458,3453,5,6
5,793,3458,3453,5,6
5,794,3458,3453,5,6
5,795,3458,3453,5,6
5,796,3458,3453,5,6
5,797,3458,3453,5,6
5,798,3458,3453,5,6
5,799,3458,3453,5,6
5,800,3458,3453,5,6
5,801,3458,3453,5,6
5,802,3458,3453,5,6
5,803,3458,3453,5,6
5,804,3458,3453,5,6
5,805,3458,3453,5,6
5,806,3458,3453,5,6
5,807,3458,3453,5,6
5,808,3458,3453,5,6
5,809,3458,3453,5,6
5,810,3458,3453,5,6
5,811,3458,3453,5,6
5,812,3458,3453,5,6
5,813,3458,3453,5,6
5,814,3458,3453,5,6
5,815,3458,3453,5,6
5,816,3458,3453,5,6
5,817,3458,3453,5,6
5,818,3458,3453,5,6
5,819,3458,3453,5,6
5,820,3458,3453,5,6
5,821,3458,3453,5,6
5,822,3458,3453,5,6
5,823,3458,3453,5,6
5,824,3458,3453,5,6
5,825,3458,3453,5,6
5,826,3458,3453,5,6
5,827,3458,3453,5,6
5,828,3458,3453,5,6
5,829,3458,3453,5,6
5,830,3458,3453,5,6
5,831,3458,3453,5,6
5,832,3458,3453,5,6
5,833,3458,3453,5,6
5,834,3458,3453,5,6
5,835,3458,3453,5,6
5,836,3458,3453,5,6
5,837,3458,3453,5,6
5,838,3458,3453,5,6
5,839,3458,3453,5,6
5,840,3458,3453,5,6
5,841,3458,3453,5,6
5,842,3458,3453,5,6
5,843,3458,3453,5,6
5,844,3458,3453,5,6
5,845,3458,3453,5,6
5,846,3458,3453,5,6
5,847,3458,3453,5,6
5,848,3458,3453,5,6
5,849,3458,3453,5,6
5,850,3458,3453,5,6
5,851,3458,3453,5,6
5,852,3458,3453,5,6
5,853,3458,3453,5,6
5,854,3458,3453,5,6
5,855,3458,3453,5,6
5,856,3458,3453,5,6
5,857,3458,3453,5,6
5,858,3458,3453,5,6
5,859,3458,3453,5,6
5,860,3458,3453,5,6
5,861,3458,3453,5,6
5,862,3458,3453,5,6
5,863,3458,3453,5,6
5,864,3458,3453,5,6
5,865,3458,3453,5,6
5,866,3458,3453,5,6
5,867,3458,3453,5,6
5,868,3458,3453,5,6
5,869,3458,3453,5,6
5,870,3458,3453,5,6
5,871,3458,3453,5,6
5,872,3458,3453,5,6
5,873,3458,3453,5,6
5,874,3458,3453,5,6
5,875,3458,3453,5,6
5,876,3458,3453,5,6
5,877,3458,3453,5,6
5,878,3458,3453,5,6
5,879,3458,3453,5,6
5,880,3458,3453,5,6
5,881,3458,3453,5,6
5,882,3458,3453,5,6
5,883,3458,3453,5,6
5,884,3458,3453,5,6
5,885,3458,3453,5,6
5,886,3458,3453,5,6
5,887,3458,3453,5,6
5,888,3458,3453,5,6
5,889,3458,3453,5,6
5,890,3458,3453,5,6
5,891,3458,3453,5,6
5,892,3458,3453,5,6
5,893,3458,3453,5,6
5,894,3458,3453,5,6
5,895,3458,3453,5,6
5,896,3458,3453,5,6
5,897,3458,3453,5,6
5,898,3458,3453,5,6
5,899,3458,3453,5,6
5,900,3458,3453,5,6
5,901,3458,3453,5,6
5,902,3458,3453,5,6
5,903,3458,3453,5,6
5,904,3458,3453,5,6
5,905,3458,3453,5,6
5,906,3458,3453,5,6
5,907,3458,3453,5,6
5,908,3458,3453,5,6
5,909,3458,3453,5,6
5,910,3458,3453,5,6
5,911,3458,3453,5,6
5,912,3458,3453,5,6
5,913,3458,3453,5,6
5,914,3458,3453,5,6
5,915,3458,3453,5,6
5,916,3458,3453,5,6
5,917,3458,3453,5,6
5,918,3458,3453,5,6
5,919,3458,3453,5,6
5,920,3458,3453,5,6
5,921,3458,3453,5,6
5,922,3458,3453,5,6
5,923,3458,3453,5,6
5,924,3458,3453,5,6
5,925,3458,3453,5,6
5,926,3458,3453,5,6
5,927,3458,3453,5,6
5,928,3458,3453,5,6
5,929,3458,3453,5,6
5,930,3458,3453,5,6
5,931,3458,3453,5,6
5,932,3458,3453,5,6
5,933,3458,3453,5,6
5,934,3458,3453,5,6
5,935,3458,3453,5,6
5,936,3458,3453,5,6
5,937,3458,3453,5,6
5,938,3458,3453,5,6
5,939,3458,3453,5,6
5,940,3458,3453,5,6
5,941,3458,3453,5,6
5,942,3458,3453,5,6
5,943,3458,3453,5,6
5,944,3458,3453,5,6
5,945,3458,3453,5,6
5,946,3458,3453,5,6
5,947,3458,3453,5,6
5,948,3458,3453,5,6
5,949,3458,3453,5,6
5,950,3458,3453,5,6
5,951,3458,3453,5,6
5,952,3458,3453,5,6
5,953,3458,3453,5,6
5,954,3458,3453,5,6
5,955,3458,3453,5,6
5,956,3458,3453,5,6
5,957,3458,3453,5,6
5,958,3458,3453,5,6
5,959,3458,3453,5,6
5,960,3458,3453,5,6
5,961,3458,3453,5,6
5,962,3458,3453,5,6
5,963,3458,3453,5,6
5,964,3458,3453,5,6
5,965,3458,3453,5,6
5,966,3458,3453,5,6
5,967,3458,3453,5,6
5,968,3458,3453,5,6
5,969,3458,3453,5,6
5,970,3458,3453,5,6
5,971,3458,3453,5,6
5,972,3458,3453,5,6
5,973,3458,3453,5,6
5,974,3458,3453,5,6
5,975,3458,3453,5,6
5,976,3458,3453,5,6
5,977,3458,3453,5,6
5,978,3458,3453,5,6
5,979,3458,3453,5,6
5,980,3458,3453,5,6
5,981,3458,3453,5,6
5,982,3458,3453,5,6
5,983,3458,3453,5,6
5,984,3458,3453,5,6
5,985,3458,3453,5,6
5,986,3458,3453,5,6
5,987,3458,3453,5,6
5,988,3458,3453,5,6
5,989,3458,3453,5,6
5,990,3458,3453,5,6
5,991,3458,3453,5,6
5,992,3458,3453,5,6
5,993,3458,3453,5,6
5,994,3458,3453,5,6
5,995,3458,3453,5,6
5,996,3458,3453,5,6
5,997,3458,3453,5,6
5,998,3458,3453,5,6
5,999,3458,3453,5,6
5,1000,3458,3453,5,6
5,1001,3458,3453,5,6
5,1002,3458,3453,5,6
5,1003,3458,3453,5,6
5,1004,3458,3453,5,6
5,1005,3458,3453,5,6
5,1006,3458,3453,5,6
5,1007,3458,3453,5,6
5,1008,3458,3453,5,6
5,1009,3458,3453,5,6
5,1010,3458,3453,5,6
5,1011,3458,3453,5,6
5,1012,3458,3453,5,6
5,1013,3458,3453,5,6
5,1014,3458,3453,5,6
5,1015,3458,3453,5,6
5,1016,3458,3453,5,6
5,1017,3458,3453,5,6
5,1018,3458,3453,5,6
5,1019,3458,3453,5,6
5,1020,3458,3453,5,6
5,1021,3458,3453,5,6
5,1022,3458,3453,5,6
5,1023,3458,3453,5,6
5,1024,3458,3453,5,6
5,1025,3458,3453,5,6
5,1026,3458,3453,5,6
5,1027,3458,3453,5,6
5,1028,3458,3453,5,6
5,1029,3458,3453,5,6
5,1030,3458,3453,5,6
5,1031,3458,3453,5,6
5,1032,3458,3453,5,6
5,1033,3458,3453,5,6
5,1034,3458,3453,5,6
5,1035,3458,3453,5,6
5,1036,3458,3453,5,6
5,1037,3458,3453,5,6
5,1038,3458,3453,5,6
5,1039,3458,3453,5,6
5,1040,3458,3453,5,6
5,1041,3458,3453,5,6
5,1042,3458,3453,5,6
5,1043,3458,3453,5,6
5,1044,3458,3453,5,6
5,1045,3458,3453,5,6
5,1046,3458,3453,5,6
5,1047,3458,3453,5,6
5,1048,3458,3453,5,6
5,1049,3458,3453,5,6
5,1050,3458,3453,5,6
5,1051,3458,3453,5,6
5,1052,3458,3453,5,6
5,1053,3458,3453,5,6
5,1054,3458,3453,5,6
5,1055,3458,3453,5,6
5,1056,3458,3453,5,6
5,1057,3458,3453,5,6
5,1058,3458,3453,5,6
5,1059,3458,3453,5,6
5,1060,3458,3453,5,6
5,1061,3458,3453,5,6
5,1062,3458,3453,5,6
5,1063,3458,3453,5,6
5,1064,3458,3453,5,6
5,1065,3458,3453,5,6
5,1066,3458,3453,5,6
5,1067,3458,3453,5,6
5,1068,3458,3453,5,6
5,1069,3458,3453,5,6
5,1070,3458,3453,5,6
5,1071,3458,3453,5,6
5,1072,3458,3453,5,6
5,1073,3458,3453,5,6
5,1074,3458,3453,5,6
5,1075,3458,3453,5,6
5,1076,3458,3453,5,6
5,1077,3458,3453,5,6
5,1078,3458,3453,5,6
5,1079,3458,3453,5,6
5,1080,3458,3453,5,6
5,1081,3458,3453,5,6
5,1082,3458,3453,5,6
5,1083,3458,3453,5,6
5,1084,3458,3453,5,6
5,1085,3458,3453,5,6
5,1086,3458,3453,5,6
5,1087,3458,3453,5,6
5,1088,3458,3453,5,6
5,1089,3458,3453,5,6
5,1090,3458,3453,5,6
5,1091,3458,3453,5,6
5,1092,3458,3453,5,6
5,1093,3458,3453,5,6
5,1094,3458,3453,5,6
5,1095,3458,3453,5,6
5,1096,3458,3453,5,6
5,1097,3458,3453,5,6
5,1098,3458,3453,5,6
5,1099,3458,3453,5,6
5,1100,3458,3453,5,6
5,1101,3458,3453,5,6
5,1102,3458,3453,5,6
5,1103,3458,3453,5,6
5,1104,3458,3453,5,6
5,1105,3458,3453,5,6
5,1106,3458,3453,5,6
5,1107,3458,3453,5,6
5,1108,3458,3453,5,6
5,1109,3458,3453,5,6
5,1110,3458,3453,5,6
5,1111,3458,3453,5,6
5,1112,3458,3453,5,6
5,1113,3458,3453,5,6
5,1114,3458,3453,5,6
5,1115,3458,3453,5,6
5,1116,3458,3453,5,6
5,1117,3458,3453,5,6
5,1118,3458,3453,5,6
5,1119,3458,3453,5,6
5,1120,3458,3453,5,6
5,1121,3458,3453,5,6
5,1122,3458,3453,5,6
5,1123,3458,3453,5,6
5,1124,3458,3453,5,6
5,1125,3458,3453,5,6
5,1126,3458,3453,5,6
5,1127,3458,3453,5,6
5,1128,3458,3453,5,6
5,1129,3458,3453,5,6
5,1130,3458,3453,5,6
5,1131,3458,3453,5,6
5,1132,3458,3453,5,6
5,1133,3458,3453,5,6
5,1134,3458,3453,5,6
5,1135,3458,3453,5,6
5,1136,3458,3453,5,6
5,1137,3458,3453,5,6
5,1138,3458,3453,5,6
5,1139,3458,3453,5,6
5,1140,3458,3453,5,6
5,1141,3458,3453,5,6
5,1142,3458,3453,5,6
5,1143,3458,3453,5,6
5,1144,3458,3453,5,6
5,1145,3458,3453,5,6
5,1146,3458,3453,5,6
5,1147,3458,3453,5,6
5,1148,3458,3453,5,6
5,1149,3458,3453,5,6
5,1150,3458,3453,5,6
5,1151,3458,3453,5,6
5,1152,3458,3453,5,6
5,1153,3458,3453,5,6
5,1154,3458,3453,5,6
5,1155,3458,3453,5,6
5,1156,3458,3453,5,6
5,1157,3458,3453,5,6
5,1158,3458,3453,5,6
5,1159,3458,3453,5,6
5,1160,3458,3453,5,6
5,1161,3458,3453,5,6
5,1162,3458,3453,5,6
5,1163,3458,3453,5,6
5,1164,3458,3453,5,6
5,1165,3458,3453,5,6
5,1166,3458,3453,5,6
5,1167,3458,3453,5,6
5,1168,3458,3453,5,6
5,1169,3458,3453,5,6
5,1170,3458,3453,5,6
5,1171,3458,3453,5,6
5,1172,3458,3453,5,6
5,1173,3458,3453,5,6
5,1174,3458,3453,5,6
5,1175,3458,3453,5,6
5,1176,3458,3453,5,6
5,1177,3458,3453,5,6
5,1178,3458,3453,5,6
5,1179,3458,3453,5,6
5,1180,3458,3453,5,6
5,1181,3458,3453,5,6
5,1182,3458,3453,5,6
5,1183,3458,3453,5,6
5,1184,3458,3453,5,6
5,1185,3458,3453,5,6
5,1186,3458,3453,5,6
5,1187,3458,3453,5,6
5,1188,3458,3453,5,6
5,1189,3458,3453,5,6
5,1190,3458,3453,5,6
5,1191,3458,3453,5,6
5,1192,3458,3453,5,6
5,1193,3458,3453,5,6
5,1194,3458,3453,5,6
5,1195,3458,3453,5,6
5,1196,3458,3453,5,6
5,1197,3458,3453,5,6
5,1198,3458,3453,5,6
5,1199,3458,3453,5,6
5,1200,3458,3453,5,6
5,1201,3458,3453,5,6
5,1202,3458,3453,5,6
5,1203,3458,3453,5,6
5,1204,3458,3453,5,6
5,1205,3458,3453,5,6
5,1206,3458,3453,5,6
5,1207,3458,3453,5,6
5,1208,3458,3453,5,6
5,1209,3458,3453,5,6
5,1210,3458,3453,5,6
5,1211,3458,3453,5,6
5,1212,3458,3453,5,6
5,1213,3458,3453,5,6
5,1214,3458,3453,5,6
5,1215,3458,3453,5,6
5,1216,3458,3453,5,6
5,1217,3458,3453,5,6
5,1218,3458,3453,5,6
5,1219,3458,3453,5,6
5,1220,3458,3453,5,6
5,1221,3458,3453,5,6
5,1222,3458,3453,5,6
5,1223,3458,3453,5,6
5,1224,3458,3453,5,6
5,1225,3458,3453,5,6
5,1226,3458,3453,5,6
5,1227,3458,3453,5,6
5,1228,3458,3453,5,6
5,1229,3458,3453,5,6
5,1230,3458,3453,5,6
5,1231,3458,3453,5,6
5,1232,3458,3453,5,6
5,1233,3458,3453,5,6
5,1234,3458,3453,5,6
5,1235,3458,3453,5,6
5,1236,3458,3453,5,6
5,1237,3458,3453,5,6
5,1238,3458,3453,5,6
5,1239,3458,3453,5,6
5,1240,3458,3453,5,6
5,1241,3458,3453,5,6
5,1242,3458,3453,5,6
5,1243,3458,3453,5,6
5,1244,3458,3453,5,6
5,1245,3458,3453,5,6
5,1246,3458,3453,5,6
5,1247,3458,3453,5,6
5,1248,3458,3453,5,6
5,1249,3458,3453,5,6
5,1250,3458,3453,5,6
5,1251,3458,3453,5,6
5,1252,3458,3453,5,6
5,1253,3458,3453,5,6
5,1254,3458,3453,5,6
5,1255,3458,3453,5,6
5,1256,3458,3453,5,6
5,1257,3458,3453,5,6
5,1258,3458,3453,5,6
5,1259,3458,3453,5,6
5,1260,3458,3453,5,6
5,1261,3458,3453,5,6
5,1262,3458,3453,5,6
5,1263,3458,3453,5,6
5,1264,3458,3453,5,6
5,1265,3458,3453,5,6
5,1266,3458,3453,5,6
5,1267,3458,3453,5,6
5,1268,3458,3453,5,6
5,1269,3458,3453,5,6
5,1270,3458,3453,5,6
5,1271,3458,3453,5,6
5,1272,3458,3453,5,6
5,1273,3458,3453,5,6
5,1274,3458,3453,5,6
5,1275,3458,3453,5,6
5,1276,3458,3453,5,6
5,1277,3458,3453,5,6
5,1278,3458,3453,5,6
5,1279,3458,3453,5,6
5,1280,3458,3453,5,6
5,1281,3458,3453,5,6
5,1282,3458,3453,5,6
5,1283,3458,3453,5,6
5,1284,3458,3453,5,6
5,1285,3458,3453,5,6
5,1286,3458,3453,5,6
5,1287,3458,3453,5,6
5,1288,3458,3453,5,6
5,1289,3458,3453,5,6
5,1290,3458,3453,5,6
5,1291,3458,3453,5,6
5,1292,3458,3453,5,6
5,1293,3458,3453,5,6
5,1294,3458,3453,5,6
5,1295,3458,3453,5,6
5,1296,3458,3453,5,6
5,1297,3458,3453,5,6
5,1298,3458,3453,5,6
5,1299,3458,3453,5,6
5,1300,3458,3453,5,6
5,1301,3458,3453,5,6
5,1302,3458,3453,5,6
5,1303,3458,3453,5,6
5,1304,3458,3453,5,6
5,1305,3458,3453,5,6
5,1306,3458,3453,5,6
5,1307,3458,3453,5,6
5,1308,3458,3453,5,6
5,1309,3458,3453,5,6
5,1310,3458,3453,5,6
5,1311,3458,3453,5,6
5,1312,3458,3453,5,6
5,1313,3458,3453,5,6
5,1314,3458,3453,5,6
5,1315,3458,3453,5,6
5,1316,3458,3453,5,6
5,1317,3458,3453,5,6
5,1318,3458,3453,5,6
5,1319,3458,3453,5,6
5,1320,3458,3453,5,6
5,1321,3458,3453,5,6
5,1322,3458,3453,5,6
5,1323,3458,3453,5,6
5,1324,3458,3453,5,6
5,1325,3458,3453,5,6
5,1326,3458,3453,5,6
5,1327,3458,3453,5,6
5,1328,3458,3453,5,6
5,1329,3458,3453,5,6
5,1330,3458,3453,5,6
5,1331,3458,3453,5,6
5,1332,3458,3453,5,6
5,1333,3458,3453,5,6
5,1334,3458,3453,5,6
5,1335,3458,3453,5,6
5,1336,3458,3453,5,6
5,1337,3458,3453,5,6
5,1338,3458,3453,5,6
5,1339,3458,3453,5,6
5,1340,3458,3453,5,6
5,1341,3458,3453,5,6
5,1342,3458,3453,5,6
5,1343,3458,3453,5,6
5,1344,3458,3453,5,6
5,1345,3458,3453,5,6
5,1346,3458,3453,5,6
5,1347,3458,3453,5,6
5,1348,3458,3453,5,6
5,1349,3458,3453,5,6
5,1350,3458,3453,5,6
5,1351,3458,3453,5,6
5,1352,3458,3453,5,6
5,1353,3458,3453,5,6
5,1354,3458,3453,5,6
5,1355,3458,3453,5,6
5,1356,3458,3453,5,6
5,1357,3458,3453,5,6
5,1358,3458,3453,5,6
5,1359,3458,3453,5,6
5,1360,3458,3453,5,6
5,1361,3458,3453,5,6
5,1362,3458,3453,5,6
5,1363,3458,3453,5,6
5,1364,3458,3453,5,6
5,1365,3458,3453,5,6
5,1366,3458,3453,5,6
5,1367,3458,3453,5,6
5,1368,3458,3453,5,6
5,1369,3458,3453,5,6
5,1370,3458,3453,5,6
5,1371,3458,3453,5,6
5,1372,3458,3453,5,6
5,1373,3458,3453,5,6
5,1374,3458,3453,5,6
5,1375,3458,3453,5,6
5,1376,3458,3453,5,6
5,1377,3458,3453,5,6
5,1378,3458,3453,5,6
5,1379,3458,3453,5,6
5,1380,3458,3453,5,6
5,1381,3458,3453,5,6
5,1382,3458,3453,5,6
5,1383,3458,3453,5,6
5,1384,3458,3453,5,6
5,1385,3458,3453,5,6
5,1386,3458,3453,5,6
5,1387,3458,3453,5,6
5,1388,3458,3453,5,6
5,1389,3458,3453,5,6
5,1390,3458,3453,5,6
5,1391,3458,3453,5,6
5,1392,3458,3453,5,6
5,1393,3458,3453,5,6
5,1394,3458,3453,5,6
5,1395,3458,3453,5,6
5,1396,3458,3453,5,6
5,1397,3458,3453,5,6
5,1398,3458,3453,5,6
5,1399,3458,3453,5,6
5,1400,3458,3453,5,6
5,1401,3458,3453,5,6
5,1402,3458,3453,5,6
5,1403,3458,3453,5,6
5,1404,3458,3453,5,6
5,1405,3458,3453,5,6
5,1406,3458,3453,5,6
5,1407,3458,3453,5,6
5,1408,3458,3453,5,6
5,1409,3458,3453,5,6
5,1410,3458,3453,5,6
5,1411,3458,3453,5,6
5,1412,3458,3453,5,6
5,1413,3458,3453,5,6
5,1414,3458,3453,5,6
5,1415,3458,3453,5,6
5,1416,3458,3453,5,6
5,1417,3458,3453,5,6
5,1418,3458,3453,5,6
5,1419,3458,3453,5,6
5,1420,3458,3453,5,6
5,1421,3458,3453,5,6
5,1422,3458,3453,5,6
5,1423,3458,3453,5,6
5,1424,3458,3453,5,6
5,1425,3458,3453,5,6
5,1426,3458,3453,5,6
5,1427,3458,3453,5,6
5,1428,3458,3453,5,6
5,1429,3458,3453,5,6
5,1430,3458,3453,5,6
5,1431,3458,3453,5,6
5,1432,3458,3453,5,6
5,1433,3458,3453,5,6
5,1434,3458,3453,5,6
5,1435,3458,3453,5,6
5,1436,3458,3453,5,6
5,1437,3458,3453,5,6
5,1438,3458,3453,5,6
5,1439,3458,3453,5,6
5,1440,3458,3453,5,6
5,1441,3458,3453,5,6
5,1442,3458,3453,5,6
5,1443,3458,3453,5,6
5,1444,3458,3453,5,6
5,1445,3458,3453,5,6
5,1446,3458,3453,5,6
5,1447,3458,3453,5,6
5,1448,3458,3453,5,6
5,1449,3458,3453,5,6
5,1450,3458,3453,5,6
5,1451,3458,3453,5,6
5,1452,3458,3453,5,6
5,1453,3458,3453,5,6
5,1454,3458,3453,5,6
5,1455,3458,3453,5,6
5,1456,3458,3453,5,6
5,1457,3458,3453,5,6
5,1458,3458,3453,5,6
5,1459,3458,3453,5,6
5,1460,3458,3453,5,6
5,1461,3458,3453,5,6
5,1462,3458,3453,5,6
5,1463,3458,3453,5,6
5,1464,3458,3453,5,6
5,1465,3458,3453,5,6
5,1466,3458,3453,5,6
5,1467,3458,3453,5,6
5,1468,3458,3453,5,6
5,1469,3458,3453,5,6
5,1470,3458,3453,5,6
5,1471,3458,3453,5,6
5,1472,3458,3453,5,6
5,1473,3458,3453,5,6
5,1474,3458,3453,5,6
5,1475,3458,3453,5,6
5,1476,3458,3453,5,6
5,1477,3458,3453,5,6
5,1478,3458,3453,5,6
5,1479,3458,3453,5,6
5,1480,3458,3453,5,6
5,1481,3458,3453,5,6
5,1482,3458,3453,5,6
5,1483,3458,3453,5,6
5,1484,3458,3453,5,6
5,1485,3458,3453,5,6
5,1486,3458,3453,5,6
5,1487,3458,3453,5,6
5,1488,3458,3453,5,6
5,1489,3458,3453,5,6
5,1490,3458,3453,5,6
5,1491,3458,3453,5,6
5,1492,3458,3453,5,6
5,1493,3458,3453,5,6
5,1494,3458,3453,5,6
5,1495,3458,3453,5,6
5,1496,3458,3453,5,6
5,1497,3458,3453,5,6
5,1498,3458,3453,5,6
5,1499,3458,3453,5,6
5,1500,3458,3453,5,6
5,1501,3458,3453,5,6
5,1502,3458,3453,5,6
5,1503,3458,3453,5,6
5,1504,3458,3453,5,6
5,1505,3458,3453,5,6
5,1506,3458,3453,5,6
5,1507,3458,3453,5,6
5,1508,3458,3453,5,6
5,1509,3458,3453,5,6
5,1510,3458,3453,5,6
5,1511,3458,3453,5,6
5,1512,3458,3453,5,6
5,1513,3458,3453,5,6
5,1514,3458,3453,5,6
5,1515,3458,3453,5,6
5,1516,3458,3453,5,6
5,1517,3458,3453,5,6
5,1518,3458,3453,5,6
5,1519,3458,3453,5,6
5,1520,3458,3453,5,6
5,1521,3458,3453,5,6
5,1522,3458,3453,5,6
5,1523,3458,3453,5,6
5,1524,3458,3453,5,6
5,1525,3458,3453,5,6
5,1526,3458,3453,5,6
5,1527,3458,3453,5,6
5,1528,3458,3453,5,6
5,1529,3458,3453,5,6
5,1530,3458,3453,5,6
5,1531,3458,3453,5,6
5,1532,3458,3453,5,6
5,1533,3458,3453,5,6
5,1534,3458,3453,5,6
5,1535,3458,3453,5,6
5,1536,3458,3453,5,6
5,1537,3458,3453,5,6
5,1538,3458,3453,5,6
5,1539,3458,3453,5,6
5,1540,3458,3453,5,6
5,1541,3458,3453,5,6
5,1542,3458,3453,5,6
5,1543,3458,3453,5,6
5,1544,3458,3453,5,6
5,1545,3458,3453,5,6
5,1546,3458,3453,5,6
5,1547,3458,3453,5,6
5,1548,3458,3453,5,6
5,1549,3458,3453,5,6
5,1550,3458,3453,5,6
5,1551,3458,3453,5,6
5,1552,3458,3453,5,6
5,1553,3458,3453,5,6
5,1554,3458,3453,5,6
5,1555,3458,3453,5,6
5,1556,3458,3453,5,6
5,1557,3458,3453,5,6
5,1558,3458,3453,5,6
5,1559,3458,3453,5,6
5,1560,3458,3453,5,6
5,1561,3458,3453,5,6
5,1562,3458,3453,5,6
5,1563,3458,3453,5,6
5,1564,3458,3453,5,6
5,1565,3458,3453,5,6
5,1566,3458,3453,5,6
5,1567,3458,3453,5,6
5,1568,3458,3453,5,6
5,1569,3458,3453,5,6
5,1570,3458,3453,5,6
5,1571,3458,3453,5,6
5,1572,3458,3453,5,6
5,1573,3458,3453,5,6
5,1574,3458,3453,5,6
5,1575,3458,3453,5,6
5,1576,3458,3453,5,6
5,1577,3458,3453,5,6
5,1578,3458,3453,5,6
5,1579,3458,3453,5,6
5,1580,3458,3453,5,6
5,1581,3458,3453,5,6
5,1582,3458,3453,5,6
5,1583,3458,3453,5,6
5,1584,3458,3453,5,6
5,1585,3458,3453,5,6
5,1586,3458,3453,5,6
5,1587,3458,3453,5,6
5,1588,3458,3453,5,6
5,1589,3458,3453,5,6
5,1590,3458,3453,5,6
5,1591,3458,3453,5,6
5,1592,3458,3453,5,6
5,1593,3458,3453,5,6
5,1594,3458,3453,5,6
5,1595,3458,3453,5,6
5,1596,3458,3453,5,6
5,1597,3458,3453,5,6
5,1598,3458,3453,5,6
5,1599,3458,3453,5,6
5,1600,3458,3453,5,6
5,1601,3458,3453,5,6
5,1602,3458,3453,5,6
5,1603,3458,3453,5,6
5,1604,3458,3453,5,6
5,1605,3458,3453,5,6
5,1606,3458,3453,5,6
5,1607,3458,3453,5,6
5,1608,3458,3453,5,6
5,1609,3458,3453,5,6
5,1610,3458,3453,5,6
5,1611,3458,3453,5,6
5,1612,3458,3453,5,6
5,1613,3458,3453,5,6
5,1614,3458,3453,5,6
5,1615,3458,3453,5,6
5,1616,3458,3453,5,6
5,1617,3458,3453,5,6
5,1618,3458,3453,5,6
5,1619,3458,3453,5,6
5,1620,3458,3453,5,6
5,1621,3458,3453,5,6
5,1622,3458,3453,5,6
5,1623,3458,3453,5,6
5,1624,3458,3453,5,6
5,1625,3458,3453,5,6
5,1626,3458,3453,5,6
5,1627,3458,3453,5,6
5,1628,3458,3453,5,6
5,1629,3458,3453,5,6
5,1630,3458,3453,5,6
5,1631,3458,3453,5,6
5,1632,3458,3453,5,6
5,1633,3458,3453,5,6
5,1634,3458,3453,5,6
5,1635,3458,3453,5,6
5,1636,3458,3453,5,6
5,1637,3458,3453,5,6
5,1638,3458,3453,5,6
5,1639,3458,3453,5,6
5,1640,3458,3453,5,6
5,1641,3458,3453,5,6
5,1642,3458,3453,5,6
5,1643,3458,3453,5,6
5,1644,3458,3453,5,6
5,1645,3458,3453,5,6
5,1646,3458,3453,5,6
5,1647,3458,3453,5,6
5,1648,3458,3453,5,6
5,1649,3458,3453,5,6
5,1650,3458,3453,5,6
5,1651,3458,3453,5,6
5,1652,3458,3453,5,6
5,1653,3458,3453,5,6
5,1654,3458,3453,5,6
5,1655,3458,3453,5,6
5,1656,3458,3453,5,6
5,1657,3458,3453,5,6
5,1658,3458,3453,5,6
5,1659,3458,3453,5,6
5,1660,3458,3453,5,6
5,1661,3458,3453,5,6
5,1662,3458,3453,5,6
5,1663,3458,3453,5,6
5,1664,3458,3453,5,6
5,1665,3458,3453,5,6
5,1666,3458,3453,5,6
5,1667,3458,3453,5,6
5,1668,3458,3453,5,6
5,1669,3458,3453,5,6
5,1670,3458,3453,5,6
5,1671,3458,3453,5,6
5,1672,3458,3453,5,6
5,1673,3458,3453,5,6
5,1674,3458,3453,5,6
5,1675,3458,3453,5,6
5,1676,3458,3453,5,6
5,1677,3458,3453,5,6
5,1678,3458,3453,5,6
5,1679,3458,3453,5,6
5,1680,3458,3453,5,6
5,1681,3458,3453,5,6
5,1682,3458,3453,5,6
5,1683,3458,3453,5,6
5,1684,3458,3453,5,6
5,1685,3458,3453,5,6
5,1686,3458,3453,5,6
5,1687,3458,3453,5,6
5,1688,3458,3453,5,6
5,1689,3458,3453,5,6
5,1690,3458,3453,5,6
5,1691,3458,3453,5,6
5,1692,3458,3453,5,6
5,1693,3458,3453,5,6
5,1694,3458,3453,5,6
5,1695,3458,3453,5,6
5,1696,3458,3453,5,6
5,1697,3458,3453,5,6
5,1698,3458,3453,5,6
5,1699,3458,3453,5,6
5,1700,3458,3453,5,6
5,1701,3458,3453,5,6
5,1702,3458,3453,5,6
5,1703,3458,3453,5,6
5,1704,3458,3453,5,6
5,1705,3458,3453,5,6
5,1706,3458,3453,5,6
5,1707,3458,3453,5,6
5,1708,3458,3453,5,6
5,1709,3458,3453,5,6
5,1710,3458,3453,5,6
5,1711,3458,3453,5,6
5,1712,3458,3453,5,6
5,1713,3458,3453,5,6
5,1714,3458,3453,5,6
5,1715,3458,3453,5,6
5,1716,3458,3453,5,6
5,1717,3458,3453,5,6
5,1718,3458,3453,5,6
5,1719,3458,3453,5,6
5,1720,3458,3453,5,6
5,1721,3458,3453,5,6
5,1722,3458,3453,5,6
5,1723,3458,3453,5,6
5,1724,3458,3453,5,6
5,1725,3458,3453,5,6
5,1726,3458,3453,5,6
5,1727,3458,3453,5,6
5,1728,3458,3453,5,6
5,1729,3458,3453,5,6
5,1730,3458,3453,5,6
5,1731,3458,3453,5,6
5,1732,3458,3453,5,6
5,1733,3458,3453,5,6
5,1734,3458,3453,5,6
5,1735,3458,3453,5,6
5,1736,3458,3453,5,6
5,1737,3458,3453,5,6
5,1738,3458,3453,5,6
5,1739,3458,3453,5,6
5,1740,3458,3453,5,6
5,1741,3458,3453,5,6
5,1742,3458,3453,5,6
5,1743,3458,3453,5,6
5,1744,3458,3453,5,6
5,1745,3458,3453,5,6
5,1746,3458,3453,5,6
5,1747,3458,3453,5,6
5,1748,3458,3453,5,6
5,1749,3458,3453,5,6
5,1750,3458,3453,5,6
5,1751,3458,3453,5,6
5,1752,3458,3453,5,6
5,1753,3458,3453,5,6
5,1754,3458,3453,5,6
5,1755,3458,3453,5,6
5,1756,3458,3453,5,6
5,1757,3458,3453,5,6
5,1758,3458,3453,5,6
5,1759,3458,3453,5,6
5,1760,3458,3453,5,6
5,1761,3458,3453,5,6
5,1762,3458,3453,5,6
5,1763,3458,3453,5,6
5,1764,3458,3453,5,6
5,1765,3458,3453,5,6
5,1766,3458,3453,5,6
5,1767,3458,3453,5,6
5,1768,3458,3453,5,6
5,1769,3458,3453,5,6
5,1770,3458,3453,5,6
5,1771,3458,3453,5,6
5,1772,3458,3453,5,6
5,1773,3458,3453,5,6
5,1774,3458,3453,5,6
5,1775,3458,3453,5,6
5,1776,3458,3453,5,6
5,1777,3458,3453,5,6
5,1778,3458,3453,5,6
5,1779,3458,3453,5,6
5,1780,3458,3453,5,6
5,1781,3458,3453,5,6
5,1782,3458,3453,5,6
5,1783,3458,3453,5,6
5,1784,3458,3453,5,6
5,1785,3458,3453,5,6
5,1786,3458,3453,5,6
5,1787,3458,3453,5,6
5,1788,3458,3453,5,6
5,1789,3458,3453,5,6
5,1790,3458,3453,5,6
5,1791,3458,3453,5,6
5,1792,3458,3453,5,6
5,1793,3458,3453,5,6
5,1794,3458,3453,5,6
5,1795,3458,3453,5,6
5,1796,3458,3453,5,6
5,1797,3458,3453,5,6
5,1798,3458,3453,5,6
5,1799,3458,3453,5,6
5,1800,3458,3453,5,6
5,1801,3458,3453,5,6
5,1802,3458,3453,5,6
5,1803,3458,3453,5,6
5,1804,3458,3453,5,6
5,1805,3458,3453,5,6
5,1806,3458,3453,5,6
5,1807,3458,3453,5,6
5,1808,3458,3453,5,6
5,1809,3458,3453,5,6
5,1810,3458,3453,5,6
5,1811,3458,3453,5,6
5,1812,3458,3453,5,6
5,1813,3458,3453,5,6
5,1814,3458,3453,5,6
5,1815,3458,3453,5,6
5,1816,3458,3453,5,6
5,1817,3458,3453,5,6
5,1818,3458,3453,5,6
5,1819,3458,3453,5,6
5,1820,3458,3453,5,6
5,1821,3458,3453,5,6
5,1822,3458,3453,5,6
5,1823,3458,3453,5,6
5,1824,3458,3453,5,6
5,1825,3458,3453,5,6
5,1826,3458,3453,5,6
5,1827,3458,3453,5,6
5,1828,3458,3453,5,6
5,1829,3458,3453,5,6
5,1830,3458,3453,5,6
5,1831,3458,3453,5,6
5,1832,3458,3453,5,6
5,1833,3458,3453,5,6
5,1834,3458,3453,5,6
5,1835,3458,3453,5,6
5,1836,3458,3453,5,6
5,1837,3458,3453,5,6
5,1838,3458,3453,5,6
5,1839,3458,3453,5,6
5,1840,3458,3453,5,6
5,1841,3458,3453,5,6
5,1842,3458,3453,5,6
5,1843,3458,3453,5,6
5,1844,3458,3453,5,6
5,1845,3458,3453,5,6
5,1846,3458,3453,5,6
5,1847,3458,3453,5,6
5,1848,3458,3453,5,6
5,1849,3458,3453,5,6
5,1850,3458,3453,5,6
5,1851,3458,3453,5,6
5,1852,3458,3453,5,6
5,1853,3458,3453,5,6
5,1854,3458,3453,5,6
5,1855,3458,3453,5,6
5,1856,3458,3453,5,6
5,1857,3458,3453,5,6
5,1858,3458,3453,5,6
5,1859,3458,3453,5,6
5,1860,3458,3453,5,6
5,1861,3458,3453,5,6
5,1862,3458,3453,5,6
5,1863,3458,3453,5,6
5,1864,3458,3453,5,6
5,1865,3458,3453,5,6
5,1866,3458,3453,5,6
5,1867,3458,3453,5,6
5,1868,3458,3453,5,6
5,1869,3458,3453,5,6
5,1870,3458,3453,5,6
5,1871,3458,3453,5,6
5,1872,3458,3453,5,6
5,1873,3458,3453,5,6
5,1874,3458,3453,5,6
5,1875,3458,3453,5,6
5,1876,3458,3453,5,6
5,1877,3458,3453,5,6
5,1878,3458,3453,5,6
5,1879,3458,3453,5,6
5,1880,3458,3453,5,6
5,1881,3458,3453,5,6
5,1882,3458,3453,5,6
5,1883,3458,3453,5,6
5,1884,3458,3453,5,6
5,1885,3458,3453,5,6
5,1886,3458,3453,5,6
5,1887,3458,3453,5,6
5,1888,3458,3453,5,6
5,1889,3458,3453,5,6
5,1890,3458,3453,5,6
5,1891,3458,3453,5,6
5,1892,3458,3453,5,6
5,1893,3458,3453,5,6
5,1894,3458,3453,5,6
5,1895,3458,3453,5,6
5,1896,3458,3453,5,6
5,1897,3458,3453,5,6
5,1898,3458,3453,5,6
5,1899,3458,3453,5,6
5,1900,3458,3453,5,6
5,1901,3458,3453,5,6
5,1902,3458,3453,5,6
5,1903,3458,3453,5,6
5,1904,3458,3453,5,6
5,1905,3458,3453,5,6
5,1906,3458,3453,5,6
5,1907,3458,3453,5,6
5,1908,3458,3453,5,6
5,1909,3458,3453,5,6
5,1910,3458,3453,5,6
5,1911,3458,3453,5,6
5,1912,3458,3453,5,6
5,1913,3458,3453,5,6
5,1914,3458,3453,5,6
5,1915,3458,3453,5,6
5,1916,3458,3453,5,6
5,1917,3458,3453,5,6
5,1918,3458,3453,5,6
5,1919,3458,3453,5,6
5,1920,3458,3453,5,6
5,1921,3458,3453,5,6
5,1922,3458,3453,5,6
5,1923,3458,3453,5,6
5,1924,3458,3453,5,6
5,1925,3458,3453,5,6
5,1926,3458,3453,5,6
5,1927,3458,3453,5,6
5,1928,3458,3453,5,6
5,1929,3458,3453,5,6
5,1930,3458,3453,5,6
5,1931,3458,3453,5,6
5,1932,3458,3453,5,6
5,1933,3458,3453,5,6
5,1934,3458,3453,5,6
5,1935,3458,3453,5,6
5,1936,3458,3453,5,6
5,1937,3458,3453,5,6
5,1938,3458,3453,5,6
5,1939,3458,3453,5,6
5,1940,3458,3453,5,6
5,1941,3458,3453,5,6
5,1942,3458,3453,5,6
5,1943,3458,3453,5,6
5,1944,3458,3453,5,6
5,1945,3458,3453,5,6
5,1946,3458,3453,5,6
5,1947,3458,3453,5,6
5,1948,3458,3453,5,6
5,1949,3458,3453,5,6
5,1950,3458,3453,5,6
5,1951,3458,3453,5,6
5,1952,3458,3453,5,6
5,1953,3458,3453,5,6
5,1954,3458,3453,5,6
5,1955,3458,3453,5,6
5,1956,3458,3453,5,6
5,1957,3458,3453,5,6
5,1958,3458,3453,5,6
5,1959,3458,3453,5,6
5,1960,3458,3453,5,6
5,1961,3458,3453,5,6
5,1962,3458,3453,5,6
5,1963,3458,3453,5,6
5,1964,3458,3453,5,6
5,1965,3458,3453,5,6
5,1966,3458,3453,5,6
5,1967,3458,3453,5,6
5,1968,3458,3453,5,6
5,1969,3458,3453,5,6
5,1970,3458,3453,5,6
5,1971,3458,3453,5,6
5,1972,3458,3453,5,6
5,1973,3458,3453,5,6
5,1974,3458,3453,5,6
5,1975,3458,3453,5,6
5,1976,3458,3453,5,6
5,1977,3458,3453,5,6
5,1978,3458,3453,5,6
5,1979,3458,3453,5,6
5,1980,3458,3453,5,6
5,1981,3458,3453,5,6
5,1982,3458,3453,5,6
5,1983,3458,3453,5,6
5,1984,3458,3453,5,6
5,1985,3458,3453,5,6
5,1986,3458,3453,5,6
5,1987,3458,3453,5,6
5,1988,3458,3453,5,6
5,1989,3458,3453,5,6
5,1990,3458,3453,5,6
5,1991,3458,3453,5,6
5,1992,3458,3453,5,6
5,1993,3458,3453,5,6
5,1994,3458,3453,5,6
5,1995,3458,3453,5,6
5,1996,3458,3453,5,6
5,1997,3458,3453,5,6
5,1998,3458,3453,5,6
5,1999,3458,3453,5,6
5,2000,3458,3453,5,6
5,2001,3458,3453,5,6
5,2002,3458,3453,5,6
5,2003,3458,3453,5,6
5,2004,3458,3453,5,6
5,2005,3458,3453,5,6
5,2006,3458,3453,5,6
5,2007,3458,3453,5,6
5,2008,3458,3453,5,6
5,2009,3458,3453,5,6
5,2010,3458,3453,5,6
5,2011,3458,3453,5,6
5,2012,3458,3453,5,6
5,2013,3458,3453,5,6
5,2014,3458,3453,5,6
5,2015,3458,3453,5,6
5,2016,3458,3453,5,6
5,2017,3458,3453,5,6
5,2018,3458,3453,5,6
5,2019,3458,3453,5,6
5,2020,3458,3453,5,6
5,2021,3458,3453,5,6
5,2022,3458,3453,5,6
5,2023,3458,3453,5,6
5,2024,3458,3453,5,6
5,2025,3458,3453,5,6
5,2026,3458,3453,5,6
5,2027,3458,3453,5,6
5,2028,3458,3453,5,6
5,2029,3458,3453,5,6
5,2030,3458,3453,5,6
5,2031,3458,3453,5,6
5,2032,3458,3453,5,6
5,2033,3458,3453,5,6
5,2034,3458,3453,5,6
5,2035,3458,3453,5,6
5,2036,3458,3453,5,6
5,2037,3458,3453,5,6
5,2038,3458,3453,5,6
5,2039,3458,3453,5,6
5,2040,3458,3453,5,6
5,2041,3458,3453,5,6
5,2042,3458,3453,5,6
5,2043,3458,3453,5,6
5,2044,3458,3453,5,6
5,2045,3458,3453,5,6
5,2046,3458,3453,5,6
5,2047,3458,3453,5,6
5,2048,3458,3453,5,6
5,2049,3458,3453,5,6
5,2050,3458,3453,5,6
5,2051,3458,3453,5,6
5,2052,3458,3453,5,6
5,2053,3458,3453,5,6
5,2054,3458,3453,5,6
5,2055,3458,3453,5,6
5,2056,3458,3453,5,6
5,2057,3458,3453,5,6
5,2058,3458,3453,5,6
5,2059,3458,3453,5,6
5,2060,3458,3453,5,6
5,2061,3458,3453,5,6
5,2062,3458,3453,5,6
5,2063,3458,3453,5,6
5,2064,3458,3453,5,6
5,2065,3458,3453,5,6
5,2066,3458,3453,5,6
5,2067,3458,3453,5,6
5,2068,3458,3453,5,6
5,2069,3458,3453,5,6
5,2070,3458,3453,5,6
5,2071,3458,3453,5,6
5,2072,3458,3453,5,6
5,2073,3458,3453,5,6
5,2074,3458,3453,5,6
5,2075,3458,3453,5,6
5,2076,3458,3453,5,6
5,2077,3458,3453,5,6
5,2078,3458,3453,5,6
5,2079,3458,3453,5,6
5,2080,3458,3453,5,6
5,2081,3458,3453,5,6
5,2082,3458,3453,5,6
5,2083,3458,3453,5,6
5,2084,3458,3453,5,6
5,2085,3458,3453,5,6
5,2086,3458,3453,5,6
5,2087,3458,3453,5,6
5,2088,3458,3453,5,6
5,2089,3458,3453,5,6
5,2090,3458,3453,5,6
5,2091,3458,3453,5,6
5,2092,3458,3453,5,6
5,2093,3458,3453,5,6
5,2094,3458,3453,5,6
5,2095,3458,3453,5,6
5,2096,3458,3453,5,6
5,2097,3458,3453,5,6
5,2098,3458,3453,5,6
5,2099,3458,3453,5,6
5,2100,3458,3453,5,6
5,2101,3458,3453,5,6
5,2102,3458,3453,5,6
5,2103,3458,3453,5,6
5,2104,3458,3453,5,6
5,2105,3458,3453,5,6
5,2106,3458,3453,5,6
5,2107,3458,3453,5,6
5,2108,3458,3453,5,6
5,2109,3458,3453,5,6
5,2110,3458,3453,5,6
5,2111,3458,3453,5,6
5,2112,3458,3453,5,6
5,2113,3458,3453,5,6
5,2114,3458,3453,5,6
5,2115,3458,3453,5,6
5,2116,3458,3453,5,6
5,2117,3458,3453,5,6
5,2118,3458,3453,5,6
5,2119,3458,3453,5,6
5,2120,3458,3453,5,6
5,2121,3458,3453,5,6
5,2122,3458,3453,5,6
5,2123,3458,3453,5,6
5,2124,3458,3453,5,6
5,2125,3458,3453,5,6
5,2126,3458,3453,5,6
5,2127,3458,3453,5,6
5,2128,3458,3453,5,6
5,2129,3458,3453,5,6
5,2130,3458,3453,5,6
5,2131,3458,3453,5,6
5,2132,3458,3453,5,6
5,2133,3458,3453,5,6
5,2134,3458,3453,5,6
5,2135,3458,3453,5,6
5,2136,3458,3453,5,6
5,2137,3458,3453,5,6
5,2138,3458,3453,5,6
5,2139,3458,3453,5,6
5,2140,3458,3453,5,6
5,2141,3458,3453,5,6
5,2142,3458,3453,5,6
5,2143,3458,3453,5,6
5,2144,3458,3453,5,6
5,2145,3458,3453,5,6
5,2146,3458,3453,5,6
5,2147,3458,3453,5,6
5,2148,3458,3453,5,6
5,2149,3458,3453,5,6
5,2150,3458,3453,5,6
5,2151,3458,3453,5,6
5,2152,3458,3453,5,6
5,2153,3458,3453,5,6
5,2154,3458,3453,5,6
5,2155,3458,3453,5,6
5,2156,3458,3453,5,6
5,2157,3458,3453,5,6
5,2158,3458,3453,5,6
5,2159,3458,3453,5,6
5,2160,3458,3453,5,6
5,2161,3458,3453,5,6
5,2162,3458,3453,5,6
5,2163,3458,3453,5,6
5,2164,3458,3453,5,6
5,2165,3458,3453,5,6
5,2166,3458,3453,5,6
5,2167,3458,3453,5,6
5,2168,3458,3453,5,6
5,2169,3458,3453,5,6
5,2170,3458,3453,5,6
5,2171,3458,3453,5,6
5,2172,3458,3453,5,6
5,2173,3458,3453,5,6
5,2174,3458,3453,5,6
5,2175,3458,3453,5,6
5,2176,3458,3453,5,6
5,2177,3458,3453,5,6
5,2178,3458,3453,5,6
5,2179,3458,3453,5,6
5,2180,3458,3453,5,6
5,2181,3458,3453,5,6
5,2182,3458,3453,5,6
5,2183,3458,3453,5,6
5,2184,3458,3453,5,6
5,2185,3458,3453,5,6
5,2186,3458,3453,5,6
5,2187,3458,3453,5,6
5,2188,3458,3453,5,6
5,2189,3458,3453,5,6
5,2190,3458,3453,5,6
5,2191,3458,3453,5,6
5,2192,3458,3453,5,6
5,2193,3458,3453,5,6
5,2194,3458,3453,5,6
5,2195,3458,3453,5,6
5,2196,3458,3453,5,6
5,2197,3458,3453,5,6
5,2198,3458,3453,5,6
5,2199,3458,3453,5,6
5,2200,3458,3453,5,6
5,2201,3458,3453,5,6
5,2202,3458,3453,5,6
5,2203,3458,3453,5,6
5,2204,3458,3453,5,6
5,2205,3458,3453,5,6
5,2206,3458,3453,5,6
5,2207,3458,3453,5,6
5,2208,3458,3453,5,6
5,2209,3458,3453,5,6
5,2210,3458,3453,5,6
5,2211,3458,3453,5,6
5,2212,3458,3453,5,6
5,2213,3458,3453,5,6
5,2214,3458,3453,5,6
5,2215,3458,3453,5,6
5,2216,3458,3453,5,6
5,2217,3458,3453,5,6
5,2218,3458,3453,5,6
5,2219,3458,3453,5,6
5,2220,3458,3453,5,6
5,2221,3458,3453,5,6
5,2222,3458,3453,5,6
5,2223,3458,3453,5,6
5,2224,3458,3453,5,6
5,2225,3458,3453,5,6
5,2226,3458,3453,5,6
5,2227,3458,3453,5,6
5,2228,3458,3453,5,6
5,2229,3458,3453,5,6
5,2230,3458,3453,5,6
5,2231,3458,3453,5,6
5,2232,3458,3453,5,6
5,2233,3458,3453,5,6
5,2234,3458,3453,5,6
5,2235,3458,3453,5,6
5,2236,3458,3453,5,6
5,2237,3458,3453,5,6
5,2238,3458,3453,5,6
5,2239,3458,3453,5,6
5,2240,3458,3453,5,6
5,2241,3458,3453,5,6
5,2242,3458,3453,5,6
5,2243,3458,3453,5,6
5,2244,3458,3453,5,6
5,2245,3458,3453,5,6
5,2246,3458,3453,5,6
5,2247,3458,3453,5,6
5,2248,3458,3453,5,6
5,2249,3458,3453,5,6
5,2250,3458,3453,5,6
5,2251,3458,3453,5,6
5,2252,3458,3453,5,6
5,2253,3458,3453,5,6
5,2254,3458,3453,5,6
5,2255,3458,3453,5,6
5,2256,3458,3453,5,6
5,2257,3458,3453,5,6
5,2258,3458,3453,5,6
5,2259,3458,3453,5,6
5,2260,3458,3453,5,6
5,2261,3458,3453,5,6
5,2262,3458,3453,5,6
5,2263,3458,3453,5,6
5,2264,3458,3453,5,6
5,2265,3458,3453,5,6
5,2266,3458,3453,5,6
5,2267,3458,3453,5,6
5,2268,3458,3453,5,6
5,2269,3458,3453,5,6
5,2270,3458,3453,5,6
5,2271,3458,3453,5,6
5,2272,3458,3453,5,6
5,2273,3458,3453,5,6
5,2274,3458,3453,5,6
5,2275,3458,3453,5,6
5,2276,3458,3453,5,6
5,2277,3458,3453,5,6
5,2278,3458,3453,5,6
5,2279,3458,3453,5,6
5,2280,3458,3453,5,6
5,2281,3458,3453,5,6
5,2282,3458,3453,5,6
5,2283,3458,3453,5,6
5,2284,3458,3453,5,6
5,2285,3458,3453,5,6
5,2286,3458,3453,5,6
5,2287,3458,3453,5,6
5,2288,3458,3453,5,6
5,2289,3458,3453,5,6
5,2290,3458,3453,5,6
5,2291,3458,3453,5,6
5,2292,3458,3453,5,6
5,2293,3458,3453,5,6
5,2294,3458,3453,5,6
5,2295,3458,3453,5,6
5,2296,3458,3453,5,6
5,2297,3458,3453,5,6
5,2298,3458,3453,5,6
5,2299,3458,3453,5,6
5,2300,3458,3453,5,6
5,2301,3458,3453,5,6
5,2302,3458,3453,5,6
5,2303,3458,3453,5,6
5,2304,3458,3453,5,6
5,2305,3458,3453,5,6
5,2306,3458,3453,5,6
5,2307,3458,3453,5,6
5,2308,3458,3453,5,6
5,2309,3458,3453,5,6
5,2310,3458,3453,5,6
5,2311,3458,3453,5,6
5,2312,3458,3453,5,6
5,2313,3458,3453,5,6
5,2314,3458,3453,5,6
5,2315,3458,3453,5,6
5,2316,3458,3453,5,6
5,2317,3458,3453,5,6
5,2318,3458,3453,5,6
5,2319,3458,3453,5,6
5,2320,3458,3453,5,6
5,2321,3458,3453,5,6
5,2322,3458,3453,5,6
5,2323,3458,3453,5,6
5,2324,3458,3453,5,6
5,2325,3458,3453,5,6
5,2326,3458,3453,5,6
5,2327,3458,3453,5,6
5,2328,3458,3453,5,6
5,2329,3458,3453,5,6
5,2330,3458,3453,5,6
5,2331,3458,3453,5,6
5,2332,3458,3453,5,6
5,2333,3458,3453,5,6
5,2334,3458,3453,5,6
5,2335,3458,3453,5,6
5,2336,3458,3453,5,6
5,2337,3458,3453,5,6
5,2338,3458,3453,5,6
5,2339,3458,3453,5,6
5,2340,3458,3453,5,6
5,2341,3458,3453,5,6
5,2342,3458,3453,5,6
5,2343,3458,3453,5,6
5,2344,3458,3453,5,6
5,2345,3458,3453,5,6
5,2346,3458,3453,5,6
5,2347,3458,3453,5,6
5,2348,3458,3453,5,6
5,2349,3458,3453,5,6
5,2350,3458,3453,5,6
5,2351,3458,3453,5,6
5,2352,3458,3453,5,6
5,2353,3458,3453,5,6
5,2354,3458,3453,5,6
5,2355,3458,3453,5,6
5,2356,3458,3453,5,6
5,2357,3458,3453,5,6
5,2358,3458,3453,5,6
5,2359,3458,3453,5,6
5,2360,3458,3453,5,6
5,2361,3458,3453,5,6
5,2362,3458,3453,5,6
5,2363,3458,3453,5,6
5,2364,3458,3453,5,6
5,2365,3458,3453,5,6
5,2366,3458,3453,5,6
5,2367,3458,3453,5,6
5,2368,3458,3453,5,6
5,2369,3458,3453,5,6
5,2370,3458,3453,5,6
5,2371,3458,3453,5,6
5,2372,3458,3453,5,6
5,2373,3458,3453,5,6
5,2374,3458,3453,5,6
5,2375,3458,3453,5,6
5,2376,3458,3453,5,6
5,2377,3458,3453,5,6
5,2378,3458,3453,5,6
5,2379,3458,3453,5,6
5,2380,3458,3453,5,6
5,2381,3458,3453,5,6
5,2382,3458,3453,5,6
5,2383,3458,3453,5,6
5,2384,3458,3453,5,6
5,2385,3458,3453,5,6
5,2386,3458,3453,5,6
5,2387,3458,3453,5,6
5,2388,3458,3453,5,6
5,2389,3458,3453,5,6
5,2390,3458,3453,5,6
5,2391,3458,3453,5,6
5,2392,3458,3453,5,6
5,2393,3458,3453,5,6
5,2394,3458,3453,5,6
5,2395,3458,3453,5,6
5,2396,3458,3453,5,6
5,2397,3458,3453,5,6
5,2398,3458,3453,5,6
5,2399,3458,3453,5,6
5,2400,3458,3453,5,6
5,2401,3458,3453,5,6
5,2402,3458,3453,5,6
5,2403,3458,3453,5,6
5,2404,3458,3453,5,6
5,2405,3458,3453,5,6
5,2406,3458,3453,5,6
5,2407,3458,3453,5,6
5,2408,3458,3453,5,6
5,2409,3458,3453,5,6
5,2410,3458,3453,5,6
5,2411,3458,3453,5,6
5,2412,3458,3453,5,6
5,2413,3458,3453,5,6
5,2414,3458,3453,5,6
5,2415,3458,3453,5,6
5,2416,3458,3453,5,6
5,2417,3458,3453,5,6
5,2418,3458,3453,5,6
5,2419,3458,3453,5,6
5,2420,3458,3453,5,6
5,2421,3458,3453,5,6
5,2422,3458,3453,5,6
5,2423,3458,3453,5,6
5,2424,3458,3453,5,6
5,2425,3458,3453,5,6
5,2426,3458,3453,5,6
5,2427,3458,3453,5,6
5,2428,3458,3453,5,6
5,2429,3458,3453,5,6
5,2430,3458,3453,5,6
5,2431,3458,3453,5,6
5,2432,3458,3453,5,6
5,2433,3458,3453,5,6
5,2434,3458,3453,5,6
5,2435,3458,3453,5,6
5,2436,3458,3453,5,6
5,2437,3458,3453,5,6
5,2438,3458,3453,5,6
5,2439,3458,3453,5,6
5,2440,3458,3453,5,6
5,2441,3458,3453,5,6
5,2442,3458,3453,5,6
5,2443,3458,3453,5,6
5,2444,3458,3453,5,6
5,2445,3458,3453,5,6
5,2446,3458,3453,5,6
5,2447,3458,3453,5,6
5,2448,3458,3453,5,6
5,2449,3458,3453,5,6
5,2450,3458,3453,5,6
5,2451,3458,3453,5,6
5,2452,3458,3453,5,6
5,2453,3458,3453,5,6
5,2454,3458,3453,5,6
5,2455,3458,3453,5,6
5,2456,3458,3453,5,6
5,2457,3458,3453,5,6
5,2458,3458,3453,5,6
5,2459,3458,3453,5,6
5,2460,3458,3453,5,6
5,2461,3458,3453,5,6
5,2462,3458,3453,5,6
5,2463,3458,3453,5,6
5,2464,3458,3453,5,6
5,2465,3458,3453,5,6
5,2466,3458,3453,5,6
5,2467,3458,3453,5,6
5,2468,3458,3453,5,6
5,2469,3458,3453,5,6
5,2470,3458,3453,5,6
5,2471,3458,3453,5,6
5,2472,3458,3453,5,6
5,2473,3458,3453,5,6
5,2474,3458,3453,5,6
5,2475,3458,3453,5,6
5,2476,3458,3453,5,6
5,2477,3458,3453,5,6
5,2478,3458,3453,5,6
5,2479,3458,3453,5,6
5,2480,3458,3453,5,6
5,2481,3458,3453,5,6
5,2482,3458,3453,5,6
5,2483,3458,3453,5,6
5,2484,3458,3453,5,6
5,2485,3458,3453,5,6
5,2486,3458,3453,5,6
5,2487,3458,3453,5,6
5,2488,3458,3453,5,6
5,2489,3458,3453,5,6
5,2490,3458,3453,5,6
5,2491,3458,3453,5,6
5,2492,3458,3453,5,6
5,2493,3458,3453,5,6
5,2494,3458,3453,5,6
5,2495,3458,3453,5,6
5,2496,3458,3453,5,6
5,2497,3458,3453,5,6
5,2498,3458,3453,5,6
5,2499,3458,3453,5,6
5,2500,3458,3453,5,6
5,2501,3458,3453,5,6
5,2502,3458,3453,5,6
5,2503,3458,3453,5,6
5,2504,3458,3453,5,6
5,2505,3458,3453,5,6
5,2506,3458,3453,5,6
5,2507,3458,3453,5,6
5,2508,3458,3453,5,6
5,2509,3458,3453,5,6
5,2510,3458,3453,5,6
5,2511,3458,3453,5,6
5,2512,3458,3453,5,6
5,2513,3458,3453,5,6
5,2514,3458,3453,5,6
5,2515,3458,3453,5,6
5,2516,3458,3453,5,6
5,2517,3458,3453,5,6
5,2518,3458,3453,5,6
5,2519,3458,3453,5,6
5,2520,3458,3453,5,6
5,2521,3458,3453,5,6
5,2522,3458,3453,5,6
5,2523,3458,3453,5,6
5,2524,3458,3453,5,6
5,2525,3458,3453,5,6
5,2526,3458,3453,5,6
5,2527,3458,3453,5,6
5,2528,3458,3453,5,6
5,2529,3458,3453,5,6
5,2530,3458,3453,5,6
5,2531,3458,3453,5,6
5,2532,3458,3453,5,6
5,2533,3458,3453,5,6
5,2534,3458,3453,5,6
5,2535,3458,3453,5,6
5,2536,3458,3453,5,6
5,2537,3458,3453,5,6
5,2538,3458,3453,5,6
5,2539,3458,3453,5,6
5,2540,3458,3453,5,6
5,2541,3458,3453,5,6
5,2542,3458,3453,5,6
5,2543,3458,3453,5,6
5,2544,3458,3453,5,6
5,2545,3458,3453,5,6
5,2546,3458,3453,5,6
5,2547,3458,3453,5,6
5,2548,3458,3453,5,6
5,2549,3458,3453,5,6
5,2550,3458,3453,5,6
5,2551,3458,3453,5,6
5,2552,3458,3453,5,6
5,2553,3458,3453,5,6
5,2554,3458,3453,5,6
5,2555,3458,3453,5,6
5,2556,3458,3453,5,6
5,2557,3458,3453,5,6
5,2558,3458,3453,5,6
5,2559,3458,3453,5,6
5,2560,3458,3453,5,6
5,2561,3458,3453,5,6
5,2562,3458,3453,5,6
5,2563,3458,3453,5,6
5,2564,3458,3453,5,6
5,2565,3458,3453,5,6
5,2566,3458,3453,5,6
5,2567,3458,3453,5,6
5,2568,3458,3453,5,6
5,2569,3458,3453,5,6
5,2570,3458,3453,5,6
5,2571,3458,3453,5,6
5,2572,3458,3453,5,6
5,2573,3458,3453,5,6
5,2574,3458,3453,5,6
5,2575,3458,3453,5,6
5,2576,3458,3453,5,6
5,2577,3458,3453,5,6
5,2578,3458,3453,5,6
5,2579,3458,3453,5,6
5,2580,3458,3453,5,6
5,2581,3458,3453,5,6
5,2582,3458,3453,5,6
5,2583,3458,3453,5,6
5,2584,3458,3453,5,6
5,2585,3458,3453,5,6
5,2586,3458,3453,5,6
5,2587,3458,3453,5,6
5,2588,3458,3453,5,6
5,2589,3458,3453,5,6
5,2590,3458,3453,5,6
5,2591,3458,3453,5,6
5,2592,3458,3453,5,6
5,2593,3458,3453,5,6
5,2594,3458,3453,5,6
5,2595,3458,3453,5,6
5,2596,3458,3453,5,6
5,2597,3458,3453,5,6
5,2598,3458,3453,5,6
5,2599,3458,3453,5,6
5,2600,3458,3453,5,6
5,2601,3458,3453,5,6
5,2602,3458,3453,5,6
5,2603,3458,3453,5,6
5,2604,3458,3453,5,6
5,2605,3458,3453,5,6
5,2606,3458,3453,5,6
5,2607,3458,3453,5,6
5,2608,3458,3453,5,6
5,2609,3458,3453,5,6
5,2610,3458,3453,5,6
5,2611,3458,3453,5,6
5,2612,3458,3453,5,6
5,2613,3458,3453,5,6
5,2614,3458,3453,5,6
5,2615,3458,3453,5,6
5,2616,3458,3453,5,6
5,2617,3458,3453,5,6
5,2618,3458,3453,5,6
5,2619,3458,3453,5,6
5,2620,3458,3453,5,6
5,2621,3458,3453,5,6
5,2622,3458,3453,5,6
5,2623,3458,3453,5,6
5,2624,3458,3453,5,6
5,2625,3458,3453,5,6
5,2626,3458,3453,5,6
5,2627,3458,3453,5,6
5,2628,3458,3453,5,6
5,2629,3458,3453,5,6
5,2630,3458,3453,5,6
5,2631,3458,3453,5,6
5,2632,3458,3453,5,6
5,2633,3458,3453,5,6
5,2634,3458,3453,5,6
5,2635,3458,3453,5,6
5,2636,3458,3453,5,6
5,2637,3458,3453,5,6
5,2638,3458,3453,5,6
5,2639,3458,3453,5,6
5,2640,3458,3453,5,6
5,2641,3458,3453,5,6
5,2642,3458,3453,5,6
5,2643,3458,3453,5,6
5,2644,3458,3453,5,6
5,2645,3458,3453,5,6
5,2646,3458,3453,5,6
5,2647,3458,3453,5,6
5,2648,3458,3453,5,6
5,2649,3458,3453,5,6
5,2650,3458,3453,5,6
5,2651,3458,3453,5,6
5,2652,3458,3453,5,6
5,2653,3458,3453,5,6
5,2654,3458,3453,5,6
5,2655,3458,3453,5,6
5,2656,3458,3453,5,6
5,2657,3458,3453,5,6
5,2658,3458,3453,5,6
5,2659,3458,3453,5,6
5,2660,3458,3453,5,6
5,2661,3458,3453,5,6
5,2662,3458,3453,5,6
5,2663,3458,3453,5,6
5,2664,3458,3453,5,6
5,2665,3458,3453,5,6
5,2666,3458,3453,5,6
5,2667,3458,3453,5,6
5,2668,3458,3453,5,6
5,2669,3458,3453,5,6
5,2670,3458,3453,5,6
5,2671,3458,3453,5,6
5,2672,3458,3453,5,6
5,2673,3458,3453,5,6
5,2674,3458,3453,5,6
5,2675,3458,3453,5,6
5,2676,3458,3453,5,6
5,2677,3458,3453,5,6
5,2678,3458,3453,5,6
5,2679,3458,3453,5,6
5,2680,3458,3453,5,6
5,2681,3458,3453,5,6
5,2682,3458,3453,5,6
5,2683,3458,3453,5,6
5,2684,3458,3453,5,6
5,2685,3458,3453,5,6
5,2686,3458,3453,5,6
5,2687,3458,3453,5,6
5,2688,3458,3453,5,6
5,2689,3458,3453,5,6
5,2690,3458,3453,5,6
5,2691,3458,3453,5,6
5,2692,3458,3453,5,6
5,2693,3458,3453,5,6
5,2694,3458,3453,5,6
5,2695,3458,3453,5,6
5,2696,3458,3453,5,6
5,2697,3458,3453,5,6
5,2698,3458,3453,5,6
5,2699,3458,3453,5,6
5,2700,3458,3453,5,6
5,2701,3458,3453,5,6
5,2702,3458,3453,5,6
5,2703,3458,3453,5,6
5,2704,3458,3453,5,6
5,2705,3458,3453,5,6
5,2706,3458,3453,5,6
5,2707,3458,3453,5,6
5,2708,3458,3453,5,6
5,2709,3458,3453,5,6
5,2710,3458,3453,5,6
5,2711,3458,3453,5,6
5,2712,3458,3453,5,6
5,2713,3458,3453,5,6
5,2714,3458,3453,5,6
5,2715,3458,3453,5,6
5,2716,3458,3453,5,6
5,2717,3458,3453,5,6
5,2718,3458,3453,5,6
5,2719,3458,3453,5,6
5,2720,3458,3453,5,6
5,2721,3458,3453,5,6
5,2722,3458,3453,5,6
5,2723,3458,3453,5,6
5,2724,3458,3453,5,6
5,2725,3458,3453,5,6
5,2726,3458,3453,5,6
5,2727,3458,3453,5,6
5,2728,3458,3453,5,6
5,2729,3458,3453,5,6
5,2730,3458,3453,5,6
5,2731,3458,3453,5,6
5,2732,3458,3453,5,6
5,2733,3458,3453,5,6
5,2734,3458,3453,5,6
5,2735,3458,3453,5,6
5,2736,3458,3453,5,6
5,2737,3458,3453,5,6
5,2738,3458,3453,5,6
5,2739,3458,3453,5,6
5,2740,3458,3453,5,6
5,2741,3458,3453,5,6
5,2742,3458,3453,5,6
5,2743,3458,3453,5,6
5,2744,3458,3453,5,6
5,2745,3458,3453,5,6
5,2746,3458,3453,5,6
5,2747,3458,3453,5,6
5,2748,3458,3453,5,6
5,2749,3458,3453,5,6
5,2750,3458,3453,5,6
5,2751,3458,3453,5,6
5,2752,3458,3453,5,6
5,2753,3458,3453,5,6
5,2754,3458,3453,5,6
5,2755,3458,3453,5,6
5,2756,3458,3453,5,6
5,2757,3458,3453,5,6
5,2758,3458,3453,5,6
5,2759,3458,3453,5,6
5,2760,3458,3453,5,6
5,2761,3458,3453,5,6
5,2762,3458,3453,5,6
5,2763,3458,3453,5,6
5,2764,3458,3453,5,6
5,2765,3458,3453,5,6
5,2766,3458,3453,5,6
5,2767,3458,3453,5,6
5,2768,3458,3453,5,6
5,2769,3458,3453,5,6
5,2770,3458,3453,5,6
5,2771,3458,3453,5,6
5,2772,3458,3453,5,6
5,2773,3458,3453,5,6
5,2774,3458,3453,5,6
5,2775,3458,3453,5,6
5,2776,3458,3453,5,6
5,2777,3458,3453,5,6
5,2778,3458,3453,5,6
5,2779,3458,3453,5,6
5,2780,3458,3453,5,6
5,2781,3458,3453,5,6
5,2782,3458,3453,5,6
5,2783,3458,3453,5,6
5,2784,3458,3453,5,6
5,2785,3458,3453,5,6
5,2786,3458,3453,5,6
5,2787,3458,3453,5,6
5,2788,3458,3453,5,6
5,2789,3458,3453,5,6
5,2790,3458,3453,5,6
5,2791,3458,3453,5,6
5,2792,3458,3453,5,6
5,2793,3458,3453,5,6
5,2794,3458,3453,5,6
5,2795,3458,3453,5,6
5,2796,3458,3453,5,6
5,2797,3458,3453,5,6
5,2798,3458,3453,5,6
5,2799,3458,3453,5,6
5,2800,3458,3453,5,6
5,2801,3458,3453,5,6
5,2802,3458,3453,5,6
5,2803,3458,3453,5,6
5,2804,3458,3453,5,6
5,2805,3458,3453,5,6
5,2806,3458,3453,5,6
5,2807,3458,3453,5,6
5,2808,3458,3453,5,6
5,2809,3458,3453,5,6
5,2810,3458,3453,5,6
5,2811,3458,3453,5,6
5,2812,3458,3453,5,6
5,2813,3458,3453,5,6
5,2814,3458,3453,5,6
5,2815,3458,3453,5,6
5,2816,3458,3453,5,6
5,2817,3458,3453,5,6
5,2818,3458,3453,5,6
5,2819,3458,3453,5,6
5,2820,3458,3453,5,6
5,2821,3458,3453,5,6
5,2822,3458,3453,5,6
5,2823,3458,3453,5,6
5,2824,3458,3453,5,6
5,2825,3458,3453,5,6
5,2826,3458,3453,5,6
5,2827,3458,3453,5,6
5,2828,3458,3453,5,6
5,2829,3458,3453,5,6
5,2830,3458,3453,5,6
5,2831,3458,3453,5,6
5,2832,3458,3453,5,6
5,2833,3458,3453,5,6
5,2834,3458,3453,5,6
5,2835,3458,3453,5,6
5,2836,3458,3453,5,6
5,2837,3458,3453,5,6
5,2838,3458,3453,5,6
5,2839,3458,3453,5,6
5,2840,3458,3453,5,6
5,2841,3458,3453,5,6
5,2842,3458,3453,5,6
5,2843,3458,3453,5,6
5,2844,3458,3453,5,6
5,2845,3458,3453,5,6
5,2846,3458,3453,5,6
5,2847,3458,3453,5,6
5,2848,3458,3453,5,6
5,2849,3458,3453,5,6
5,2850,3458,3453,5,6
5,2851,3458,3453,5,6
5,2852,3458,3453,5,6
5,2853,3458,3453,5,6
5,2854,3458,3453,5,6
5,2855,3458,3453,5,6
5,2856,3458,3453,5,6
5,2857,3458,3453,5,6
5,2858,3458,3453,5,6
5,2859,3458,3453,5,6
5,2860,3458,3453,5,6
5,2861,3458,3453,5,6
5,2862,3458,3453,5,6
5,2863,3458,3453,5,6
5,2864,3458,3453,5,6
5,2865,3458,3453,5,6
5,2866,3458,3453,5,6
5,2867,3458,3453,5,6
5,2868,3458,3453,5,6
5,2869,3458,3453,5,6
5,2870,3458,3453,5,6
5,2871,3458,3453,5,6
5,2872,3458,3453,5,6
5,2873,3458,3453,5,6
5,2874,3458,3453,5,6
5,2875,3458,3453,5,6
5,2876,3458,3453,5,6
5,2877,3458,3453,5,6
5,2878,3458,3453,5,6
5,2879,3458,3453,5,6
5,2880,3458,3453,5,6
5,2881,3458,3453,5,6
5,2882,3458,3453,5,6
5,2883,3458,3453,5,6
5,2884,3458,3453,5,6
5,2885,3458,3453,5,6
5,2886,3458,3453,5,6
5,2887,3458,3453,5,6
5,2888,3458,3453,5,6
5,2889,3458,3453,5,6
5,2890,3458,3453,5,6
5,2891,3458,3453,5,6
5,2892,3458,3453,5,6
5,2893,3458,3453,5,6
5,2894,3458,3453,5,6
5,2895,3458,3453,5,6
5,2896,3458,3453,5,6
5,2897,3458,3453,5,6
5,2898,3458,3453,5,6
5,2899,3458,3453,5,6
5,2900,3458,3453,5,6
5,2901,3458,3453,5,6
5,2902,3458,3453,5,6
5,2903,3458,3453,5,6
5,2904,3458,3453,5,6
5,2905,3458,3453,5,6
5,2906,3458,3453,5,6
5,2907,3458,3453,5,6
5,2908,3458,3453,5,6
5,2909,3458,3453,5,6
5,2910,3458,3453,5,6
5,2911,3458,3453,5,6
5,2912,3458,3453,5,6
5,2913,3458,3453,5,6
5,2914,3458,3453,5,6
5,2915,3458,3453,5,6
5,2916,3458,3453,5,6
5,2917,3458,3453,5,6
5,2918,3458,3453,5,6
5,2919,3458,3453,5,6
5,2920,3458,3453,5,6
5,2921,3458,3453,5,6
5,2922,3458,3453,5,6
5,2923,3458,3453,5,6
5,2924,3458,3453,5,6
5,2925,3458,3453,5,6
5,2926,3458,3453,5,6
5,2927,3458,3453,5,6
5,2928,3458,3453,5,6
5,2929,3458,3453,5,6
5,2930,3458,3453,5,6
5,2931,3458,3453,5,6
5,2932,3458,3453,5,6
5,2933,3458,3453,5,6
5,2934,3458,3453,5,6
5,2935,3458,3453,5,6
5,2936,3458,3453,5,6
5,2937,3458,3453,5,6
5,2938,3458,3453,5,6
5,2939,3458,3453,5,6
5,2940,3458,3453,5,6
5,2941,3458,3453,5,6
5,2942,3458,3453,5,6
5,2943,3458,3453,5,6
5,2944,3458,3453,5,6
5,2945,3458,3453,5,6
5,2946,3458,3453,5,6
5,2947,3458,3453,5,6
5,2948,3458,3453,5,6
5,2949,3458,3453,5,6
5,2950,3458,3453,5,6
5,2951,3458,3453,5,6
5,2952,3458,3453,5,6
5,2953,3458,3453,5,6
5,2954,3458,3453,5,6
5,2955,3458,3453,5,6
5,2956,3458,3453,5,6
5,2957,3458,3453,5,6
5,2958,3458,3453,5,6
5,2959,3458,3453,5,6
5,2960,3458,3453,5,6
5,2961,3458,3453,5,6
5,2962,3458,3453,5,6
5,2963,3458,3453,5,6
5,2964,3458,3453,5,6
5,2965,3458,3453,5,6
5,2966,3458,3453,5,6
5,2967,3458,3453,5,6
5,2968,3458,3453,5,6
5,2969,3458,3453,5,6
5,2970,3458,3453,5,6
5,2971,3458,3453,5,6
5,2972,3458,3453,5,6
5,2973,3458,3453,5,6
5,2974,3458,3453,5,6
5,2975,3458,3453,5,6
5,2976,3458,3453,5,6
5,2977,3458,3453,5,6
5,2978,3458,3453,5,6
5,2979,3458,3453,5,6
5,2980,3458,3453,5,6
5,2981,3458,3453,5,6
5,2982,3458,3453,5,6
5,2983,3458,3453,5,6
5,2984,3458,3453,5,6
5,2985,3458,3453,5,6
5,2986,3458,3453,5,6
5,2987,3458,3453,5,6
5,2988,3458,3453,5,6
5,2989,3458,3453,5,6
5,2990,3458,3453,5,6
5,2991,3458,3453,5,6
5,2992,3458,3453,5,6
5,2993,3458,3453,5,6
5,2994,3458,3453,5,6
5,2995,3458,3453,5,6
5,2996,3458,3453,5,6
5,2997,3458,3453,5,6
5,2998,3458,3453,5,6
5,2999,3458,3453,5,6
5,3000,3458,3453,5,6
5,3001,3458,3453,5,6
5,3002,3458,3453,5,6
5,3003,3458,3453,5,6
5,3004,3458,3453,5,6
5,3005,3458,3453,5,6
5,3006,3458,3453,5,6
5,3007,3458,3453,5,6
5,3008,3458,3453,5,6
5,3009,3458,3453,5,6
5,3010,3458,3453,5,6
5,3011,3458,3453,5,6
5,3012,3458,3453,5,6
5,3013,3458,3453,5,6
5,3014,3458,3453,5,6
5,3015,3458,3453,5,6
5,3016,3458,3453,5,6
5,3017,3458,3453,5,6
5,3018,3458,3453,5,6
5,3019,3458,3453,5,6
5,3020,3458,3453,5,6
5,3021,3458,3453,5,6
5,3022,3458,3453,5,6
5,3023,3458,3453,5,6
5,3024,3458,3453,5,6
5,3025,3458,3453,5,6
5,3026,3458,3453,5,6
5,3027,3458,3453,5,6
5,3028,3458,3453,5,6
5,3029,3458,3453,5,6
5,3030,3458,3453,5,6
5,3031,3458,3453,5,6
5,3032,3458,3453,5,6
5,3033,3458,3453,5,6
5,3034,3458,3453,5,6
5,3035,3458,3453,5,6
5,3036,3458,3453,5,6
5,3037,3458,3453,5,6
5,3038,3458,3453,5,6
5,3039,3458,3453,5,6
5,3040,3458,3453,5,6
5,3041,3458,3453,5,6
5,3042,3458,3453,5,6
5,3043,3458,3453,5,6
5,3044,3458,3453,5,6
5,3045,3458,3453,5,6
5,3046,3458,3453,5,6
5,3047,3458,3453,5,6
5,3048,3458,3453,5,6
5,3049,3458,3453,5,6
5,3050,3458,3453,5,6
5,3051,3458,3453,5,6
5,3052,3458,3453,5,6
5,3053,3458,3453,5,6
5,3054,3458,3453,5,6
5,3055,3458,3453,5,6
5,3056,3458,3453,5,6
5,3057,3458,3453,5,6
5,3058,3458,3453,5,6
5,3059,3458,3453,5,6
5,3060,3458,3453,5,6
5,3061,3458,3453,5,6
5,3062,3458,3453,5,6
5,3063,3458,3453,5,6
5,3064,3458,3453,5,6
5,3065,3458,3453,5,6
5,3066,3458,3453,5,6
5,3067,3458,3453,5,6
5,3068,3458,3453,5,6
5,3069,3458,3453,5,6
5,3070,3458,3453,5,6
5,3071,3458,3453,5,6
5,3072,3458,3453,5,6
5,3073,3458,3453,5,6
5,3074,3458,3453,5,6
5,3075,3458,3453,5,6
5,3076,3458,3453,5,6
5,3077,3458,3453,5,6
5,3078,3458,3453,5,6
5,3079,3458,3453,5,6
5,3080,3458,3453,5,6
5,3081,3458,3453,5,6
5,3082,3458,3453,5,6
5,3083,3458,3453,5,6
5,3084,3458,3453,5,6
5,3085,3458,3453,5,6
5,3086,3458,3453,5,6
5,3087,3458,3453,5,6
5,3088,3458,3453,5,6
5,3089,3458,3453,5,6
5,3090,3458,3453,5,6
5,3091,3458,3453,5,6
5,3092,3458,3453,5,6
5,3093,3458,3453,5,6
5,3094,3458,3453,5,6
5,3095,3458,3453,5,6
5,3096,3458,3453,5,6
5,3097,3458,3453,5,6
5,3098,3458,3453,5,6
5,3099,3458,3453,5,6
5,3100,3458,3453,5,6
5,3101,3458,3453,5,6
5,3102,3458,3453,5,6
5,3103,3458,3453,5,6
5,3104,3458,3453,5,6
5,3105,3458,3453,5,6
5,3106,3458,3453,5,6
5,3107,3458,3453,5,6
5,3108,3458,3453,5,6
5,3109,3458,3453,5,6
5,3110,3458,3453,5,6
5,3111,3458,3453,5,6
5,3112,3458,3453,5,6
5,3113,3458,3453,5,6
5,3114,3458,3453,5,6
5,3115,3458,3453,5,6
5,3116,3458,3453,5,6
5,3117,3458,3453,5,6
5,3118,3458,3453,5,6
5,3119,3458,3453,5,6
5,3120,3458,3453,5,6
5,3121,3458,3453,5,6
5,3122,3458,3453,5,6
5,3123,3458,3453,5,6
5,3124,3458,3453,5,6
5,3125,3458,3453,5,6
5,3126,3458,3453,5,6
5,3127,3458,3453,5,6
5,3128,3458,3453,5,6
5,3129,3458,3453,5,6
5,3130,3458,3453,5,6
5,3131,3458,3453,5,6
5,3132,3458,3453,5,6
5,3133,3458,3453,5,6
5,3134,3458,3453,5,6
5,3135,3458,3453,5,6
5,3136,3458,3453,5,6
5,3137,3458,3453,5,6
5,3138,3458,3453,5,6
5,3139,3458,3453,5,6
5,3140,3458,3453,5,6
5,3141,3458,3453,5,6
5,3142,3458,3453,5,6
5,3143,3458,3453,5,6
5,3144,3458,3453,5,6
5,3145,3458,3453,5,6
5,3146,3458,3453,5,6
5,3147,3458,3453,5,6
5,3148,3458,3453,5,6
5,3149,3458,3453,5,6
5,3150,3458,3453,5,6
5,3151,3458,3453,5,6
5,3152,3458,3453,5,6
5,3153,3458,3453,5,6
5,3154,3458,3453,5,6
5,3155,3458,3453,5,6
5,3156,3458,3453,5,6
5,3157,3458,3453,5,6
5,3158,3458,3453,5,6
5,3159,3458,3453,5,6
5,3160,3458,3453,5,6
5,3161,3458,3453,5,6
5,3162,3458,3453,5,6
5,3163,3458,3453,5,6
5,3164,3458,3453,5,6
5,3165,3458,3453,5,6
5,3166,3458,3453,5,6
5,3167,3458,3453,5,6
5,3168,3458,3453,5,6
5,3169,3458,3453,5,6
5,3170,3458,3453,5,6
5,3171,3458,3453,5,6
5,3172,3458,3453,5,6
5,3173,3458,3453,5,6
5,3174,3458,3453,5,6
5,3175,3458,3453,5,6
5,3176,3458,3453,5,6
5,3177,3458,3453,5,6
5,3178,3458,3453,5,6
5,3179,3458,3453,5,6
5,3180,3458,3453,5,6
5,3181,3458,3453,5,6
5,3182,3458,3453,5,6
5,3183,3458,3453,5,6
5,3184,3458,3453,5,6
5,3185,3458,3453,5,6
5,3186,3458,3453,5,6
5,3187,3458,3453,5,6
5,3188,3458,3453,5,6
5,3189,3458,3453,5,6
5,3190,3458,3453,5,6
5,3191,3458,3453,5,6
5,3192,3458,3453,5,6
5,3193,3458,3453,5,6
5,3194,3458,3453,5,6
5,3195,3458,3453,5,6
5,3196,3458,3453,5,6
5,3197,3458,3453,5,6
5,3198,3458,3453,5,6
5,3199,3458,3453,5,6
5,3200,3458,3453,5,6
5,3201,3458,3453,5,6
5,3202,3458,3453,5,6
5,3203,3458,3453,5,6
5,3204,3458,3453,5,6
5,3205,3458,3453,5,6
5,3206,3458,3453,5,6
5,3207,3458,3453,5,6
5,3208,3458,3453,5,6
5,3209,3458,3453,5,6
5,3210,3458,3453,5,6
5,3211,3458,3453,5,6
5,3212,3458,3453,5,6
5,3213,3458,3453,5,6
5,3214,3458,3453,5,6
5,3215,3458,3453,5,6
5,3216,3458,3453,5,6
5,3217,3458,3453,5,6
5,3218,3458,3453,5,6
5,3219,3458,3453,5,6
5,3220,3458,3453,5,6
5,3221,3458,3453,5,6
5,3222,3458,3453,5,6
5,3223,3458,3453,5,6
5,3224,3458,3453,5,6
5,3225,3458,3453,5,6
5,3226,3458,3453,5,6
5,3227,3458,3453,5,6
5,3228,3458,3453,5,6
5,3229,3458,3453,5,6
5,3230,3458,3453,5,6
5,3231,3458,3453,5,6
5,3232,3458,3453,5,6
5,3233,3458,3453,5,6
5,3234,3458,3453,5,6
5,3235,3458,3453,5,6
5,3236,3458,3453,5,6
5,3237,3458,3453,5,6
5,3238,3458,3453,5,6
5,3239,3458,3453,5,6
5,3240,3458,3453,5,6
5,3241,3458,3453,5,6
5,3242,3458,3453,5,6
5,3243,3458,3453,5,6
5,3244,3458,3453,5,6
5,3245,3458,3453,5,6
5,3246,3458,3453,5,6
5,3247,3458,3453,5,6
5,3248,3458,3453,5,6
5,3249,3458,3453,5,6
5,3250,3458,3453,5,6
5,3251,3458,3453,5,6
5,3252,3458,3453,5,6
5,3253,3458,3453,5,6
5,3254,3458,3453,5,6
5,3255,3458,3453,5,6
5,3256,3458,3453,5,6
5,3257,3458,3453,5,6
5,3258,3458,3453,5,6
5,3259,3458,3453,5,6
5,3260,3458,3453,5,6
5,3261,3458,3453,5,6
5,3262,3458,3453,5,6
5,3263,3458,3453,5,6
5,3264,3458,3453,5,6
5,3265,3458,3453,5,6
5,3266,3458,3453,5,6
5,3267,3458,3453,5,6
5,3268,3458,3453,5,6
5,3269,3458,3453,5,6
5,3270,3458,3453,5,6
5,3271,3458,3453,5,6
5,3272,3458,3453,5,6
5,3273,3458,3453,5,6
5,3274,3458,3453,5,6
5,3275,3458,3453,5,6
5,3276,3458,3453,5,6
5,3277,3458,3453,5,6
5,3278,3458,3453,5,6
5,3279,3458,3453,5,6
5,3280,3458,3453,5,6
5,3281,3458,3453,5,6
5,3282,3458,3453,5,6
5,3283,3458,3453,5,6
5,3284,3458,3453,5,6
5,3285,3458,3453,5,6
5,3286,3458,3453,5,6
5,3287,3458,3453,5,6
5,3288,3458,3453,5,6
5,3289,3458,3453,5,6
5,3290,3458,3453,5,6
5,3291,3458,3453,5,6
5,3292,3458,3453,5,6
5,3293,3458,3453,5,6
5,3294,3458,3453,5,6
5,3295,3458,3453,5,6
5,3296,3458,3453,5,6
5,3297,3458,3453,5,6
5,3298,3458,3453,5,6
5,3299,3458,3453,5,6
5,3300,3458,3453,5,6
5,3301,3458,3453,5,6
5,3302,3458,3453,5,6
5,3303,3458,3453,5,6
5,3304,3458,3453,5,6
5,3305,3458,3453,5,6
5,3306,3458,3453,5,6
5,3307,3458,3453,5,6
5,3308,3458,3453,5,6
5,3309,3458,3453,5,6
5,3310,3458,3453,5,6
5,3311,3458,3453,5,6
5,3312,3458,3453,5,6
5,3313,3458,3453,5,6
5,3314,3458,3453,5,6
5,3315,3458,3453,5,6
5,3316,3458,3453,5,6
5,3317,3458,3453,5,6
5,3318,3458,3453,5,6
5,3319,3458,3453,5,6
5,3320,3458,3453,5,6
5,3321,3458,3453,5,6
5,3322,3458,3453,5,6
5,3323,3458,3453,5,6
5,3324,3458,3453,5,6
5,3325,3458,3453,5,6
5,3326,3458,3453,5,6
5,3327,3458,3453,5,6
5,3328,3458,3453,5,6
5,3329,3458,3453,5,6
5,3330,3458,3453,5,6
5,3331,3458,3453,5,6
5,3332,3458,3453,5,6
5,3333,3458,3453,5,6
5,3334,3458,3453,5,6
5,3335,3458,3453,5,6
5,3336,3458,3453,5,6
5,3337,3458,3453,5,6
5,3338,3458,3453,5,6
5,3339,3458,3453,5,6
5,3340,3458,3453,5,6
5,3341,3458,3453,5,6
5,3342,3458,3453,5,6
5,3343,3458,3453,5,6
5,3344,3458,3453,5,6
5,3345,3458,3453,5,6
5,3346,3458,3453,5,6
5,3347,3458,3453,5,6
5,3348,3458,3453,5,6
5,3349,3458,3453,5,6
5,3350,3458,3453,5,6
5,3351,3458,3453,5,6
5,3352,3458,3453,5,6
5,3353,3458,3453,5,6
5,3354,3458,3453,5,6
5,3355,3458,3453,5,6
5,3356,3458,3453,5,6
5,3357,3458,3453,5,6
5,3358,3458,3453,5,6
5,3359,3458,3453,5,6
5,3360,3458,3453,5,6
5,3361,3458,3453,5,6
5,3362,3458,3453,5,6
5,3363,3458,3453,5,6
5,3364,3458,3453,5,6
5,3365,3458,3453,5,6
5,3366,3458,3453,5,6
5,3367,3458,3453,5,6
5,3368,3458,3453,5,6
5,3369,3458,3453,5,6
5,3370,3458,3453,5,6
5,3371,3458,3453,5,6
5,3372,3458,3453,5,6
5,3373,3458,3453,5,6
5,3374,3458,3453,5,6
5,3375,3458,3453,5,6
5,3376,3458,3453,5,6
5,3377,3458,3453,5,6
5,3378,3458,3453,5,6
5,3379,3458,3453,5,6
5,3380,3458,3453,5,6
5,3381,3458,3453,5,6
5,3382,3458,3453,5,6
5,3383,3458,3453,5,6
5,3384,3458,3453,5,6
5,3385,3458,3453,5,6
5,3386,3458,3453,5,6
5,3387,3458,3453,5,6
5,3388,3458,3453,5,6
5,3389,3458,3453,5,6
5,3390,3458,3453,5,6
5,3391,3458,3453,5,6
5,3392,3458,3453,5,6
5,3393,3458,3453,5,6
5,3394,3458,3453,5,6
5,3395,3458,3453,5,6
5,3396,3458,3453,5,6
5,3397,3458,3453,5,6
5,3398,3458,3453,5,6
5,3399,3458,3453,5,6
5,3400,3458,3453,5,6
5,3401,3458,3453,5,6
5,3402,3458,3453,5,6
5,3403,3458,3453,5,6
5,3404,3458,3453,5,6
5,3405,3458,3453,5,6
5,3406,3458,3453,5,6
5,3407,3458,3453,5,6
5,3408,3458,3453,5,6
5,3409,3458,3453,5,6
5,3410,3458,3453,5,6
5,3411,3458,3453,5,6
5,3412,3458,3453,5,6
5,3413,3458,3453,5,6
5,3414,3458,3453,5,6
5,3415,3458,3453,5,6
5,3416,3458,3453,5,6
5,3417,3458,3453,5,6
5,3418,3458,3453,5,6
5,3419,3458,3453,5,6
5,3420,3458,3453,5,6
5,3421,3458,3453,5,6
5,3422,3458,3453,5,6
5,3423,3458,3453,5,6
5,3424,3458,3453,5,6
5,3425,3458,3453,5,6
5,3426,3458,3453,5,6
5,3427,3458,3453,5,6
5,3428,3458,3453,5,6
5,3429,3458,3453,5,6
5,3430,3458,3453,5,6
5,3431,3458,3453,5,6
5,3432,3458,3453,5,6
5,3433,3458,3453,5,6
5,3434,3458,3453,5,6
5,3435,3458,3453,5,6
5,3436,3458,3453,5,6
5,3437,3458,3453,5,6
5,3438,3458,3453,5,6
5,3439,3458,3453,5,6
5,3440,3458,3453,5,6
5,3441,3458,3453,5,6
5,3442,3458,3453,5,6
5,3443,3458,3453,5,6
5,3444,3458,3453,5,6
5,3445,3458,3453,5,6
5,3446,3458,3453,5,6
5,3447,3458,3453,5,6
5,3448,3458,3453,5,6
5,3449,3458,3453,5,6
5,3450,3458,3453,5,6
5,3451,3458,3453,5,6
5,3452,3458,3453,5,6
5,3453,3458,3453,5,6
5,3454,3458,3453,5,6
5,3455,3458,3453,5,6
5,3456,3458,3453,5,6
5,3457,3458,3453,5,6
5,3458,3458,3453,5,6
5,3459,3458,3453,5,6
5,3460,3458,3453,5,6
5,3461,3458,3453,5,6
5,3462,3458,3453,5,6
5,3463,3458,3453,5,6
5,3464,3458,3453,5,6
5,3465,3458,3453,5,6
5,3466,3458,3453,5,6
5,3467,3458,3453,5,6
5,3468,3458,3453,5,6
5,3469,3458,3453,5,6
5,3470,3458,3453,5,6
5,3471,3458,3453,5,6
5,3472,3458,3453,5,6
5,3473,3458,3453,5,6
5,3474,3458,3453,5,6
5,3475,3458,3453,5,6
5,3476,3458,3453,5,6
5,3477,3458,3453,5,6
5,3478,3458,3453,5,6
5,3479,3458,3453,5,6
5,3480,3458,3453,5,6
5,3481,3458,3453,5,6
5,3482,3458,3453,5,6
5,3483,3458,3453,5,6
5,3484,3458,3453,5,6
5,3485,3458,3453,5,6
5,3486,3458,3453,5,6
5,3487,3458,3453,5,6
5,3488,3458,3453,5,6
5,3489,3458,3453,5,6
5,3490,3458,3453,5,6
5,3491,3458,3453,5,6
5,3492,3458,3453,5,6
5,3493,3458,3453,5,6
5,3494,3458,3453,5,6
5,3495,3458,3453,5,6
5,3496,3458,3453,5,6
5,3497,3458,3453,5,6
5,3498,3458,3453,5,6
5,3499,3458,3453,5,6
5,3500,3458,3453,5,6
5,3501,3458,3453,5,6
5,3502,3458,3453,5,6
5,3503,3458,3453,5,6
5,3504,3458,3453,5,6
5,3505,3458,3453,5,6
5,3506,3458,3453,5,6
5,3507,3458,3453,5,6
5,3508,3458,3453,5,6
5,3509,3458,3453,5,6
5,3510,3458,3453,5,6
5,3511,3458,3453,5,6
5,3512,3458,3453,5,6
5,3513,3458,3453,5,6
5,3514,3458,3453,5,6
5,3515,3458,3453,5,6
5,3516,3458,3453,5,6
5,3517,3458,3453,5,6
5,3518,3458,3453,5,6
5,3519,3458,3453,5,6
5,3520,3458,3453,5,6
5,3521,3458,3453,5,6
5,3522,3458,3453,5,6
5,3523,3458,3453,5,6
5,3524,3458,3453,5,6
5,3525,3458,3453,5,6
5,3526,3458,3453,5,6
5,3527,3458,3453,5,6
5,3528,3458,3453,5,6
5,3529,3458,3453,5,6
5,3530,3458,3453,5,6
5,3531,3458,3453,5,6
5,3532,3458,3453,5,6
5,3533,3458,3453,5,6
5,3534,3458,3453,5,6
5,3535,3458,3453,5,6
5,3536,3458,3453,5,6
5,3537,3458,3453,5,6
5,3538,3458,3453,5,6
5,3539,3458,3453,5,6
5,3540,3458,3453,5,6
5,3541,3458,3453,5,6
5,3542,3458,3453,5,6
5,3543,3458,3453,5,6
5,3544,3458,3453,5,6
5,3545,3458,3453,5,6
5,3546,3458,3453,5,6
5,3547,3458,3453,5,6
5,3548,3458,3453,5,6
5,3549,3458,3453,5,6
5,3550,3458,3453,5,6
5,3551,3458,3453,5,6
5,3552,3458,3453,5,6
5,3553,3458,3453,5,6
5,3554,3458,3453,5,6
5,3555,3458,3453,5,6
5,3556,3458,3453,5,6
5,3557,3458,3453,5,6
5,3558,3458,3453,5,6
5,3559,3458,3453,5,6
5,3560,3458,3453,5,6
5,3561,3458,3453,5,6
5,3562,3458,3453,5,6
5,3563,3458,3453,5,6
5,3564,3458,3453,5,6
5,3565,3458,3453,5,6
5,3566,3458,3453,5,6
5,3567,3458,3453,5,6
5,3568,3458,3453,5,6
5,3569,3458,3453,5,6
5,3570,3458,3453,5,6
5,3571,3458,3453,5,6
5,3572,3458,3453,5,6
5,3573,3458,3453,5,6
5,3574,3458,3453,5,6
5,3575,3458,3453,5,6
5,3576,3458,3453,5,6
5,3577,3458,3453,5,6
5,3578,3458,3453,5,6
5,3579,3458,3453,5,6
5,3580,3458,3453,5,6
5,3581,3458,3453,5,6
5,3582,3458,3453,5,6
5,3583,3458,3453,5,6
5,3584,3458,3453,5,6
5,3585,3458,3453,5,6
5,3586,3458,3453,5,6
5,3587,3458,3453,5,6
5,3588,3458,3453,5,6
5,3589,3458,3453,5,6
5,3590,3458,3453,5,6
5,3591,3458,3453,5,6
5,3592,3458,3453,5,6
5,3593,3458,3453,5,6
5,3594,3458,3453,5,6
5,3595,3458,3453,5,6
5,3596,3458,3453,5,6
5,3597,3458,3453,5,6
5,3598,3458,3453,5,6
5,3599,3458,3453,5,6
5,3600,3458,3453,5,6
5,3601,3458,3453,5,6
5,3602,3458,3453,5,6
5,3603,3458,3453,5,6
5,3604,3458,3453,5,6
5,3605,3458,3453,5,6
5,3606,3458,3453,5,6
5,3607,3458,3453,5,6
5,3608,3458,3453,5,6
5,3609,3458,3453,5,6
5,3610,3458,3453,5,6
5,3611,3458,3453,5,6
5,3612,3458,3453,5,6
5,3613,3458,3453,5,6
5,3614,3458,3453,5,6
5,3615,3458,3453,5,6
5,3616,3458,3453,5,6
5,3617,3458,3453,5,6
5,3618,3458,3453,5,6
5,3619,3458,3453,5,6
5,3620,3458,3453,5,6
5,3621,3458,3453,5,6
5,3622,3458,3453,5,6
5,3623,3458,3453,5,6
5,3624,3458,3453,5,6
5,3625,3458,3453,5,6
5,3626,3458,3453,5,6
5,3627,3458,3453,5,6
5,3628,3458,3453,5,6
5,3629,3458,3453,5,6
5,3630,3458,3453,5,6
5,3631,3458,3453,5,6
5,3632,3458,3453,5,6
5,3633,3458,3453,5,6
5,3634,3458,3453,5,6
5,3635,3458,3453,5,6
5,3636,3458,3453,5,6
5,3637,3458,3453,5,6
5,3638,3458,3453,5,6
5,3639,3458,3453,5,6
5,3640,3458,3453,5,6
5,3641,3458,3453,5,6
5,3642,3458,3453,5,6
5,3643,3458,3453,5,6
5,3644,3458,3453,5,6
5,3645,3458,3453,5,6
5,3646,3458,3453,5,6
5,3647,3458,3453,5,6
5,3648,3458,3453,5,6
5,3649,3458,3453,5,6
5,3650,3458,3453,5,6
5,3651,3458,3453,5,6
5,3652,3458,3453,5,6
5,3653,3458,3453,5,6
5,3654,3458,3453,5,6
5,3655,3458,3453,5,6
5,3656,3458,3453,5,6
5,3657,3458,3453,5,6
5,3658,3458,3453,5,6
5,3659,3458,3453,5,6
5,3660,3458,3453,5,6
5,3661,3458,3453,5,6
5,3662,3458,3453,5,6
5,3663,3458,3453,5,6
5,3664,3458,3453,5,6
5,3665,3458,3453,5,6
5,3666,3458,3453,5,6
5,3667,3458,3453,5,6
5,3668,3458,3453,5,6
5,3669,3458,3453,5,6
5,3670,3458,3453,5,6
5,3671,3458,3453,5,6
5,3672,3458,3453,5,6
5,3673,3458,3453,5,6
5,3674,3458,3453,5,6
5,3675,3458,3453,5,6
5,3676,3458,3453,5,6
5,3677,3458,3453,5,6
5,3678,3458,3453,5,6
5,3679,3458,3453,5,6
5,3680,3458,3453,5,6
5,3681,3458,3453,5,6
5,3682,3458,3453,5,6
5,3683,3458,3453,5,6
5,3684,3458,3453,5,6
5,3685,3458,3453,5,6
5,3686,3458,3453,5,6
5,3687,3458,3453,5,6
5,3688,3458,3453,5,6
5,3689,3458,3453,5,6
5,3690,3458,3453,5,6
5,3691,3458,3453,5,6
5,3692,3458,3453,5,6
5,3693,3458,3453,5,6
5,3694,3458,3453,5,6
5,3695,3458,3453,5,6
5,3696,3458,3453,5,6
5,3697,3458,3453,5,6
5,3698,3458,3453,5,6
5,3699,3458,3453,5,6
5,3700,3458,3453,5,6
5,3701,3458,3453,5,6
5,3702,3458,3453,5,6
5,3703,3458,3453,5,6
5,3704,3458,3453,5,6
5,3705,3458,3453,5,6
5,3706,3458,3453,5,6
5,3707,3458,3453,5,6
5,3708,3458,3453,5,6
5,3709,3458,3453,5,6
5,3710,3458,3453,5,6
5,3711,3458,3453,5,6
5,3712,3458,3453,5,6
5,3713,3458,3453,5,6
5,3714,3458,3453,5,6
5,3715,3458,3453,5,6
5,3716,3458,3453,5,6
5,3717,3458,3453,5,6
5,3718,3458,3453,5,6
5,3719,3458,3453,5,6
5,3720,3458,3453,5,6
5,3721,3458,3453,5,6
5,3722,3458,3453,5,6
5,3723,3458,3453,5,6
5,3724,3458,3453,5,6
5,3725,3458,3453,5,6
5,3726,3458,3453,5,6
5,3727,3458,3453,5,6
5,3728,3458,3453,5,6
5,3729,3458,3453,5,6
5,3730,3458,3453,5,6
5,3731,3458,3453,5,6
5,3732,3458,3453,5,6
5,3733,3458,3453,5,6
5,3734,3458,3453,5,6
5,3735,3458,3453,5,6
5,3736,3458,3453,5,6
5,3737,3458,3453,5,6
5,3738,3458,3453,5,6
5,3739,3458,3453,5,6
5,3740,3458,3453,5,6
5,3741,3458,3453,5,6
5,3742,3458,3453,5,6
5,3743,3458,3453,5,6
5,3744,3458,3453,5,6
5,3745,3458,3453,5,6
5,3746,3458,3453,5,6
5,3747,3458,3453,5,6
5,3748,3458,3453,5,6
5,3749,3458,3453,5,6
5,3750,3458,3453,5,6
5,3751,3458,3453,5,6
5,3752,3458,3453,5,6
5,3753,3458,3453,5,6
5,3754,3458,3453,5,6
5,3755,3458,3453,5,6
5,3756,3458,3453,5,6
5,3757,3458,3453,5,6
5,3758,3458,3453,5,6
5,3759,3458,3453,5,6
5,3760,3458,3453,5,6
5,3761,3458,3453,5,6
5,3762,3458,3453,5,6
5,3763,3458,3453,5,6
5,3764,3458,3453,5,6
5,3765,3458,3453,5,6
5,3766,3458,3453,5,6
5,3767,3458,3453,5,6
5,3768,3458,3453,5,6
5,3769,3458,3453,5,6
5,3770,3458,3453,5,6
5,3771,3458,3453,5,6
5,3772,3458,3453,5,6
5,3773,3458,3453,5,6
5,3774,3458,3453,5,6
5,3775,3458,3453,5,6
5,3776,3458,3453,5,6
5,3777,3458,3453,5,6
5,3778,3458,3453,5,6
5,3779,3458,3453,5,6
5,3780,3458,3453,5,6
5,3781,3458,3453,5,6
5,3782,3458,3453,5,6
5,3783,3458,3453,5,6
5,3784,3458,3453,5,6
5,3785,3458,3453,5,6
5,3786,3458,3453,5,6
5,3787,3458,3453,5,6
5,3788,3458,3453,5,6
5,3789,3458,3453,5,6
5,3790,3458,3453,5,6
5,3791,3458,3453,5,6
5,3792,3458,3453,5,6
5,3793,3458,3453,5,6
5,3794,3458,3453,5,6
5,3795,3458,3453,5,6
5,3796,3458,3453,5,6
5,3797,3458,3453,5,6
5,3798,3458,3453,5,6
5,3799,3458,3453,5,6
5,3800,3458,3453,5,6
5,3801,3458,3453,5,6
5,3802,3458,3453,5,6
5,3803,3458,3453,5,6
5,3804,3458,3453,5,6
5,3805,3458,3453,5,6
5,3806,3458,3453,5,6
5,3807,3458,3453,5,6
5,3808,3458,3453,5,6
5,3809,3458,3453,5,6
5,3810,3458,3453,5,6
5,3811,3458,3453,5,6
5,3812,3458,3453,5,6
5,3813,3458,3453,5,6
5,3814,3458,3453,5,6
5,3815,3458,3453,5,6
5,3816,3458,3453,5,6
5,3817,3458,3453,5,6
5,3818,3458,3453,5,6
5,3819,3458,3453,5,6
5,3820,3458,3453,5,6
5,3821,3458,3453,5,6
5,3822,3458,3453,5,6
5,3823,3458,3453,5,6
5,3824,3458,3453,5,6
5,3825,3458,3453,5,6
5,3826,3458,3453,5,6
5,3827,3458,3453,5,6
5,3828,3458,3453,5,6
5,3829,3458,3453,5,6
5,3830,3458,3453,5,6
5,3831,3458,3453,5,6
5,3832,3458,3453,5,6
5,3833,3458,3453,5,6
5,3834,3458,3453,5,6
5,3835,3458,3453,5,6
5,3836,3458,3453,5,6
5,3837,3458,3453,5,6
5,3838,3458,3453,5,6
5,3839,3458,3453,5,6
5,3840,3458,3453,5,6
5,3841,3458,3453,5,6
5,3842,3458,3453,5,6
5,3843,3458,3453,5,6
5,3844,3458,3453,5,6
5,3845,3458,3453,5,6
5,3846,3458,3453,5,6
5,3847,3458,3453,5,6
5,3848,3458,3453,5,6
5,3849,3458,3453,5,6
5,3850,3458,3453,5,6
5,3851,3458,3453,5,6
5,3852,3458,3453,5,6
5,3853,3458,3453,5,6
5,3854,3458,3453,5,6
5,3855,3458,3453,5,6
5,3856,3458,3453,5,6
5,3857,3458,3453,5,6
5,3858,3458,3453,5,6
5,3859,3458,3453,5,6
5,3860,3458,3453,5,6
5,3861,3458,3453,5,6
5,3862,3458,3453,5,6
5,3863,3458,3453,5,6
5,3864,3458,3453,5,6
5,3865,3458,3453,5,6
5,3866,3458,3453,5,6
5,3867,3458,3453,5,6
5,3868,3458,3453,5,6
5,3869,3458,3453,5,6
5,3870,3458,3453,5,6
5,3871,3458,3453,5,6
5,3872,3458,3453,5,6
5,3873,3458,3453,5,6
5,3874,3458,3453,5,6
5,3875,3458,3453,5,6
5,3876,3458,3453,5,6
5,3877,3458,3453,5,6
5,3878,3458,3453,5,6
5,3879,3458,3453,5,6
5,3880,3458,3453,5,6
5,3881,3458,3453,5,6
5,3882,3458,3453,5,6
5,3883,3458,3453,5,6
5,3884,3458,3453,5,6
5,3885,3458,3453,5,6
5,3886,3458,3453,5,6
5,3887,3458,3453,5,6
5,3888,3458,3453,5,6
5,3889,3458,3453,5,6
5,3890,3458,3453,5,6
5,3891,3458,3453,5,6
5,3892,3458,3453,5,6
5,3893,3458,3453,5,6
5,3894,3458,3453,5,6
5,3895,3458,3453,5,6
5,3896,3458,3453,5,6
5,3897,3458,3453,5,6
5,3898,3458,3453,5,6
5,3899,3458,3453,5,6
5,3900,3458,3453,5,6
5,3901,3458,3453,5,6
5,3902,3458,3453,5,6
5,3903,3458,3453,5,6
5,3904,3458,3453,5,6
5,3905,3458,3453,5,6
5,3906,3458,3453,5,6
5,3907,3458,3453,5,6
5,3908,3458,3453,5,6
5,3909,3458,3453,5,6
5,3910,3458,3453,5,6
5,3911,3458,3453,5,6
5,3912,3458,3453,5,6
5,3913,3458,3453,5,6
5,3914,3458,3453,5,6
5,3915,3458,3453,5,6
5,3916,3458,3453,5,6
5,3917,3458,3453,5,6
5,3918,3458,3453,5,6
5,3919,3458,3453,5,6
5,3920,3458,3453,5,6
5,3921,3458,3453,5,6
5,3922,3458,3453,5,6
5,3923,3458,3453,5,6
5,3924,3458,3453,5,6
5,3925,3458,3453,5,6
5,3926,3458,3453,5,6
5,3927,3458,3453,5,6
5,3928,3458,3453,5,6
5,3929,3458,3453,5,6
5,3930,3458,3453,5,6
5,3931,3458,3453,5,6
5,3932,3458,3453,5,6
5,3933,3458,3453,5,6
5,3934,3458,3453,5,6
5,3935,3458,3453,5,6
5,3936,3458,3453,5,6
5,3937,3458,3453,5,6
5,3938,3458,3453,5,6
5,3939,3458,3453,5,6
5,3940,3458,3453,5,6
5,3941,3458,3453,5,6
5,3942,3458,3453,5,6
5,3943,3458,3453,5,6
5,3944,3458,3453,5,6
5,3945,3458,3453,5,6
5,3946,3458,3453,5,6
5,3947,3458,3453,5,6
5,3948,3458,3453,5,6
5,3949,3458,3453,5,6
5,3950,3458,3453,5,6
5,3951,3458,3453,5,6
5,3952,3458,3453,5,6
5,3953,3458,3453,5,6
5,3954,3458,3453,5,6
5,3955,3458,3453,5,6
5,3956,3458,3453,5,6
5,3957,3458,3453,5,6
5,3958,3458,3453,5,6
5,3959,3458,3453,5,6
5,3960,3458,3453,5,6
5,3961,3458,3453,5,6
5,3962,3458,3453,5,6
5,3963,3458,3453,5,6
5,3964,3458,3453,5,6
5,3965,3458,3453,5,6
5,3966,3458,3453,5,6
5,3967,3458,3453,5,6
5,3968,3458,3453,5,6
5,3969,3458,3453,5,6
5,3970,3458,3453,5,6
5,3971,3458,3453,5,6
5,3972,3458,3453,5,6
5,3973,3458,3453,5,6
5,3974,3458,3453,5,6
5,3975,3458,3453,5,6
5,3976,3458,3453,5,6
5,3977,3458,3453,5,6
5,3978,3458,3453,5,6
5,3979,3458,3453,5,6
5,3980,3458,3453,5,6
5,3981,3458,3453,5,6
5,3982,3458,3453,5,6
5,3983,3458,3453,5,6
5,3984,3458,3453,5,6
5,3985,3458,3453,5,6
5,3986,3458,3453,5,6
5,3987,3458,3453,5,6
5,3988,3458,3453,5,6
5,3989,3458,3453,5,6
5,3990,3458,3453,5,6
5,3991,3458,3453,5,6
5,3992,3458,3453,5,6
5,3993,3458,3453,5,6
5,3994,3458,3453,5,6
5,3995,3458,3453,5,6
5,3996,3458,3453,5,6
5,3997,3458,3453,5,6
5,3998,3458,3453,5,6
5,3999,3458,3453,5,6
5,4000,3458,3453,5,6
5,4001,3458,3453,5,6
5,4002,3458,3453,5,6
5,4003,3458,3453,5,6
5,4004,3458,3453,5,6
5,4005,3458,3453,5,6
5,4006,3458,3453,5,6
5,4007,3458,3453,5,6
5,4008,3458,3453,5,6
5,4009,3458,3453,5,6
5,4010,3458,3453,5,6
5,4011,3458,3453,5,6
5,4012,3458,3453,5,6
5,4013,3458,3453,5,6
5,4014,3458,3453,5,6
5,4015,3458,3453,5,6
5,4016,3458,3453,5,6
5,4017,3458,3453,5,6
5,4018,3458,3453,5,6
5,4019,3458,3453,5,6
5,4020,3458,3453,5,6
5,4021,3458,3453,5,6
5,4022,3458,3453,5,6
5,4023,3458,3453,5,6
5,4024,3458,3453,5,6
5,4025,3458,3453,5,6
5,4026,3458,3453,5,6
5,4027,3458,3453,5,6
5,4028,3458,3453,5,6
5,4029,3458,3453,5,6
5,4030,3458,3453,5,6
5,4031,3458,3453,5,6
5,4032,3458,3453,5,6
5,4033,3458,3453,5,6
5,4034,3458,3453,5,6
5,4035,3458,3453,5,6
5,4036,3458,3453,5,6
5,4037,3458,3453,5,6
5,4038,3458,3453,5,6
5,4039,3458,3453,5,6
5,4040,3458,3453,5,6
5,4041,3458,3453,5,6
5,4042,3458,3453,5,6
5,4043,3458,3453,5,6
5,4044,3458,3453,5,6
5,4045,3458,3453,5,6
5,4046,3458,3453,5,6
5,4047,3458,3453,5,6
5,4048,3458,3453,5,6
5,4049,3458,3453,5,6
5,4050,3458,3453,5,6
5,4051,3458,3453,5,6
5,4052,3458,3453,5,6
5,4053,3458,3453,5,6
5,4054,3458,3453,5,6
5,4055,3458,3453,5,6
5,4056,3458,3453,5,6
5,4057,3458,3453,5,6
5,4058,3458,3453,5,6
5,4059,3458,3453,5,6
5,4060,3458,3453,5,6
5,4061,3458,3453,5,6
5,4062,3458,3453,5,6
5,4063,3458,3453,5,6
5,4064,3458,3453,5,6
5,4065,3458,3453,5,6
5,4066,3458,3453,5,6
5,4067,3458,3453,5,6
5,4068,3458,3453,5,6
5,4069,3458,3453,5,6
5,4070,3458,3453,5,6
5,4071,3458,3453,5,6
5,4072,3458,3453,5,6
5,4073,3458,3453,5,6
5,4074,3458,3453,5,6
5,4075,3458,3453,5,6
5,4076,3458,3453,5,6
5,4077,3458,3453,5,6
5,4078,3458,3453,5,6
5,4079,3458,3453,5,6
5,4080,3458,3453,5,6
5,4081,3458,3453,5,6
5,4082,3458,3453,5,6
5,4083,3458,3453,5,6
5,4084,3458,3453,5,6
5,4085,3458,3453,5,6
5,4086,3458,3453,5,6
5,4087,3458,3453,5,6
5,4088,3458,3453,5,6
5,4089,3458,3453,5,6
5,4090,3458,3453,5,6
5,4091,3458,3453,5,6
5,4092,3458,3453,5,6
5,4093,3458,3453,5,6
5,4094,3458,3453,5,6
5,4095,3458,3453,5,6
5,4096,3458,3453,5,6
5,4097,3458,3453,5,6
5,4098,3458,3453,5,6
5,4099,3458,3453,5,6
5,4100,3458,3453,5,6
5,4101,3458,3453,5,6
5,4102,3458,3453,5,6
5,4103,3458,3453,5,6
5,4104,3458,3453,5,6
5,4105,3458,3453,5,6
5,4106,3458,3453,5,6
5,4107,3458,3453,5,6
5,4108,3458,3453,5,6
5,4109,3458,3453,5,6
5,4110,3458,3453,5,6
5,4111,3458,3453,5,6
5,4112,3458,3453,5,6
5,4113,3458,3453,5,6
5,4114,3458,3453,5,6
5,4115,3458,3453,5,6
5,4116,3458,3453,5,6
5,4117,3458,3453,5,6
5,4118,3458,3453,5,6
5,4119,3458,3453,5,6
5,4120,3458,3453,5,6
5,4121,3458,3453,5,6
5,4122,3458,3453,5,6
5,4123,3458,3453,5,6
5,4124,3458,3453,5,6
5,4125,3458,3453,5,6
5,4126,3458,3453,5,6
5,4127,3458,3453,5,6
5,4128,3458,3453,5,6
5,4129,3458,3453,5,6
5,4130,3458,3453,5,6
5,4131,3458,3453,5,6
5,4132,3458,3453,5,6
5,4133,3458,3453,5,6
5,4134,3458,3453,5,6
5,4135,3458,3453,5,6
5,4136,3458,3453,5,6
5,4137,3458,3453,5,6
5,4138,3458,3453,5,6
5,4139,3458,3453,5,6
5,4140,3458,3453,5,6
5,4141,3458,3453,5,6
5,4142,3458,3453,5,6
5,4143,3458,3453,5,6
5,4144,3458,3453,5,6
5,4145,3458,3453,5,6
5,4146,3458,3453,5,6
5,4147,3458,3453,5,6
5,4148,3458,3453,5,6
5,4149,3458,3453,5,6
5,4150,3458,3453,5,6
5,4151,3458,3453,5,6
5,4152,3458,3453,5,6
5,4153,3458,3453,5,6
5,4154,3458,3453,5,6
5,4155,3458,3453,5,6
5,4156,3458,3453,5,6
5,4157,3458,3453,5,6
5,4158,3458,3453,5,6
5,4159,3458,3453,5,6
5,4160,3458,3453,5,6
5,4161,3458,3453,5,6
5,4162,3458,3453,5,6
5,4163,3458,3453,5,6
5,4164,3458,3453,5,6
5,4165,3458,3453,5,6
5,4166,3458,3453,5,6
5,4167,3458,3453,5,6
5,4168,3458,3453,5,6
5,4169,3458,3453,5,6
5,4170,3458,3453,5,6
5,4171,3458,3453,5,6
5,4172,3458,3453,5,6
5,4173,3458,3453,5,6
5,4174,3458,3453,5,6
5,4175,3458,3453,5,6
5,4176,3458,3453,5,6
5,4177,3458,3453,5,6
5,4178,3458,3453,5,6
5,4179,3458,3453,5,6
5,4180,3458,3453,5,6
5,4181,3458,3453,5,6
5,4182,3458,3453,5,6
5,4183,3458,3453,5,6
5,4184,3458,3453,5,6
5,4185,3458,3453,5,6
5,4186,3458,3453,5,6
5,4187,3458,3453,5,6
5,4188,3458,3453,5,6
5,4189,3458,3453,5,6
5,4190,3458,3453,5,6
5,4191,3458,3453,5,6
5,4192,3458,3453,5,6
5,4193,3458,3453,5,6
5,4194,3458,3453,5,6
5,4195,3458,3453,5,6
5,4196,3458,3453,5,6
5,4197,3458,3453,5,6
5,4198,3458,3453,5,6
5,4199,3458,3453,5,6
5,4200,3458,3453,5,6
5,4201,3458,3453,5,6
5,4202,3458,3453,5,6
5,4203,3458,3453,5,6
5,4204,3458,3453,5,6
5,4205,3458,3453,5,6
5,4206,3458,3453,5,6
5,4207,3458,3453,5,6
5,4208,3458,3453,5,6
5,4209,3458,3453,5,6
5,4210,3458,3453,5,6
5,4211,3458,3453,5,6
5,4212,3458,3453,5,6
5,4213,3458,3453,5,6
5,4214,3458,3453,5,6
5,4215,3458,3453,5,6
5,4216,3458,3453,5,6
5,4217,3458,3453,5,6
5,4218,3458,3453,5,6
5,4219,3458,3453,5,6
5,4220,3458,3453,5,6
5,4221,3458,3453,5,6
5,4222,3458,3453,5,6
5,4223,3458,3453,5,6
5,4224,3458,3453,5,6
5,4225,3458,3453,5,6
5,4226,3458,3453,5,6
5,4227,3458,3453,5,6
5,4228,3458,3453,5,6
5,4229,3458,3453,5,6
5,4230,3458,3453,5,6
5,4231,3458,3453,5,6
5,4232,3458,3453,5,6
5,4233,3458,3453,5,6
5,4234,3458,3453,5,6
5,4235,3458,3453,5,6
5,4236,3458,3453,5,6
5,4237,3458,3453,5,6
5,4238,3458,3453,5,6
5,4239,3458,3453,5,6
5,4240,3458,3453,5,6
5,4241,3458,3453,5,6
5,4242,3458,3453,5,6
5,4243,3458,3453,5,6
5,4244,3458,3453,5,6
5,4245,3458,3453,5,6
5,4246,3458,3453,5,6
5,4247,3458,3453,5,6
5,4248,3458,3453,5,6
5,4249,3458,3453,5,6
5,4250,3458,3453,5,6
5,4251,3458,3453,5,6
5,4252,3458,3453,5,6
5,4253,3458,3453,5,6
5,4254,3458,3453,5,6
5,4255,3458,3453,5,6
5,4256,3458,3453,5,6
5,4257,3458,3453,5,6
5,4258,3458,3453,5,6
5,4259,3458,3453,5,6
5,4260,3458,3453,5,6
5,4261,3458,3453,5,6
5,4262,3458,3453,5,6
5,4263,3458,3453,5,6
5,4264,3458,3453,5,6
5,4265,3458,3453,5,6
5,4266,3458,3453,5,6
5,4267,3458,3453,5,6
5,4268,3458,3453,5,6
5,4269,3458,3453,5,6
5,4270,3458,3453,5,6
5,4271,3458,3453,5,6
5,4272,3458,3453,5,6
5,4273,3458,3453,5,6
5,4274,3458,3453,5,6
5,4275,3458,3453,5,6
5,4276,3458,3453,5,6
5,4277,3458,3453,5,6
5,4278,3458,3453,5,6
5,4279,3458,3453,5,6
5,4280,3458,3453,5,6
5,4281,3458,3453,5,6
5,4282,3458,3453,5,6
5,4283,3458,3453,5,6
5,4284,3458,3453,5,6
5,4285,3458,3453,5,6
5,4286,3458,3453,5,6
5,4287,3458,3453,5,6
5,4288,3458,3453,5,6
5,4289,3458,3453,5,6
5,4290,3458,3453,5,6
5,4291,3458,3453,5,6
5,4292,3458,3453,5,6
5,4293,3458,3453,5,6
5,4294,3458,3453,5,6
5,4295,3458,3453,5,6
5,4296,3458,3453,5,6
5,4297,3458,3453,5,6
5,4298,3458,3453,5,6
5,4299,3458,3453,5,6
5,4300,3458,3453,5,6
5,4301,3458,3453,5,6
5,4302,3458,3453,5,6
5,4303,3458,3453,5,6
5,4304,3458,3453,5,6
5,4305,3458,3453,5,6
5,4306,3458,3453,5,6
5,4307,3458,3453,5,6
5,4308,3458,3453,5,6
5,4309,3458,3453,5,6
5,4310,3458,3453,5,6
5,4311,3458,3453,5,6
5,4312,3458,3453,5,6
5,4313,3458,3453,5,6
5,4314,3458,3453,5,6
5,4315,3458,3453,5,6
5,4316,3458,3453,5,6
5,4317,3458,3453,5,6
5,4318,3458,3453,5,6
5,4319,3458,3453,5,6
5,4320,3458,3453,5,6
5,4321,3458,3453,5,6
5,4322,3458,3453,5,6
5,4323,3458,3453,5,6
5,4324,3458,3453,5,6
5,4325,3458,3453,5,6
5,4326,3458,3453,5,6
5,4327,3458,3453,5,6
5,4328,3458,3453,5,6
5,4329,3458,3453,5,6
5,4330,3458,3453,5,6
5,4331,3458,3453,5,6
5,4332,3458,3453,5,6
5,4333,3458,3453,5,6
5,4334,3458,3453,5,6
5,4335,3458,3453,5,6
5,4336,3458,3453,5,6
5,4337,3458,3453,5,6
5,4338,3458,3453,5,6
5,4339,3458,3453,5,6
5,4340,3458,3453,5,6
5,4341,3458,3453,5,6
5,4342,3458,3453,5,6
5,4343,3458,3453,5,6
5,4344,3458,3453,5,6
5,4345,3458,3453,5,6
5,4346,3458,3453,5,6
5,4347,3458,3453,5,6
5,4348,3458,3453,5,6
5,4349,3458,3453,5,6
5,4350,3458,3453,5,6
5,4351,3458,3453,5,6
5,4352,3458,3453,5,6
5,4353,3458,3453,5,6
5,4354,3458,3453,5,6
5,4355,3458,3453,5,6
5,4356,3458,3453,5,6
5,4357,3458,3453,5,6
5,4358,3458,3453,5,6
5,4359,3458,3453,5,6
5,4360,3458,3453,5,6
5,4361,3458,3453,5,6
5,4362,3458,3453,5,6
5,4363,3458,3453,5,6
5,4364,3458,3453,5,6
5,4365,3458,3453,5,6
5,4366,3458,3453,5,6
5,4367,3458,3453,5,6
5,4368,3458,3453,5,6
5,4369,3458,3453,5,6
5,4370,3458,3453,5,6
5,4371,3458,3453,5,6
5,4372,3458,3453,5,6
5,4373,3458,3453,5,6
5,4374,3458,3453,5,6
5,4375,3458,3453,5,6
5,4376,3458,3453,5,6
5,4377,3458,3453,5,6
5,4378,3458,3453,5,6
5,4379,3458,3453,5,6
5,4380,3458,3453,5,6
5,4381,3458,3453,5,6
5,4382,3458,3453,5,6
5,4383,3458,3453,5,6
5,4384,3458,3453,5,6
5,4385,3458,3453,5,6
5,4386,3458,3453,5,6
5,4387,3458,3453,5,6
5,4388,3458,3453,5,6
5,4389,3458,3453,5,6
5,4390,3458,3453,5,6
5,4391,3458,3453,5,6
5,4392,3458,3453,5,6
5,4393,3458,3453,5,6
5,4394,3458,3453,5,6
5,4395,3458,3453,5,6
5,4396,3458,3453,5,6
5,4397,3458,3453,5,6
5,4398,3458,3453,5,6
5,4399,3458,3453,5,6
5,4400,3458,3453,5,6
5,4401,3458,3453,5,6
5,4402,3458,3453,5,6
5,4403,3458,3453,5,6
5,4404,3458,3453,5,6
5,4405,3458,3453,5,6
5,4406,3458,3453,5,6
5,4407,3458,3453,5,6
5,4408,3458,3453,5,6
5,4409,3458,3453,5,6
5,4410,3458,3453,5,6
5,4411,3458,3453,5,6
5,4412,3458,3453,5,6
5,4413,3458,3453,5,6
5,4414,3458,3453,5,6
5,4415,3458,3453,5,6
5,4416,3458,3453,5,6
5,4417,3458,3453,5,6
5,4418,3458,3453,5,6
5,4419,3458,3453,5,6
5,4420,3458,3453,5,6
5,4421,3458,3453,5,6
5,4422,3458,3453,5,6
5,4423,3458,3453,5,6
5,4424,3458,3453,5,6
5,4425,3458,3453,5,6
5,4426,3458,3453,5,6
5,4427,3458,3453,5,6
5,4428,3458,3453,5,6
5,4429,3458,3453,5,6
5,4430,3458,3453,5,6
5,4431,3458,3453,5,6
5,4432,3458,3453,5,6
5,4433,3458,3453,5,6
5,4434,3458,3453,5,6
5,4435,3458,3453,5,6
5,4436,3458,3453,5,6
5,4437,3458,3453,5,6
5,4438,3458,3453,5,6
5,4439,3458,3453,5,6
5,4440,3458,3453,5,6
5,4441,3458,3453,5,6
5,4442,3458,3453,5,6
5,4443,3458,3453,5,6
5,4444,3458,3453,5,6
5,4445,3458,3453,5,6
5,4446,3458,3453,5,6
5,4447,3458,3453,5,6
5,4448,3458,3453,5,6
5,4449,3458,3453,5,6
5,4450,3458,3453,5,6
5,4451,3458,3453,5,6
5,4452,3458,3453,5,6
5,4453,3458,3453,5,6
5,4454,3458,3453,5,6
5,4455,3458,3453,5,6
5,4456,3458,3453,5,6
5,4457,3458,3453,5,6
5,4458,3458,3453,5,6
5,4459,3458,3453,5,6
5,4460,3458,3453,5,6
5,4461,3458,3453,5,6
5,4462,3458,3453,5,6
5,4463,3458,3453,5,6
5,4464,3458,3453,5,6
5,4465,3458,3453,5,6
5,4466,3458,3453,5,6
5,4467,3458,3453,5,6
5,4468,3458,3453,5,6
5,4469,3458,3453,5,6
5,4470,3458,3453,5,6
5,4471,3458,3453,5,6
5,4472,3458,3453,5,6
5,4473,3458,3453,5,6
5,4474,3458,3453,5,6
5,4475,3458,3453,5,6
5,4476,3458,3453,5,6
5,4477,3458,3453,5,6
5,4478,3458,3453,5,6
5,4479,3458,3453,5,6
5,4480,3458,3453,5,6
5,4481,3458,3453,5,6
5,4482,3458,3453,5,6
5,4483,3458,3453,5,6
5,4484,3458,3453,5,6
5,4485,3458,3453,5,6
5,4486,3458,3453,5,6
5,4487,3458,3453,5,6
5,4488,3458,3453,5,6
5,4489,3458,3453,5,6
5,4490,3458,3453,5,6
5,4491,3458,3453,5,6
5,4492,3458,3453,5,6
5,4493,3458,3453,5,6
5,4494,3458,3453,5,6
5,4495,3458,3453,5,6
5,4496,3458,3453,5,6
5,4497,3458,3453,5,6
5,4498,3458,3453,5,6
5,4499,3458,3453,5,6
5,4500,3458,3453,5,6
5,4501,3458,3453,5,6
5,4502,3458,3453,5,6
5,4503,3458,3453,5,6
5,4504,3458,3453,5,6
5,4505,3458,3453,5,6
5,4506,3458,3453,5,6
5,4507,3458,3453,5,6
5,4508,3458,3453,5,6
5,4509,3458,3453,5,6
5,4510,3458,3453,5,6
5,4511,3458,3453,5,6
5,4512,3458,3453,5,6
5,4513,3458,3453,5,6
5,4514,3458,3453,5,6
5,4515,3458,3453,5,6
5,4516,3458,3453,5,6
5,4517,3458,3453,5,6
5,4518,3458,3453,5,6
5,4519,3458,3453,5,6
5,4520,3458,3453,5,6
5,4521,3458,3453,5,6
5,4522,3458,3453,5,6
5,4523,3458,3453,5,6
5,4524,3458,3453,5,6
5,4525,3458,3453,5,6
5,4526,3458,3453,5,6
5,4527,3458,3453,5,6
5,4528,3458,3453,5,6
5,4529,3458,3453,5,6
5,4530,3458,3453,5,6
5,4531,3458,3453,5,6
5,4532,3458,3453,5,6
5,4533,3458,3453,5,6
5,4534,3458,3453,5,6
5,4535,3458,3453,5,6
5,4536,3458,3453,5,6
5,4537,3458,3453,5,6
5,4538,3458,3453,5,6
5,4539,3458,3453,5,6
5,4540,3458,3453,5,6
5,4541,3458,3453,5,6
5,4542,3458,3453,5,6
5,4543,3458,3453,5,6
5,4544,3458,3453,5,6
5,4545,3458,3453,5,6
5,4546,3458,3453,5,6
5,4547,3458,3453,5,6
5,4548,3458,3453,5,6
5,4549,3458,3453,5,6
5,4550,3458,3453,5,6
5,4551,3458,3453,5,6
5,4552,3458,3453,5,6
5,4553,3458,3453,5,6
5,4554,3458,3453,5,6
5,4555,3458,3453,5,6
5,4556,3458,3453,5,6
5,4557,3458,3453,5,6
5,4558,3458,3453,5,6
5,4559,3458,3453,5,6
5,4560,3458,3453,5,6
5,4561,3458,3453,5,6
5,4562,3458,3453,5,6
5,4563,3458,3453,5,6
5,4564,3458,3453,5,6
5,4565,3458,3453,5,6
5,4566,3458,3453,5,6
5,4567,3458,3453,5,6
5,4568,3458,3453,5,6
5,4569,3458,3453,5,6
5,4570,3458,3453,5,6
5,4571,3458,3453,5,6
5,4572,3458,3453,5,6
5,4573,3458,3453,5,6
5,4574,3458,3453,5,6
5,4575,3458,3453,5,6
5,4576,3458,3453,5,6
5,4577,3458,3453,5,6
5,4578,3458,3453,5,6
5,4579,3458,3453,5,6
5,4580,3458,3453,5,6
5,4581,3458,3453,5,6
5,4582,3458,3453,5,6
5,4583,3458,3453,5,6
5,4584,3458,3453,5,6
5,4585,3458,3453,5,6
5,4586,3458,3453,5,6
5,4587,3458,3453,5,6
5,4588,3458,3453,5,6
5,4589,3458,3453,5,6
5,4590,3458,3453,5,6
5,4591,3458,3453,5,6
5,4592,3458,3453,5,6
5,4593,3458,3453,5,6
5,4594,3458,3453,5,6
5,4595,3458,3453,5,6
5,4596,3458,3453,5,6
5,4597,3458,3453,5,6
5,4598,3458,3453,5,6
5,4599,3458,3453,5,6
5,4600,3458,3453,5,6
5,4601,3458,3453,5,6
5,4602,3458,3453,5,6
5,4603,3458,3453,5,6
5,4604,3458,3453,5,6
5,4605,3458,3453,5,6
5,4606,3458,3453,5,6
5,4607,3458,3453,5,6
5,4608,3458,3453,5,6
5,4609,3458,3453,5,6
5,4610,3458,3453,5,6
5,4611,3458,3453,5,6
5,4612,3458,3453,5,6
5,4613,3458,3453,5,6
5,4614,3458,3453,5,6
5,4615,3458,3453,5,6
5,4616,3458,3453,5,6
5,4617,3458,3453,5,6
5,4618,3458,3453,5,6
5,4619,3458,3453,5,6
5,4620,3458,3453,5,6
5,4621,3458,3453,5,6
5,4622,3458,3453,5,6
5,4623,3458,3453,5,6
5,4624,3458,3453,5,6
5,4625,3458,3453,5,6
5,4626,3458,3453,5,6
5,4627,3458,3453,5,6
5,4628,3458,3453,5,6
5,4629,3458,3453,5,6
5,4630,3458,3453,5,6
5,4631,3458,3453,5,6
5,4632,3458,3453,5,6
5,4633,3458,3453,5,6
5,4634,3458,3453,5,6
5,4635,3458,3453,5,6
5,4636,3458,3453,5,6
5,4637,3458,3453,5,6
5,4638,3458,3453,5,6
5,4639,3458,3453,5,6
5,4640,3458,3453,5,6
5,4641,3458,3453,5,6
5,4642,3458,3453,5,6
5,4643,3458,3453,5,6
5,4644,3458,3453,5,6
5,4645,3458,3453,5,6
5,4646,3458,3453,5,6
5,4647,3458,3453,5,6
5,4648,3458,3453,5,6
5,4649,3458,3453,5,6
5,4650,3458,3453,5,6
5,4651,3458,3453,5,6
5,4652,3458,3453,5,6
5,4653,3458,3453,5,6
5,4654,3458,3453,5,6
5,4655,3458,3453,5,6
5,4656,3458,3453,5,6
5,4657,3458,3453,5,6
5,4658,3458,3453,5,6
5,4659,3458,3453,5,6
5,4660,3458,3453,5,6
5,4661,3458,3453,5,6
5,4662,3458,3453,5,6
5,4663,3458,3453,5,6
5,4664,3458,3453,5,6
5,4665,3458,3453,5,6
5,4666,3458,3453,5,6
5,4667,3458,3453,5,6
5,4668,3458,3453,5,6
5,4669,3458,3453,5,6
5,4670,3458,3453,5,6
5,4671,3458,3453,5,6
5,4672,3458,3453,5,6
5,4673,3458,3453,5,6
5,4674,3458,3453,5,6
5,4675,3458,3453,5,6
5,4676,3458,3453,5,6
5,4677,3458,3453,5,6
5,4678,3458,3453,5,6
5,4679,3458,3453,5,6
5,4680,3458,3453,5,6
5,4681,3458,3453,5,6
5,4682,3458,3453,5,6
5,4683,3458,3453,5,6
5,4684,3458,3453,5,6
5,4685,3458,3453,5,6
5,4686,3458,3453,5,6
5,4687,3458,3453,5,6
5,4688,3458,3453,5,6
5,4689,3458,3453,5,6
5,4690,3458,3453,5,6
5,4691,3458,3453,5,6
5,4692,3458,3453,5,6
5,4693,3458,3453,5,6
5,4694,3458,3453,5,6
5,4695,3458,3453,5,6
5,4696,3458,3453,5,6
5,4697,3458,3453,5,6
5,4698,3458,3453,5,6
5,4699,3458,3453,5,6
5,4700,3458,3453,5,6
5,4701,3458,3453,5,6
5,4702,3458,3453,5,6
5,4703,3458,3453,5,6
5,4704,3458,3453,5,6
5,4705,3458,3453,5,6
5,4706,3458,3453,5,6
5,4707,3458,3453,5,6
5,4708,3458,3453,5,6
5,4709,3458,3453,5,6
5,4710,3458,3453,5,6
5,4711,3458,3453,5,6
5,4712,3458,3453,5,6
5,4713,3458,3453,5,6
5,4714,3458,3453,5,6
5,4715,3458,3453,5,6
5,4716,3458,3453,5,6
5,4717,3458,3453,5,6
5,4718,3458,3453,5,6
5,4719,3458,3453,5,6
5,4720,3458,3453,5,6
5,4721,3458,3453,5,6
5,4722,3458,3453,5,6
5,4723,3458,3453,5,6
5,4724,3458,3453,5,6
5,4725,3458,3453,5,6
5,4726,3458,3453,5,6
5,4727,3458,3453,5,6
5,4728,3458,3453,5,6
5,4729,3458,3453,5,6
5,4730,3458,3453,5,6
5,4731,3458,3453,5,6
5,4732,3458,3453,5,6
5,4733,3458,3453,5,6
5,4734,3458,3453,5,6
5,4735,3458,3453,5,6
5,4736,3458,3453,5,6
5,4737,3458,3453,5,6
5,4738,3458,3453,5,6
5,4739,3458,3453,5,6
5,4740,3458,3453,5,6
5,4741,3458,3453,5,6
5,4742,3458,3453,5,6
5,4743,3458,3453,5,6
5,4744,3458,3453,5,6
5,4745,3458,3453,5,6
5,4746,3458,3453,5,6
5,4747,3458,3453,5,6
5,4748,3458,3453,5,6
5,4749,3458,3453,5,6
5,4750,3458,3453,5,6
5,4751,3458,3453,5,6
5,4752,3458,3453,5,6
5,4753,3458,3453,5,6
5,4754,3458,3453,5,6
5,4755,3458,3453,5,6
5,4756,3458,3453,5,6
5,4757,3458,3453,5,6
5,4758,3458,3453,5,6
5,4759,3458,3453,5,6
5,4760,3458,3453,5,6
5,4761,3458,3453,5,6
5,4762,3458,3453,5,6
5,4763,3458,3453,5,6
5,4764,3458,3453,5,6
5,4765,3458,3453,5,6
5,4766,3458,3453,5,6
5,4767,3458,3453,5,6
5,4768,3458,3453,5,6
5,4769,3458,3453,5,6
5,4770,3458,3453,5,6
5,4771,3458,3453,5,6
5,4772,3458,3453,5,6
5,4773,3458,3453,5,6
5,4774,3458,3453,5,6
5,4775,3458,3453,5,6
5,4776,3458,3453,5,6
5,4777,3458,3453,5,6
5,4778,3458,3453,5,6
5,4779,3458,3453,5,6
5,4780,3458,3453,5,6
5,4781,3458,3453,5,6
5,4782,3458,3453,5,6
5,4783,3458,3453,5,6
5,4784,3458,3453,5,6
5,4785,3458,3453,5,6
5,4786,3458,3453,5,6
5,4787,3458,3453,5,6
5,4788,3458,3453,5,6
5,4789,3458,3453,5,6
5,4790,3458,3453,5,6
5,4791,3458,3453,5,6
5,4792,3458,3453,5,6
5,4793,3458,3453,5,6
5,4794,3458,3453,5,6
5,4795,3458,3453,5,6
5,4796,3458,3453,5,6
5,4797,3458,3453,5,6
5,4798,3458,3453,5,6
5,4799,3458,3453,5,6
5,4800,3458,3453,5,6
5,4801,3458,3453,5,6
5,4802,3458,3453,5,6
5,4803,3458,3453,5,6
5,4804,3458,3453,5,6
5,4805,3458,3453,5,6
5,4806,3458,3453,5,6
5,4807,3458,3453,5,6
5,4808,3458,3453,5,6
5,4809,3458,3453,5,6
5,4810,3458,3453,5,6
5,4811,3458,3453,5,6
5,4812,3458,3453,5,6
5,4813,3458,3453,5,6
5,4814,3458,3453,5,6
5,4815,3458,3453,5,6
5,4816,3458,3453,5,6
5,4817,3458,3453,5,6
5,4818,3458,3453,5,6
5,4819,3458,3453,5,6
5,4820,3458,3453,5,6
5,4821,3458,3453,5,6
5,4822,3458,3453,5,6
5,4823,3458,3453,5,6
5,4824,3458,3453,5,6
5,4825,3458,3453,5,6
5,4826,3458,3453,5,6
5,4827,3458,3453,5,6
5,4828,3458,3453,5,6
5,4829,3458,3453,5,6
5,4830,3458,3453,5,6
5,4831,3458,3453,5,6
5,4832,3458,3453,5,6
5,4833,3458,3453,5,6
5,4834,3458,3453,5,6
5,4835,3458,3453,5,6
5,4836,3458,3453,5,6
5,4837,3458,3453,5,6
5,4838,3458,3453,5,6
5,4839,3458,3453,5,6
5,4840,3458,3453,5,6
5,4841,3458,3453,5,6
5,4842,3458,3453,5,6
5,4843,3458,3453,5,6
5,4844,3458,3453,5,6
5,4845,3458,3453,5,6
5,4846,3458,3453,5,6
5,4847,3458,3453,5,6
5,4848,3458,3453,5,6
5,4849,3458,3453,5,6
5,4850,3458,3453,5,6
5,4851,3458,3453,5,6
5,4852,3458,3453,5,6
5,4853,3458,3453,5,6
5,4854,3458,3453,5,6
5,4855,3458,3453,5,6
5,4856,3458,3453,5,6
5,4857,3458,3453,5,6
5,4858,3458,3453,5,6
5,4859,3458,3453,5,6
5,4860,3458,3453,5,6
5,4861,3458,3453,5,6
5,4862,3458,3453,5,6
5,4863,3458,3453,5,6
5,4864,3458,3453,5,6
5,4865,3458,3453,5,6
5,4866,3458,3453,5,6
5,4867,3458,3453,5,6
5,4868,3458,3453,5,6
5,4869,3458,3453,5,6
5,4870,3458,3453,5,6
5,4871,3458,3453,5,6
5,4872,3458,3453,5,6
5,4873,3458,3453,5,6
5,4874,3458,3453,5,6
5,4875,3458,3453,5,6
5,4876,3458,3453,5,6
5,4877,3458,3453,5,6
5,4878,3458,3453,5,6
5,4879,3458,3453,5,6
5,4880,3458,3453,5,6
5,4881,3458,3453,5,6
5,4882,3458,3453,5,6
5,4883,3458,3453,5,6
5,4884,3458,3453,5,6
5,4885,3458,3453,5,6
5,4886,3458,3453,5,6
5,4887,3458,3453,5,6
5,4888,3458,3453,5,6
5,4889,3458,3453,5,6
5,4890,3458,3453,5,6
5,4891,3458,3453,5,6
5,4892,3458,3453,5,6
5,4893,3458,3453,5,6
5,4894,3458,3453,5,6
5,4895,3458,3453,5,6
5,4896,3458,3453,5,6
5,4897,3458,3453,5,6
5,4898,3458,3453,5,6
5,4899,3458,3453,5,6
5,4900,3458,3453,5,6
5,4901,3458,3453,5,6
5,4902,3458,3453,5,6
5,4903,3458,3453,5,6
5,4904,3458,3453,5,6
5,4905,3458,3453,5,6
5,4906,3458,3453,5,6
5,4907,3458,3453,5,6
5,4908,3458,3453,5,6
5,4909,3458,3453,5,6
5,4910,3458,3453,5,6
5,4911,3458,3453,5,6
5,4912,3458,3453,5,6
5,4913,3458,3453,5,6
5,4914,3458,3453,5,6
5,4915,3458,3453,5,6
5,4916,3458,3453,5,6
5,4917,3458,3453,5,6
5,4918,3458,3453,5,6
5,4919,3458,3453,5,6
5,4920,3458,3453,5,6
5,4921,3458,3453,5,6
5,4922,3458,3453,5,6
5,4923,3458,3453,5,6
5,4924,3458,3453,5,6
5,4925,3458,3453,5,6
5,4926,3458,3453,5,6
5,4927,3458,3453,5,6
5,4928,3458,3453,5,6
5,4929,3458,3453,5,6
5,4930,3458,3453,5,6
5,4931,3458,3453,5,6
5,4932,3458,3453,5,6
5,4933,3458,3453,5,6
5,4934,3458,3453,5,6
5,4935,3458,3453,5,6
5,4936,3458,3453,5,6
5,4937,3458,3453,5,6
5,4938,3458,3453,5,6
5,4939,3458,3453,5,6
5,4940,3458,3453,5,6
5,4941,3458,3453,5,6
5,4942,3458,3453,5,6
5,4943,3458,3453,5,6
5,4944,3458,3453,5,6
5,4945,3458,3453,5,6
5,4946,3458,3453,5,6
5,4947,3458,3453,5,6
5,4948,3458,3453,5,6
5,4949,3458,3453,5,6
5,4950,3458,3453,5,6
5,4951,3458,3453,5,6
5,4952,3458,3453,5,6
5,4953,3458,3453,5,6
5,4954,3458,3453,5,6
5,4955,3458,3453,5,6
5,4956,3458,3453,5,6
5,4957,3458,3453,5,6
5,4958,3458,3453,5,6
5,4959,3458,3453,5,6
5,4960,3458,3453,5,6
5,4961,3458,3453,5,6
5,4962,3458,3453,5,6
5,4963,3458,3453,5,6
5,4964,3458,3453,5,6
5,4965,3458,3453,5,6
5,4966,3458,3453,5,6
5,4967,3458,3453,5,6
5,4968,3458,3453,5,6
5,4969,3458,3453,5,6
5,4970,3458,3453,5,6
5,4971,3458,3453,5,6
5,4972,3458,3453,5,6
5,4973,3458,3453,5,6
5,4974,3458,3453,5,6
5,4975,3458,3453,5,6
5,4976,3458,3453,5,6
5,4977,3458,3453,5,6
5,4978,3458,3453,5,6
5,4979,3458,3453,5,6
5,4980,3458,3453,5,6
5,4981,3458,3453,5,6
5,4982,3458,3453,5,6
5,4983,3458,3453,5,6
5,4984,3458,3453,5,6
5,4985,3458,3453,5,6
5,4986,3458,3453,5,6
5,4987,3458,3453,5,6
5,4988,3458,3453,5,6
5,4989,3458,3453,5,6
5,4990,3458,3453,5,6
5,4991,3458,3453,5,6
5,4992,3458,3453,5,6
5,4993,3458,3453,5,6
5,4994,3458,3453,5,6
5,4995,3458,3453,5,6
5,4996,3458,3453,5,6
5,4997,3458,3453,5,6
5,4998,3458,3453,5,6
5,4999,3458,3453,5,6
5,5000,3458,3453,5,6
5,5001,3458,3453,5,6
5,5002,3458,3453,5,6
5,5003,3458,3453,5,6
5,5004,3458,3453,5,6
5,5005,3458,3453,5,6
5,5006,3458,3453,5,6
5,5007,3458,3453,5,6
5,5008,3458,3453,5,6
5,5009,3458,3453,5,6
5,5010,3458,3453,5,6
5,5011,3458,3453,5,6
5,5012,3458,3453,5,6
5,5013,3458,3453,5,6
5,5014,3458,3453,5,6
5,5015,3458,3453,5,6
5,5016,3458,3453,5,6
5,5017,3458,3453,5,6
5,5018,3458,3453,5,6
5,5019,3458,3453,5,6
5,5020,3458,3453,5,6
5,5021,3458,3453,5,6
5,5022,3458,3453,5,6
5,5023,3458,3453,5,6
5,5024,3458,3453,5,6
5,5025,3458,3453,5,6
5,5026,3458,3453,5,6
5,5027,3458,3453,5,6
5,5028,3458,3453,5,6
5,5029,3458,3453,5,6
5,5030,3458,3453,5,6
5,5031,3458,3453,5,6
5,5032,3458,3453,5,6
5,5033,3458,3453,5,6
5,5034,3458,3453,5,6
5,5035,3458,3453,5,6
5,5036,3458,3453,5,6
5,5037,3458,3453,5,6
5,5038,3458,3453,5,6
5,5039,3458,3453,5,6
5,5040,3458,3453,5,6
5,5041,3458,3453,5,6
5,5042,3458,3453,5,6
5,5043,3458,3453,5,6
5,5044,3458,3453,5,6
5,5045,3458,3453,5,6
5,5046,3458,3453,5,6
5,5047,3458,3453,5,6
5,5048,3458,3453,5,6
5,5049,3458,3453,5,6
5,5050,3458,3453,5,6
5,5051,3458,3453,5,6
5,5052,3458,3453,5,6
5,5053,3458,3453,5,6
5,5054,3458,3453,5,6
5,5055,3458,3453,5,6
5,5056,3458,3453,5,6
5,5057,3458,3453,5,6
5,5058,3458,3453,5,6
5,5059,3458,3453,5,6
5,5060,3458,3453,5,6
5,5061,3458,3453,5,6
5,5062,3458,3453,5,6
5,5063,3458,3453,5,6
5,5064,3458,3453,5,6
5,5065,3458,3453,5,6
5,5066,3458,3453,5,6
5,5067,3458,3453,5,6
5,5068,3458,3453,5,6
5,5069,3458,3453,5,6
5,5070,3458,3453,5,6
5,5071,3458,3453,5,6
5,5072,3458,3453,5,6
5,5073,3458,3453,5,6
5,5074,3458,3453,5,6
5,5075,3458,3453,5,6
5,5076,3458,3453,5,6
5,5077,3458,3453,5,6
5,5078,3458,3453,5,6
5,5079,3458,3453,5,6
5,5080,3458,3453,5,6
5,5081,3458,3453,5,6
5,5082,3458,3453,5,6
5,5083,3458,3453,5,6
5,5084,3458,3453,5,6
5,5085,3458,3453,5,6
5,5086,3458,3453,5,6
5,5087,3458,3453,5,6
5,5088,3458,3453,5,6
5,5089,3458,3453,5,6
5,5090,3458,3453,5,6
5,5091,3458,3453,5,6
5,5092,3458,3453,5,6
5,5093,3458,3453,5,6
5,5094,3458,3453,5,6
5,5095,3458,3453,5,6
5,5096,3458,3453,5,6
5,5097,3458,3453,5,6
5,5098,3458,3453,5,6
5,5099,3458,3453,5,6
5,5100,3458,3453,5,6
5,5101,3458,3453,5,6
5,5102,3458,3453,5,6
5,5103,3458,3453,5,6
5,5104,3458,3453,5,6
5,5105,3458,3453,5,6
5,5106,3458,3453,5,6
5,5107,3458,3453,5,6
5,5108,3458,3453,5,6
5,5109,3458,3453,5,6
5,5110,3458,3453,5,6
5,5111,3458,3453,5,6
5,5112,3458,3453,5,6
5,5113,3458,3453,5,6
5,5114,3458,3453,5,6
5,5115,3458,3453,5,6
5,5116,3458,3453,5,6
5,5117,3458,3453,5,6
5,5118,3458,3453,5,6
5,5119,3458,3453,5,6
5,5120,3458,3453,5,6
5,5121,3458,3453,5,6
5,5122,3458,3453,5,6
5,5123,3458,3453,5,6
5,5124,3458,3453,5,6
5,5125,3458,3453,5,6
5,5126,3458,3453,5,6
5,5127,3458,3453,5,6
5,5128,3458,3453,5,6
5,5129,3458,3453,5,6
5,5130,3458,3453,5,6
5,5131,3458,3453,5,6
5,5132,3458,3453,5,6
5,5133,3458,3453,5,6
5,5134,3458,3453,5,6
5,5135,3458,3453,5,6
5,5136,3458,3453,5,6
5,5137,3458,3453,5,6
5,5138,3458,3453,5,6
5,5139,3458,3453,5,6
5,5140,3458,3453,5,6
5,5141,3458,3453,5,6
5,5142,3458,3453,5,6
5,5143,3458,3453,5,6
5,5144,3458,3453,5,6
5,5145,3458,3453,5,6
5,5146,3458,3453,5,6
5,5147,3458,3453,5,6
5,5148,3458,3453,5,6
5,5149,3458,3453,5,6
5,5150,3458,3453,5,6
5,5151,3458,3453,5,6
5,5152,3458,3453,5,6
5,5153,3458,3453,5,6
5,5154,3458,3453,5,6
5,5155,3458,3453,5,6
5,5156,3458,3453,5,6
5,5157,3458,3453,5,6
5,5158,3458,3453,5,6
5,5159,3458,3453,5,6
5,5160,3458,3453,5,6
5,5161,3458,3453,5,6
5,5162,3458,3453,5,6
5,5163,3458,3453,5,6
5,5164,3458,3453,5,6
5,5165,3458,3453,5,6
5,5166,3458,3453,5,6
5,5167,3458,3453,5,6
5,5168,3458,3453,5,6
5,5169,3458,3453,5,6
5,5170,3458,3453,5,6
5,5171,3458,3453,5,6
5,5172,3458,3453,5,6
5,5173,3458,3453,5,6
5,5174,3458,3453,5,6
5,5175,3458,3453,5,6
5,5176,3458,3453,5,6
5,5177,3458,3453,5,6
5,5178,3458,3453,5,6
5,5179,3458,3453,5,6
5,5180,3458,3453,5,6
5,5181,3458,3453,5,6
5,5182,3458,3453,5,6
5,5183,3458,3453,5,6
5,5184,3458,3453,5,6
5,5185,3458,3453,5,6
5,5186,3458,3453,5,6
5,5187,3458,3453,5,6
5,5188,3458,3453,5,6
5,5189,3458,3453,5,6
5,5190,3458,3453,5,6
5,5191,3458,3453,5,6
5,5192,3458,3453,5,6
5,5193,3458,3453,5,6
5,5194,3458,3453,5,6
5,5195,3458,3453,5,6
5,5196,3458,3453,5,6
5,5197,3458,3453,5,6
5,5198,3458,3453,5,6
5,5199,3458,3453,5,6
5,5200,3458,3453,5,6
5,5201,3458,3453,5,6
5,5202,3458,3453,5,6
5,5203,3458,3453,5,6
5,5204,3458,3453,5,6
5,5205,3458,3453,5,6
5,5206,3458,3453,5,6
5,5207,3458,3453,5,6
5,5208,3458,3453,5,6
5,5209,3458,3453,5,6
5,5210,3458,3453,5,6
5,5211,3458,3453,5,6
5,5212,3458,3453,5,6
5,5213,3458,3453,5,6
5,5214,3458,3453,5,6
5,5215,3458,3453,5,6
5,5216,3458,3453,5,6
5,5217,3458,3453,5,6
5,5218,3458,3453,5,6
5,5219,3458,3453,5,6
5,5220,3458,3453,5,6
5,5221,3458,3453,5,6
5,5222,3458,3453,5,6
5,5223,3458,3453,5,6
5,5224,3458,3453,5,6
5,5225,3458,3453,5,6
5,5226,3458,3453,5,6
5,5227,3458,3453,5,6
5,5228,3458,3453,5,6
5,5229,3458,3453,5,6
5,5230,3458,3453,5,6
5,5231,3458,3453,5,6
5,5232,3458,3453,5,6
5,5233,3458,3453,5,6
5,5234,3458,3453,5,6
5,5235,3458,3453,5,6
5,5236,3458,3453,5,6
5,5237,3458,3453,5,6
5,5238,3458,3453,5,6
5,5239,3458,3453,5,6
5,5240,3458,3453,5,6
5,5241,3458,3453,5,6
5,5242,3458,3453,5,6
5,5243,3458,3453,5,6
5,5244,3458,3453,5,6
5,5245,3458,3453,5,6
5,5246,3458,3453,5,6
5,5247,3458,3453,5,6
5,5248,3458,3453,5,6
5,5249,3458,3453,5,6
5,5250,3458,3453,5,6
5,5251,3458,3453,5,6
5,5252,3458,3453,5,6
5,5253,3458,3453,5,6
5,5254,3458,3453,5,6
5,5255,3458,3453,5,6
5,5256,3458,3453,5,6
5,5257,3458,3453,5,6
5,5258,3458,3453,5,6
5,5259,3458,3453,5,6
5,5260,3458,3453,5,6
5,5261,3458,3453,5,6
5,5262,3458,3453,5,6
5,5263,3458,3453,5,6
5,5264,3458,3453,5,6
5,5265,3458,3453,5,6
5,5266,3458,3453,5,6
5,5267,3458,3453,5,6
5,5268,3458,3453,5,6
5,5269,3458,3453,5,6
5,5270,3458,3453,5,6
5,5271,3458,3453,5,6
5,5272,3458,3453,5,6
5,5273,3458,3453,5,6
5,5274,3458,3453,5,6
5,5275,3458,3453,5,6
5,5276,3458,3453,5,6
5,5277,3458,3453,5,6
5,5278,3458,3453,5,6
5,5279,3458,3453,5,6
5,5280,3458,3453,5,6
5,5281,3458,3453,5,6
5,5282,3458,3453,5,6
5,5283,3458,3453,5,6
5,5284,3458,3453,5,6
5,5285,3458,3453,5,6
5,5286,3458,3453,5,6
5,5287,3458,3453,5,6
5,5288,3458,3453,5,6
5,5289,3458,3453,5,6
5,5290,3458,3453,5,6
5,5291,3458,3453,5,6
5,5292,3458,3453,5,6
5,5293,3458,3453,5,6
5,5294,3458,3453,5,6
5,5295,3458,3453,5,6
5,5296,3458,3453,5,6
5,5297,3458,3453,5,6
5,5298,3458,3453,5,6
5,5299,3458,3453,5,6
5,5300,3458,3453,5,6
5,5301,3458,3453,5,6
5,5302,3458,3453,5,6
5,5303,3458,3453,5,6
5,5304,3458,3453,5,6
5,5305,3458,3453,5,6
5,5306,3458,3453,5,6
5,5307,3458,3453,5,6
5,5308,3458,3453,5,6
5,5309,3458,3453,5,6
5,5310,3458,3453,5,6
5,5311,3458,3453,5,6
5,5312,3458,3453,5,6
5,5313,3458,3453,5,6
5,5314,3458,3453,5,6
5,5315,3458,3453,5,6
5,5316,3458,3453,5,6
5,5317,3458,3453,5,6
5,5318,3458,3453,5,6
5,5319,3458,3453,5,6
5,5320,3458,3453,5,6
5,5321,3458,3453,5,6
5,5322,3458,3453,5,6
5,5323,3458,3453,5,6
5,5324,3458,3453,5,6
5,5325,3458,3453,5,6
5,5326,3458,3453,5,6
5,5327,3458,3453,5,6
5,5328,3458,3453,5,6
5,5329,3458,3453,5,6
5,5330,3458,3453,5,6
5,5331,3458,3453,5,6
5,5332,3458,3453,5,6
5,5333,3458,3453,5,6
5,5334,3458,3453,5,6
5,5335,3458,3453,5,6
5,5336,3458,3453,5,6
5,5337,3458,3453,5,6
5,5338,3458,3453,5,6
5,5339,3458,3453,5,6
5,5340,3458,3453,5,6
5,5341,3458,3453,5,6
5,5342,3458,3453,5,6
5,5343,3458,3453,5,6
5,5344,3458,3453,5,6
5,5345,3458,3453,5,6
5,5346,3458,3453,5,6
5,5347,3458,3453,5,6
5,5348,3458,3453,5,6
5,5349,3458,3453,5,6
5,5350,3458,3453,5,6
5,5351,3458,3453,5,6
5,5352,3458,3453,5,6
5,5353,3458,3453,5,6
5,5354,3458,3453,5,6
5,5355,3458,3453,5,6
5,5356,3458,3453,5,6
5,5357,3458,3453,5,6
5,5358,3458,3453,5,6
5,5359,3458,3453,5,6
5,5360,3458,3453,5,6
5,5361,3458,3453,5,6
5,5362,3458,3453,5,6
5,5363,3458,3453,5,6
5,5364,3458,3453,5,6
5,5365,3458,3453,5,6
5,5366,3458,3453,5,6
5,5367,3458,3453,5,6
5,5368,3458,3453,5,6
5,5369,3458,3453,5,6
5,5370,3458,3453,5,6
5,5371,3458,3453,5,6
5,5372,3458,3453,5,6
5,5373,3458,3453,5,6
5,5374,3458,3453,5,6
5,5375,3458,3453,5,6
5,5376,3458,3453,5,6
5,5377,3458,3453,5,6
5,5378,3458,3453,5,6
5,5379,3458,3453,5,6
5,5380,3458,3453,5,6
5,5381,3458,3453,5,6
5,5382,3458,3453,5,6
5,5383,3458,3453,5,6
5,5384,3458,3453,5,6
5,5385,3458,3453,5,6
5,5386,3458,3453,5,6
5,5387,3458,3453,5,6
5,5388,3458,3453,5,6
5,5389,3458,3453,5,6
5,5390,3458,3453,5,6
5,5391,3458,3453,5,6
5,5392,3458,3453,5,6
5,5393,3458,3453,5,6
5,5394,3458,3453,5,6
5,5395,3458,3453,5,6
5,5396,3458,3453,5,6
5,5397,3458,3453,5,6
5,5398,3458,3453,5,6
5,5399,3458,3453,5,6
5,5400,3458,3453,5,6
5,5401,3458,3453,5,6
5,5402,3458,3453,5,6
5,5403,3458,3453,5,6
5,5404,3458,3453,5,6
5,5405,3458,3453,5,6
5,5406,3458,3453,5,6
5,5407,3458,3453,5,6
5,5408,3458,3453,5,6
5,5409,3458,3453,5,6
5,5410,3458,3453,5,6
5,5411,3458,3453,5,6
5,5412,3458,3453,5,6
5,5413,3458,3453,5,6
5,5414,3458,3453,5,6
5,5415,3458,3453,5,6
5,5416,3458,3453,5,6
5,5417,3458,3453,5,6
5,5418,3458,3453,5,6
5,5419,3458,3453,5,6
5,5420,3458,3453,5,6
5,5421,3458,3453,5,6
5,5422,3458,3453,5,6
5,5423,3458,3453,5,6
5,5424,3458,3453,5,6
5,5425,3458,3453,5,6
5,5426,3458,3453,5,6
5,5427,3458,3453,5,6
5,5428,3458,3453,5,6
5,5429,3458,3453,5,6
5,5430,3458,3453,5,6
5,5431,3458,3453,5,6
5,5432,3458,3453,5,6
5,5433,3458,3453,5,6
5,5434,3458,3453,5,6
5,5435,3458,3453,5,6
5,5436,3458,3453,5,6
5,5437,3458,3453,5,6
5,5438,3458,3453,5,6
5,5439,3458,3453,5,6
5,5440,3458,3453,5,6
5,5441,3458,3453,5,6
5,5442,3458,3453,5,6
5,5443,3458,3453,5,6
5,5444,3458,3453,5,6
5,5445,3458,3453,5,6
5,5446,3458,3453,5,6
5,5447,3458,3453,5,6
5,5448,3458,3453,5,6
5,5449,3458,3453,5,6
5,5450,3458,3453,5,6
5,5451,3458,3453,5,6
5,5452,3458,3453,5,6
5,5453,3458,3453,5,6
5,5454,3458,3453,5,6
5,5455,3458,3453,5,6
5,5456,3458,3453,5,6
5,5457,3458,3453,5,6
5,5458,3458,3453,5,6
5,5459,3458,3453,5,6
5,5460,3458,3453,5,6
5,5461,3458,3453,5,6
5,5462,3458,3453,5,6
5,5463,3458,3453,5,6
5,5464,3458,3453,5,6
5,5465,3458,3453,5,6
5,5466,3458,3453,5,6
5,5467,3458,3453,5,6
5,5468,3458,3453,5,6
5,5469,3458,3453,5,6
5,5470,3458,3453,5,6
5,5471,3458,3453,5,6
5,5472,3458,3453,5,6
5,5473,3458,3453,5,6
5,5474,3458,3453,5,6
5,5475,3458,3453,5,6
5,5476,3458,3453,5,6
5,5477,3458,3453,5,6
5,5478,3458,3453,5,6
5,5479,3458,3453,5,6
5,5480,3458,3453,5,6
5,5481,3458,3453,5,6
5,5482,3458,3453,5,6
5,5483,3458,3453,5,6
5,5484,3458,3453,5,6
5,5485,3458,3453,5,6
5,5486,3458,3453,5,6
5,5487,3458,3453,5,6
5,5488,3458,3453,5,6
5,5489,3458,3453,5,6
5,5490,3458,3453,5,6
5,5491,3458,3453,5,6
5,5492,3458,3453,5,6
5,5493,3458,3453,5,6
5,5494,3458,3453,5,6
5,5495,3458,3453,5,6
5,5496,3458,3453,5,6
5,5497,3458,3453,5,6
5,5498,3458,3453,5,6
5,5499,3458,3453,5,6
5,5500,3458,3453,5,6
5,5501,3458,3453,5,6
5,5502,3458,3453,5,6
5,5503,3458,3453,5,6
5,5504,3458,3453,5,6
5,5505,3458,3453,5,6
5,5506,3458,3453,5,6
5,5507,3458,3453,5,6
5,5508,3458,3453,5,6
5,5509,3458,3453,5,6
5,5510,3458,3453,5,6
5,5511,3458,3453,5,6
5,5512,3458,3453,5,6
5,5513,3458,3453,5,6
5,5514,3458,3453,5,6
5,5515,3458,3453,5,6
5,5516,3458,3453,5,6
5,5517,3458,3453,5,6
5,5518,3458,3453,5,6
5,5519,3458,3453,5,6
5,5520,3458,3453,5,6
5,5521,3458,3453,5,6
5,5522,3458,3453,5,6
5,5523,3458,3453,5,6
5,5524,3458,3453,5,6
5,5525,3458,3453,5,6
5,5526,3458,3453,5,6
5,5527,3458,3453,5,6
5,5528,3458,3453,5,6
5,5529,3458,3453,5,6
5,5530,3458,3453,5,6
5,5531,3458,3453,5,6
5,5532,3458,3453,5,6
5,5533,3458,3453,5,6
5,5534,3458,3453,5,6
5,5535,3458,3453,5,6
5,5536,3458,3453,5,6
5,5537,3458,3453,5,6
5,5538,3458,3453,5,6
5,5539,3458,3453,5,6
5,5540,3458,3453,5,6
5,5541,3458,3453,5,6
5,5542,3458,3453,5,6
5,5543,3458,3453,5,6
5,5544,3458,3453,5,6
5,5545,3458,3453,5,6
5,5546,3458,3453,5,6
5,5547,3458,3453,5,6
5,5548,3458,3453,5,6
5,5549,3458,3453,5,6
5,5550,3458,3453,5,6
5,5551,3458,3453,5,6
5,5552,3458,3453,5,6
5,5553,3458,3453,5,6
5,5554,3458,3453,5,6
5,5555,3458,3453,5,6
5,5556,3458,3453,5,6
5,5557,3458,3453,5,6
5,5558,3458,3453,5,6
5,5559,3458,3453,5,6
5,5560,3458,3453,5,6
5,5561,3458,3453,5,6
5,5562,3458,3453,5,6
5,5563,3458,3453,5,6
5,5564,3458,3453,5,6
5,5565,3458,3453,5,6
5,5566,3458,3453,5,6
5,5567,3458,3453,5,6
5,5568,3458,3453,5,6
5,5569,3458,3453,5,6
5,5570,3458,3453,5,6
5,5571,3458,3453,5,6
5,5572,3458,3453,5,6
5,5573,3458,3453,5,6
5,5574,3458,3453,5,6
5,5575,3458,3453,5,6
5,5576,3458,3453,5,6
5,5577,3458,3453,5,6
5,5578,3458,3453,5,6
5,5579,3458,3453,5,6
5,5580,3458,3453,5,6
5,5581,3458,3453,5,6
5,5582,3458,3453,5,6
5,5583,3458,3453,5,6
5,5584,3458,3453,5,6
5,5585,3458,3453,5,6
5,5586,3458,3453,5,6
5,5587,3458,3453,5,6
5,5588,3458,3453,5,6
5,5589,3458,3453,5,6
5,5590,3458,3453,5,6
5,5591,3458,3453,5,6
5,5592,3458,3453,5,6
5,5593,3458,3453,5,6
5,5594,3458,3453,5,6
5,5595,3458,3453,5,6
5,5596,3458,3453,5,6
5,5597,3458,3453,5,6
5,5598,3458,3453,5,6
5,5599,3458,3453,5,6
5,5600,3458,3453,5,6
5,5601,3458,3453,5,6
5,5602,3458,3453,5,6
5,5603,3458,3453,5,6
5,5604,3458,3453,5,6
5,5605,3458,3453,5,6
5,5606,3458,3453,5,6
5,5607,3458,3453,5,6
5,5608,3458,3453,5,6
5,5609,3458,3453,5,6
5,5610,3458,3453,5,6
5,5611,3458,3453,5,6
5,5612,3458,3453,5,6
5,5613,3458,3453,5,6
5,5614,3458,3453,5,6
5,5615,3458,3453,5,6
5,5616,3458,3453,5,6
5,5617,3458,3453,5,6
5,5618,3458,3453,5,6
5,5619,3458,3453,5,6
5,5620,3458,3453,5,6
5,5621,3458,3453,5,6
5,5622,3458,3453,5,6
5,5623,3458,3453,5,6
5,5624,3458,3453,5,6
5,5625,3458,3453,5,6
5,5626,3458,3453,5,6
5,5627,3458,3453,5,6
5,5628,3458,3453,5,6
5,5629,3458,3453,5,6
5,5630,3458,3453,5,6
5,5631,3458,3453,5,6
5,5632,3458,3453,5,6
5,5633,3458,3453,5,6
5,5634,3458,3453,5,6
5,5635,3458,3453,5,6
5,5636,3458,3453,5,6
5,5637,3458,3453,5,6
5,5638,3458,3453,5,6
5,5639,3458,3453,5,6
5,5640,3458,3453,5,6
5,5641,3458,3453,5,6
5,5642,3458,3453,5,6
5,5643,3458,3453,5,6
5,5644,3458,3453,5,6
5,5645,3458,3453,5,6
5,5646,3458,3453,5,6
5,5647,3458,3453,5,6
5,5648,3458,3453,5,6
5,5649,3458,3453,5,6
5,5650,3458,3453,5,6
5,5651,3458,3453,5,6
5,5652,3458,3453,5,6
5,5653,3458,3453,5,6
5,5654,3458,3453,5,6
5,5655,3458,3453,5,6
5,5656,3458,3453,5,6
5,5657,3458,3453,5,6
5,5658,3458,3453,5,6
5,5659,3458,3453,5,6
5,5660,3458,3453,5,6
5,5661,3458,3453,5,6
5,5662,3458,3453,5,6
5,5663,3458,3453,5,6
5,5664,3458,3453,5,6
5,5665,3458,3453,5,6
5,5666,3458,3453,5,6
5,5667,3458,3453,5,6
5,5668,3458,3453,5,6
5,5669,3458,3453,5,6
5,5670,3458,3453,5,6
5,5671,3458,3453,5,6
5,5672,3458,3453,5,6
5,5673,3458,3453,5,6
5,5674,3458,3453,5,6
5,5675,3458,3453,5,6
5,5676,3458,3453,5,6
5,5677,3458,3453,5,6
5,5678,3458,3453,5,6
5,5679,3458,3453,5,6
5,5680,3458,3453,5,6
5,5681,3458,3453,5,6
5,5682,3458,3453,5,6
5,5683,3458,3453,5,6
5,5684,3458,3453,5,6
5,5685,3458,3453,5,6
5,5686,3458,3453,5,6
5,5687,3458,3453,5,6
5,5688,3458,3453,5,6
5,5689,3458,3453,5,6
5,5690,3458,3453,5,6
5,5691,3458,3453,5,6
5,5692,3458,3453,5,6
5,5693,3458,3453,5,6
5,5694,3458,3453,5,6
5,5695,3458,3453,5,6
5,5696,3458,3453,5,6
5,5697,3458,3453,5,6
5,5698,3458,3453,5,6
5,5699,3458,3453,5,6
5,5700,3458,3453,5,6
5,5701,3458,3453,5,6
5,5702,3458,3453,5,6
5,5703,3458,3453,5,6
5,5704,3458,3453,5,6
5,5705,3458,3453,5,6
5,5706,3458,3453,5,6
5,5707,3458,3453,5,6
5,5708,3458,3453,5,6
5,5709,3458,3453,5,6
5,5710,3458,3453,5,6
5,5711,3458,3453,5,6
5,5712,3458,3453,5,6
5,5713,3458,3453,5,6
5,5714,3458,3453,5,6
5,5715,3458,3453,5,6
5,5716,3458,3453,5,6
5,5717,3458,3453,5,6
5,5718,3458,3453,5,6
5,5719,3458,3453,5,6
5,5720,3458,3453,5,6
5,5721,3458,3453,5,6
5,5722,3458,3453,5,6
5,5723,3458,3453,5,6
5,5724,3458,3453,5,6
5,5725,3458,3453,5,6
5,5726,3458,3453,5,6
5,5727,3458,3453,5,6
5,5728,3458,3453,5,6
5,5729,3458,3453,5,6
5,5730,3458,3453,5,6
5,5731,3458,3453,5,6
5,5732,3458,3453,5,6
5,5733,3458,3453,5,6
5,5734,3458,3453,5,6
5,5735,3458,3453,5,6
5,5736,3458,3453,5,6
5,5737,3458,3453,5,6
5,5738,3458,3453,5,6
5,5739,3458,3453,5,6
5,5740,3458,3453,5,6
5,5741,3458,3453,5,6
5,5742,3458,3453,5,6
5,5743,3458,3453,5,6
5,5744,3458,3453,5,6
5,5745,3458,3453,5,6
5,5746,3458,3453,5,6
5,5747,3458,3453,5,6
5,5748,3458,3453,5,6
5,5749,3458,3453,5,6
5,5750,3458,3453,5,6
5,5751,3458,3453,5,6
5,5752,3458,3453,5,6
5,5753,3458,3453,5,6
5,5754,3458,3453,5,6
5,5755,3458,3453,5,6
5,5756,3458,3453,5,6
5,5757,3458,3453,5,6
5,5758,3458,3453,5,6
5,5759,3458,3453,5,6
5,5760,3458,3453,5,6
5,5761,3458,3453,5,6
5,5762,3458,3453,5,6
5,5763,3458,3453,5,6
5,5764,3458,3453,5,6
5,5765,3458,3453,5,6
5,5766,3458,3453,5,6
5,5767,3458,3453,5,6
5,5768,3458,3453,5,6
5,5769,3458,3453,5,6
5,5770,3458,3453,5,6
5,5771,3458,3453,5,6
5,5772,3458,3453,5,6
5,5773,3458,3453,5,6
5,5774,3458,3453,5,6
5,5775,3458,3453,5,6
5,5776,3458,3453,5,6
5,5777,3458,3453,5,6
5,5778,3458,3453,5,6
5,5779,3458,3453,5,6
5,5780,3458,3453,5,6
5,5781,3458,3453,5,6
5,5782,3458,3453,5,6
5,5783,3458,3453,5,6
5,5784,3458,3453,5,6
5,5785,3458,3453,5,6
5,5786,3458,3453,5,6
5,5787,3458,3453,5,6
5,5788,3458,3453,5,6
5,5789,3458,3453,5,6
5,5790,3458,3453,5,6
5,5791,3458,3453,5,6
5,5792,3458,3453,5,6
5,5793,3458,3453,5,6
5,5794,3458,3453,5,6
5,5795,3458,3453,5,6
5,5796,3458,3453,5,6
5,5797,3458,3453,5,6
5,5798,3458,3453,5,6
5,5799,3458,3453,5,6
5,5800,3458,3453,5,6
5,5801,3458,3453,5,6
5,5802,3458,3453,5,6
5,5803,3458,3453,5,6
5,5804,3458,3453,5,6
5,5805,3458,3453,5,6
5,5806,3458,3453,5,6
5,5807,3458,3453,5,6
5,5808,3458,3453,5,6
5,5809,3458,3453,5,6
5,5810,3458,3453,5,6
5,5811,3458,3453,5,6
5,5812,3458,3453,5,6
5,5813,3458,3453,5,6
5,5814,3458,3453,5,6
5,5815,3458,3453,5,6
5,5816,3458,3453,5,6
5,5817,3458,3453,5,6
5,5818,3458,3453,5,6
5,5819,3458,3453,5,6
5,5820,3458,3453,5,6
5,5821,3458,3453,5,6
5,5822,3458,3453,5,6
5,5823,3458,3453,5,6
5,5824,3458,3453,5,6
5,5825,3458,3453,5,6
5,5826,3458,3453,5,6
5,5827,3458,3453,5,6
5,5828,3458,3453,5,6
5,5829,3458,3453,5,6
5,5830,3458,3453,5,6
5,5831,3458,3453,5,6
5,5832,3458,3453,5,6
5,5833,3458,3453,5,6
5,5834,3458,3453,5,6
5,5835,3458,3453,5,6
5,5836,3458,3453,5,6
5,5837,3458,3453,5,6
5,5838,3458,3453,5,6
5,5839,3458,3453,5,6
5,5840,3458,3453,5,6
5,5841,3458,3453,5,6
5,5842,3458,3453,5,6
5,5843,3458,3453,5,6
5,5844,3458,3453,5,6
5,5845,3458,3453,5,6
5,5846,3458,3453,5,6
5,5847,3458,3453,5,6
5,5848,3458,3453,5,6
5,5849,3458,3453,5,6
5,5850,3458,3453,5,6
5,5851,3458,3453,5,6
5,5852,3458,3453,5,6
5,5853,3458,3453,5,6
5,5854,3458,3453,5,6
5,5855,3458,3453,5,6
5,5856,3458,3453,5,6
5,5857,3458,3453,5,6
5,5858,3458,3453,5,6
5,5859,3458,3453,5,6
5,5860,3458,3453,5,6
5,5861,3458,3453,5,6
5,5862,3458,3453,5,6
5,5863,3458,3453,5,6
5,5864,3458,3453,5,6
5,5865,3458,3453,5,6
5,5866,3458,3453,5,6
5,5867,3458,3453,5,6
5,5868,3458,3453,5,6
5,5869,3458,3453,5,6
5,5870,3458,3453,5,6
5,5871,3458,3453,5,6
5,5872,3458,3453,5,6
5,5873,3458,3453,5,6
5,5874,3458,3453,5,6
5,5875,3458,3453,5,6
5,5876,3458,3453,5,6
5,5877,3458,3453,5,6
5,5878,3458,3453,5,6
5,5879,3458,3453,5,6
5,5880,3458,3453,5,6
5,5881,3458,3453,5,6
5,5882,3458,3453,5,6
5,5883,3458,3453,5,6
5,5884,3458,3453,5,6
5,5885,3458,3453,5,6
5,5886,3458,3453,5,6
5,5887,3458,3453,5,6
5,5888,3458,3453,5,6
5,5889,3458,3453,5,6
5,5890,3458,3453,5,6
5,5891,3458,3453,5,6
5,5892,3458,3453,5,6
5,5893,3458,3453,5,6
5,5894,3458,3453,5,6
5,5895,3458,3453,5,6
5,5896,3458,3453,5,6
5,5897,3458,3453,5,6
5,5898,3458,3453,5,6
5,5899,3458,3453,5,6
5,5900,3458,3453,5,6
5,5901,3458,3453,5,6
5,5902,3458,3453,5,6
5,5903,3458,3453,5,6
5,5904,3458,3453,5,6
5,5905,3458,3453,5,6
5,5906,3458,3453,5,6
5,5907,3458,3453,5,6
5,5908,3458,3453,5,6
5,5909,3458,3453,5,6
5,5910,3458,3453,5,6
5,5911,3458,3453,5,6
5,5912,3458,3453,5,6
5,5913,3458,3453,5,6
5,5914,3458,3453,5,6
5,5915,3458,3453,5,6
5,5916,3458,3453,5,6
5,5917,3458,3453,5,6
5,5918,3458,3453,5,6
5,5919,3458,3453,5,6
5,5920,3458,3453,5,6
5,5921,3458,3453,5,6
5,5922,3458,3453,5,6
5,5923,3458,3453,5,6
5,5924,3458,3453,5,6
5,5925,3458,3453,5,6
5,5926,3458,3453,5,6
5,5927,3458,3453,5,6
5,5928,3458,3453,5,6
5,5929,3458,3453,5,6
5,5930,3458,3453,5,6
5,5931,3458,3453,5,6
5,5932,3458,3453,5,6
5,5933,3458,3453,5,6
5,5934,3458,3453,5,6
5,5935,3458,3453,5,6
5,5936,3458,3453,5,6
5,5937,3458,3453,5,6
5,5938,3458,3453,5,6
5,5939,3458,3453,5,6
5,5940,3458,3453,5,6
5,5941,3458,3453,5,6
5,5942,3458,3453,5,6
5,5943,3458,3453,5,6
5,5944,3458,3453,5,6
5,5945,3458,3453,5,6
5,5946,3458,3453,5,6
5,5947,3458,3453,5,6
5,5948,3458,3453,5,6
5,5949,3458,3453,5,6
5,5950,3458,3453,5,6
5,5951,3458,3453,5,6
5,5952,3458,3453,5,6
5,5953,3458,3453,5,6
5,5954,3458,3453,5,6
5,5955,3458,3453,5,6
5,5956,3458,3453,5,6
5,5957,3458,3453,5,6
5,5958,3458,3453,5,6
5,5959,3458,3453,5,6
5,5960,3458,3453,5,6
5,5961,3458,3453,5,6
5,5962,3458,3453,5,6
5,5963,3458,3453,5,6
5,5964,3458,3453,5,6
5,5965,3458,3453,5,6
5,5966,3458,3453,5,6
5,5967,3458,3453,5,6
5,5968,3458,3453,5,6
5,5969,3458,3453,5,6
5,5970,3458,3453,5,6
5,5971,3458,3453,5,6
5,5972,3458,3453,5,6
5,5973,3458,3453,5,6
5,5974,3458,3453,5,6
5,5975,3458,3453,5,6
5,5976,3458,3453,5,6
5,5977,3458,3453,5,6
5,5978,3458,3453,5,6
5,5979,3458,3453,5,6
5,5980,3458,3453,5,6
5,5981,3458,3453,5,6
5,5982,3458,3453,5,6
5,5983,3458,3453,5,6
5,5984,3458,3453,5,6
5,5985,3458,3453,5,6
5,5986,3458,3453,5,6
5,5987,3458,3453,5,6
5,5988,3458,3453,5,6
5,5989,3458,3453,5,6
5,5990,3458,3453,5,6
5,5991,3458,3453,5,6
5,5992,3458,3453,5,6
5,5993,3458,3453,5,6
5,5994,3458,3453,5,6
5,5995,3458,3453,5,6
5,5996,3458,3453,5,6
5,5997,3458,3453,5,6
5,5998,3458,3453,5,6
5,5999,3458,3453,5,6
5,6000,3458,3453,5,6
5,6001,3458,3453,5,6
5,6002,3458,3453,5,6
5,6003,3458,3453,5,6
5,6004,3458,3453,5,6
5,6005,3458,3453,5,6
5,6006,3458,3453,5,6
5,6007,3458,3453,5,6
5,6008,3458,3453,5,6
5,6009,3458,3453,5,6
5,6010,3458,3453,5,6
5,6011,3458,3453,5,6
5,6012,3458,3453,5,6
5,6013,3458,3453,5,6
5,6014,3458,3453,5,6
5,6015,3458,3453,5,6
5,6016,3458,3453,5,6
5,6017,3458,3453,5,6
5,6018,3458,3453,5,6
5,6019,3458,3453,5,6
5,6020,3458,3453,5,6
5,6021,3458,3453,5,6
5,6022,3458,3453,5,6
5,6023,3458,3453,5,6
5,6024,3458,3453,5,6
5,6025,3458,3453,5,6
5,6026,3458,3453,5,6
5,6027,3458,3453,5,6
5,6028,3458,3453,5,6
5,6029,3458,3453,5,6
5,6030,3458,3453,5,6
5,6031,3458,3453,5,6
5,6032,3458,3453,5,6
5,6033,3458,3453,5,6
5,6034,3458,3453,5,6
5,6035,3458,3453,5,6
5,6036,3458,3453,5,6
5,6037,3458,3453,5,6
5,6038,3458,3453,5,6
5,6039,3458,3453,5,6
5,6040,3458,3453,5,6
5,6041,3458,3453,5,6
5,6042,3458,3453,5,6
5,6043,3458,3453,5,6
5,6044,3458,3453,5,6
5,6045,3458,3453,5,6
5,6046,3458,3453,5,6
5,6047,3458,3453,5,6
5,6048,3458,3453,5,6
5,6049,3458,3453,5,6
5,6050,3458,3453,5,6
5,6051,3458,3453,5,6
5,6052,3458,3453,5,6
5,6053,3458,3453,5,6
5,6054,3458,3453,5,6
5,6055,3458,3453,5,6
5,6056,3458,3453,5,6
5,6057,3458,3453,5,6
5,6058,3458,3453,5,6
5,6059,3458,3453,5,6
5,6060,3458,3453,5,6
5,6061,3458,3453,5,6
5,6062,3458,3453,5,6
5,6063,3458,3453,5,6
5,6064,3458,3453,5,6
5,6065,3458,3453,5,6
5,6066,3458,3453,5,6
5,6067,3458,3453,5,6
5,6068,3458,3453,5,6
5,6069,3458,3453,5,6
5,6070,3458,3453,5,6
5,6071,3458,3453,5,6
5,6072,3458,3453,5,6
5,6073,3458,3453,5,6
5,6074,3458,3453,5,6
5,6075,3458,3453,5,6
5,6076,3458,3453,5,6
5,6077,3458,3453,5,6
5,6078,3458,3453,5,6
5,6079,3458,3453,5,6
5,6080,3458,3453,5,6
5,6081,3458,3453,5,6
5,6082,3458,3453,5,6
5,6083,3458,3453,5,6
5,6084,3458,3453,5,6
5,6085,3458,3453,5,6
5,6086,3458,3453,5,6
5,6087,3458,3453,5,6
5,6088,3458,3453,5,6
5,6089,3458,3453,5,6
5,6090,3458,3453,5,6
5,6091,3458,3453,5,6
5,6092,3458,3453,5,6
5,6093,3458,3453,5,6
5,6094,3458,3453,5,6
5,6095,3458,3453,5,6
5,6096,3458,3453,5,6
5,6097,3458,3453,5,6
5,6098,3458,3453,5,6
5,6099,3458,3453,5,6
5,6100,3458,3453,5,6
5,6101,3458,3453,5,6
5,6102,3458,3453,5,6
5,6103,3458,3453,5,6
5,6104,3458,3453,5,6
5,6105,3458,3453,5,6
5,6106,3458,3453,5,6
5,6107,3458,3453,5,6
5,6108,3458,3453,5,6
5,6109,3458,3453,5,6
5,6110,3458,3453,5,6
5,6111,3458,3453,5,6
5,6112,3458,3453,5,6
5,6113,3458,3453,5,6
5,6114,3458,3453,5,6
5,6115,3458,3453,5,6
5,6116,3458,3453,5,6
5,6117,3458,3453,5,6
5,6118,3458,3453,5,6
5,6119,3458,3453,5,6
5,6120,3458,3453,5,6
5,6121,3458,3453,5,6
5,6122,3458,3453,5,6
5,6123,3458,3453,5,6
5,6124,3458,3453,5,6
5,6125,3458,3453,5,6
5,6126,3458,3453,5,6
5,6127,3458,3453,5,6
5,6128,3458,3453,5,6
5,6129,3458,3453,5,6
5,6130,3458,3453,5,6
5,6131,3458,3453,5,6
5,6132,3458,3453,5,6
5,6133,3458,3453,5,6
5,6134,3458,3453,5,6
5,6135,3458,3453,5,6
5,6136,3458,3453,5,6
5,6137,3458,3453,5,6
5,6138,3458,3453,5,6
5,6139,3458,3453,5,6
5,6140,3458,3453,5,6
5,6141,3458,3453,5,6
5,6142,3458,3453,5,6
5,6143,3458,3453,5,6
5,6144,3458,3453,5,6
5,6145,3458,3453,5,6
5,6146,3458,3453,5,6
5,6147,3458,3453,5,6
5,6148,3458,3453,5,6
5,6149,3458,3453,5,6
5,6150,3458,3453,5,6
5,6151,3458,3453,5,6
5,6152,3458,3453,5,6
5,6153,3458,3453,5,6
5,6154,3458,3453,5,6
5,6155,3458,3453,5,6
5,6156,3458,3453,5,6
5,6157,3458,3453,5,6
5,6158,3458,3453,5,6
5,6159,3458,3453,5,6
5,6160,3458,3453,5,6
5,6161,3458,3453,5,6
5,6162,3458,3453,5,6
5,6163,3458,3453,5,6
5,6164,3458,3453,5,6
5,6165,3458,3453,5,6
5,6166,3458,3453,5,6
5,6167,3458,3453,5,6
5,6168,3458,3453,5,6
5,6169,3458,3453,5,6
5,6170,3458,3453,5,6
5,6171,3458,3453,5,6
5,6172,3458,3453,5,6
5,6173,3458,3453,5,6
5,6174,3458,3453,5,6
5,6175,3458,3453,5,6
5,6176,3458,3453,5,6
5,6177,3458,3453,5,6
5,6178,3458,3453,5,6
5,6179,3458,3453,5,6
5,6180,3458,3453,5,6
5,6181,3458,3453,5,6
5,6182,3458,3453,5,6
5,6183,3458,3453,5,6
5,6184,3458,3453,5,6
5,6185,3458,3453,5,6
5,6186,3458,3453,5,6
5,6187,3458,3453,5,6
5,6188,3458,3453,5,6
5,6189,3458,3453,5,6
5,6190,3458,3453,5,6
5,6191,3458,3453,5,6
5,6192,3458,3453,5,6
5,6193,3458,3453,5,6
5,6194,3458,3453,5,6
5,6195,3458,3453,5,6
5,6196,3458,3453,5,6
5,6197,3458,3453,5,6
5,6198,3458,3453,5,6
5,6199,3458,3453,5,6
5,6200,3458,3453,5,6
5,6201,3458,3453,5,6
5,6202,3458,3453,5,6
5,6203,3458,3453,5,6
5,6204,3458,3453,5,6
5,6205,3458,3453,5,6
5,6206,3458,3453,5,6
5,6207,3458,3453,5,6
5,6208,3458,3453,5,6
5,6209,3458,3453,5,6
5,6210,3458,3453,5,6
5,6211,3458,3453,5,6
5,6212,3458,3453,5,6
5,6213,3458,3453,5,6
5,6214,3458,3453,5,6
5,6215,3458,3453,5,6
5,6216,3458,3453,5,6
5,6217,3458,3453,5,6
5,6218,3458,3453,5,6
5,6219,3458,3453,5,6
5,6220,3458,3453,5,6
5,6221,3458,3453,5,6
5,6222,3458,3453,5,6
5,6223,3458,3453,5,6
5,6224,3458,3453,5,6
5,6225,3458,3453,5,6
5,6226,3458,3453,5,6
5,6227,3458,3453,5,6
5,6228,3458,3453,5,6
5,6229,3458,3453,5,6
5,6230,3458,3453,5,6
5,6231,3458,3453,5,6
5,6232,3458,3453,5,6
5,6233,3458,3453,5,6
5,6234,3458,3453,5,6
5,6235,3458,3453,5,6
5,6236,3458,3453,5,6
5,6237,3458,3453,5,6
5,6238,3458,3453,5,6
5,6239,3458,3453,5,6
5,6240,3458,3453,5,6
5,6241,3458,3453,5,6
5,6242,3458,3453,5,6
5,6243,3458,3453,5,6
5,6244,3458,3453,5,6
5,6245,3458,3453,5,6
5,6246,3458,3453,5,6
5,6247,3458,3453,5,6
5,6248,3458,3453,5,6
5,6249,3458,3453,5,6
5,6250,3458,3453,5,6
5,6251,3458,3453,5,6
5,6252,3458,3453,5,6
5,6253,3458,3453,5,6
5,6254,3458,3453,5,6
5,6255,3458,3453,5,6
5,6256,3458,3453,5,6
5,6257,3458,3453,5,6
5,6258,3458,3453,5,6
5,6259,3458,3453,5,6
5,6260,3458,3453,5,6
5,6261,3458,3453,5,6
5,6262,3458,3453,5,6
5,6263,3458,3453,5,6
5,6264,3458,3453,5,6
5,6265,3458,3453,5,6
5,6266,3458,3453,5,6
5,6267,3458,3453,5,6
5,6268,3458,3453,5,6
5,6269,3458,3453,5,6
5,6270,3458,3453,5,6
5,6271,3458,3453,5,6
5,6272,3458,3453,5,6
5,6273,3458,3453,5,6
5,6274,3458,3453,5,6
5,6275,3458,3453,5,6
5,6276,3458,3453,5,6
5,6277,3458,3453,5,6
5,6278,3458,3453,5,6
5,6279,3458,3453,5,6
5,6280,3458,3453,5,6
5,6281,3458,3453,5,6
5,6282,3458,3453,5,6
5,6283,3458,3453,5,6
5,6284,3458,3453,5,6
5,6285,3458,3453,5,6
5,6286,3458,3453,5,6
5,6287,3458,3453,5,6
5,6288,3458,3453,5,6
5,6289,3458,3453,5,6
5,6290,3458,3453,5,6
5,6291,3458,3453,5,6
5,6292,3458,3453,5,6
5,6293,3458,3453,5,6
5,6294,3458,3453,5,6
5,6295,3458,3453,5,6
5,6296,3458,3453,5,6
5,6297,3458,3453,5,6
5,6298,3458,3453,5,6
5,6299,3458,3453,5,6
5,6300,3458,3453,5,6
5,6301,3458,3453,5,6
5,6302,3458,3453,5,6
5,6303,3458,3453,5,6
5,6304,3458,3453,5,6
5,6305,3458,3453,5,6
5,6306,3458,3453,5,6
5,6307,3458,3453,5,6
5,6308,3458,3453,5,6
5,6309,3458,3453,5,6
5,6310,3458,3453,5,6
5,6311,3458,3453,5,6
5,6312,3458,3453,5,6
5,6313,3458,3453,5,6
5,6314,3458,3453,5,6
5,6315,3458,3453,5,6
5,6316,3458,3453,5,6
5,6317,3458,3453,5,6
5,6318,3458,3453,5,6
5,6319,3458,3453,5,6
5,6320,3458,3453,5,6
5,6321,3458,3453,5,6
5,6322,3458,3453,5,6
5,6323,3458,3453,5,6
5,6324,3458,3453,5,6
5,6325,3458,3453,5,6
5,6326,3458,3453,5,6
5,6327,3458,3453,5,6
5,6328,3458,3453,5,6
5,6329,3458,3453,5,6
5,6330,3458,3453,5,6
5,6331,3458,3453,5,6
5,6332,3458,3453,5,6
5,6333,3458,3453,5,6
5,6334,3458,3453,5,6
5,6335,3458,3453,5,6
5,6336,3458,3453,5,6
5,6337,3458,3453,5,6
5,6338,3458,3453,5,6
5,6339,3458,3453,5,6
5,6340,3458,3453,5,6
5,6341,3458,3453,5,6
5,6342,3458,3453,5,6
5,6343,3458,3453,5,6
5,6344,3458,3453,5,6
5,6345,3458,3453,5,6
5,6346,3458,3453,5,6
5,6347,3458,3453,5,6
5,6348,3458,3453,5,6
5,6349,3458,3453,5,6
5,6350,3458,3453,5,6
5,6351,3458,3453,5,6
5,6352,3458,3453,5,6
5,6353,3458,3453,5,6
5,6354,3458,3453,5,6
5,6355,3458,3453,5,6
5,6356,3458,3453,5,6
5,6357,3458,3453,5,6
5,6358,3458,3453,5,6
5,6359,3458,3453,5,6
5,6360,3458,3453,5,6
5,6361,3458,3453,5,6
5,6362,3458,3453,5,6
5,6363,3458,3453,5,6
5,6364,3458,3453,5,6
5,6365,3458,3453,5,6
5,6366,3458,3453,5,6
5,6367,3458,3453,5,6
5,6368,3458,3453,5,6
5,6369,3458,3453,5,6
5,6370,3458,3453,5,6
5,6371,3458,3453,5,6
5,6372,3458,3453,5,6
5,6373,3458,3453,5,6
5,6374,3458,3453,5,6
5,6375,3458,3453,5,6
5,6376,3458,3453,5,6
5,6377,3458,3453,5,6
5,6378,3458,3453,5,6
5,6379,3458,3453,5,6
5,6380,3458,3453,5,6
5,6381,3458,3453,5,6
5,6382,3458,3453,5,6
5,6383,3458,3453,5,6
5,6384,3458,3453,5,6
5,6385,3458,3453,5,6
5,6386,3458,3453,5,6
5,6387,3458,3453,5,6
5,6388,3458,3453,5,6
5,6389,3458,3453,5,6
5,6390,3458,3453,5,6
5,6391,3458,3453,5,6
5,6392,3458,3453,5,6
5,6393,3458,3453,5,6
5,6394,3458,3453,5,6
5,6395,3458,3453,5,6
5,6396,3458,3453,5,6
5,6397,3458,3453,5,6
5,6398,3458,3453,5,6
5,6399,3458,3453,5,6
5,6400,3458,3453,5,6
5,6401,3458,3453,5,6
5,6402,3458,3453,5,6
5,6403,3458,3453,5,6
5,6404,3458,3453,5,6
5,6405,3458,3453,5,6
5,6406,3458,3453,5,6
5,6407,3458,3453,5,6
5,6408,3458,3453,5,6
5,6409,3458,3453,5,6
5,6410,3458,3453,5,6
5,6411,3458,3453,5,6
5,6412,3458,3453,5,6
5,6413,3458,3453,5,6
5,6414,3458,3453,5,6
5,6415,3458,3453,5,6
5,6416,3458,3453,5,6
5,6417,3458,3453,5,6
5,6418,3458,3453,5,6
5,6419,3458,3453,5,6
5,6420,3458,3453,5,6
5,6421,3458,3453,5,6
5,6422,3458,3453,5,6
5,6423,3458,3453,5,6
5,6424,3458,3453,5,6
5,6425,3458,3453,5,6
5,6426,3458,3453,5,6
5,6427,3458,3453,5,6
5,6428,3458,3453,5,6
5,6429,3458,3453,5,6
5,6430,3458,3453,5,6
5,6431,3458,3453,5,6
5,6432,3458,3453,5,6
5,6433,3458,3453,5,6
5,6434,3458,3453,5,6
5,6435,3458,3453,5,6
5,6436,3458,3453,5,6
5,6437,3458,3453,5,6
5,6438,3458,3453,5,6
5,6439,3458,3453,5,6
5,6440,3458,3453,5,6
5,6441,3458,3453,5,6
5,6442,3458,3453,5,6
5,6443,3458,3453,5,6
5,6444,3458,3453,5,6
5,6445,3458,3453,5,6
5,6446,3458,3453,5,6
5,6447,3458,3453,5,6
5,6448,3458,3453,5,6
5,6449,3458,3453,5,6
5,6450,3458,3453,5,6
5,6451,3458,3453,5,6
5,6452,3458,3453,5,6
5,6453,3458,3453,5,6
5,6454,3458,3453,5,6
5,6455,3458,3453,5,6
5,6456,3458,3453,5,6
5,6457,3458,3453,5,6
5,6458,3458,3453,5,6
5,6459,3458,3453,5,6
5,6460,3458,3453,5,6
5,6461,3458,3453,5,6
5,6462,3458,3453,5,6
5,6463,3458,3453,5,6
5,6464,3458,3453,5,6
5,6465,3458,3453,5,6
5,6466,3458,3453,5,6
5,6467,3458,3453,5,6
5,6468,3458,3453,5,6
5,6469,3458,3453,5,6
5,6470,3458,3453,5,6
5,6471,3458,3453,5,6
5,6472,3458,3453,5,6
5,6473,3458,3453,5,6
5,6474,3458,3453,5,6
5,6475,3458,3453,5,6
5,6476,3458,3453,5,6
5,6477,3458,3453,5,6
5,6478,3458,3453,5,6
5,6479,3458,3453,5,6
5,6480,3458,3453,5,6
5,6481,3458,3453,5,6
5,6482,3458,3453,5,6
5,6483,3458,3453,5,6
5,6484,3458,3453,5,6
5,6485,3458,3453,5,6
5,6486,3458,3453,5,6
5,6487,3458,3453,5,6
5,6488,3458,3453,5,6
5,6489,3458,3453,5,6
5,6490,3458,3453,5,6
5,6491,3458,3453,5,6
5,6492,3458,3453,5,6
5,6493,3458,3453,5,6
5,6494,3458,3453,5,6
5,6495,3458,3453,5,6
5,6496,3458,3453,5,6
5,6497,3458,3453,5,6
5,6498,3458,3453,5,6
5,6499,3458,3453,5,6
5,6500,3458,3453,5,6
5,6501,3458,3453,5,6
5,6502,3458,3453,5,6
5,6503,3458,3453,5,6
5,6504,3458,3453,5,6
5,6505,3458,3453,5,6
5,6506,3458,3453,5,6
5,6507,3458,3453,5,6
5,6508,3458,3453,5,6
5,6509,3458,3453,5,6
5,6510,3458,3453,5,6
5,6511,3458,3453,5,6
5,6512,3458,3453,5,6
5,6513,3458,3453,5,6
5,6514,3458,3453,5,6
5,6515,3458,3453,5,6
5,6516,3458,3453,5,6
5,6517,3458,3453,5,6
5,6518,3458,3453,5,6
5,6519,3458,3453,5,6
5,6520,3458,3453,5,6
5,6521,3458,3453,5,6
5,6522,3458,3453,5,6
5,6523,3458,3453,5,6
5,6524,3458,3453,5,6
5,6525,3458,3453,5,6
5,6526,3458,3453,5,6
5,6527,3458,3453,5,6
5,6528,3458,3453,5,6
5,6529,3458,3453,5,6
5,6530,3458,3453,5,6
5,6531,3458,3453,5,6
5,6532,3458,3453,5,6
5,6533,3458,3453,5,6
5,6534,3458,3453,5,6
5,6535,3458,3453,5,6
5,6536,3458,3453,5,6
5,6537,3458,3453,5,6
5,6538,3458,3453,5,6
5,6539,3458,3453,5,6
5,6540,3458,3453,5,6
5,6541,3458,3453,5,6
5,6542,3458,3453,5,6
5,6543,3458,3453,5,6
5,6544,3458,3453,5,6
5,6545,3458,3453,5,6
5,6546,3458,3453,5,6
5,6547,3458,3453,5,6
5,6548,3458,3453,5,6
5,6549,3458,3453,5,6
5,6550,3458,3453,5,6
5,6551,3458,3453,5,6
5,6552,3458,3453,5,6
5,6553,3458,3453,5,6
5,6554,3458,3453,5,6
5,6555,3458,3453,5,6
5,6556,3458,3453,5,6
5,6557,3458,3453,5,6
5,6558,3458,3453,5,6
5,6559,3458,3453,5,6
5,6560,3458,3453,5,6
5,6561,3458,3453,5,6
5,6562,3458,3453,5,6
5,6563,3458,3453,5,6
5,6564,3458,3453,5,6
5,6565,3458,3453,5,6
5,6566,3458,3453,5,6
5,6567,3458,3453,5,6
5,6568,3458,3453,5,6
5,6569,3458,3453,5,6
5,6570,3458,3453,5,6
5,6571,3458,3453,5,6
5,6572,3458,3453,5,6
5,6573,3458,3453,5,6
5,6574,3458,3453,5,6
5,6575,3458,3453,5,6
5,6576,3458,3453,5,6
5,6577,3458,3453,5,6
5,6578,3458,3453,5,6
5,6579,3458,3453,5,6
5,6580,3458,3453,5,6
5,6581,3458,3453,5,6
5,6582,3458,3453,5,6
5,6583,3458,3453,5,6
5,6584,3458,3453,5,6
5,6585,3458,3453,5,6
5,6586,3458,3453,5,6
5,6587,3458,3453,5,6
5,6588,3458,3453,5,6
5,6589,3458,3453,5,6
5,6590,3458,3453,5,6
5,6591,3458,3453,5,6
5,6592,3458,3453,5,6
5,6593,3458,3453,5,6
5,6594,3458,3453,5,6
5,6595,3458,3453,5,6
5,6596,3458,3453,5,6
5,6597,3458,3453,5,6
5,6598,3458,3453,5,6
5,6599,3458,3453,5,6
5,6600,3458,3453,5,6
5,6601,3458,3453,5,6
5,6602,3458,3453,5,6
5,6603,3458,3453,5,6
5,6604,3458,3453,5,6
5,6605,3458,3453,5,6
5,6606,3458,3453,5,6
5,6607,3458,3453,5,6
5,6608,3458,3453,5,6
5,6609,3458,3453,5,6
5,6610,3458,3453,5,6
5,6611,3458,3453,5,6
5,6612,3458,3453,5,6
5,6613,3458,3453,5,6
5,6614,3458,3453,5,6
5,6615,3458,3453,5,6
5,6616,3458,3453,5,6
5,6617,3458,3453,5,6
5,6618,3458,3453,5,6
5,6619,3458,3453,5,6
5,6620,3458,3453,5,6
5,6621,3458,3453,5,6
5,6622,3458,3453,5,6
5,6623,3458,3453,5,6
5,6624,3458,3453,5,6
5,6625,3458,3453,5,6
5,6626,3458,3453,5,6
5,6627,3458,3453,5,6
5,6628,3458,3453,5,6
5,6629,3458,3453,5,6
5,6630,3458,3453,5,6
5,6631,3458,3453,5,6
5,6632,3458,3453,5,6
5,6633,3458,3453,5,6
5,6634,3458,3453,5,6
5,6635,3458,3453,5,6
5,6636,3458,3453,5,6
5,6637,3458,3453,5,6
5,6638,3458,3453,5,6
5,6639,3458,3453,5,6
5,6640,3458,3453,5,6
5,6641,3458,3453,5,6
5,6642,3458,3453,5,6
5,6643,3458,3453,5,6
5,6644,3458,3453,5,6
5,6645,3458,3453,5,6
5,6646,3458,3453,5,6
5,6647,3458,3453,5,6
5,6648,3458,3453,5,6
5,6649,3458,3453,5,6
5,6650,3458,3453,5,6
5,6651,3458,3453,5,6
5,6652,3458,3453,5,6
5,6653,3458,3453,5,6
5,6654,3458,3453,5,6
5,6655,3458,3453,5,6
5,6656,3458,3453,5,6
5,6657,3458,3453,5,6
5,6658,3458,3453,5,6
5,6659,3458,3453,5,6
5,6660,3458,3453,5,6
5,6661,3458,3453,5,6
5,6662,3458,3453,5,6
5,6663,3458,3453,5,6
5,6664,3458,3453,5,6
5,6665,3458,3453,5,6
5,6666,3458,3453,5,6
5,6667,3458,3453,5,6
5,6668,3458,3453,5,6
5,6669,3458,3453,5,6
5,6670,3458,3453,5,6
5,6671,3458,3453,5,6
5,6672,3458,3453,5,6
5,6673,3458,3453,5,6
5,6674,3458,3453,5,6
5,6675,3458,3453,5,6
5,6676,3458,3453,5,6
5,6677,3458,3453,5,6
5,6678,3458,3453,5,6
5,6679,3458,3453,5,6
5,6680,3458,3453,5,6
5,6681,3458,3453,5,6
5,6682,3458,3453,5,6
5,6683,3458,3453,5,6
5,6684,3458,3453,5,6
5,6685,3458,3453,5,6
5,6686,3458,3453,5,6
5,6687,3458,3453,5,6
5,6688,3458,3453,5,6
5,6689,3458,3453,5,6
5,6690,3458,3453,5,6
5,6691,3458,3453,5,6
5,6692,3458,3453,5,6
5,6693,3458,3453,5,6
5,6694,3458,3453,5,6
5,6695,3458,3453,5,6
5,6696,3458,3453,5,6
5,6697,3458,3453,5,6
5,6698,3458,3453,5,6
5,6699,3458,3453,5,6
5,6700,3458,3453,5,6
5,6701,3458,3453,5,6
5,6702,3458,3453,5,6
5,6703,3458,3453,5,6
5,6704,3458,3453,5,6
5,6705,3458,3453,5,6
5,6706,3458,3453,5,6
5,6707,3458,3453,5,6
5,6708,3458,3453,5,6
5,6709,3458,3453,5,6
5,6710,3458,3453,5,6
5,6711,3458,3453,5,6
5,6712,3458,3453,5,6
5,6713,3458,3453,5,6
5,6714,3458,3453,5,6
5,6715,3458,3453,5,6
5,6716,3458,3453,5,6
5,6717,3458,3453,5,6
5,6718,3458,3453,5,6
5,6719,3458,3453,5,6
5,6720,3458,3453,5,6
5,6721,3458,3453,5,6
5,6722,3458,3453,5,6
5,6723,3458,3453,5,6
5,6724,3458,3453,5,6
5,6725,3458,3453,5,6
5,6726,3458,3453,5,6
5,6727,3458,3453,5,6
5,6728,3458,3453,5,6
5,6729,3458,3453,5,6
5,6730,3458,3453,5,6
5,6731,3458,3453,5,6
5,6732,3458,3453,5,6
5,6733,3458,3453,5,6
5,6734,3458,3453,5,6
5,6735,3458,3453,5,6
5,6736,3458,3453,5,6
5,6737,3458,3453,5,6
5,6738,3458,3453,5,6
5,6739,3458,3453,5,6
5,6740,3458,3453,5,6
5,6741,3458,3453,5,6
5,6742,3458,3453,5,6
5,6743,3458,3453,5,6
5,6744,3458,3453,5,6
5,6745,3458,3453,5,6
5,6746,3458,3453,5,6
5,6747,3458,3453,5,6
5,6748,3458,3453,5,6
5,6749,3458,3453,5,6
5,6750,3458,3453,5,6
5,6751,3458,3453,5,6
5,6752,3458,3453,5,6
5,6753,3458,3453,5,6
5,6754,3458,3453,5,6
5,6755,3458,3453,5,6
5,6756,3458,3453,5,6
5,6757,3458,3453,5,6
5,6758,3458,3453,5,6
5,6759,3458,3453,5,6
5,6760,3458,3453,5,6
5,6761,3458,3453,5,6
5,6762,3458,3453,5,6
5,6763,3458,3453,5,6
5,6764,3458,3453,5,6
5,6765,3458,3453,5,6
5,6766,3458,3453,5,6
5,6767,3458,3453,5,6
5,6768,3458,3453,5,6
5,6769,3458,3453,5,6
5,6770,3458,3453,5,6
5,6771,3458,3453,5,6
5,6772,3458,3453,5,6
5,6773,3458,3453,5,6
5,6774,3458,3453,5,6
5,6775,3458,3453,5,6
5,6776,3458,3453,5,6
5,6777,3458,3453,5,6
5,6778,3458,3453,5,6
5,6779,3458,3453,5,6
5,6780,3458,3453,5,6
5,6781,3458,3453,5,6
5,6782,3458,3453,5,6
5,6783,3458,3453,5,6
5,6784,3458,3453,5,6
5,6785,3458,3453,5,6
5,6786,3458,3453,5,6
5,6787,3458,3453,5,6
5,6788,3458,3453,5,6
5,6789,3458,3453,5,6
5,6790,3458,3453,5,6
5,6791,3458,3453,5,6
5,6792,3458,3453,5,6
5,6793,3458,3453,5,6
5,6794,3458,3453,5,6
5,6795,3458,3453,5,6
5,6796,3458,3453,5,6
5,6797,3458,3453,5,6
5,6798,3458,3453,5,6
5,6799,3458,3453,5,6
5,6800,3458,3453,5,6
5,6801,3458,3453,5,6
5,6802,3458,3453,5,6
5,6803,3458,3453,5,6
5,6804,3458,3453,5,6
5,6805,3458,3453,5,6
5,6806,3458,3453,5,6
5,6807,3458,3453,5,6
5,6808,3458,3453,5,6
5,6809,3458,3453,5,6
5,6810,3458,3453,5,6
5,6811,3458,3453,5,6
5,6812,3458,3453,5,6
5,6813,3458,3453,5,6
5,6814,3458,3453,5,6
5,6815,3458,3453,5,6
5,6816,3458,3453,5,6
5,6817,3458,3453,5,6
5,6818,3458,3453,5,6
5,6819,3458,3453,5,6
5,6820,3458,3453,5,6
5,6821,3458,3453,5,6
5,6822,3458,3453,5,6
5,6823,3458,3453,5,6
5,6824,3458,3453,5,6
5,6825,3458,3453,5,6
5,6826,3458,3453,5,6
5,6827,3458,3453,5,6
5,6828,3458,3453,5,6
5,6829,3458,3453,5,6
5,6830,3458,3453,5,6
5,6831,3458,3453,5,6
5,6832,3458,3453,5,6
5,6833,3458,3453,5,6
5,6834,3458,3453,5,6
5,6835,3458,3453,5,6
5,6836,3458,3453,5,6
5,6837,3458,3453,5,6
5,6838,3458,3453,5,6
5,6839,3458,3453,5,6
5,6840,3458,3453,5,6
5,6841,3458,3453,5,6
5,6842,3458,3453,5,6
5,6843,3458,3453,5,6
5,6844,3458,3453,5,6
5,6845,3458,3453,5,6
5,6846,3458,3453,5,6
5,6847,3458,3453,5,6
5,6848,3458,3453,5,6
5,6849,3458,3453,5,6
5,6850,3458,3453,5,6
5,6851,3458,3453,5,6
5,6852,3458,3453,5,6
5,6853,3458,3453,5,6
5,6854,3458,3453,5,6
5,6855,3458,3453,5,6
5,6856,3458,3453,5,6
5,6857,3458,3453,5,6
5,6858,3458,3453,5,6
5,6859,3458,3453,5,6
5,6860,3458,3453,5,6
5,6861,3458,3453,5,6
5,6862,3458,3453,5,6
5,6863,3458,3453,5,6
5,6864,3458,3453,5,6
5,6865,3458,3453,5,6
5,6866,3458,3453,5,6
5,6867,3458,3453,5,6
5,6868,3458,3453,5,6
5,6869,3458,3453,5,6
5,6870,3458,3453,5,6
5,6871,3458,3453,5,6
5,6872,3458,3453,5,6
5,6873,3458,3453,5,6
5,6874,3458,3453,5,6
5,6875,3458,3453,5,6
5,6876,3458,3453,5,6
5,6877,3458,3453,5,6
5,6878,3458,3453,5,6
5,6879,3458,3453,5,6
5,6880,3458,3453,5,6
5,6881,3458,3453,5,6
5,6882,3458,3453,5,6
5,6883,3458,3453,5,6
5,6884,3458,3453,5,6
5,6885,3458,3453,5,6
5,6886,3458,3453,5,6
5,6887,3458,3453,5,6
5,6888,3458,3453,5,6
5,6889,3458,3453,5,6
5,6890,3458,3453,5,6
5,6891,3458,3453,5,6
5,6892,3458,3453,5,6
5,6893,3458,3453,5,6
5,6894,3458,3453,5,6
5,6895,3458,3453,5,6
5,6896,3458,3453,5,6
5,6897,3458,3453,5,6
5,6898,3458,3453,5,6
5,6899,3458,3453,5,6
5,6900,3458,3453,5,6
5,6901,3458,3453,5,6
5,6902,3458,3453,5,6
5,6903,3458,3453,5,6
5,6904,3458,3453,5,6
5,6905,3458,3453,5,6
5,6906,3458,3453,5,6
5,6907,3458,3453,5,6
5,6908,3458,3453,5,6
5,6909,3458,3453,5,6
5,6910,3458,3453,5,6
5,6911,3458,3453,5,6
5,6912,3458,3453,5,6
5,6913,3458,3453,5,6
5,6914,3458,3453,5,6
5,6915,3458,3453,5,6
5,6916,3458,3453,5,6
5,6917,3458,3453,5,6
5,6918,3458,3453,5,6
5,6919,3458,3453,5,6
5,6920,3458,3453,5,6
5,6921,3458,3453,5,6
5,6922,3458,3453,5,6
5,6923,3458,3453,5,6
5,6924,3458,3453,5,6
5,6925,3458,3453,5,6
5,6926,3458,3453,5,6
5,6927,3458,3453,5,6
5,6928,3458,3453,5,6
5,6929,3458,3453,5,6
5,6930,3458,3453,5,6
5,6931,3458,3453,5,6
5,6932,3458,3453,5,6
5,6933,3458,3453,5,6
5,6934,3458,3453,5,6
5,6935,3458,3453,5,6
5,6936,3458,3453,5,6
5,6937,3458,3453,5,6
5,6938,3458,3453,5,6
5,6939,3458,3453,5,6
5,6940,3458,3453,5,6
5,6941,3458,3453,5,6
5,6942,3458,3453,5,6
5,6943,3458,3453,5,6
5,6944,3458,3453,5,6
5,6945,3458,3453,5,6
5,6946,3458,3453,5,6
5,6947,3458,3453,5,6
5,6948,3458,3453,5,6
5,6949,3458,3453,5,6
5,6950,3458,3453,5,6
5,6951,3458,3453,5,6
5,6952,3458,3453,5,6
5,6953,3458,3453,5,6
5,6954,3458,3453,5,6
5,6955,3458,3453,5,6
5,6956,3458,3453,5,6
5,6957,3458,3453,5,6
5,6958,3458,3453,5,6
5,6959,3458,3453,5,6
5,6960,3458,3453,5,6
5,6961,3458,3453,5,6
5,6962,3458,3453,5,6
5,6963,3458,3453,5,6
5,6964,3458,3453,5,6
5,6965,3458,3453,5,6
5,6966,3458,3453,5,6
5,6967,3458,3453,5,6
5,6968,3458,3453,5,6
5,6969,3458,3453,5,6
5,6970,3458,3453,5,6
5,6971,3458,3453,5,6
5,6972,3458,3453,5,6
5,6973,3458,3453,5,6
5,6974,3458,3453,5,6
5,6975,3458,3453,5,6
5,6976,3458,3453,5,6
5,6977,3458,3453,5,6
5,6978,3458,3453,5,6
5,6979,3458,3453,5,6
5,6980,3458,3453,5,6
5,6981,3458,3453,5,6
5,6982,3458,3453,5,6
5,6983,3458,3453,5,6
5,6984,3458,3453,5,6
5,6985,3458,3453,5,6
5,6986,3458,3453,5,6
5,6987,3458,3453,5,6
5,6988,3458,3453,5,6
5,6989,3458,3453,5,6
5,6990,3458,3453,5,6
5,6991,3458,3453,5,6
5,6992,3458,3453,5,6
5,6993,3458,3453,5,6
5,6994,3458,3453,5,6
5,6995,3458,3453,5,6
5,6996,3458,3453,5,6
5,6997,3458,3453,5,6
5,6998,3458,3453,5,6
5,6999,3458,3453,5,6
5,7000,3458,3453,5,6
5,7001,3458,3453,5,6
5,7002,3458,3453,5,6
5,7003,3458,3453,5,6
5,7004,3458,3453,5,6
5,7005,3458,3453,5,6
5,7006,3458,3453,5,6
5,7007,3458,3453,5,6
5,7008,3458,3453,5,6
5,7009,3458,3453,5,6
5,7010,3458,3453,5,6
5,7011,3458,3453,5,6
5,7012,3458,3453,5,6
5,7013,3458,3453,5,6
5,7014,3458,3453,5,6
5,7015,3458,3453,5,6
5,7016,3458,3453,5,6
5,7017,3458,3453,5,6
5,7018,3458,3453,5,6
5,7019,3458,3453,5,6
5,7020,3458,3453,5,6
5,7021,3458,3453,5,6
5,7022,3458,3453,5,6
5,7023,3458,3453,5,6
5,7024,3458,3453,5,6
5,7025,3458,3453,5,6
5,7026,3458,3453,5,6
5,7027,3458,3453,5,6
5,7028,3458,3453,5,6
5,7029,3458,3453,5,6
5,7030,3458,3453,5,6
5,7031,3458,3453,5,6
5,7032,3458,3453,5,6
5,7033,3458,3453,5,6
5,7034,3458,3453,5,6
5,7035,3458,3453,5,6
5,7036,3458,3453,5,6
5,7037,3458,3453,5,6
5,7038,3458,3453,5,6
5,7039,3458,3453,5,6
5,7040,3458,3453,5,6
5,7041,3458,3453,5,6
5,7042,3458,3453,5,6
5,7043,3458,3453,5,6
5,7044,3458,3453,5,6
5,7045,3458,3453,5,6
5,7046,3458,3453,5,6
5,7047,3458,3453,5,6
5,7048,3458,3453,5,6
5,7049,3458,3453,5,6
5,7050,3458,3453,5,6
5,7051,3458,3453,5,6
5,7052,3458,3453,5,6
5,7053,3458,3453,5,6
5,7054,3458,3453,5,6
5,7055,3458,3453,5,6
5,7056,3458,3453,5,6
5,7057,3458,3453,5,6
5,7058,3458,3453,5,6
5,7059,3458,3453,5,6
5,7060,3458,3453,5,6
5,7061,3458,3453,5,6
5,7062,3458,3453,5,6
5,7063,3458,3453,5,6
5,7064,3458,3453,5,6
5,7065,3458,3453,5,6
5,7066,3458,3453,5,6
5,7067,3458,3453,5,6
5,7068,3458,3453,5,6
5,7069,3458,3453,5,6
5,7070,3458,3453,5,6
5,7071,3458,3453,5,6
5,7072,3458,3453,5,6
5,7073,3458,3453,5,6
5,7074,3458,3453,5,6
5,7075,3458,3453,5,6
5,7076,3458,3453,5,6
5,7077,3458,3453,5,6
5,7078,3458,3453,5,6
5,7079,3458,3453,5,6
5,7080,3458,3453,5,6
5,7081,3458,3453,5,6
5,7082,3458,3453,5,6
5,7083,3458,3453,5,6
5,7084,3458,3453,5,6
5,7085,3458,3453,5,6
5,7086,3458,3453,5,6
5,7087,3458,3453,5,6
5,7088,3458,3453,5,6
5,7089,3458,3453,5,6
5,7090,3458,3453,5,6
5,7091,3458,3453,5,6
5,7092,3458,3453,5,6
5,7093,3458,3453,5,6
5,7094,3458,3453,5,6
5,7095,3458,3453,5,6
5,7096,3458,3453,5,6
5,7097,3458,3453,5,6
5,7098,3458,3453,5,6
5,7099,3458,3453,5,6
5,7100,3458,3453,5,6
5,7101,3458,3453,5,6
5,7102,3458,3453,5,6
5,7103,3458,3453,5,6
5,7104,3458,3453,5,6
5,7105,3458,3453,5,6
5,7106,3458,3453,5,6
5,7107,3458,3453,5,6
5,7108,3458,3453,5,6
5,7109,3458,3453,5,6
5,7110,3458,3453,5,6
5,7111,3458,3453,5,6
5,7112,3458,3453,5,6
5,7113,3458,3453,5,6
5,7114,3458,3453,5,6
5,7115,3458,3453,5,6
5,7116,3458,3453,5,6
5,7117,3458,3453,5,6
5,7118,3458,3453,5,6
5,7119,3458,3453,5,6
5,7120,3458,3453,5,6
5,7121,3458,3453,5,6
5,7122,3458,3453,5,6
5,7123,3458,3453,5,6
5,7124,3458,3453,5,6
5,7125,3458,3453,5,6
5,7126,3458,3453,5,6
5,7127,3458,3453,5,6
5,7128,3458,3453,5,6
5,7129,3458,3453,5,6
5,7130,3458,3453,5,6
5,7131,3458,3453,5,6
5,7132,3458,3453,5,6
5,7133,3458,3453,5,6
5,7134,3458,3453,5,6
5,7135,3458,3453,5,6
5,7136,3458,3453,5,6
5,7137,3458,3453,5,6
5,7138,3458,3453,5,6
5,7139,3458,3453,5,6
5,7140,3458,3453,5,6
5,7141,3458,3453,5,6
5,7142,3458,3453,5,6
5,7143,3458,3453,5,6
5,7144,3458,3453,5,6
5,7145,3458,3453,5,6
5,7146,3458,3453,5,6
5,7147,3458,3453,5,6
5,7148,3458,3453,5,6
5,7149,3458,3453,5,6
5,7150,3458,3453,5,6
5,7151,3458,3453,5,6
5,7152,3458,3453,5,6
5,7153,3458,3453,5,6
5,7154,3458,3453,5,6
5,7155,3458,3453,5,6
5,7156,3458,3453,5,6
5,7157,3458,3453,5,6
5,7158,3458,3453,5,6
5,7159,3458,3453,5,6
5,7160,3458,3453,5,6
5,7161,3458,3453,5,6
5,7162,3458,3453,5,6
5,7163,3458,3453,5,6
5,7164,3458,3453,5,6
5,7165,3458,3453,5,6
5,7166,3458,3453,5,6
5,7167,3458,3453,5,6
5,7168,3458,3453,5,6
5,7169,3458,3453,5,6
5,7170,3458,3453,5,6
5,7171,3458,3453,5,6
5,7172,3458,3453,5,6
5,7173,3458,3453,5,6
5,7174,3458,3453,5,6
5,7175,3458,3453,5,6
5,7176,3458,3453,5,6
5,7177,3458,3453,5,6
5,7178,3458,3453,5,6
5,7179,3458,3453,5,6
5,7180,3458,3453,5,6
5,7181,3458,3453,5,6
5,7182,3458,3453,5,6
5,7183,3458,3453,5,6
5,7184,3458,3453,5,6
5,7185,3458,3453,5,6
5,7186,3458,3453,5,6
5,7187,3458,3453,5,6
5,7188,3458,3453,5,6
5,7189,3458,3453,5,6
5,7190,3458,3453,5,6
5,7191,3458,3453,5,6
5,7192,3458,3453,5,6
5,7193,3458,3453,5,6
5,7194,3458,3453,5,6
5,7195,3458,3453,5,6
5,7196,3458,3453,5,6
5,7197,3458,3453,5,6
5,7198,3458,3453,5,6
5,7199,3458,3453,5,6
5,7200,3458,3453,5,6
5,7201,3458,3453,5,6
5,7202,3458,3453,5,6
5,7203,3458,3453,5,6
5,7204,3458,3453,5,6
5,7205,3458,3453,5,6
5,7206,3458,3453,5,6
5,7207,3458,3453,5,6
5,7208,3458,3453,5,6
5,7209,3458,3453,5,6
5,7210,3458,3453,5,6
5,7211,3458,3453,5,6
5,7212,3458,3453,5,6
5,7213,3458,3453,5,6
5,7214,3458,3453,5,6
5,7215,3458,3453,5,6
5,7216,3458,3453,5,6
5,7217,3458,3453,5,6
5,7218,3458,3453,5,6
5,7219,3458,3453,5,6
5,7220,3458,3453,5,6
5,7221,3458,3453,5,6
5,7222,3458,3453,5,6
5,7223,3458,3453,5,6
5,7224,3458,3453,5,6
5,7225,3458,3453,5,6
5,7226,3458,3453,5,6
5,7227,3458,3453,5,6
5,7228,3458,3453,5,6
5,7229,3458,3453,5,6
5,7230,3458,3453,5,6
5,7231,3458,3453,5,6
5,7232,3458,3453,5,6
5,7233,3458,3453,5,6
5,7234,3458,3453,5,6
5,7235,3458,3453,5,6
5,7236,3458,3453,5,6
5,7237,3458,3453,5,6
5,7238,3458,3453,5,6
5,7239,3458,3453,5,6
5,7240,3458,3453,5,6
5,7241,3458,3453,5,6
5,7242,3458,3453,5,6
5,7243,3458,3453,5,6
5,7244,3458,3453,5,6
5,7245,3458,3453,5,6
5,7246,3458,3453,5,6
5,7247,3458,3453,5,6
5,7248,3458,3453,5,6
5,7249,3458,3453,5,6
5,7250,3458,3453,5,6
5,7251,3458,3453,5,6
5,7252,3458,3453,5,6
5,7253,3458,3453,5,6
5,7254,3458,3453,5,6
5,7255,3458,3453,5,6
5,7256,3458,3453,5,6
5,7257,3458,3453,5,6
5,7258,3458,3453,5,6
5,7259,3458,3453,5,6
5,7260,3458,3453,5,6
5,7261,3458,3453,5,6
5,7262,3458,3453,5,6
5,7263,3458,3453,5,6
5,7264,3458,3453,5,6
5,7265,3458,3453,5,6
5,7266,3458,3453,5,6
5,7267,3458,3453,5,6
5,7268,3458,3453,5,6
5,7269,3458,3453,5,6
5,7270,3458,3453,5,6
5,7271,3458,3453,5,6
5,7272,3458,3453,5,6
5,7273,3458,3453,5,6
5,7274,3458,3453,5,6
5,7275,3458,3453,5,6
5,7276,3458,3453,5,6
5,7277,3458,3453,5,6
5,7278,3458,3453,5,6
5,7279,3458,3453,5,6
5,7280,3458,3453,5,6
5,7281,3458,3453,5,6
5,7282,3458,3453,5,6
5,7283,3458,3453,5,6
5,7284,3458,3453,5,6
5,7285,3458,3453,5,6
5,7286,3458,3453,5,6
5,7287,3458,3453,5,6
5,7288,3458,3453,5,6
5,7289,3458,3453,5,6
5,7290,3458,3453,5,6
5,7291,3458,3453,5,6
5,7292,3458,3453,5,6
5,7293,3458,3453,5,6
5,7294,3458,3453,5,6
5,7295,3458,3453,5,6
5,7296,3458,3453,5,6
5,7297,3458,3453,5,6
5,7298,3458,3453,5,6
5,7299,3458,3453,5,6
5,7300,3458,3453,5,6
5,7301,3458,3453,5,6
5,7302,3458,3453,5,6
5,7303,3458,3453,5,6
5,7304,3458,3453,5,6
5,7305,3458,3453,5,6
5,7306,3458,3453,5,6
5,7307,3458,3453,5,6
5,7308,3458,3453,5,6
5,7309,3458,3453,5,6
5,7310,3458,3453,5,6
5,7311,3458,3453,5,6
5,7312,3458,3453,5,6
5,7313,3458,3453,5,6
5,7314,3458,3453,5,6
5,7315,3458,3453,5,6
5,7316,3458,3453,5,6
5,7317,3458,3453,5,6
5,7318,3458,3453,5,6
5,7319,3458,3453,5,6
5,7320,3458,3453,5,6
5,7321,3458,3453,5,6
5,7322,3458,3453,5,6
5,7323,3458,3453,5,6
5,7324,3458,3453,5,6
5,7325,3458,3453,5,6
5,7326,3458,3453,5,6
5,7327,3458,3453,5,6
5,7328,3458,3453,5,6
5,7329,3458,3453,5,6
5,7330,3458,3453,5,6
5,7331,3458,3453,5,6
5,7332,3458,3453,5,6
5,7333,3458,3453,5,6
5,7334,3458,3453,5,6
5,7335,3458,3453,5,6
5,7336,3458,3453,5,6
5,7337,3458,3453,5,6
5,7338,3458,3453,5,6
5,7339,3458,3453,5,6
5,7340,3458,3453,5,6
5,7341,3458,3453,5,6
5,7342,3458,3453,5,6
5,7343,3458,3453,5,6
5,7344,3458,3453,5,6
5,7345,3458,3453,5,6
5,7346,3458,3453,5,6
5,7347,3458,3453,5,6
5,7348,3458,3453,5,6
5,7349,3458,3453,5,6
5,7350,3458,3453,5,6
5,7351,3458,3453,5,6
5,7352,3458,3453,5,6
5,7353,3458,3453,5,6
5,7354,3458,3453,5,6
5,7355,3458,3453,5,6
5,7356,3458,3453,5,6
5,7357,3458,3453,5,6
5,7358,3458,3453,5,6
5,7359,3458,3453,5,6
5,7360,3458,3453,5,6
5,7361,3458,3453,5,6
5,7362,3458,3453,5,6
5,7363,3458,3453,5,6
5,7364,3458,3453,5,6
5,7365,3458,3453,5,6
5,7366,3458,3453,5,6
5,7367,3458,3453,5,6
5,7368,3458,3453,5,6
5,7369,3458,3453,5,6
5,7370,3458,3453,5,6
5,7371,3458,3453,5,6
5,7372,3458,3453,5,6
5,7373,3458,3453,5,6
5,7374,3458,3453,5,6
5,7375,3458,3453,5,6
5,7376,3458,3453,5,6
5,7377,3458,3453,5,6
5,7378,3458,3453,5,6
5,7379,3458,3453,5,6
5,7380,3458,3453,5,6
5,7381,3458,3453,5,6
5,7382,3458,3453,5,6
5,7383,3458,3453,5,6
5,7384,3458,3453,5,6
5,7385,3458,3453,5,6
5,7386,3458,3453,5,6
5,7387,3458,3453,5,6
5,7388,3458,3453,5,6
5,7389,3458,3453,5,6
5,7390,3458,3453,5,6
5,7391,3458,3453,5,6
5,7392,3458,3453,5,6
5,7393,3458,3453,5,6
5,7394,3458,3453,5,6
5,7395,3458,3453,5,6
5,7396,3458,3453,5,6
5,7397,3458,3453,5,6
5,7398,3458,3453,5,6
5,7399,3458,3453,5,6
5,7400,3458,3453,5,6
5,7401,3458,3453,5,6
5,7402,3458,3453,5,6
5,7403,3458,3453,5,6
5,7404,3458,3453,5,6
5,7405,3458,3453,5,6
5,7406,3458,3453,5,6
5,7407,3458,3453,5,6
5,7408,3458,3453,5,6
5,7409,3458,3453,5,6
5,7410,3458,3453,5,6
5,7411,3458,3453,5,6
5,7412,3458,3453,5,6
5,7413,3458,3453,5,6
5,7414,3458,3453,5,6
5,7415,3458,3453,5,6
5,7416,3458,3453,5,6
5,7417,3458,3453,5,6
5,7418,3458,3453,5,6
5,7419,3458,3453,5,6
5,7420,3458,3453,5,6
5,7421,3458,3453,5,6
5,7422,3458,3453,5,6
5,7423,3458,3453,5,6
5,7424,3458,3453,5,6
5,7425,3458,3453,5,6
5,7426,3458,3453,5,6
5,7427,3458,3453,5,6
5,7428,3458,3453,5,6
5,7429,3458,3453,5,6
5,7430,3458,3453,5,6
5,7431,3458,3453,5,6
5,7432,3458,3453,5,6
5,7433,3458,3453,5,6
5,7434,3458,3453,5,6
5,7435,3458,3453,5,6
5,7436,3458,3453,5,6
5,7437,3458,3453,5,6
5,7438,3458,3453,5,6
5,7439,3458,3453,5,6
5,7440,3458,3453,5,6
5,7441,3458,3453,5,6
5,7442,3458,3453,5,6
5,7443,3458,3453,5,6
5,7444,3458,3453,5,6
5,7445,3458,3453,5,6
5,7446,3458,3453,5,6
5,7447,3458,3453,5,6
5,7448,3458,3453,5,6
5,7449,3458,3453,5,6
5,7450,3458,3453,5,6
5,7451,3458,3453,5,6
5,7452,3458,3453,5,6
5,7453,3458,3453,5,6
5,7454,3458,3453,5,6
5,7455,3458,3453,5,6
5,7456,3458,3453,5,6
5,7457,3458,3453,5,6
5,7458,3458,3453,5,6
5,7459,3458,3453,5,6
5,7460,3458,3453,5,6
5,7461,3458,3453,5,6
5,7462,3458,3453,5,6
5,7463,3458,3453,5,6
5,7464,3458,3453,5,6
5,7465,3458,3453,5,6
5,7466,3458,3453,5,6
5,7467,3458,3453,5,6
5,7468,3458,3453,5,6
5,7469,3458,3453,5,6
5,7470,3458,3453,5,6
5,7471,3458,3453,5,6
5,7472,3458,3453,5,6
5,7473,3458,3453,5,6
5,7474,3458,3453,5,6
5,7475,3458,3453,5,6
5,7476,3458,3453,5,6
5,7477,3458,3453,5,6
5,7478,3458,3453,5,6
5,7479,3458,3453,5,6
5,7480,3458,3453,5,6
5,7481,3458,3453,5,6
5,7482,3458,3453,5,6
5,7483,3458,3453,5,6
5,7484,3458,3453,5,6
5,7485,3458,3453,5,6
5,7486,3458,3453,5,6
5,7487,3458,3453,5,6
5,7488,3458,3453,5,6
5,7489,3458,3453,5,6
5,7490,3458,3453,5,6
5,7491,3458,3453,5,6
5,7492,3458,3453,5,6
5,7493,3458,3453,5,6
5,7494,3458,3453,5,6
5,7495,3458,3453,5,6
5,7496,3458,3453,5,6
5,7497,3458,3453,5,6
5,7498,3458,3453,5,6
5,7499,3458,3453,5,6
5,7500,3458,3453,5,6
5,7501,3458,3453,5,6
5,7502,3458,3453,5,6
5,7503,3458,3453,5,6
5,7504,3458,3453,5,6
5,7505,3458,3453,5,6
5,7506,3458,3453,5,6
5,7507,3458,3453,5,6
5,7508,3458,3453,5,6
5,7509,3458,3453,5,6
5,7510,3458,3453,5,6
5,7511,3458,3453,5,6
5,7512,3458,3453,5,6
5,7513,3458,3453,5,6
5,7514,3458,3453,5,6
5,7515,3458,3453,5,6
5,7516,3458,3453,5,6
5,7517,3458,3453,5,6
5,7518,3458,3453,5,6
5,7519,3458,3453,5,6
5,7520,3458,3453,5,6
5,7521,3458,3453,5,6
5,7522,3458,3453,5,6
5,7523,3458,3453,5,6
5,7524,3458,3453,5,6
5,7525,3458,3453,5,6
5,7526,3458,3453,5,6
5,7527,3458,3453,5,6
5,7528,3458,3453,5,6
5,7529,3458,3453,5,6
5,7530,3458,3453,5,6
5,7531,3458,3453,5,6
5,7532,3458,3453,5,6
5,7533,3458,3453,5,6
5,7534,3458,3453,5,6
5,7535,3458,3453,5,6
5,7536,3458,3453,5,6
5,7537,3458,3453,5,6
5,7538,3458,3453,5,6
5,7539,3458,3453,5,6
5,7540,3458,3453,5,6
5,7541,3458,3453,5,6
5,7542,3458,3453,5,6
5,7543,3458,3453,5,6
5,7544,3458,3453,5,6
5,7545,3458,3453,5,6
5,7546,3458,3453,5,6
5,7547,3458,3453,5,6
5,7548,3458,3453,5,6
5,7549,3458,3453,5,6
5,7550,3458,3453,5,6
5,7551,3458,3453,5,6
5,7552,3458,3453,5,6
5,7553,3458,3453,5,6
5,7554,3458,3453,5,6
5,7555,3458,3453,5,6
5,7556,3458,3453,5,6
5,7557,3458,3453,5,6
5,7558,3458,3453,5,6
5,7559,3458,3453,5,6
5,7560,3458,3453,5,6
5,7561,3458,3453,5,6
5,7562,3458,3453,5,6
5,7563,3458,3453,5,6
5,7564,3458,3453,5,6
5,7565,3458,3453,5,6
5,7566,3458,3453,5,6
5,7567,3458,3453,5,6
5,7568,3458,3453,5,6
5,7569,3458,3453,5,6
5,7570,3458,3453,5,6
5,7571,3458,3453,5,6
5,7572,3458,3453,5,6
5,7573,3458,3453,5,6
5,7574,3458,3453,5,6
5,7575,3458,3453,5,6
5,7576,3458,3453,5,6
5,7577,3458,3453,5,6
5,7578,3458,3453,5,6
5,7579,3458,3453,5,6
5,7580,3458,3453,5,6
5,7581,3458,3453,5,6
5,7582,3458,3453,5,6
5,7583,3458,3453,5,6
5,7584,3458,3453,5,6
5,7585,3458,3453,5,6
5,7586,3458,3453,5,6
5,7587,3458,3453,5,6
5,7588,3458,3453,5,6
5,7589,3458,3453,5,6
5,7590,3458,3453,5,6
5,7591,3458,3453,5,6
5,7592,3458,3453,5,6
5,7593,3458,3453,5,6
5,7594,3458,3453,5,6
5,7595,3458,3453,5,6
5,7596,3458,3453,5,6
5,7597,3458,3453,5,6
5,7598,3458,3453,5,6
5,7599,3458,3453,5,6
5,7600,3458,3453,5,6
5,7601,3458,3453,5,6
5,7602,3458,3453,5,6
5,7603,3458,3453,5,6
5,7604,3458,3453,5,6
5,7605,3458,3453,5,6
5,7606,3458,3453,5,6
5,7607,3458,3453,5,6
5,7608,3458,3453,5,6
5,7609,3458,3453,5,6
5,7610,3458,3453,5,6
5,7611,3458,3453,5,6
5,7612,3458,3453,5,6
5,7613,3458,3453,5,6
5,7614,3458,3453,5,6
5,7615,3458,3453,5,6
5,7616,3458,3453,5,6
5,7617,3458,3453,5,6
5,7618,3458,3453,5,6
5,7619,3458,3453,5,6
5,7620,3458,3453,5,6
5,7621,3458,3453,5,6
5,7622,3458,3453,5,6
5,7623,3458,3453,5,6
5,7624,3458,3453,5,6
5,7625,3458,3453,5,6
5,7626,3458,3453,5,6
5,7627,3458,3453,5,6
5,7628,3458,3453,5,6
5,7629,3458,3453,5,6
5,7630,3458,3453,5,6
5,7631,3458,3453,5,6
5,7632,3458,3453,5,6
5,7633,3458,3453,5,6
5,7634,3458,3453,5,6
5,7635,3458,3453,5,6
5,7636,3458,3453,5,6
5,7637,3458,3453,5,6
5,7638,3458,3453,5,6
5,7639,3458,3453,5,6
5,7640,3458,3453,5,6
5,7641,3458,3453,5,6
5,7642,3458,3453,5,6
5,7643,3458,3453,5,6
5,7644,3458,3453,5,6
5,7645,3458,3453,5,6
5,7646,3458,3453,5,6
5,7647,3458,3453,5,6
5,7648,3458,3453,5,6
5,7649,3458,3453,5,6
5,7650,3458,3453,5,6
5,7651,3458,3453,5,6
5,7652,3458,3453,5,6
5,7653,3458,3453,5,6
5,7654,3458,3453,5,6
5,7655,3458,3453,5,6
5,7656,3458,3453,5,6
5,7657,3458,3453,5,6
5,7658,3458,3453,5,6
5,7659,3458,3453,5,6
5,7660,3458,3453,5,6
5,7661,3458,3453,5,6
5,7662,3458,3453,5,6
5,7663,3458,3453,5,6
5,7664,3458,3453,5,6
5,7665,3458,3453,5,6
5,7666,3458,3453,5,6
5,7667,3458,3453,5,6
5,7668,3458,3453,5,6
5,7669,3458,3453,5,6
5,7670,3458,3453,5,6
5,7671,3458,3453,5,6
5,7672,3458,3453,5,6
5,7673,3458,3453,5,6
5,7674,3458,3453,5,6
5,7675,3458,3453,5,6
5,7676,3458,3453,5,6
5,7677,3458,3453,5,6
5,7678,3458,3453,5,6
5,7679,3458,3453,5,6
5,7680,3458,3453,5,6
5,7681,3458,3453,5,6
5,7682,3458,3453,5,6
5,7683,3458,3453,5,6
5,7684,3458,3453,5,6
5,7685,3458,3453,5,6
5,7686,3458,3453,5,6
5,7687,3458,3453,5,6
5,7688,3458,3453,5,6
5,7689,3458,3453,5,6
5,7690,3458,3453,5,6
5,7691,3458,3453,5,6
5,7692,3458,3453,5,6
5,7693,3458,3453,5,6
5,7694,3458,3453,5,6
5,7695,3458,3453,5,6
5,7696,3458,3453,5,6
5,7697,3458,3453,5,6
5,7698,3458,3453,5,6
5,7699,3458,3453,5,6
5,7700,3458,3453,5,6
5,7701,3458,3453,5,6
5,7702,3458,3453,5,6
5,7703,3458,3453,5,6
5,7704,3458,3453,5,6
5,7705,3458,3453,5,6
5,7706,3458,3453,5,6
5,7707,3458,3453,5,6
5,7708,3458,3453,5,6
5,7709,3458,3453,5,6
5,7710,3458,3453,5,6
5,7711,3458,3453,5,6
5,7712,3458,3453,5,6
5,7713,3458,3453,5,6
5,7714,3458,3453,5,6
5,7715,3458,3453,5,6
5,7716,3458,3453,5,6
5,7717,3458,3453,5,6
5,7718,3458,3453,5,6
5,7719,3458,3453,5,6
5,7720,3458,3453,5,6
5,7721,3458,3453,5,6
5,7722,3458,3453,5,6
5,7723,3458,3453,5,6
5,7724,3458,3453,5,6
5,7725,3458,3453,5,6
5,7726,3458,3453,5,6
5,7727,3458,3453,5,6
5,7728,3458,3453,5,6
5,7729,3458,3453,5,6
5,7730,3458,3453,5,6
5,7731,3458,3453,5,6
5,7732,3458,3453,5,6
5,7733,3458,3453,5,6
5,7734,3458,3453,5,6
5,7735,3458,3453,5,6
5,7736,3458,3453,5,6
5,7737,3458,3453,5,6
5,7738,3458,3453,5,6
5,7739,3458,3453,5,6
5,7740,3458,3453,5,6
5,7741,3458,3453,5,6
5,7742,3458,3453,5,6
5,7743,3458,3453,5,6
5,7744,3458,3453,5,6
5,7745,3458,3453,5,6
5,7746,3458,3453,5,6
5,7747,3458,3453,5,6
5,7748,3458,3453,5,6
5,7749,3458,3453,5,6
5,7750,3458,3453,5,6
5,7751,3458,3453,5,6
5,7752,3458,3453,5,6
5,7753,3458,3453,5,6
5,7754,3458,3453,5,6
5,7755,3458,3453,5,6
5,7756,3458,3453,5,6
5,7757,3458,3453,5,6
5,7758,3458,3453,5,6
5,7759,3458,3453,5,6
5,7760,3458,3453,5,6
5,7761,3458,3453,5,6
5,7762,3458,3453,5,6
5,7763,3458,3453,5,6
5,7764,3458,3453,5,6
5,7765,3458,3453,5,6
5,7766,3458,3453,5,6
5,7767,3458,3453,5,6
5,7768,3458,3453,5,6
5,7769,3458,3453,5,6
5,7770,3458,3453,5,6
5,7771,3458,3453,5,6
5,7772,3458,3453,5,6
5,7773,3458,3453,5,6
5,7774,3458,3453,5,6
5,7775,3458,3453,5,6
5,7776,3458,3453,5,6
5,7777,3458,3453,5,6
5,7778,3458,3453,5,6
5,7779,3458,3453,5,6
5,7780,3458,3453,5,6
5,7781,3458,3453,5,6
5,7782,3458,3453,5,6
5,7783,3458,3453,5,6
5,7784,3458,3453,5,6
5,7785,3458,3453,5,6
5,7786,3458,3453,5,6
5,7787,3458,3453,5,6
5,7788,3458,3453,5,6
5,7789,3458,3453,5,6
5,7790,3458,3453,5,6
5,7791,3458,3453,5,6
5,7792,3458,3453,5,6
5,7793,3458,3453,5,6
5,7794,3458,3453,5,6
5,7795,3458,3453,5,6
5,7796,3458,3453,5,6
5,7797,3458,3453,5,6
5,7798,3458,3453,5,6
5,7799,3458,3453,5,6
5,7800,3458,3453,5,6
5,7801,3458,3453,5,6
5,7802,3458,3453,5,6
5,7803,3458,3453,5,6
5,7804,3458,3453,5,6
5,7805,3458,3453,5,6
5,7806,3458,3453,5,6
5,7807,3458,3453,5,6
5,7808,3458,3453,5,6
5,7809,3458,3453,5,6
5,7810,3458,3453,5,6
5,7811,3458,3453,5,6
5,7812,3458,3453,5,6
5,7813,3458,3453,5,6
5,7814,3458,3453,5,6
5,7815,3458,3453,5,6
5,7816,3458,3453,5,6
5,7817,3458,3453,5,6
5,7818,3458,3453,5,6
5,7819,3458,3453,5,6
5,7820,3458,3453,5,6
5,7821,3458,3453,5,6
5,7822,3458,3453,5,6
5,7823,3458,3453,5,6
5,7824,3458,3453,5,6
5,7825,3458,3453,5,6
5,7826,3458,3453,5,6
5,7827,3458,3453,5,6
5,7828,3458,3453,5,6
5,7829,3458,3453,5,6
5,7830,3458,3453,5,6
5,7831,3458,3453,5,6
5,7832,3458,3453,5,6
5,7833,3458,3453,5,6
5,7834,3458,3453,5,6
5,7835,3458,3453,5,6
5,7836,3458,3453,5,6
5,7837,3458,3453,5,6
5,7838,3458,3453,5,6
5,7839,3458,3453,5,6
5,7840,3458,3453,5,6
5,7841,3458,3453,5,6
5,7842,3458,3453,5,6
5,7843,3458,3453,5,6
5,7844,3458,3453,5,6
5,7845,3458,3453,5,6
5,7846,3458,3453,5,6
5,7847,3458,3453,5,6
5,7848,3458,3453,5,6
5,7849,3458,3453,5,6
5,7850,3458,3453,5,6
5,7851,3458,3453,5,6
5,7852,3458,3453,5,6
5,7853,3458,3453,5,6
5,7854,3458,3453,5,6
5,7855,3458,3453,5,6
5,7856,3458,3453,5,6
5,7857,3458,3453,5,6
5,7858,3458,3453,5,6
5,7859,3458,3453,5,6
5,7860,3458,3453,5,6
5,7861,3458,3453,5,6
5,7862,3458,3453,5,6
5,7863,3458,3453,5,6
5,7864,3458,3453,5,6
5,7865,3458,3453,5,6
5,7866,3458,3453,5,6
5,7867,3458,3453,5,6
5,7868,3458,3453,5,6
5,7869,3458,3453,5,6
5,7870,3458,3453,5,6
5,7871,3458,3453,5,6
5,7872,3458,3453,5,6
5,7873,3458,3453,5,6
5,7874,3458,3453,5,6
5,7875,3458,3453,5,6
5,7876,3458,3453,5,6
5,7877,3458,3453,5,6
5,7878,3458,3453,5,6
5,7879,3458,3453,5,6
5,7880,3458,3453,5,6
5,7881,3458,3453,5,6
5,7882,3458,3453,5,6
5,7883,3458,3453,5,6
5,7884,3458,3453,5,6
5,7885,3458,3453,5,6
5,7886,3458,3453,5,6
5,7887,3458,3453,5,6
5,7888,3458,3453,5,6
5,7889,3458,3453,5,6
5,7890,3458,3453,5,6
5,7891,3458,3453,5,6
5,7892,3458,3453,5,6
5,7893,3458,3453,5,6
5,7894,3458,3453,5,6
5,7895,3458,3453,5,6
5,7896,3458,3453,5,6
5,7897,3458,3453,5,6
5,7898,3458,3453,5,6
5,7899,3458,3453,5,6
5,7900,3458,3453,5,6
5,7901,3458,3453,5,6
5,7902,3458,3453,5,6
5,7903,3458,3453,5,6
5,7904,3458,3453,5,6
5,7905,3458,3453,5,6
5,7906,3458,3453,5,6
5,7907,3458,3453,5,6
5,7908,3458,3453,5,6
5,7909,3458,3453,5,6
5,7910,3458,3453,5,6
5,7911,3458,3453,5,6
5,7912,3458,3453,5,6
5,7913,3458,3453,5,6
5,7914,3458,3453,5,6
5,7915,3458,3453,5,6
5,7916,3458,3453,5,6
5,7917,3458,3453,5,6
5,7918,3458,3453,5,6
5,7919,3458,3453,5,6
5,7920,3458,3453,5,6
5,7921,3458,3453,5,6
5,7922,3458,3453,5,6
5,7923,3458,3453,5,6
5,7924,3458,3453,5,6
5,7925,3458,3453,5,6
5,7926,3458,3453,5,6
5,7927,3458,3453,5,6
5,7928,3458,3453,5,6
5,7929,3458,3453,5,6
5,7930,3458,3453,5,6
5,7931,3458,3453,5,6
5,7932,3458,3453,5,6
5,7933,3458,3453,5,6
5,7934,3458,3453,5,6
5,7935,3458,3453,5,6
5,7936,3458,3453,5,6
5,7937,3458,3453,5,6
5,7938,3458,3453,5,6
5,7939,3458,3453,5,6
5,7940,3458,3453,5,6
5,7941,3458,3453,5,6
5,7942,3458,3453,5,6
5,7943,3458,3453,5,6
5,7944,3458,3453,5,6
5,7945,3458,3453,5,6
5,7946,3458,3453,5,6
5,7947,3458,3453,5,6
5,7948,3458,3453,5,6
5,7949,3458,3453,5,6
5,7950,3458,3453,5,6
5,7951,3458,3453,5,6
5,7952,3458,3453,5,6
5,7953,3458,3453,5,6
5,7954,3458,3453,5,6
5,7955,3458,3453,5,6
5,7956,3458,3453,5,6
5,7957,3458,3453,5,6
5,7958,3458,3453,5,6
5,7959,3458,3453,5,6
5,7960,3458,3453,5,6
5,7961,3458,3453,5,6
5,7962,3458,3453,5,6
5,7963,3458,3453,5,6
5,7964,3458,3453,5,6
5,7965,3458,3453,5,6
5,7966,3458,3453,5,6
5,7967,3458,3453,5,6
5,7968,3458,3453,5,6
5,7969,3458,3453,5,6
5,7970,3458,3453,5,6
5,7971,3458,3453,5,6
5,7972,3458,3453,5,6
5,7973,3458,3453,5,6
5,7974,3458,3453,5,6
5,7975,3458,3453,5,6
5,7976,3458,3453,5,6
5,7977,3458,3453,5,6
5,7978,3458,3453,5,6
5,7979,3458,3453,5,6
5,7980,3458,3453,5,6
5,7981,3458,3453,5,6
5,7982,3458,3453,5,6
5,7983,3458,3453,5,6
5,7984,3458,3453,5,6
5,7985,3458,3453,5,6
5,7986,3458,3453,5,6
5,7987,3458,3453,5,6
5,7988,3458,3453,5,6
5,7989,3458,3453,5,6
5,7990,3458,3453,5,6
5,7991,3458,3453,5,6
5,7992,3458,3453,5,6
5,7993,3458,3453,5,6
5,7994,3458,3453,5,6
5,7995,3458,3453,5,6
5,7996,3458,3453,5,6
5,7997,3458,3453,5,6
5,7998,3458,3453,5,6
5,7999,3458,3453,5,6
5,8000,3458,3453,5,6
5,8001,3458,3453,5,6
5,8002,3458,3453,5,6
5,8003,3458,3453,5,6
5,8004,3458,3453,5,6
5,8005,3458,3453,5,6
5,8006,3458,3453,5,6
5,8007,3458,3453,5,6
5,8008,3458,3453,5,6
5,8009,3458,3453,5,6
5,8010,3458,3453,5,6
5,8011,3458,3453,5,6
5,8012,3458,3453,5,6
5,8013,3458,3453,5,6
5,8014,3458,3453,5,6
5,8015,3458,3453,5,6
5,8016,3458,3453,5,6
5,8017,3458,3453,5,6
5,8018,3458,3453,5,6
5,8019,3458,3453,5,6
5,8020,3458,3453,5,6
5,8021,3458,3453,5,6
5,8022,3458,3453,5,6
5,8023,3458,3453,5,6
5,8024,3458,3453,5,6
5,8025,3458,3453,5,6
5,8026,3458,3453,5,6
5,8027,3458,3453,5,6
5,8028,3458,3453,5,6
5,8029,3458,3453,5,6
5,8030,3458,3453,5,6
5,8031,3458,3453,5,6
5,8032,3458,3453,5,6
5,8033,3458,3453,5,6
5,8034,3458,3453,5,6
5,8035,3458,3453,5,6
5,8036,3458,3453,5,6
5,8037,3458,3453,5,6
5,8038,3458,3453,5,6
5,8039,3458,3453,5,6
5,8040,3458,3453,5,6
5,8041,3458,3453,5,6
5,8042,3458,3453,5,6
5,8043,3458,3453,5,6
5,8044,3458,3453,5,6
5,8045,3458,3453,5,6
5,8046,3458,3453,5,6
5,8047,3458,3453,5,6
5,8048,3458,3453,5,6
5,8049,3458,3453,5,6
5,8050,3458,3453,5,6
5,8051,3458,3453,5,6
5,8052,3458,3453,5,6
5,8053,3458,3453,5,6
5,8054,3458,3453,5,6
5,8055,3458,3453,5,6
5,8056,3458,3453,5,6
5,8057,3458,3453,5,6
5,8058,3458,3453,5,6
5,8059,3458,3453,5,6
5,8060,3458,3453,5,6
5,8061,3458,3453,5,6
5,8062,3458,3453,5,6
5,8063,3458,3453,5,6
5,8064,3458,3453,5,6
5,8065,3458,3453,5,6
5,8066,3458,3453,5,6
5,8067,3458,3453,5,6
5,8068,3458,3453,5,6
5,8069,3458,3453,5,6
5,8070,3458,3453,5,6
5,8071,3458,3453,5,6
5,8072,3458,3453,5,6
5,8073,3458,3453,5,6
5,8074,3458,3453,5,6
5,8075,3458,3453,5,6
5,8076,3458,3453,5,6
5,8077,3458,3453,5,6
5,8078,3458,3453,5,6
5,8079,3458,3453,5,6
5,8080,3458,3453,5,6
5,8081,3458,3453,5,6
5,8082,3458,3453,5,6
5,8083,3458,3453,5,6
5,8084,3458,3453,5,6
5,8085,3458,3453,5,6
5,8086,3458,3453,5,6
5,8087,3458,3453,5,6
5,8088,3458,3453,5,6
5,8089,3458,3453,5,6
5,8090,3458,3453,5,6
5,8091,3458,3453,5,6
5,8092,3458,3453,5,6
5,8093,3458,3453,5,6
5,8094,3458,3453,5,6
5,8095,3458,3453,5,6
5,8096,3458,3453,5,6
5,8097,3458,3453,5,6
5,8098,3458,3453,5,6
5,8099,3458,3453,5,6
5,8100,3458,3453,5,6
5,8101,3458,3453,5,6
5,8102,3458,3453,5,6
5,8103,3458,3453,5,6
5,8104,3458,3453,5,6
5,8105,3458,3453,5,6
5,8106,3458,3453,5,6
5,8107,3458,3453,5,6
5,8108,3458,3453,5,6
5,8109,3458,3453,5,6
5,8110,3458,3453,5,6
5,8111,3458,3453,5,6
5,8112,3458,3453,5,6
5,8113,3458,3453,5,6
5,8114,3458,3453,5,6
5,8115,3458,3453,5,6
5,8116,3458,3453,5,6
5,8117,3458,3453,5,6
5,8118,3458,3453,5,6
5,8119,3458,3453,5,6
5,8120,3458,3453,5,6
5,8121,3458,3453,5,6
5,8122,3458,3453,5,6
5,8123,3458,3453,5,6
5,8124,3458,3453,5,6
5,8125,3458,3453,5,6
5,8126,3458,3453,5,6
5,8127,3458,3453,5,6
5,8128,3458,3453,5,6
5,8129,3458,3453,5,6
5,8130,3458,3453,5,6
5,8131,3458,3453,5,6
5,8132,3458,3453,5,6
5,8133,3458,3453,5,6
5,8134,3458,3453,5,6
5,8135,3458,3453,5,6
5,8136,3458,3453,5,6
5,8137,3458,3453,5,6
5,8138,3458,3453,5,6
5,8139,3458,3453,5,6
5,8140,3458,3453,5,6
5,8141,3458,3453,5,6
5,8142,3458,3453,5,6
5,8143,3458,3453,5,6
5,8144,3458,3453,5,6
5,8145,3458,3453,5,6
5,8146,3458,3453,5,6
5,8147,3458,3453,5,6
5,8148,3458,3453,5,6
5,8149,3458,3453,5,6
5,8150,3458,3453,5,6
5,8151,3458,3453,5,6
5,8152,3458,3453,5,6
5,8153,3458,3453,5,6
5,8154,3458,3453,5,6
5,8155,3458,3453,5,6
5,8156,3458,3453,5,6
5,8157,3458,3453,5,6
5,8158,3458,3453,5,6
5,8159,3458,3453,5,6
5,8160,3458,3453,5,6
5,8161,3458,3453,5,6
5,8162,3458,3453,5,6
5,8163,3458,3453,5,6
5,8164,3458,3453,5,6
5,8165,3458,3453,5,6
5,8166,3458,3453,5,6
5,8167,3458,3453,5,6
5,8168,3458,3453,5,6
5,8169,3458,3453,5,6
5,8170,3458,3453,5,6
5,8171,3458,3453,5,6
5,8172,3458,3453,5,6
5,8173,3458,3453,5,6
5,8174,3458,3453,5,6
5,8175,3458,3453,5,6
5,8176,3458,3453,5,6
5,8177,3458,3453,5,6
5,8178,3458,3453,5,6
5,8179,3458,3453,5,6
5,8180,3458,3453,5,6
5,8181,3458,3453,5,6
5,8182,3458,3453,5,6
5,8183,3458,3453,5,6
5,8184,3458,3453,5,6
5,8185,3458,3453,5,6
5,8186,3458,3453,5,6
5,8187,3458,3453,5,6
5,8188,3458,3453,5,6
5,8189,3458,3453,5,6
5,8190,3458,3453,5,6
5,8191,3458,3453,5,6
5,8192,3458,3453,5,6
5,8193,3458,3453,5,6
5,8194,3458,3453,5,6
5,8195,3458,3453,5,6
5,8196,3458,3453,5,6
5,8197,3458,3453,5,6
5,8198,3458,3453,5,6
5,8199,3458,3453,5,6
5,8200,3458,3453,5,6
5,8201,3458,3453,5,6
5,8202,3458,3453,5,6
5,8203,3458,3453,5,6
5,8204,3458,3453,5,6
5,8205,3458,3453,5,6
5,8206,3458,3453,5,6
5,8207,3458,3453,5,6
5,8208,3458,3453,5,6
5,8209,3458,3453,5,6
5,8210,3458,3453,5,6
5,8211,3458,3453,5,6
5,8212,3458,3453,5,6
5,8213,3458,3453,5,6
5,8214,3458,3453,5,6
5,8215,3458,3453,5,6
5,8216,3458,3453,5,6
5,8217,3458,3453,5,6
5,8218,3458,3453,5,6
5,8219,3458,3453,5,6
5,8220,3458,3453,5,6
5,8221,3458,3453,5,6
5,8222,3458,3453,5,6
5,8223,3458,3453,5,6
5,8224,3458,3453,5,6
5,8225,3458,3453,5,6
5,8226,3458,3453,5,6
5,8227,3458,3453,5,6
5,8228,3458,3453,5,6
5,8229,3458,3453,5,6
5,8230,3458,3453,5,6
5,8231,3458,3453,5,6
5,8232,3458,3453,5,6
5,8233,3458,3453,5,6
5,8234,3458,3453,5,6
5,8235,3458,3453,5,6
5,8236,3458,3453,5,6
5,8237,3458,3453,5,6
5,8238,3458,3453,5,6
5,8239,3458,3453,5,6
5,8240,3458,3453,5,6
5,8241,3458,3453,5,6
5,8242,3458,3453,5,6
5,8243,3458,3453,5,6
5,8244,3458,3453,5,6
5,8245,3458,3453,5,6
5,8246,3458,3453,5,6
5,8247,3458,3453,5,6
5,8248,3458,3453,5,6
5,8249,3458,3453,5,6
5,8250,3458,3453,5,6
5,8251,3458,3453,5,6
5,8252,3458,3453,5,6
5,8253,3458,3453,5,6
5,8254,3458,3453,5,6
5,8255,3458,3453,5,6
5,8256,3458,3453,5,6
5,8257,3458,3453,5,6
5,8258,3458,3453,5,6
5,8259,3458,3453,5,6
5,8260,3458,3453,5,6
5,8261,3458,3453,5,6
5,8262,3458,3453,5,6
5,8263,3458,3453,5,6
5,8264,3458,3453,5,6
5,8265,3458,3453,5,6
5,8266,3458,3453,5,6
5,8267,3458,3453,5,6
5,8268,3458,3453,5,6
5,8269,3458,3453,5,6
5,8270,3458,3453,5,6
5,8271,3458,3453,5,6
5,8272,3458,3453,5,6
5,8273,3458,3453,5,6
5,8274,3458,3453,5,6
5,8275,3458,3453,5,6
5,8276,3458,3453,5,6
5,8277,3458,3453,5,6
5,8278,3458,3453,5,6
5,8279,3458,3453,5,6
5,8280,3458,3453,5,6
5,8281,3458,3453,5,6
5,8282,3458,3453,5,6
5,8283,3458,3453,5,6
5,8284,3458,3453,5,6
5,8285,3458,3453,5,6
5,8286,3458,3453,5,6
5,8287,3458,3453,5,6
5,8288,3458,3453,5,6
5,8289,3458,3453,5,6
5,8290,3458,3453,5,6
5,8291,3458,3453,5,6
5,8292,3458,3453,5,6
5,8293,3458,3453,5,6
5,8294,3458,3453,5,6
5,8295,3458,3453,5,6
5,8296,3458,3453,5,6
5,8297,3458,3453,5,6
5,8298,3458,3453,5,6
5,8299,3458,3453,5,6
5,8300,3458,3453,5,6
5,8301,3458,3453,5,6
5,8302,3458,3453,5,6
5,8303,3458,3453,5,6
5,8304,3458,3453,5,6
5,8305,3458,3453,5,6
5,8306,3458,3453,5,6
5,8307,3458,3453,5,6
5,8308,3458,3453,5,6
5,8309,3458,3453,5,6
5,8310,3458,3453,5,6
5,8311,3458,3453,5,6
5,8312,3458,3453,5,6
5,8313,3458,3453,5,6
5,8314,3458,3453,5,6
5,8315,3458,3453,5,6
5,8316,3458,3453,5,6
5,8317,3458,3453,5,6
5,8318,3458,3453,5,6
5,8319,3458,3453,5,6
5,8320,3458,3453,5,6
5,8321,3458,3453,5,6
5,8322,3458,3453,5,6
5,8323,3458,3453,5,6
5,8324,3458,3453,5,6
5,8325,3458,3453,5,6
5,8326,3458,3453,5,6
5,8327,3458,3453,5,6
5,8328,3458,3453,5,6
5,8329,3458,3453,5,6
5,8330,3458,3453,5,6
5,8331,3458,3453,5,6
5,8332,3458,3453,5,6
5,8333,3458,3453,5,6
5,8334,3458,3453,5,6
5,8335,3458,3453,5,6
5,8336,3458,3453,5,6
5,8337,3458,3453,5,6
5,8338,3458,3453,5,6
5,8339,3458,3453,5,6
5,8340,3458,3453,5,6
5,8341,3458,3453,5,6
5,8342,3458,3453,5,6
5,8343,3458,3453,5,6
5,8344,3458,3453,5,6
5,8345,3458,3453,5,6
5,8346,3458,3453,5,6
5,8347,3458,3453,5,6
5,8348,3458,3453,5,6
5,8349,3458,3453,5,6
5,8350,3458,3453,5,6
5,8351,3458,3453,5,6
5,8352,3458,3453,5,6
5,8353,3458,3453,5,6
5,8354,3458,3453,5,6
5,8355,3458,3453,5,6
5,8356,3458,3453,5,6
5,8357,3458,3453,5,6
5,8358,3458,3453,5,6
5,8359,3458,3453,5,6
5,8360,3458,3453,5,6
5,8361,3458,3453,5,6
5,8362,3458,3453,5,6
5,8363,3458,3453,5,6
5,8364,3458,3453,5,6
5,8365,3458,3453,5,6
5,8366,3458,3453,5,6
5,8367,3458,3453,5,6
5,8368,3458,3453,5,6
5,8369,3458,3453,5,6
5,8370,3458,3453,5,6
5,8371,3458,3453,5,6
5,8372,3458,3453,5,6
5,8373,3458,3453,5,6
5,8374,3458,3453,5,6
5,8375,3458,3453,5,6
5,8376,3458,3453,5,6
5,8377,3458,3453,5,6
5,8378,3458,3453,5,6
5,8379,3458,3453,5,6
5,8380,3458,3453,5,6
5,8381,3458,3453,5,6
5,8382,3458,3453,5,6
5,8383,3458,3453,5,6
5,8384,3458,3453,5,6
5,8385,3458,3453,5,6
5,8386,3458,3453,5,6
5,8387,3458,3453,5,6
5,8388,3458,3453,5,6
5,8389,3458,3453,5,6
5,8390,3458,3453,5,6
5,8391,3458,3453,5,6
5,8392,3458,3453,5,6
5,8393,3458,3453,5,6
5,8394,3458,3453,5,6
5,8395,3458,3453,5,6
5,8396,3458,3453,5,6
5,8397,3458,3453,5,6
5,8398,3458,3453,5,6
5,8399,3458,3453,5,6
5,8400,3458,3453,5,6
5,8401,3458,3453,5,6
5,8402,3458,3453,5,6
5,8403,3458,3453,5,6
5,8404,3458,3453,5,6
5,8405,3458,3453,5,6
5,8406,3458,3453,5,6
5,8407,3458,3453,5,6
5,8408,3458,3453,5,6
5,8409,3458,3453,5,6
5,8410,3458,3453,5,6
5,8411,3458,3453,5,6
5,8412,3458,3453,5,6
5,8413,3458,3453,5,6
5,8414,3458,3453,5,6
5,8415,3458,3453,5,6
5,8416,3458,3453,5,6
5,8417,3458,3453,5,6
5,8418,3458,3453,5,6
5,8419,3458,3453,5,6
5,8420,3458,3453,5,6
5,8421,3458,3453,5,6
5,8422,3458,3453,5,6
5,8423,3458,3453,5,6
5,8424,3458,3453,5,6
5,8425,3458,3453,5,6
5,8426,3458,3453,5,6
5,8427,3458,3453,5,6
5,8428,3458,3453,5,6
5,8429,3458,3453,5,6
5,8430,3458,3453,5,6
5,8431,3458,3453,5,6
5,8432,3458,3453,5,6
5,8433,3458,3453,5,6
5,8434,3458,3453,5,6
5,8435,3458,3453,5,6
5,8436,3458,3453,5,6
5,8437,3458,3453,5,6
5,8438,3458,3453,5,6
5,8439,3458,3453,5,6
5,8440,3458,3453,5,6
5,8441,3458,3453,5,6
5,8442,3458,3453,5,6
5,8443,3458,3453,5,6
5,8444,3458,3453,5,6
5,8445,3458,3453,5,6
5,8446,3458,3453,5,6
5,8447,3458,3453,5,6
5,8448,3458,3453,5,6
5,8449,3458,3453,5,6
5,8450,3458,3453,5,6
5,8451,3458,3453,5,6
5,8452,3458,3453,5,6
5,8453,3458,3453,5,6
5,8454,3458,3453,5,6
5,8455,3458,3453,5,6
5,8456,3458,3453,5,6
5,8457,3458,3453,5,6
5,8458,3458,3453,5,6
5,8459,3458,3453,5,6
5,8460,3458,3453,5,6
5,8461,3458,3453,5,6
5,8462,3458,3453,5,6
5,8463,3458,3453,5,6
5,8464,3458,3453,5,6
5,8465,3458,3453,5,6
5,8466,3458,3453,5,6
5,8467,3458,3453,5,6
5,8468,3458,3453,5,6
5,8469,3458,3453,5,6
5,8470,3458,3453,5,6
5,8471,3458,3453,5,6
5,8472,3458,3453,5,6
5,8473,3458,3453,5,6
5,8474,3458,3453,5,6
5,8475,3458,3453,5,6
5,8476,3458,3453,5,6
5,8477,3458,3453,5,6
5,8478,3458,3453,5,6
5,8479,3458,3453,5,6
5,8480,3458,3453,5,6
5,8481,3458,3453,5,6
5,8482,3458,3453,5,6
5,8483,3458,3453,5,6
5,8484,3458,3453,5,6
5,8485,3458,3453,5,6
5,8486,3458,3453,5,6
5,8487,3458,3453,5,6
5,8488,3458,3453,5,6
5,8489,3458,3453,5,6
5,8490,3458,3453,5,6
5,8491,3458,3453,5,6
5,8492,3458,3453,5,6
5,8493,3458,3453,5,6
5,8494,3458,3453,5,6
5,8495,3458,3453,5,6
5,8496,3458,3453,5,6
5,8497,3458,3453,5,6
5,8498,3458,3453,5,6
5,8499,3458,3453,5,6
5,8500,3458,3453,5,6
5,8501,3458,3453,5,6
5,8502,3458,3453,5,6
5,8503,3458,3453,5,6
5,8504,3458,3453,5,6
5,8505,3458,3453,5,6
5,8506,3458,3453,5,6
5,8507,3458,3453,5,6
5,8508,3458,3453,5,6
5,8509,3458,3453,5,6
5,8510,3458,3453,5,6
5,8511,3458,3453,5,6
5,8512,3458,3453,5,6
5,8513,3458,3453,5,6
5,8514,3458,3453,5,6
5,8515,3458,3453,5,6
5,8516,3458,3453,5,6
5,8517,3458,3453,5,6
5,8518,3458,3453,5,6
5,8519,3458,3453,5,6
5,8520,3458,3453,5,6
5,8521,3458,3453,5,6
5,8522,3458,3453,5,6
5,8523,3458,3453,5,6
5,8524,3458,3453,5,6
5,8525,3458,3453,5,6
5,8526,3458,3453,5,6
5,8527,3458,3453,5,6
5,8528,3458,3453,5,6
5,8529,3458,3453,5,6
5,8530,3458,3453,5,6
5,8531,3458,3453,5,6
5,8532,3458,3453,5,6
5,8533,3458,3453,5,6
5,8534,3458,3453,5,6
5,8535,3458,3453,5,6
5,8536,3458,3453,5,6
5,8537,3458,3453,5,6
5,8538,3458,3453,5,6
5,8539,3458,3453,5,6
5,8540,3458,3453,5,6
5,8541,3458,3453,5,6
5,8542,3458,3453,5,6
5,8543,3458,3453,5,6
5,8544,3458,3453,5,6
5,8545,3458,3453,5,6
5,8546,3458,3453,5,6
5,8547,3458,3453,5,6
5,8548,3458,3453,5,6
5,8549,3458,3453,5,6
5,8550,3458,3453,5,6
5,8551,3458,3453,5,6
5,8552,3458,3453,5,6
5,8553,3458,3453,5,6
5,8554,3458,3453,5,6
5,8555,3458,3453,5,6
5,8556,3458,3453,5,6
5,8557,3458,3453,5,6
5,8558,3458,3453,5,6
5,8559,3458,3453,5,6
5,8560,3458,3453,5,6
5,8561,3458,3453,5,6
5,8562,3458,3453,5,6
5,8563,3458,3453,5,6
5,8564,3458,3453,5,6
5,8565,3458,3453,5,6
5,8566,3458,3453,5,6
5,8567,3458,3453,5,6
5,8568,3458,3453,5,6
5,8569,3458,3453,5,6
5,8570,3458,3453,5,6
5,8571,3458,3453,5,6
5,8572,3458,3453,5,6
5,8573,3458,3453,5,6
5,8574,3458,3453,5,6
5,8575,3458,3453,5,6
5,8576,3458,3453,5,6
5,8577,3458,3453,5,6
5,8578,3458,3453,5,6
5,8579,3458,3453,5,6
5,8580,3458,3453,5,6
5,8581,3458,3453,5,6
5,8582,3458,3453,5,6
5,8583,3458,3453,5,6
5,8584,3458,3453,5,6
5,8585,3458,3453,5,6
5,8586,3458,3453,5,6
5,8587,3458,3453,5,6
5,8588,3458,3453,5,6
5,8589,3458,3453,5,6
5,8590,3458,3453,5,6
5,8591,3458,3453,5,6
5,8592,3458,3453,5,6
5,8593,3458,3453,5,6
5,8594,3458,3453,5,6
5,8595,3458,3453,5,6
5,8596,3458,3453,5,6
5,8597,3458,3453,5,6
5,8598,3458,3453,5,6
5,8599,3458,3453,5,6
5,8600,3458,3453,5,6
5,8601,3458,3453,5,6
5,8602,3458,3453,5,6
5,8603,3458,3453,5,6
5,8604,3458,3453,5,6
5,8605,3458,3453,5,6
5,8606,3458,3453,5,6
5,8607,3458,3453,5,6
5,8608,3458,3453,5,6
5,8609,3458,3453,5,6
5,8610,3458,3453,5,6
5,8611,3458,3453,5,6
5,8612,3458,3453,5,6
5,8613,3458,3453,5,6
5,8614,3458,3453,5,6
5,8615,3458,3453,5,6
5,8616,3458,3453,5,6
5,8617,3458,3453,5,6
5,8618,3458,3453,5,6
5,8619,3458,3453,5,6
5,8620,3458,3453,5,6
5,8621,3458,3453,5,6
5,8622,3458,3453,5,6
5,8623,3458,3453,5,6
5,8624,3458,3453,5,6
5,8625,3458,3453,5,6
5,8626,3458,3453,5,6
5,8627,3458,3453,5,6
5,8628,3458,3453,5,6
5,8629,3458,3453,5,6
5,8630,3458,3453,5,6
5,8631,3458,3453,5,6
5,8632,3458,3453,5,6
5,8633,3458,3453,5,6
5,8634,3458,3453,5,6
5,8635,3458,3453,5,6
5,8636,3458,3453,5,6
5,8637,3458,3453,5,6
5,8638,3458,3453,5,6
5,8639,3458,3453,5,6
5,8640,3458,3453,5,6
5,8641,3458,3453,5,6
5,8642,3458,3453,5,6
5,8643,3458,3453,5,6
5,8644,3458,3453,5,6
5,8645,3458,3453,5,6
5,8646,3458,3453,5,6
5,8647,3458,3453,5,6
5,8648,3458,3453,5,6
5,8649,3458,3453,5,6
5,8650,3458,3453,5,6
5,8651,3458,3453,5,6
5,8652,3458,3453,5,6
5,8653,3458,3453,5,6
5,8654,3458,3453,5,6
5,8655,3458,3453,5,6
5,8656,3458,3453,5,6
5,8657,3458,3453,5,6
5,8658,3458,3453,5,6
5,8659,3458,3453,5,6
5,8660,3458,3453,5,6
5,8661,3458,3453,5,6
5,8662,3458,3453,5,6
5,8663,3458,3453,5,6
5,8664,3458,3453,5,6
5,8665,3458,3453,5,6
5,8666,3458,3453,5,6
5,8667,3458,3453,5,6
5,8668,3458,3453,5,6
5,8669,3458,3453,5,6
5,8670,3458,3453,5,6
5,8671,3458,3453,5,6
5,8672,3458,3453,5,6
5,8673,3458,3453,5,6
5,8674,3458,3453,5,6
5,8675,3458,3453,5,6
5,8676,3458,3453,5,6
5,8677,3458,3453,5,6
5,8678,3458,3453,5,6
5,8679,3458,3453,5,6
5,8680,3458,3453,5,6
5,8681,3458,3453,5,6
5,8682,3458,3453,5,6
5,8683,3458,3453,5,6
5,8684,3458,3453,5,6
5,8685,3458,3453,5,6
5,8686,3458,3453,5,6
5,8687,3458,3453,5,6
5,8688,3458,3453,5,6
5,8689,3458,3453,5,6
5,8690,3458,3453,5,6
5,8691,3458,3453,5,6
5,8692,3458,3453,5,6
5,8693,3458,3453,5,6
5,8694,3458,3453,5,6
5,8695,3458,3453,5,6
5,8696,3458,3453,5,6
5,8697,3458,3453,5,6
5,8698,3458,3453,5,6
5,8699,3458,3453,5,6
5,8700,3458,3453,5,6
5,8701,3458,3453,5,6
5,8702,3458,3453,5,6
5,8703,3458,3453,5,6
5,8704,3458,3453,5,6
5,8705,3458,3453,5,6
5,8706,3458,3453,5,6
5,8707,3458,3453,5,6
5,8708,3458,3453,5,6
5,8709,3458,3453,5,6
5,8710,3458,3453,5,6
5,8711,3458,3453,5,6
5,8712,3458,3453,5,6
5,8713,3458,3453,5,6
5,8714,3458,3453,5,6
5,8715,3458,3453,5,6
5,8716,3458,3453,5,6
5,8717,3458,3453,5,6
5,8718,3458,3453,5,6
5,8719,3458,3453,5,6
5,8720,3458,3453,5,6
5,8721,3458,3453,5,6
5,8722,3458,3453,5,6
5,8723,3458,3453,5,6
5,8724,3458,3453,5,6
5,8725,3458,3453,5,6
5,8726,3458,3453,5,6
5,8727,3458,3453,5,6
5,8728,3458,3453,5,6
5,8729,3458,3453,5,6
5,8730,3458,3453,5,6
5,8731,3458,3453,5,6
5,8732,3458,3453,5,6
5,8733,3458,3453,5,6
5,8734,3458,3453,5,6
5,8735,3458,3453,5,6
5,8736,3458,3453,5,6
5,8737,3458,3453,5,6
5,8738,3458,3453,5,6
5,8739,3458,3453,5,6
5,8740,3458,3453,5,6
5,8741,3458,3453,5,6
5,8742,3458,3453,5,6
5,8743,3458,3453,5,6
5,8744,3458,3453,5,6
5,8745,3458,3453,5,6
5,8746,3458,3453,5,6
5,8747,3458,3453,5,6
5,8748,3458,3453,5,6
5,8749,3458,3453,5,6
5,8750,3458,3453,5,6
5,8751,3458,3453,5,6
5,8752,3458,3453,5,6
5,8753,3458,3453,5,6
5,8754,3458,3453,5,6
5,8755,3458,3453,5,6
5,8756,3458,3453,5,6
5,8757,3458,3453,5,6
5,8758,3458,3453,5,6
5,8759,3458,3453,5,6
5,8760,3458,3453,5,6
5,8761,3458,3453,5,6
5,8762,3458,3453,5,6
5,8763,3458,3453,5,6
5,8764,3458,3453,5,6
5,8765,3458,3453,5,6
5,8766,3458,3453,5,6
5,8767,3458,3453,5,6
5,8768,3458,3453,5,6
5,8769,3458,3453,5,6
5,8770,3458,3453,5,6
5,8771,3458,3453,5,6
5,8772,3458,3453,5,6
5,8773,3458,3453,5,6
5,8774,3458,3453,5,6
5,8775,3458,3453,5,6
5,8776,3458,3453,5,6
5,8777,3458,3453,5,6
5,8778,3458,3453,5,6
5,8779,3458,3453,5,6
5,8780,3458,3453,5,6
5,8781,3458,3453,5,6
5,8782,3458,3453,5,6
5,8783,3458,3453,5,6
5,8784,3458,3453,5,6
5,8785,3458,3453,5,6
5,8786,3458,3453,5,6
5,8787,3458,3453,5,6
5,8788,3458,3453,5,6
5,8789,3458,3453,5,6
5,8790,3458,3453,5,6
5,8791,3458,3453,5,6
5,8792,3458,3453,5,6
5,8793,3458,3453,5,6
5,8794,3458,3453,5,6
5,8795,3458,3453,5,6
5,8796,3458,3453,5,6
5,8797,3458,3453,5,6
5,8798,3458,3453,5,6
5,8799,3458,3453,5,6
5,8800,3458,3453,5,6
5,8801,3458,3453,5,6
5,8802,3458,3453,5,6
5,8803,3458,3453,5,6
5,8804,3458,3453,5,6
5,8805,3458,3453,5,6
5,8806,3458,3453,5,6
5,8807,3458,3453,5,6
5,8808,3458,3453,5,6
5,8809,3458,3453,5,6
5,8810,3458,3453,5,6
5,8811,3458,3453,5,6
5,8812,3458,3453,5,6
5,8813,3458,3453,5,6
5,8814,3458,3453,5,6
5,8815,3458,3453,5,6
5,8816,3458,3453,5,6
5,8817,3458,3453,5,6
5,8818,3458,3453,5,6
5,8819,3458,3453,5,6
5,8820,3458,3453,5,6
5,8821,3458,3453,5,6
5,8822,3458,3453,5,6
5,8823,3458,3453,5,6
5,8824,3458,3453,5,6
5,8825,3458,3453,5,6
5,8826,3458,3453,5,6
5,8827,3458,3453,5,6
5,8828,3458,3453,5,6
5,8829,3458,3453,5,6
5,8830,3458,3453,5,6
5,8831,3458,3453,5,6
5,8832,3458,3453,5,6
5,8833,3458,3453,5,6
5,8834,3458,3453,5,6
5,8835,3458,3453,5,6
5,8836,3458,3453,5,6
5,8837,3458,3453,5,6
5,8838,3458,3453,5,6
5,8839,3458,3453,5,6
5,8840,3458,3453,5,6
5,8841,3458,3453,5,6
5,8842,3458,3453,5,6
5,8843,3458,3453,5,6
5,8844,3458,3453,5,6
5,8845,3458,3453,5,6
5,8846,3458,3453,5,6
5,8847,3458,3453,5,6
5,8848,3458,3453,5,6
5,8849,3458,3453,5,6
5,8850,3458,3453,5,6
5,8851,3458,3453,5,6
5,8852,3458,3453,5,6
5,8853,3458,3453,5,6
5,8854,3458,3453,5,6
5,8855,3458,3453,5,6
5,8856,3458,3453,5,6
5,8857,3458,3453,5,6
5,8858,3458,3453,5,6
5,8859,3458,3453,5,6
5,8860,3458,3453,5,6
5,8861,3458,3453,5,6
5,8862,3458,3453,5,6
5,8863,3458,3453,5,6
5,8864,3458,3453,5,6
5,8865,3458,3453,5,6
5,8866,3458,3453,5,6
5,8867,3458,3453,5,6
5,8868,3458,3453,5,6
5,8869,3458,3453,5,6
5,8870,3458,3453,5,6
5,8871,3458,3453,5,6
5,8872,3458,3453,5,6
5,8873,3458,3453,5,6
5,8874,3458,3453,5,6
5,8875,3458,3453,5,6
5,8876,3458,3453,5,6
5,8877,3458,3453,5,6
5,8878,3458,3453,5,6
5,8879,3458,3453,5,6
5,8880,3458,3453,5,6
5,8881,3458,3453,5,6
5,8882,3458,3453,5,6
5,8883,3458,3453,5,6
5,8884,3458,3453,5,6
5,8885,3458,3453,5,6
5,8886,3458,3453,5,6
5,8887,3458,3453,5,6
5,8888,3458,3453,5,6
5,8889,3458,3453,5,6
5,8890,3458,3453,5,6
5,8891,3458,3453,5,6
5,8892,3458,3453,5,6
5,8893,3458,3453,5,6
5,8894,3458,3453,5,6
5,8895,3458,3453,5,6
5,8896,3458,3453,5,6
5,8897,3458,3453,5,6
5,8898,3458,3453,5,6
5,8899,3458,3453,5,6
5,8900,3458,3453,5,6
5,8901,3458,3453,5,6
5,8902,3458,3453,5,6
5,8903,3458,3453,5,6
5,8904,3458,3453,5,6
5,8905,3458,3453,5,6
5,8906,3458,3453,5,6
5,8907,3458,3453,5,6
5,8908,3458,3453,5,6
5,8909,3458,3453,5,6
5,8910,3458,3453,5,6
5,8911,3458,3453,5,6
5,8912,3458,3453,5,6
5,8913,3458,3453,5,6
5,8914,3458,3453,5,6
5,8915,3458,3453,5,6
5,8916,3458,3453,5,6
5,8917,3458,3453,5,6
5,8918,3458,3453,5,6
5,8919,3458,3453,5,6
5,8920,3458,3453,5,6
5,8921,3458,3453,5,6
5,8922,3458,3453,5,6
5,8923,3458,3453,5,6
5,8924,3458,3453,5,6
5,8925,3458,3453,5,6
5,8926,3458,3453,5,6
5,8927,3458,3453,5,6
5,8928,3458,3453,5,6
5,8929,3458,3453,5,6
5,8930,3458,3453,5,6
5,8931,3458,3453,5,6
5,8932,3458,3453,5,6
5,8933,3458,3453,5,6
5,8934,3458,3453,5,6
5,8935,3458,3453,5,6
5,8936,3458,3453,5,6
5,8937,3458,3453,5,6
5,8938,3458,3453,5,6
5,8939,3458,3453,5,6
5,8940,3458,3453,5,6
5,8941,3458,3453,5,6
5,8942,3458,3453,5,6
5,8943,3458,3453,5,6
5,8944,3458,3453,5,6
5,8945,3458,3453,5,6
5,8946,3458,3453,5,6
5,8947,3458,3453,5,6
5,8948,3458,3453,5,6
5,8949,3458,3453,5,6
5,8950,3458,3453,5,6
5,8951,3458,3453,5,6
5,8952,3458,3453,5,6
5,8953,3458,3453,5,6
5,8954,3458,3453,5,6
5,8955,3458,3453,5,6
5,8956,3458,3453,5,6
5,8957,3458,3453,5,6
5,8958,3458,3453,5,6
5,8959,3458,3453,5,6
5,8960,3458,3453,5,6
5,8961,3458,3453,5,6
5,8962,3458,3453,5,6
5,8963,3458,3453,5,6
5,8964,3458,3453,5,6
5,8965,3458,3453,5,6
5,8966,3458,3453,5,6
5,8967,3458,3453,5,6
5,8968,3458,3453,5,6
5,8969,3458,3453,5,6
5,8970,3458,3453,5,6
5,8971,3458,3453,5,6
5,8972,3458,3453,5,6
5,8973,3458,3453,5,6
5,8974,3458,3453,5,6
5,8975,3458,3453,5,6
5,8976,3458,3453,5,6
5,8977,3458,3453,5,6
5,8978,3458,3453,5,6
5,8979,3458,3453,5,6
5,8980,3458,3453,5,6
5,8981,3458,3453,5,6
5,8982,3458,3453,5,6
5,8983,3458,3453,5,6
5,8984,3458,3453,5,6
5,8985,3458,3453,5,6
5,8986,3458,3453,5,6
5,8987,3458,3453,5,6
5,8988,3458,3453,5,6
5,8989,3458,3453,5,6
5,8990,3458,3453,5,6
5,8991,3458,3453,5,6
5,8992,3458,3453,5,6
5,8993,3458,3453,5,6
5,8994,3458,3453,5,6
5,8995,3458,3453,5,6
5,8996,3458,3453,5,6
5,8997,3458,3453,5,6
5,8998,3458,3453,5,6
5,8999,3458,3453,5,6
5,9000,3458,3453,5,6
5,9001,3458,3453,5,6
5,9002,3458,3453,5,6
5,9003,3458,3453,5,6
5,9004,3458,3453,5,6
5,9005,3458,3453,5,6
5,9006,3458,3453,5,6
5,9007,3458,3453,5,6
5,9008,3458,3453,5,6
5,9009,3458,3453,5,6
5,9010,3458,3453,5,6
5,9011,3458,3453,5,6
5,9012,3458,3453,5,6
5,9013,3458,3453,5,6
5,9014,3458,3453,5,6
5,9015,3458,3453,5,6
5,9016,3458,3453,5,6
5,9017,3458,3453,5,6
5,9018,3458,3453,5,6
5,9019,3458,3453,5,6
5,9020,3458,3453,5,6
5,9021,3458,3453,5,6
5,9022,3458,3453,5,6
5,9023,3458,3453,5,6
5,9024,3458,3453,5,6
5,9025,3458,3453,5,6
5,9026,3458,3453,5,6
5,9027,3458,3453,5,6
5,9028,3458,3453,5,6
5,9029,3458,3453,5,6
5,9030,3458,3453,5,6
5,9031,3458,3453,5,6
5,9032,3458,3453,5,6
5,9033,3458,3453,5,6
5,9034,3458,3453,5,6
5,9035,3458,3453,5,6
5,9036,3458,3453,5,6
5,9037,3458,3453,5,6
5,9038,3458,3453,5,6
5,9039,3458,3453,5,6
5,9040,3458,3453,5,6
5,9041,3458,3453,5,6
5,9042,3458,3453,5,6
5,9043,3458,3453,5,6
5,9044,3458,3453,5,6
5,9045,3458,3453,5,6
5,9046,3458,3453,5,6
5,9047,3458,3453,5,6
5,9048,3458,3453,5,6
5,9049,3458,3453,5,6
5,9050,3458,3453,5,6
5,9051,3458,3453,5,6
5,9052,3458,3453,5,6
5,9053,3458,3453,5,6
5,9054,3458,3453,5,6
5,9055,3458,3453,5,6
5,9056,3458,3453,5,6
5,9057,3458,3453,5,6
5,9058,3458,3453,5,6
5,9059,3458,3453,5,6
5,9060,3458,3453,5,6
5,9061,3458,3453,5,6
5,9062,3458,3453,5,6
5,9063,3458,3453,5,6
5,9064,3458,3453,5,6
5,9065,3458,3453,5,6
5,9066,3458,3453,5,6
5,9067,3458,3453,5,6
5,9068,3458,3453,5,6
5,9069,3458,3453,5,6
5,9070,3458,3453,5,6
5,9071,3458,3453,5,6
5,9072,3458,3453,5,6
5,9073,3458,3453,5,6
5,9074,3458,3453,5,6
5,9075,3458,3453,5,6
5,9076,3458,3453,5,6
5,9077,3458,3453,5,6
5,9078,3458,3453,5,6
5,9079,3458,3453,5,6
5,9080,3458,3453,5,6
5,9081,3458,3453,5,6
5,9082,3458,3453,5,6
5,9083,3458,3453,5,6
5,9084,3458,3453,5,6
5,9085,3458,3453,5,6
5,9086,3458,3453,5,6
5,9087,3458,3453,5,6
5,9088,3458,3453,5,6
5,9089,3458,3453,5,6
5,9090,3458,3453,5,6
5,9091,3458,3453,5,6
5,9092,3458,3453,5,6
5,9093,3458,3453,5,6
5,9094,3458,3453,5,6
5,9095,3458,3453,5,6
5,9096,3458,3453,5,6
5,9097,3458,3453,5,6
5,9098,3458,3453,5,6
5,9099,3458,3453,5,6
5,9100,3458,3453,5,6
5,9101,3458,3453,5,6
5,9102,3458,3453,5,6
5,9103,3458,3453,5,6
5,9104,3458,3453,5,6
5,9105,3458,3453,5,6
5,9106,3458,3453,5,6
5,9107,3458,3453,5,6
5,9108,3458,3453,5,6
5,9109,3458,3453,5,6
5,9110,3458,3453,5,6
5,9111,3458,3453,5,6
5,9112,3458,3453,5,6
5,9113,3458,3453,5,6
5,9114,3458,3453,5,6
5,9115,3458,3453,5,6
5,9116,3458,3453,5,6
5,9117,3458,3453,5,6
5,9118,3458,3453,5,6
5,9119,3458,3453,5,6
5,9120,3458,3453,5,6
5,9121,3458,3453,5,6
5,9122,3458,3453,5,6
5,9123,3458,3453,5,6
5,9124,3458,3453,5,6
5,9125,3458,3453,5,6
5,9126,3458,3453,5,6
5,9127,3458,3453,5,6
5,9128,3458,3453,5,6
5,9129,3458,3453,5,6
5,9130,3458,3453,5,6
5,9131,3458,3453,5,6
5,9132,3458,3453,5,6
5,9133,3458,3453,5,6
5,9134,3458,3453,5,6
5,9135,3458,3453,5,6
5,9136,3458,3453,5,6
5,9137,3458,3453,5,6
5,9138,3458,3453,5,6
5,9139,3458,3453,5,6
5,9140,3458,3453,5,6
5,9141,3458,3453,5,6
5,9142,3458,3453,5,6
5,9143,3458,3453,5,6
5,9144,3458,3453,5,6
5,9145,3458,3453,5,6
5,9146,3458,3453,5,6
5,9147,3458,3453,5,6
5,9148,3458,3453,5,6
5,9149,3458,3453,5,6
5,9150,3458,3453,5,6
5,9151,3458,3453,5,6
5,9152,3458,3453,5,6
5,9153,3458,3453,5,6
5,9154,3458,3453,5,6
5,9155,3458,3453,5,6
5,9156,3458,3453,5,6
5,9157,3458,3453,5,6
5,9158,3458,3453,5,6
5,9159,3458,3453,5,6
5,9160,3458,3453,5,6
5,9161,3458,3453,5,6
5,9162,3458,3453,5,6
5,9163,3458,3453,5,6
5,9164,3458,3453,5,6
5,9165,3458,3453,5,6
5,9166,3458,3453,5,6
5,9167,3458,3453,5,6
5,9168,3458,3453,5,6
5,9169,3458,3453,5,6
5,9170,3458,3453,5,6
5,9171,3458,3453,5,6
5,9172,3458,3453,5,6
5,9173,3458,3453,5,6
5,9174,3458,3453,5,6
5,9175,3458,3453,5,6
5,9176,3458,3453,5,6
5,9177,3458,3453,5,6
5,9178,3458,3453,5,6
5,9179,3458,3453,5,6
5,9180,3458,3453,5,6
5,9181,3458,3453,5,6
5,9182,3458,3453,5,6
5,9183,3458,3453,5,6
5,9184,3458,3453,5,6
5,9185,3458,3453,5,6
5,9186,3458,3453,5,6
5,9187,3458,3453,5,6
5,9188,3458,3453,5,6
5,9189,3458,3453,5,6
5,9190,3458,3453,5,6
5,9191,3458,3453,5,6
5,9192,3458,3453,5,6
5,9193,3458,3453,5,6
5,9194,3458,3453,5,6
5,9195,3458,3453,5,6
5,9196,3458,3453,5,6
5,9197,3458,3453,5,6
5,9198,3458,3453,5,6
5,9199,3458,3453,5,6
5,9200,3458,3453,5,6
5,9201,3458,3453,5,6
5,9202,3458,3453,5,6
5,9203,3458,3453,5,6
5,9204,3458,3453,5,6
5,9205,3458,3453,5,6
5,9206,3458,3453,5,6
5,9207,3458,3453,5,6
5,9208,3458,3453,5,6
5,9209,3458,3453,5,6
5,9210,3458,3453,5,6
5,9211,3458,3453,5,6
5,9212,3458,3453,5,6
5,9213,3458,3453,5,6
5,9214,3458,3453,5,6
5,9215,3458,3453,5,6
5,9216,3458,3453,5,6
5,9217,3458,3453,5,6
5,9218,3458,3453,5,6
5,9219,3458,3453,5,6
5,9220,3458,3453,5,6
5,9221,3458,3453,5,6
5,9222,3458,3453,5,6
5,9223,3458,3453,5,6
5,9224,3458,3453,5,6
5,9225,3458,3453,5,6
5,9226,3458,3453,5,6
5,9227,3458,3453,5,6
5,9228,3458,3453,5,6
5,9229,3458,3453,5,6
5,9230,3458,3453,5,6
5,9231,3458,3453,5,6
5,9232,3458,3453,5,6
5,9233,3458,3453,5,6
5,9234,3458,3453,5,6
5,9235,3458,3453,5,6
5,9236,3458,3453,5,6
5,9237,3458,3453,5,6
5,9238,3458,3453,5,6
5,9239,3458,3453,5,6
5,9240,3458,3453,5,6
5,9241,3458,3453,5,6
5,9242,3458,3453,5,6
5,9243,3458,3453,5,6
5,9244,3458,3453,5,6
5,9245,3458,3453,5,6
5,9246,3458,3453,5,6
5,9247,3458,3453,5,6
5,9248,3458,3453,5,6
5,9249,3458,3453,5,6
5,9250,3458,3453,5,6
5,9251,3458,3453,5,6
5,9252,3458,3453,5,6
5,9253,3458,3453,5,6
5,9254,3458,3453,5,6
5,9255,3458,3453,5,6
5,9256,3458,3453,5,6
5,9257,3458,3453,5,6
5,9258,3458,3453,5,6
5,9259,3458,3453,5,6
5,9260,3458,3453,5,6
5,9261,3458,3453,5,6
5,9262,3458,3453,5,6
5,9263,3458,3453,5,6
5,9264,3458,3453,5,6
5,9265,3458,3453,5,6
5,9266,3458,3453,5,6
5,9267,3458,3453,5,6
5,9268,3458,3453,5,6
5,9269,3458,3453,5,6
5,9270,3458,3453,5,6
5,9271,3458,3453,5,6
5,9272,3458,3453,5,6
5,9273,3458,3453,5,6
5,9274,3458,3453,5,6
5,9275,3458,3453,5,6
5,9276,3458,3453,5,6
5,9277,3458,3453,5,6
5,9278,3458,3453,5,6
5,9279,3458,3453,5,6
5,9280,3458,3453,5,6
5,9281,3458,3453,5,6
5,9282,3458,3453,5,6
5,9283,3458,3453,5,6
5,9284,3458,3453,5,6
5,9285,3458,3453,5,6
5,9286,3458,3453,5,6
5,9287,3458,3453,5,6
5,9288,3458,3453,5,6
5,9289,3458,3453,5,6
5,9290,3458,3453,5,6
5,9291,3458,3453,5,6
5,9292,3458,3453,5,6
5,9293,3458,3453,5,6
5,9294,3458,3453,5,6
5,9295,3458,3453,5,6
5,9296,3458,3453,5,6
5,9297,3458,3453,5,6
5,9298,3458,3453,5,6
5,9299,3458,3453,5,6
5,9300,3458,3453,5,6
5,9301,3458,3453,5,6
5,9302,3458,3453,5,6
5,9303,3458,3453,5,6
5,9304,3458,3453,5,6
5,9305,3458,3453,5,6
5,9306,3458,3453,5,6
5,9307,3458,3453,5,6
5,9308,3458,3453,5,6
5,9309,3458,3453,5,6
5,9310,3458,3453,5,6
5,9311,3458,3453,5,6
5,9312,3458,3453,5,6
5,9313,3458,3453,5,6
5,9314,3458,3453,5,6
5,9315,3458,3453,5,6
5,9316,3458,3453,5,6
5,9317,3458,3453,5,6
5,9318,3458,3453,5,6
5,9319,3458,3453,5,6
5,9320,3458,3453,5,6
5,9321,3458,3453,5,6
5,9322,3458,3453,5,6
5,9323,3458,3453,5,6
5,9324,3458,3453,5,6
5,9325,3458,3453,5,6
5,9326,3458,3453,5,6
5,9327,3458,3453,5,6
5,9328,3458,3453,5,6
5,9329,3458,3453,5,6
5,9330,3458,3453,5,6
5,9331,3458,3453,5,6
5,9332,3458,3453,5,6
5,9333,3458,3453,5,6
5,9334,3458,3453,5,6
5,9335,3458,3453,5,6
5,9336,3458,3453,5,6
5,9337,3458,3453,5,6
5,9338,3458,3453,5,6
5,9339,3458,3453,5,6
5,9340,3458,3453,5,6
5,9341,3458,3453,5,6
5,9342,3458,3453,5,6
5,9343,3458,3453,5,6
5,9344,3458,3453,5,6
5,9345,3458,3453,5,6
5,9346,3458,3453,5,6
5,9347,3458,3453,5,6
5,9348,3458,3453,5,6
5,9349,3458,3453,5,6
5,9350,3458,3453,5,6
5,9351,3458,3453,5,6
5,9352,3458,3453,5,6
5,9353,3458,3453,5,6
5,9354,3458,3453,5,6
5,9355,3458,3453,5,6
5,9356,3458,3453,5,6
5,9357,3458,3453,5,6
5,9358,3458,3453,5,6
5,9359,3458,3453,5,6
5,9360,3458,3453,5,6
5,9361,3458,3453,5,6
5,9362,3458,3453,5,6
5,9363,3458,3453,5,6
5,9364,3458,3453,5,6
5,9365,3458,3453,5,6
5,9366,3458,3453,5,6
5,9367,3458,3453,5,6
5,9368,3458,3453,5,6
5,9369,3458,3453,5,6
5,9370,3458,3453,5,6
5,9371,3458,3453,5,6
5,9372,3458,3453,5,6
5,9373,3458,3453,5,6
5,9374,3458,3453,5,6
5,9375,3458,3453,5,6
5,9376,3458,3453,5,6
5,9377,3458,3453,5,6
5,9378,3458,3453,5,6
5,9379,3458,3453,5,6
5,9380,3458,3453,5,6
5,9381,3458,3453,5,6
5,9382,3458,3453,5,6
5,9383,3458,3453,5,6
5,9384,3458,3453,5,6
5,9385,3458,3453,5,6
5,9386,3458,3453,5,6
5,9387,3458,3453,5,6
5,9388,3458,3453,5,6
5,9389,3458,3453,5,6
5,9390,3458,3453,5,6
5,9391,3458,3453,5,6
5,9392,3458,3453,5,6
5,9393,3458,3453,5,6
5,9394,3458,3453,5,6
5,9395,3458,3453,5,6
5,9396,3458,3453,5,6
5,9397,3458,3453,5,6
5,9398,3458,3453,5,6
5,9399,3458,3453,5,6
5,9400,3458,3453,5,6
5,9401,3458,3453,5,6
5,9402,3458,3453,5,6
5,9403,3458,3453,5,6
5,9404,3458,3453,5,6
5,9405,3458,3453,5,6
5,9406,3458,3453,5,6
5,9407,3458,3453,5,6
5,9408,3458,3453,5,6
5,9409,3458,3453,5,6
5,9410,3458,3453,5,6
5,9411,3458,3453,5,6
5,9412,3458,3453,5,6
5,9413,3458,3453,5,6
5,9414,3458,3453,5,6
5,9415,3458,3453,5,6
5,9416,3458,3453,5,6
5,9417,3458,3453,5,6
5,9418,3458,3453,5,6
5,9419,3458,3453,5,6
5,9420,3458,3453,5,6
5,9421,3458,3453,5,6
5,9422,3458,3453,5,6
5,9423,3458,3453,5,6
5,9424,3458,3453,5,6
5,9425,3458,3453,5,6
5,9426,3458,3453,5,6
5,9427,3458,3453,5,6
5,9428,3458,3453,5,6
5,9429,3458,3453,5,6
5,9430,3458,3453,5,6
5,9431,3458,3453,5,6
5,9432,3458,3453,5,6
5,9433,3458,3453,5,6
5,9434,3458,3453,5,6
5,9435,3458,3453,5,6
5,9436,3458,3453,5,6
5,9437,3458,3453,5,6
5,9438,3458,3453,5,6
5,9439,3458,3453,5,6
5,9440,3458,3453,5,6
5,9441,3458,3453,5,6
5,9442,3458,3453,5,6
5,9443,3458,3453,5,6
5,9444,3458,3453,5,6
5,9445,3458,3453,5,6
5,9446,3458,3453,5,6
5,9447,3458,3453,5,6
5,9448,3458,3453,5,6
5,9449,3458,3453,5,6
5,9450,3458,3453,5,6
5,9451,3458,3453,5,6
5,9452,3458,3453,5,6
5,9453,3458,3453,5,6
5,9454,3458,3453,5,6
5,9455,3458,3453,5,6
5,9456,3458,3453,5,6
5,9457,3458,3453,5,6
5,9458,3458,3453,5,6
5,9459,3458,3453,5,6
5,9460,3458,3453,5,6
5,9461,3458,3453,5,6
5,9462,3458,3453,5,6
5,9463,3458,3453,5,6
5,9464,3458,3453,5,6
5,9465,3458,3453,5,6
5,9466,3458,3453,5,6
5,9467,3458,3453,5,6
5,9468,3458,3453,5,6
5,9469,3458,3453,5,6
5,9470,3458,3453,5,6
5,9471,3458,3453,5,6
5,9472,3458,3453,5,6
5,9473,3458,3453,5,6
5,9474,3458,3453,5,6
5,9475,3458,3453,5,6
5,9476,3458,3453,5,6
5,9477,3458,3453,5,6
5,9478,3458,3453,5,6
5,9479,3458,3453,5,6
5,9480,3458,3453,5,6
5,9481,3458,3453,5,6
5,9482,3458,3453,5,6
5,9483,3458,3453,5,6
5,9484,3458,3453,5,6
5,9485,3458,3453,5,6
5,9486,3458,3453,5,6
5,9487,3458,3453,5,6
5,9488,3458,3453,5,6
5,9489,3458,3453,5,6
5,9490,3458,3453,5,6
5,9491,3458,3453,5,6
5,9492,3458,3453,5,6
5,9493,3458,3453,5,6
5,9494,3458,3453,5,6
5,9495,3458,3453,5,6
5,9496,3458,3453,5,6
5,9497,3458,3453,5,6
5,9498,3458,3453,5,6
5,9499,3458,3453,5,6
5,9500,3458,3453,5,6
5,9501,3458,3453,5,6
5,9502,3458,3453,5,6
5,9503,3458,3453,5,6
5,9504,3458,3453,5,6
5,9505,3458,3453,5,6
5,9506,3458,3453,5,6
5,9507,3458,3453,5,6
5,9508,3458,3453,5,6
5,9509,3458,3453,5,6
5,9510,3458,3453,5,6
5,9511,3458,3453,5,6
5,9512,3458,3453,5,6
5,9513,3458,3453,5,6
5,9514,3458,3453,5,6
5,9515,3458,3453,5,6
5,9516,3458,3453,5,6
5,9517,3458,3453,5,6
5,9518,3458,3453,5,6
5,9519,3458,3453,5,6
5,9520,3458,3453,5,6
5,9521,3458,3453,5,6
5,9522,3458,3453,5,6
5,9523,3458,3453,5,6
5,9524,3458,3453,5,6
5,9525,3458,3453,5,6
5,9526,3458,3453,5,6
5,9527,3458,3453,5,6
5,9528,3458,3453,5,6
5,9529,3458,3453,5,6
5,9530,3458,3453,5,6
5,9531,3458,3453,5,6
5,9532,3458,3453,5,6
5,9533,3458,3453,5,6
5,9534,3458,3453,5,6
5,9535,3458,3453,5,6
5,9536,3458,3453,5,6
5,9537,3458,3453,5,6
5,9538,3458,3453,5,6
5,9539,3458,3453,5,6
5,9540,3458,3453,5,6
5,9541,3458,3453,5,6
5,9542,3458,3453,5,6
5,9543,3458,3453,5,6
5,9544,3458,3453,5,6
5,9545,3458,3453,5,6
5,9546,3458,3453,5,6
5,9547,3458,3453,5,6
5,9548,3458,3453,5,6
5,9549,3458,3453,5,6
5,9550,3458,3453,5,6
5,9551,3458,3453,5,6
5,9552,3458,3453,5,6
5,9553,3458,3453,5,6
5,9554,3458,3453,5,6
5,9555,3458,3453,5,6
5,9556,3458,3453,5,6
5,9557,3458,3453,5,6
5,9558,3458,3453,5,6
5,9559,3458,3453,5,6
5,9560,3458,3453,5,6
5,9561,3458,3453,5,6
5,9562,3458,3453,5,6
5,9563,3458,3453,5,6
5,9564,3458,3453,5,6
5,9565,3458,3453,5,6
5,9566,3458,3453,5,6
5,9567,3458,3453,5,6
5,9568,3458,3453,5,6
5,9569,3458,3453,5,6
5,9570,3458,3453,5,6
5,9571,3458,3453,5,6
5,9572,3458,3453,5,6
5,9573,3458,3453,5,6
5,9574,3458,3453,5,6
5,9575,3458,3453,5,6
5,9576,3458,3453,5,6
5,9577,3458,3453,5,6
5,9578,3458,3453,5,6
5,9579,3458,3453,5,6
5,9580,3458,3453,5,6
5,9581,3458,3453,5,6
5,9582,3458,3453,5,6
5,9583,3458,3453,5,6
5,9584,3458,3453,5,6
5,9585,3458,3453,5,6
5,9586,3458,3453,5,6
5,9587,3458,3453,5,6
5,9588,3458,3453,5,6
5,9589,3458,3453,5,6
5,9590,3458,3453,5,6
5,9591,3458,3453,5,6
5,9592,3458,3453,5,6
5,9593,3458,3453,5,6
5,9594,3458,3453,5,6
5,9595,3458,3453,5,6
5,9596,3458,3453,5,6
5,9597,3458,3453,5,6
5,9598,3458,3453,5,6
5,9599,3458,3453,5,6
5,9600,3458,3453,5,6
5,9601,3458,3453,5,6
5,9602,3458,3453,5,6
5,9603,3458,3453,5,6
5,9604,3458,3453,5,6
5,9605,3458,3453,5,6
5,9606,3458,3453,5,6
5,9607,3458,3453,5,6
5,9608,3458,3453,5,6
5,9609,3458,3453,5,6
5,9610,3458,3453,5,6
5,9611,3458,3453,5,6
5,9612,3458,3453,5,6
5,9613,3458,3453,5,6
5,9614,3458,3453,5,6
5,9615,3458,3453,5,6
5,9616,3458,3453,5,6
5,9617,3458,3453,5,6
5,9618,3458,3453,5,6
5,9619,3458,3453,5,6
5,9620,3458,3453,5,6
5,9621,3458,3453,5,6
5,9622,3458,3453,5,6
5,9623,3458,3453,5,6
5,9624,3458,3453,5,6
5,9625,3458,3453,5,6
5,9626,3458,3453,5,6
5,9627,3458,3453,5,6
5,9628,3458,3453,5,6
5,9629,3458,3453,5,6
5,9630,3458,3453,5,6
5,9631,3458,3453,5,6
5,9632,3458,3453,5,6
5,9633,3458,3453,5,6
5,9634,3458,3453,5,6
5,9635,3458,3453,5,6
5,9636,3458,3453,5,6
5,9637,3458,3453,5,6
5,9638,3458,3453,5,6
5,9639,3458,3453,5,6
5,9640,3458,3453,5,6
5,9641,3458,3453,5,6
5,9642,3458,3453,5,6
5,9643,3458,3453,5,6
5,9644,3458,3453,5,6
5,9645,3458,3453,5,6
5,9646,3458,3453,5,6
5,9647,3458,3453,5,6
5,9648,3458,3453,5,6
5,9649,3458,3453,5,6
5,9650,3458,3453,5,6
5,9651,3458,3453,5,6
5,9652,3458,3453,5,6
5,9653,3458,3453,5,6
5,9654,3458,3453,5,6
5,9655,3458,3453,5,6
5,9656,3458,3453,5,6
5,9657,3458,3453,5,6
5,9658,3458,3453,5,6
5,9659,3458,3453,5,6
5,9660,3458,3453,5,6
5,9661,3458,3453,5,6
5,9662,3458,3453,5,6
5,9663,3458,3453,5,6
5,9664,3458,3453,5,6
5,9665,3458,3453,5,6
5,9666,3458,3453,5,6
5,9667,3458,3453,5,6
5,9668,3458,3453,5,6
5,9669,3458,3453,5,6
5,9670,3458,3453,5,6
5,9671,3458,3453,5,6
5,9672,3458,3453,5,6
5,9673,3458,3453,5,6
5,9674,3458,3453,5,6
5,9675,3458,3453,5,6
5,9676,3458,3453,5,6
5,9677,3458,3453,5,6
5,9678,3458,3453,5,6
5,9679,3458,3453,5,6
5,9680,3458,3453,5,6
5,9681,3458,3453,5,6
5,9682,3458,3453,5,6
5,9683,3458,3453,5,6
5,9684,3458,3453,5,6
5,9685,3458,3453,5,6
5,9686,3458,3453,5,6
5,9687,3458,3453,5,6
5,9688,3458,3453,5,6
5,9689,3458,3453,5,6
5,9690,3458,3453,5,6
5,9691,3458,3453,5,6
5,9692,3458,3453,5,6
5,9693,3458,3453,5,6
5,9694,3458,3453,5,6
5,9695,3458,3453,5,6
5,9696,3458,3453,5,6
5,9697,3458,3453,5,6
5,9698,3458,3453,5,6
5,9699,3458,3453,5,6
5,9700,3458,3453,5,6
5,9701,3458,3453,5,6
5,9702,3458,3453,5,6
5,9703,3458,3453,5,6
5,9704,3458,3453,5,6
5,9705,3458,3453,5,6
5,9706,3458,3453,5,6
5,9707,3458,3453,5,6
5,9708,3458,3453,5,6
5,9709,3458,3453,5,6
5,9710,3458,3453,5,6
5,9711,3458,3453,5,6
5,9712,3458,3453,5,6
5,9713,3458,3453,5,6
5,9714,3458,3453,5,6
5,9715,3458,3453,5,6
5,9716,3458,3453,5,6
5,9717,3458,3453,5,6
5,9718,3458,3453,5,6
5,9719,3458,3453,5,6
5,9720,3458,3453,5,6
5,9721,3458,3453,5,6
5,9722,3458,3453,5,6
5,9723,3458,3453,5,6
5,9724,3458,3453,5,6
5,9725,3458,3453,5,6
5,9726,3458,3453,5,6
5,9727,3458,3453,5,6
5,9728,3458,3453,5,6
5,9729,3458,3453,5,6
5,9730,3458,3453,5,6
5,9731,3458,3453,5,6
5,9732,3458,3453,5,6
5,9733,3458,3453,5,6
5,9734,3458,3453,5,6
5,9735,3458,3453,5,6
5,9736,3458,3453,5,6
5,9737,3458,3453,5,6
5,9738,3458,3453,5,6
5,9739,3458,3453,5,6
5,9740,3458,3453,5,6
5,9741,3458,3453,5,6
5,9742,3458,3453,5,6
5,9743,3458,3453,5,6
5,9744,3458,3453,5,6
5,9745,3458,3453,5,6
5,9746,3458,3453,5,6
5,9747,3458,3453,5,6
5,9748,3458,3453,5,6
5,9749,3458,3453,5,6
5,9750,3458,3453,5,6
5,9751,3458,3453,5,6
5,9752,3458,3453,5,6
5,9753,3458,3453,5,6
5,9754,3458,3453,5,6
5,9755,3458,3453,5,6
5,9756,3458,3453,5,6
5,9757,3458,3453,5,6
5,9758,3458,3453,5,6
5,9759,3458,3453,5,6
5,9760,3458,3453,5,6
5,9761,3458,3453,5,6
5,9762,3458,3453,5,6
5,9763,3458,3453,5,6
5,9764,3458,3453,5,6
5,9765,3458,3453,5,6
5,9766,3458,3453,5,6
5,9767,3458,3453,5,6
5,9768,3458,3453,5,6
5,9769,3458,3453,5,6
5,9770,3458,3453,5,6
5,9771,3458,3453,5,6
5,9772,3458,3453,5,6
5,9773,3458,3453,5,6
5,9774,3458,3453,5,6
5,9775,3458,3453,5,6
5,9776,3458,3453,5,6
5,9777,3458,3453,5,6
5,9778,3458,3453,5,6
5,9779,3458,3453,5,6
5,9780,3458,3453,5,6
5,9781,3458,3453,5,6
5,9782,3458,3453,5,6
5,9783,3458,3453,5,6
5,9784,3458,3453,5,6
5,9785,3458,3453,5,6
5,9786,3458,3453,5,6
5,9787,3458,3453,5,6
5,9788,3458,3453,5,6
5,9789,3458,3453,5,6
5,9790,3458,3453,5,6
5,9791,3458,3453,5,6
5,9792,3458,3453,5,6
5,9793,3458,3453,5,6
5,9794,3458,3453,5,6
5,9795,3458,3453,5,6
5,9796,3458,3453,5,6
5,9797,3458,3453,5,6
5,9798,3458,3453,5,6
5,9799,3458,3453,5,6
5,9800,3458,3453,5,6
5,9801,3458,3453,5,6
5,9802,3458,3453,5,6
5,9803,3458,3453,5,6
5,9804,3458,3453,5,6
5,9805,3458,3453,5,6
5,9806,3458,3453,5,6
5,9807,3458,3453,5,6
5,9808,3458,3453,5,6
5,9809,3458,3453,5,6
5,9810,3458,3453,5,6
5,9811,3458,3453,5,6
5,9812,3458,3453,5,6
5,9813,3458,3453,5,6
5,9814,3458,3453,5,6
5,9815,3458,3453,5,6
5,9816,3458,3453,5,6
5,9817,3458,3453,5,6
5,9818,3458,3453,5,6
5,9819,3458,3453,5,6
5,9820,3458,3453,5,6
5,9821,3458,3453,5,6
5,9822,3458,3453,5,6
5,9823,3458,3453,5,6
5,9824,3458,3453,5,6
5,9825,3458,3453,5,6
5,9826,3458,3453,5,6
5,9827,3458,3453,5,6
5,9828,3458,3453,5,6
5,9829,3458,3453,5,6
5,9830,3458,3453,5,6
5,9831,3458,3453,5,6
5,9832,3458,3453,5,6
5,9833,3458,3453,5,6
5,9834,3458,3453,5,6
5,9835,3458,3453,5,6
5,9836,3458,3453,5,6
5,9837,3458,3453,5,6
5,9838,3458,3453,5,6
5,9839,3458,3453,5,6
5,9840,3458,3453,5,6
5,9841,3458,3453,5,6
5,9842,3458,3453,5,6
5,9843,3458,3453,5,6
5,9844,3458,3453,5,6
5,9845,3458,3453,5,6
5,9846,3458,3453,5,6
5,9847,3458,3453,5,6
5,9848,3458,3453,5,6
5,9849,3458,3453,5,6
5,9850,3458,3453,5,6
5,9851,3458,3453,5,6
5,9852,3458,3453,5,6
5,9853,3458,3453,5,6
5,9854,3458,3453,5,6
5,9855,3458,3453,5,6
5,9856,3458,3453,5,6
5,9857,3458,3453,5,6
5,9858,3458,3453,5,6
5,9859,3458,3453,5,6
5,9860,3458,3453,5,6
5,9861,3458,3453,5,6
5,9862,3458,3453,5,6
5,9863,3458,3453,5,6
5,9864,3458,3453,5,6
5,9865,3458,3453,5,6
5,9866,3458,3453,5,6
5,9867,3458,3453,5,6
5,9868,3458,3453,5,6
5,9869,3458,3453,5,6
5,9870,3458,3453,5,6
5,9871,3458,3453,5,6
5,9872,3458,3453,5,6
5,9873,3458,3453,5,6
5,9874,3458,3453,5,6
5,9875,3458,3453,5,6
5,9876,3458,3453,5,6
5,9877,3458,3453,5,6
5,9878,3458,3453,5,6
5,9879,3458,3453,5,6
5,9880,3458,3453,5,6
5,9881,3458,3453,5,6
5,9882,3458,3453,5,6
5,9883,3458,3453,5,6
5,9884,3458,3453,5,6
5,9885,3458,3453,5,6
5,9886,3458,3453,5,6
5,9887,3458,3453,5,6
5,9888,3458,3453,5,6
5,9889,3458,3453,5,6
5,9890,3458,3453,5,6
5,9891,3458,3453,5,6
5,9892,3458,3453,5,6
5,9893,3458,3453,5,6
5,9894,3458,3453,5,6
5,9895,3458,3453,5,6
5,9896,3458,3453,5,6
5,9897,3458,3453,5,6
5,9898,3458,3453,5,6
5,9899,3458,3453,5,6
5,9900,3458,3453,5,6
5,9901,3458,3453,5,6
5,9902,3458,3453,5,6
5,9903,3458,3453,5,6
5,9904,3458,3453,5,6
5,9905,3458,3453,5,6
5,9906,3458,3453,5,6
5,9907,3458,3453,5,6
5,9908,3458,3453,5,6
5,9909,3458,3453,5,6
5,9910,3458,3453,5,6
5,9911,3458,3453,5,6
5,9912,3458,3453,5,6
5,9913,3458,3453,5,6
5,9914,3458,3453,5,6
5,9915,3458,3453,5,6
5,9916,3458,3453,5,6
5,9917,3458,3453,5,6
5,9918,3458,3453,5,6
5,9919,3458,3453,5,6
5,9920,3458,3453,5,6
5,9921,3458,3453,5,6
5,9922,3458,3453,5,6
5,9923,3458,3453,5,6
5,9924,3458,3453,5,6
5,9925,3458,3453,5,6
5,9926,3458,3453,5,6
5,9927,3458,3453,5,6
5,9928,3458,3453,5,6
5,9929,3458,3453,5,6
5,9930,3458,3453,5,6
5,9931,3458,3453,5,6
5,9932,3458,3453,5,6
5,9933,3458,3453,5,6
5,9934,3458,3453,5,6
5,9935,3458,3453,5,6
5,9936,3458,3453,5,6
5,9937,3458,3453,5,6
5,9938,3458,3453,5,6
5,9939,3458,3453,5,6
5,9940,3458,3453,5,6
5,9941,3458,3453,5,6
5,9942,3458,3453,5,6
5,9943,3458,3453,5,6
5,9944,3458,3453,5,6
5,9945,3458,3453,5,6
5,9946,3458,3453,5,6
5,9947,3458,3453,5,6
5,9948,3458,3453,5,6
5,9949,3458,3453,5,6
5,9950,3458,3453,5,6
5,9951,3458,3453,5,6
5,9952,3458,3453,5,6
5,9953,3458,3453,5,6
5,9954,3458,3453,5,6
5,9955,3458,3453,5,6
5,9956,3458,3453,5,6
5,9957,3458,3453,5,6
5,9958,3458,3453,5,6
5,9959,3458,3453,5,6
5,9960,3458,3453,5,6
5,9961,3458,3453,5,6
5,9962,3458,3453,5,6
5,9963,3458,3453,5,6
5,9964,3458,3453,5,6
5,9965,3458,3453,5,6
5,9966,3458,3453,5,6
5,9967,3458,3453,5,6
5,9968,3458,3453,5,6
5,9969,3458,3453,5,6
5,9970,3458,3453,5,6
5,9971,3458,3453,5,6
5,9972,3458,3453,5,6
5,9973,3458,3453,5,6
5,9974,3458,3453,5,6
5,9975,3458,3453,5,6
5,9976,3458,3453,5,6
5,9977,3458,3453,5,6
5,9978,3458,3453,5,6
5,9979,3458,3453,5,6
5,9980,3458,3453,5,6
5,9981,3458,3453,5,6
5,9982,3458,3453,5,6
5,9983,3458,3453,5,6
5,9984,3458,3453,5,6
5,9985,3458,3453,5,6
5,9986,3458,3453,5,6
5,9987,3458,3453,5,6
5,9988,3458,3453,5,6
5,9989,3458,3453,5,6
5,9990,3458,3453,5,6
5,9991,3458,3453,5,6
5,9992,3458,3453,5,6
5,9993,3458,3453,5,6
5,9994,3458,3453,5,6
5,9995,3458,3453,5,6
5,9996,3458,3453,5,6
5,9997,3458,3453,5,6
5,9998,3458,3453,5,6
5,9999,3458,3453,5,6
