mu_-0.01,mu_-0.015,mu_-0.02,mu_-0.025,mu_-0.03
52,3,69,9,60
5,59,32,19,27
30,1,53,91,28
61,9,40,17,16
33,2,64,24,26
95,40,10,28,50
49,41,40,9,30
74,1,71,13,46
48,49,88,49,43
171,4,139,63,9
12,61,34,52,10
14,21,37,24,63
31,1,22,62,33
7,33,2,20,54
96,56,17,54,17
92,22,72,35,24
22,38,33,68,12
29,18,82,4,40
15,11,51,22,6
93,116,42,38,16
59,38,4,0,0
23,5,11,9,30
71,118,59,4,98
21,79,7,3,23
67,9,53,15,94
16,3,65,13,21
4,47,89,3,11
99,115,50,95,9
43,22,65,92,22
67,8,57,35,75
38,43,29,33,3
64,35,26,35,17
12,12,20,11,28
82,49,75,4,28
69,61,10,168,15
51,62,2,52,26
10,67,0,21,0
127,149,13,1,20
47,37,4,3,35
18,23,66,4,29
24,42,18,3,26
24,63,12,33,3
87,49,109,1,150
68,29,2,13,20
7,27,31,31,20
31,6,57,5,6
83,22,17,126,25
38,6,23,36,20
51,192,44,8,11
29,19,5,28,31
119,6,26,61,23
39,10,59,8,21
48,26,82,9,9
90,3,0,31,125
16,21,11,108,70
8,143,119,83,26
27,18,10,96,15
70,46,104,37,32
2,59,86,64,78
74,22,138,67,55
33,119,9,17,23
5,35,3,5,12
68,4,7,25,13
118,50,99,53,76
29,13,60,14,90
107,14,26,21,32
54,24,24,18,12
14,43,1,145,38
38,66,13,23,71
163,16,21,83,6
94,14,25,11,0
9,39,16,29,2
12,25,26,50,14
102,32,49,2,7
11,81,84,48,24
19,32,18,37,41
84,28,42,55,19
112,57,19,57,9
6,24,133,3,42
65,34,28,42,1
46,55,4,2,25
93,12,31,71,11
47,89,20,124,3
14,12,70,16,3
89,29,16,16,4
0,125,31,8,73
48,28,58,58,6
15,12,6,16,10
103,46,19,1,23
25,6,41,43,16
129,7,53,130,7
79,19,31,19,4
31,69,94,1,24
78,76,45,24,13
64,26,59,47,10
2,33,72,53,12
119,20,139,40,63
73,27,43,26,13
133,8,0,5,35
21,38,48,36,27
22,1,9,22,37
99,74,156,5,13
63,57,65,73,44
69,47,14,55,63
42,106,17,24,20
86,51,47,111,14
36,3,29,17,10
98,74,8,95,20
85,88,73,62,75
58,9,37,4,37
98,8,73,39,126
95,56,10,103,48
9,72,27,49,80
46,0,37,39,2
19,87,34,11,38
2,21,35,27,0
36,6,57,91,2
4,77,56,28,34
165,98,3,99,20
28,24,37,17,13
25,3,26,15,3
17,23,0,166,25
106,37,10,16,18
15,8,18,40,78
67,10,8,3,55
130,7,2,20,19
41,3,62,15,77
20,39,109,28,19
193,16,2,26,37
134,30,14,87,8
96,64,5,12,0
0,42,31,17,23
4,18,43,5,90
30,23,2,53,2
61,73,18,46,21
94,98,54,6,8
96,26,53,26,20
1,121,42,5,34
73,1,166,15,26
94,33,47,71,11
31,20,78,105,5
63,76,28,16,41
45,62,15,31,4
34,23,82,49,114
19,124,9,41,12
4,34,27,6,38
103,114,65,9,25
43,26,12,20,7
11,25,15,7,14
11,18,9,9,54
100,104,52,10,46
18,4,50,69,17
45,78,116,0,11
39,10,5,4,20
42,10,25,36,26
28,56,3,76,21
16,84,32,32,3
61,93,9,5,24
68,42,39,11,3
91,19,108,32,34
54,10,6,43,45
52,54,14,14,33
58,27,37,6,8
38,31,49,54,20
35,74,29,112,23
115,1,43,17,6
40,9,68,57,13
93,15,49,21,20
77,24,1,27,24
108,11,34,0,4
10,88,10,51,60
13,1,4,77,14
35,16,99,63,12
197,102,85,1,4
44,131,11,80,31
78,51,128,19,68
41,111,29,9,17
6,104,38,14,30
88,42,11,84,7
3,36,2,27,111
73,36,7,23,16
66,33,41,27,15
49,72,30,127,141
24,8,16,39,53
71,46,201,50,59
104,63,12,44,88
41,36,108,10,50
75,55,85,51,2
114,40,108,14,38
19,68,35,0,63
162,49,0,5,30
57,0,17,4,15
11,104,38,109,29
44,29,62,127,15
10,64,88,16,3
64,1,0,55,8
35,125,17,27,88
31,31,51,12,24
33,19,116,36,39
105,6,1,35,50
79,104,20,25,31
90,0,2,37,28
4,8,41,108,13
4,71,168,20,5
145,5,64,62,50
52,79,87,9,30
72,194,106,38,12
12,150,62,21,109
71,7,36,5,78
4,17,13,9,88
164,23,12,20,65
12,46,8,25,20
12,60,21,41,39
18,62,125,38,7
28,66,50,139,28
20,99,2,36,25
102,69,4,7,58
33,40,182,43,48
85,78,43,29,1
33,6,5,18,34
158,81,17,50,27
73,45,128,98,25
39,43,12,78,3
29,56,69,8,3
96,52,2,57,15
42,79,173,17,36
34,38,4,23,0
7,79,117,6,47
0,58,4,46,41
12,92,17,0,3
71,15,5,57,22
20,3,50,68,22
31,9,120,2,0
24,38,54,2,14
12,19,45,48,5
124,24,27,20,18
28,0,79,30,94
21,87,64,15,33
115,78,55,14,8
77,52,7,11,64
33,13,62,73,7
61,9,2,61,25
6,22,22,46,13
10,61,60,50,5
16,50,8,6,53
83,5,52,100,28
114,62,43,81,29
68,15,67,27,1
6,20,87,12,52
20,33,121,5,92
76,58,18,60,50
14,46,170,5,20
113,83,30,11,7
12,11,63,44,14
73,32,44,85,2
36,58,9,63,8
19,80,65,42,19
60,22,65,35,24
53,60,17,35,2
17,147,40,27,17
38,6,106,24,32
17,37,32,16,28
48,78,9,3,17
2,50,23,1,54
21,27,54,14,18
73,23,33,4,9
46,14,30,55,43
13,53,32,48,81
16,66,63,0,47
54,31,14,29,16
35,23,35,49,26
62,21,106,133,6
60,19,85,62,13
28,104,29,31,3
0,4,4,72,108
49,84,41,18,33
46,37,1,21,13
86,61,13,22,36
55,2,24,7,27
5,19,15,64,1
34,20,15,72,57
56,0,144,7,40
75,18,34,11,53
105,63,60,8,58
116,19,28,13,13
65,44,18,24,8
11,51,29,5,7
57,58,23,88,4
44,25,7,8,23
62,43,68,22,25
73,101,4,28,5
31,102,98,18,47
36,21,70,161,6
12,19,1,27,69
89,7,91,66,74
11,25,84,4,45
70,52,22,97,39
27,24,168,57,8
67,62,56,34,17
90,0,80,11,34
20,7,11,3,62
49,3,34,86,12
20,8,8,18,9
48,60,53,53,79
105,23,12,24,30
102,35,24,5,17
113,26,13,14,89
3,91,64,10,51
22,29,48,87,27
7,15,43,36,5
9,17,61,1,0
73,32,86,24,31
133,42,26,68,52
92,33,8,100,3
143,103,189,14,14
188,29,7,22,0
74,30,21,12,2
61,78,41,27,33
30,76,50,43,3
37,76,4,33,26
79,37,30,126,22
41,31,28,2,39
72,0,45,94,72
36,58,42,15,66
7,146,85,11,36
5,8,56,44,71
41,84,6,12,10
10,46,28,13,31
141,23,52,44,22
20,35,1,37,20
21,34,12,51,28
127,27,44,46,28
4,0,26,17,7
23,44,65,13,7
2,43,188,35,1
119,20,26,11,25
70,13,72,61,7
63,29,73,18,1
67,45,23,26,14
31,3,50,71,62
8,65,23,12,14
4,74,65,10,2
6,41,4,47,21
41,43,137,24,107
45,90,19,60,4
152,108,23,9,90
10,4,50,33,6
19,43,136,101,74
57,34,78,46,32
27,5,4,16,50
25,109,136,82,69
54,125,21,41,62
31,5,38,39,1
48,15,33,26,20
25,6,24,25,62
35,82,36,1,36
103,1,60,10,1
69,12,34,21,41
18,61,18,19,23
25,31,25,24,46
17,91,104,39,33
96,91,35,50,33
41,21,9,56,22
144,28,42,7,18
22,83,105,20,24
97,8,27,11,33
57,26,31,7,21
120,127,22,3,134
0,28,44,105,70
37,2,17,37,1
73,91,33,62,30
21,35,21,56,45
90,76,2,0,88
20,96,36,2,17
69,35,7,31,58
6,46,11,19,24
68,19,28,166,87
93,76,31,6,66
80,17,21,81,6
110,9,37,22,36
67,33,45,7,78
103,36,49,23,38
74,151,62,35,9
14,150,1,106,78
1,12,29,15,5
72,31,139,7,62
10,40,16,7,50
71,79,70,15,48
143,2,26,4,0
102,52,73,4,6
0,37,120,14,16
46,57,30,32,23
142,49,13,93,29
37,43,129,100,20
22,91,32,6,28
39,12,28,98,1
45,22,17,28,43
30,126,52,8,5
46,110,94,0,72
0,18,58,75,46
65,5,57,67,2
94,6,102,35,105
50,25,77,2,2
13,45,16,3,35
31,10,44,10,72
14,86,42,43,16
63,9,16,65,9
50,99,55,47,40
19,45,14,75,19
9,31,90,5,81
47,12,49,18,12
11,10,43,34,39
2,43,7,13,1
58,167,50,33,149
22,56,75,22,19
27,63,18,151,79
29,83,33,32,12
15,148,10,48,12
38,111,14,10,16
16,5,39,14,31
151,6,142,4,21
90,37,0,40,6
105,115,7,59,20
98,24,75,26,6
83,9,142,0,6
41,36,108,4,1
31,1,8,33,14
30,33,22,37,3
87,92,16,5,5
55,3,1,5,7
69,49,60,2,2
15,9,18,36,76
47,87,1,14,20
138,0,15,6,43
25,25,116,36,22
29,83,29,12,5
18,4,57,46,1
107,28,8,81,70
66,4,64,47,41
71,20,20,4,14
68,33,6,5,42
84,58,17,5,5
92,80,19,50,33
40,91,1,53,17
119,11,36,37,20
88,64,110,23,57
77,18,37,55,12
29,3,36,6,12
113,37,26,10,3
54,47,73,117,13
129,11,36,21,54
67,33,38,9,47
153,16,48,21,6
38,136,76,1,12
12,86,67,11,10
8,49,44,65,9
9,8,30,52,7
78,29,28,49,29
28,9,5,171,28
48,34,29,93,15
3,10,23,54,0
17,45,51,38,27
102,75,35,2,6
48,90,97,45,100
128,106,32,2,19
114,19,7,83,45
27,28,60,58,10
146,21,1,33,21
12,36,59,28,40
32,84,6,19,103
31,1,8,5,67
62,70,33,38,18
8,64,1,6,19
32,98,30,42,19
9,22,99,64,38
54,22,60,38,8
51,43,87,28,5
119,11,15,27,26
19,45,64,18,29
25,83,1,38,5
182,9,26,0,54
20,64,71,54,48
6,99,6,66,30
5,23,28,76,2
45,35,62,164,1
35,1,81,103,0
32,70,68,16,9
94,52,23,90,75
6,37,46,114,20
46,24,52,8,46
50,21,52,8,40
136,49,65,23,32
70,15,3,21,10
33,7,10,28,13
157,117,32,23,11
17,14,15,79,60
47,44,37,142,22
102,54,16,20,17
13,36,84,51,52
10,3,6,1,18
84,0,12,4,7
172,18,4,16,51
15,86,30,15,37
18,144,11,8,4
21,10,130,5,90
2,33,64,70,50
98,82,96,51,20
89,113,42,33,4
18,16,10,109,32
26,31,22,8,15
38,25,23,13,0
4,37,10,63,26
46,6,19,19,24
11,11,20,13,39
31,27,2,14,64
2,35,0,11,10
116,12,53,76,94
42,2,17,27,23
18,98,38,4,41
34,7,6,40,10
27,15,9,64,47
21,115,148,11,11
5,97,21,35,1
27,4,38,5,31
75,2,65,47,10
26,52,16,4,3
6,20,5,43,16
63,51,47,8,4
7,26,0,6,38
33,4,36,13,23
56,4,26,74,31
27,102,45,55,8
33,34,158,12,67
31,51,26,65,64
57,21,20,58,20
16,74,169,19,5
57,100,5,10,9
18,78,62,26,12
26,39,45,10,24
37,8,19,62,44
3,12,16,18,39
16,132,75,51,6
6,106,4,17,5
42,38,55,22,15
51,101,47,127,14
24,68,2,23,67
142,106,2,17,32
6,91,6,8,0
33,27,3,10,63
6,109,10,13,2
30,26,143,40,13
12,9,34,16,15
21,72,12,34,4
74,66,61,72,40
6,16,137,72,95
29,52,16,95,36
62,10,10,16,40
28,11,21,11,54
9,29,105,21,7
22,124,1,55,17
14,2,26,3,11
38,19,49,48,64
20,77,6,6,12
76,14,44,2,9
37,47,18,1,8
49,15,33,114,23
74,106,54,11,8
40,48,0,28,17
65,40,82,15,13
16,33,4,7,23
99,41,44,57,7
12,36,62,11,11
54,1,43,19,8
136,28,114,2,40
67,4,11,5,15
94,105,0,46,17
18,114,34,43,15
2,29,16,23,75
26,14,14,17,8
12,29,17,5,11
2,103,8,64,11
32,8,186,35,57
101,0,34,31,81
4,32,54,3,3
26,53,86,47,14
66,71,4,14,22
101,89,17,5,4
115,20,2,51,20
32,52,3,23,11
39,2,90,39,10
60,79,7,38,17
69,4,98,8,14
114,5,22,12,12
11,5,162,110,49
117,67,42,71,7
82,25,79,86,134
36,28,18,34,0
15,51,3,12,5
213,6,82,8,4
37,87,93,19,20
6,53,38,42,22
32,30,89,26,32
37,56,43,11,15
52,58,37,49,19
21,106,35,90,16
117,67,17,3,6
11,6,3,41,8
8,17,47,102,84
36,15,3,5,14
44,62,1,112,73
43,96,29,31,32
71,61,101,6,11
61,78,27,30,15
34,21,107,32,7
18,24,96,38,28
89,77,6,38,2
77,3,9,5,27
32,9,30,68,12
13,42,7,54,3
0,36,0,49,6
41,81,125,37,3
16,30,87,79,12
2,38,24,7,6
46,0,11,110,2
47,31,13,68,80
15,2,33,44,39
110,19,75,36,1
84,1,8,2,28
62,2,20,69,2
105,39,2,8,20
38,152,101,36,11
52,14,16,53,14
28,166,9,17,35
2,63,85,13,4
19,48,111,40,61
102,13,37,27,5
68,38,89,69,39
15,171,3,42,34
62,44,10,39,5
15,44,24,25,97
36,13,28,50,1
11,69,81,53,16
3,10,50,34,1
72,122,45,89,38
13,48,3,12,54
82,65,22,32,5
31,20,8,34,46
0,14,12,83,28
91,43,98,44,9
59,26,9,61,22
133,11,44,8,37
22,46,4,62,7
1,140,53,13,28
11,29,12,33,28
63,60,54,55,0
14,81,86,24,37
59,10,108,8,96
109,52,17,54,9
65,26,96,10,27
19,17,34,125,16
45,44,12,13,6
21,41,3,76,20
30,17,33,90,0
37,57,61,34,6
72,73,19,37,4
53,32,35,8,12
51,54,27,11,36
63,38,147,16,243
12,49,8,9,30
81,122,22,15,55
106,100,23,11,132
27,25,0,120,2
85,47,43,21,0
37,2,23,3,49
25,85,3,53,15
179,29,32,23,20
38,22,38,36,40
20,103,181,16,17
147,69,7,90,84
52,21,21,103,2
65,101,10,65,22
40,4,12,54,21
76,75,67,37,116
75,18,6,50,0
149,104,102,105,68
53,54,37,65,27
108,31,23,45,12
33,15,13,2,7
62,10,17,13,1
2,12,24,34,5
28,66,80,50,45
75,96,26,59,101
13,92,80,28,26
76,39,70,90,38
10,129,26,7,16
4,36,81,32,167
2,19,3,5,3
57,72,5,88,73
208,25,6,3,19
55,13,14,25,54
26,0,12,51,22
16,25,23,107,34
93,125,55,3,7
27,90,12,15,10
17,65,113,25,12
42,14,22,25,2
6,1,73,15,55
18,39,38,83,60
33,7,23,49,125
16,2,35,81,42
33,11,42,51,15
34,48,29,112,1
46,53,40,57,10
5,127,96,23,28
84,87,4,10,9
8,38,105,67,6
21,47,48,34,19
86,55,48,45,78
111,81,5,43,9
53,90,128,56,59
73,30,18,50,19
41,10,19,2,63
88,69,36,7,49
113,8,14,63,40
107,83,19,3,6
72,21,22,61,11
12,22,9,0,41
5,2,43,47,52
34,7,72,57,45
81,40,5,6,16
40,34,47,60,24
25,96,48,35,20
45,21,28,28,0
53,98,71,18,77
105,30,24,37,115
20,7,44,133,6
38,31,66,59,58
15,40,2,13,56
4,23,0,42,33
69,108,8,56,2
93,130,24,141,9
13,120,6,64,70
93,39,91,85,17
48,80,75,8,84
13,4,29,37,50
85,55,70,20,2
4,125,60,3,33
149,116,23,0,9
64,31,0,70,52
16,9,23,37,75
24,28,61,8,1
93,47,87,4,23
82,7,23,25,24
26,55,35,59,71
3,18,41,47,67
22,32,31,7,9
64,15,23,6,67
11,91,133,46,3
61,24,3,18,32
0,34,42,17,1
21,49,5,35,3
2,49,72,23,29
36,30,17,5,3
30,64,19,29,1
10,19,17,18,68
70,10,17,114,24
89,23,20,106,54
54,36,13,54,59
9,53,33,45,5
56,5,42,21,14
41,7,6,1,3
131,9,14,22,9
1,14,117,19,2
144,22,5,135,90
79,92,117,74,15
43,40,72,44,22
19,47,14,104,12
33,51,4,4,42
134,17,67,34,15
69,118,25,22,31
45,84,5,8,4
30,10,9,90,51
80,159,47,18,19
21,95,12,60,73
11,83,52,53,93
32,11,112,64,35
12,4,141,28,13
50,79,65,85,87
13,3,18,33,6
80,30,32,14,43
136,8,29,23,12
22,13,69,14,0
30,29,23,2,37
54,67,49,37,94
15,58,26,104,70
1,159,147,71,2
55,0,83,48,13
98,9,19,4,16
77,14,27,1,26
66,4,35,36,13
43,96,31,17,8
53,1,69,19,29
11,47,27,37,14
17,83,57,14,3
7,36,7,2,3
16,50,52,6,3
159,81,28,5,48
49,82,43,37,5
12,44,50,41,15
1,4,135,83,37
72,5,68,86,108
97,48,1,1,51
40,104,97,19,5
92,0,8,23,2
102,6,80,15,15
98,74,19,14,28
10,104,29,40,32
70,1,3,14,19
38,28,55,36,31
119,8,3,52,0
35,97,33,6,9
87,5,26,37,110
37,6,1,26,45
61,73,2,18,13
6,59,24,93,7
90,30,63,111,40
80,27,27,95,4
9,13,23,51,85
131,5,66,83,22
88,77,27,4,0
6,62,34,3,8
29,5,107,0,2
9,19,7,18,5
22,89,3,16,52
77,33,46,6,20
20,30,39,2,15
61,20,27,2,18
81,28,30,8,23
125,69,71,7,48
33,12,71,16,42
92,88,81,32,13
36,4,135,61,45
137,37,19,25,2
11,27,42,1,3
39,41,93,33,21
76,1,8,38,35
136,96,120,15,90
97,171,95,47,40
173,96,19,71,7
35,82,19,10,13
12,126,59,53,0
63,25,78,0,83
6,2,16,72,11
15,13,22,43,43
43,71,10,20,25
78,57,14,82,2
12,12,80,22,86
32,87,95,31,7
29,2,68,16,33
25,3,13,166,170
42,2,2,51,67
7,5,71,23,68
94,41,13,21,132
69,31,44,85,22
26,54,0,56,88
82,34,13,93,1
214,67,85,78,39
16,37,0,84,11
1,56,7,7,15
20,20,4,5,4
0,9,3,3,11
25,91,12,34,28
85,23,33,42,28
28,23,32,111,100
5,72,29,11,19
30,80,40,91,100
65,84,38,5,49
11,28,20,58,25
7,44,4,4,3
37,75,39,85,43
34,3,10,19,53
42,111,39,78,25
58,27,43,89,51
59,64,28,2,67
96,88,35,43,0
31,58,22,114,22
43,11,10,48,26
11,70,105,26,149
18,4,76,23,48
14,38,62,15,6
28,119,21,9,28
68,17,25,21,15
121,13,39,11,10
130,65,6,32,15
168,19,14,14,3
45,112,13,98,6
7,128,19,11,7
14,21,77,14,18
8,3,95,68,27
8,20,38,5,60
58,50,14,71,52
28,183,1,92,29
11,176,16,30,2
24,7,132,2,17
63,91,22,58,24
80,57,80,4,12
30,82,9,94,2
86,11,123,97,18
103,39,4,21,10
23,101,105,50,7
54,36,63,22,80
46,3,64,8,92
52,60,25,16,100
55,49,62,16,27
46,55,29,5,7
11,12,90,23,123
84,28,3,5,59
33,77,71,12,13
0,65,95,56,22
25,46,20,42,27
7,8,23,14,8
104,21,1,28,72
50,23,26,43,35
64,29,76,24,27
137,138,63,4,90
2,71,37,18,5
39,44,76,33,119
4,6,92,7,16
68,57,7,0,12
29,10,0,26,23
54,43,32,10,75
85,23,87,60,25
26,14,31,23,9
49,58,18,4,48
42,42,90,16,18
16,16,38,7,63
69,11,58,35,24
80,20,107,20,86
16,111,92,14,16
35,0,59,42,5
91,6,119,20,21
90,89,0,65,21
164,67,49,46,95
109,16,6,127,0
60,37,39,47,37
20,49,64,3,16
161,91,37,35,37
52,2,32,44,30
49,3,6,9,25
26,59,46,85,36
55,18,32,0,3
39,64,8,19,3
10,1,81,16,22
56,41,20,77,7
2,34,60,1,72
18,23,163,9,38
82,34,19,65,1
58,21,56,9,14
78,62,19,13,3
34,52,1,8,66
12,77,18,1,18
87,12,64,50,17
76,45,48,1,48
27,28,46,6,2
78,93,80,10,22
49,77,43,12,95
102,43,141,110,1
49,8,54,139,6
7,10,31,15,14
21,33,85,23,0
40,17,17,5,5
85,30,40,20,45
39,48,39,75,35
12,30,43,29,2
39,83,51,7,34
104,29,128,17,9
15,69,2,44,10
39,45,1,84,53
34,26,21,20,10
12,73,62,10,8
42,16,1,23,21
144,27,0,33,2
65,27,23,2,13
14,12,86,25,45
169,9,19,40,25
66,129,32,18,100
60,55,3,66,61
21,13,27,26,1
25,31,72,31,50
14,8,22,10,13
4,9,94,12,2
63,35,21,27,1
97,113,6,81,67
22,5,32,19,85
30,45,37,45,20
13,25,0,3,12
22,39,61,32,4
13,10,20,78,6
12,52,25,28,9
65,26,126,1,46
8,9,21,28,10
99,23,105,13,4
62,11,51,6,17
1,28,36,12,23
119,92,46,61,7
15,47,24,47,103
112,82,40,69,8
55,124,63,7,0
25,51,12,74,68
60,17,4,50,8
18,60,74,8,22
104,6,52,65,106
17,0,10,35,66
68,38,46,0,76
27,14,53,135,12
21,44,39,56,85
31,12,41,12,16
15,15,66,29,33
0,23,26,7,16
0,32,66,0,60
6,30,43,12,19
32,89,28,29,5
71,2,45,63,43
2,17,115,17,22
26,1,41,0,31
12,88,71,7,8
136,27,26,27,9
29,18,55,53,42
107,28,15,20,16
86,87,36,22,21
15,6,36,65,10
92,12,32,5,15
16,41,4,35,76
22,24,22,8,138
57,18,31,2,163
1,32,50,35,1
0,34,4,25,8
63,20,13,42,15
3,16,84,134,22
50,25,57,44,64
79,39,28,9,32
40,28,7,4,137
46,134,90,144,42
58,65,48,49,54
31,34,10,2,13
49,9,17,25,6
10,7,63,39,3
11,7,3,6,22
37,24,52,8,65
176,60,46,56,42
101,1,108,69,0
47,7,18,3,10
74,27,69,33,24
11,28,47,56,18
118,141,38,92,6
44,59,29,14,27
119,1,87,44,119
58,53,3,42,10
26,4,119,66,28
2,46,70,86,10
160,74,64,13,18
86,144,5,101,20
11,79,9,117,10
85,12,23,81,0
49,81,33,12,12
2,52,96,59,10
112,6,26,42,27
11,12,41,11,18
104,118,9,12,17
30,0,25,16,1
18,27,78,2,14
16,47,125,16,37
20,60,18,6,61
27,40,23,24,7
41,73,76,3,3
171,5,108,66,90
19,5,117,9,14
46,68,34,16,0
27,13,12,72,13
219,3,55,6,26
93,85,32,3,61
21,98,19,65,8
64,9,32,32,5
78,22,22,1,7
90,5,53,104,24
130,6,6,7,7
0,78,28,45,17
6,11,7,23,46
51,91,144,24,61
16,44,40,20,87
150,69,14,39,64
94,60,8,70,101
26,87,35,17,22
6,135,45,21,24
70,31,13,12,101
19,15,1,2,18
108,120,59,126,8
179,57,19,64,6
109,7,17,4,42
21,7,70,31,26
71,24,15,18,5
32,13,69,39,97
104,40,15,15,53
89,109,59,26,18
7,38,9,3,14
62,5,58,1,94
78,71,12,25,3
51,72,86,6,4
68,115,5,30,21
23,3,3,19,10
46,35,119,64,22
17,6,52,172,58
1,52,2,85,21
30,4,11,21,20
49,38,18,7,16
55,15,5,22,4
70,58,29,32,2
60,21,6,10,15
79,74,28,11,37
0,81,33,171,6
14,118,37,0,156
31,30,1,48,2
41,18,33,30,34
2,16,20,5,49
56,22,33,15,32
14,12,18,28,0
11,6,56,97,45
69,44,17,1,65
16,46,12,21,26
120,6,27,49,9
4,88,12,3,4
106,57,61,44,21
12,5,131,77,23
9,26,21,175,32
49,120,30,40,3
16,35,10,90,97
104,152,40,27,88
33,25,23,18,15
111,6,33,16,63
47,17,55,16,14
35,70,22,18,23
102,43,157,22,102
49,28,45,27,72
3,3,11,29,30
61,54,210,10,66
63,0,63,3,4
7,181,58,32,20
130,65,17,69,47
15,18,77,63,9
87,10,23,5,34
5,105,41,9,14
12,10,84,66,9
46,58,4,73,2
5,34,49,32,10
39,23,14,21,83
32,52,14,85,79
12,41,70,5,33
68,23,46,76,10
90,84,7,35,9
79,20,0,18,42
40,99,9,26,28
22,119,57,21,17
71,15,45,45,63
54,25,73,7,9
2,14,108,118,1
165,140,33,68,95
57,86,8,46,4
30,5,43,8,0
52,74,49,31,13
4,24,6,4,40
119,151,21,45,7
7,13,54,20,14
71,70,14,29,30
13,48,15,6,24
22,25,13,78,18
5,112,8,48,18
31,15,38,25,21
84,13,62,114,8
2,9,24,0,4
4,12,100,2,17
38,106,4,85,30
7,55,86,6,1
98,47,77,19,2
51,184,26,4,18
82,33,0,47,95
61,5,29,36,15
64,40,56,8,25
11,38,9,25,86
65,2,16,37,125
11,61,12,36,19
45,14,81,50,24
50,141,2,76,30
7,108,59,108,53
68,9,0,12,22
12,20,27,15,8
42,27,1,21,101
45,91,99,28,22
78,17,12,37,39
94,1,1,22,2
14,52,65,49,39
24,78,43,35,38
37,13,30,32,51
96,53,32,94,19
108,18,37,50,24
20,52,9,46,103
6,33,77,5,31
128,8,13,2,61
52,87,45,1,1
115,50,22,27,91
27,67,20,35,29
42,40,56,37,11
67,122,36,28,12
63,12,43,36,61
17,27,50,38,107
5,1,12,0,27
18,97,36,8,13
95,19,30,86,1
0,6,78,36,12
26,8,20,84,41
20,3,38,15,3
32,47,5,28,32
33,13,106,26,58
36,10,31,16,4
45,96,23,50,1
105,91,71,49,0
66,127,116,8,36
5,7,4,15,44
84,59,123,36,9
35,53,39,34,23
21,16,67,29,91
0,114,9,47,14
12,41,85,55,25
138,11,75,50,147
98,111,9,89,54
8,4,46,30,13
3,166,25,59,74
42,84,24,39,27
20,91,29,4,93
14,123,29,17,20
91,31,18,29,48
37,4,12,3,38
44,0,11,61,0
6,3,162,38,39
57,66,103,42,10
56,55,21,10,20
16,6,16,79,4
69,5,86,97,12
74,54,11,1,55
32,83,68,8,32
39,38,34,91,10
70,1,33,33,5
47,1,36,3,18
64,30,56,32,4
26,31,15,9,7
6,70,10,22,74
62,71,40,25,63
14,6,16,35,57
78,75,67,82,2
100,120,111,14,9
24,84,66,120,83
77,46,10,37,41
53,26,21,58,14
56,11,140,9,26
1,27,20,23,92
26,0,120,98,4
10,47,81,48,42
5,137,18,8,11
5,13,7,13,91
111,10,68,17,19
3,7,75,5,16
121,131,48,140,39
91,41,127,10,39
0,21,0,49,10
22,42,39,140,28
65,76,10,31,31
161,99,18,12,17
130,58,36,12,19
171,100,75,29,31
112,58,28,10,1
124,39,7,28,30
36,58,19,46,14
22,44,20,0,6
138,21,12,86,9
27,29,67,22,30
9,31,9,12,15
19,47,4,42,32
107,58,13,28,28
37,102,0,10,85
119,32,31,24,46
13,44,45,37,2
74,34,6,14,11
80,3,56,23,22
91,21,60,12,10
13,12,12,3,3
6,92,84,25,2
7,42,10,13,5
60,118,32,7,9
36,2,22,77,39
50,13,0,28,44
34,4,2,8,65
72,86,72,40,37
69,42,71,28,55
44,27,35,43,4
67,9,31,5,70
20,12,57,21,12
10,11,67,3,27
27,0,1,18,44
135,65,68,56,10
8,73,48,54,1
126,108,19,63,49
16,19,62,219,68
39,2,32,0,17
54,6,12,95,3
47,30,19,24,13
146,33,56,16,13
19,17,119,19,31
60,79,6,7,4
22,88,26,63,4
9,140,26,12,7
74,20,14,45,44
52,88,12,57,101
90,4,7,120,50
30,74,12,11,45
99,144,65,46,7
83,51,92,30,32
58,15,4,43,15
85,54,20,1,28
26,17,95,5,22
39,101,17,12,2
22,31,150,54,94
78,10,3,0,34
14,114,61,5,15
93,17,9,20,27
37,41,52,83,19
104,36,35,25,61
80,24,50,36,46
8,70,62,44,87
23,23,0,11,33
84,8,9,72,47
34,83,74,30,31
12,32,21,29,7
47,26,56,26,12
33,3,9,4,10
41,135,34,49,54
0,14,60,3,93
33,52,21,3,9
36,48,1,56,11
26,12,12,18,11
19,44,4,28,2
6,10,22,50,10
136,165,90,46,23
26,152,61,0,25
23,33,36,82,22
20,48,18,1,20
42,25,8,60,17
36,27,150,139,39
69,55,55,38,22
7,115,55,20,10
46,59,29,29,14
28,33,11,25,9
18,48,178,24,3
33,45,80,0,45
16,68,25,54,18
44,54,59,48,139
2,37,8,26,21
9,229,45,50,69
68,84,24,22,76
96,15,48,122,22
116,44,81,18,29
202,36,32,42,15
5,99,138,2,33
71,45,44,32,61
71,48,4,140,18
11,187,33,88,30
24,64,10,31,16
42,44,7,0,42
7,29,30,7,21
38,44,23,8,66
27,28,9,170,10
73,5,39,36,23
107,100,26,2,25
39,72,38,89,48
57,12,39,15,29
20,49,17,1,52
49,218,51,3,9
33,20,30,18,55
27,45,8,2,58
96,138,52,24,13
35,85,10,51,69
32,40,13,14,8
122,36,95,19,37
73,23,89,7,44
111,43,0,101,8
46,9,2,94,20
33,88,5,31,31
124,15,34,20,14
47,39,48,44,1
22,51,87,132,32
94,105,104,12,4
8,30,1,24,18
61,27,39,40,120
46,7,16,8,7
32,52,31,16,9
98,99,11,24,85
108,104,9,42,22
31,41,69,55,9
13,87,42,19,128
39,69,11,39,0
40,44,44,42,71
52,42,22,59,26
20,10,40,39,9
0,36,77,15,15
35,47,17,6,77
41,35,56,31,13
41,8,30,41,44
35,46,0,145,7
143,9,31,90,22
20,61,0,3,23
84,70,7,3,14
8,17,38,25,1
51,84,13,31,1
68,21,71,1,3
63,72,91,39,75
39,116,46,51,8
29,3,37,19,45
34,18,42,87,12
105,14,130,15,36
14,116,52,7,2
97,44,2,28,14
52,37,92,75,12
55,15,26,59,8
6,6,0,12,25
100,16,2,2,36
7,37,41,55,69
9,52,8,24,2
149,52,69,125,11
21,17,26,60,14
75,37,52,31,60
61,22,46,28,30
120,47,20,0,19
18,6,31,32,11
11,14,36,14,146
6,72,23,76,19
114,14,4,18,34
54,8,26,14,3
26,123,53,63,81
132,16,35,37,10
13,68,57,5,21
23,2,29,40,21
12,11,16,39,82
12,18,109,12,87
4,30,20,40,42
60,28,119,11,19
45,10,18,35,15
11,36,55,14,7
103,81,16,17,21
42,0,11,35,0
79,49,71,26,28
21,129,44,36,0
128,85,10,30,113
101,142,8,34,24
61,59,86,14,19
63,114,21,3,2
0,100,96,11,11
16,44,24,45,9
55,61,20,60,24
21,29,30,141,16
6,34,66,39,45
50,7,35,28,39
29,18,48,1,40
42,19,60,53,6
10,94,117,13,157
11,23,53,97,23
58,70,1,42,52
112,1,9,14,2
21,89,101,70,12
79,18,28,42,51
45,27,50,92,88
78,0,28,7,58
29,12,147,60,20
83,79,32,3,38
75,17,1,66,15
1,55,10,49,10
59,84,35,20,13
64,93,45,44,2
41,78,63,13,24
5,96,6,5,30
81,4,142,41,5
85,24,60,56,2
39,59,22,32,13
51,7,124,90,55
0,8,38,17,62
23,15,78,3,4
63,15,7,29,2
50,62,27,11,2
53,52,102,87,20
34,17,4,7,43
50,5,3,13,1
213,22,0,10,160
113,5,10,0,8
65,17,39,0,31
47,43,30,101,31
37,46,43,5,0
3,70,62,98,19
47,80,48,61,5
47,4,46,20,57
20,41,6,32,53
17,74,12,21,116
106,14,54,4,7
18,58,22,42,4
34,2,3,15,45
57,66,105,14,26
6,2,96,50,3
134,1,37,84,91
99,55,66,22,130
66,16,33,34,86
111,64,33,42,31
13,100,96,121,0
30,19,48,38,109
123,91,0,14,14
12,50,41,28,36
42,132,42,38,38
20,126,21,23,38
19,43,55,33,22
54,18,20,38,46
32,18,24,35,36
161,24,47,90,11
99,29,101,46,29
52,23,48,8,37
7,1,32,6,61
182,31,25,36,90
48,55,175,5,17
128,3,65,11,82
27,169,37,23,13
56,18,9,3,13
142,31,41,136,92
26,113,4,11,31
134,48,21,10,25
98,2,77,6,14
22,29,16,62,43
13,44,103,85,2
4,35,74,4,13
19,172,10,61,3
21,43,6,43,19
49,32,83,20,17
27,13,27,38,17
44,72,10,25,19
126,7,25,97,7
15,24,23,3,23
36,10,69,99,38
0,155,35,2,13
35,38,94,78,2
19,136,31,2,36
57,37,15,37,29
92,9,6,9,26
73,38,72,10,35
66,41,24,18,56
37,97,75,14,70
114,8,86,33,118
86,58,20,32,3
55,50,50,56,58
153,28,5,81,2
38,12,23,21,23
79,54,101,15,0
100,52,1,3,8
27,73,8,30,66
22,69,39,1,181
46,48,25,55,18
50,43,5,35,32
128,25,19,1,7
71,69,6,75,8
8,3,57,85,75
73,17,56,1,47
93,18,28,68,27
26,36,34,15,69
78,26,36,6,19
14,49,56,1,122
44,4,20,121,46
53,48,16,54,46
96,18,56,28,20
0,43,103,5,13
35,1,8,35,62
54,87,95,10,52
53,115,47,4,90
47,62,36,2,8
102,13,113,0,24
16,14,10,44,25
85,46,20,76,21
177,71,69,85,22
103,46,59,8,1
0,37,80,24,44
71,32,27,52,33
28,24,92,33,81
74,24,11,29,33
5,23,55,46,31
67,81,54,8,9
76,45,28,76,47
113,21,84,8,28
17,49,45,30,11
29,5,44,27,134
58,80,4,13,98
7,144,121,27,9
44,34,19,57,12
29,98,98,0,66
0,17,76,2,15
47,22,17,54,4
79,25,77,34,69
79,39,31,5,21
51,33,50,38,26
29,55,56,31,8
11,27,18,47,10
3,6,43,13,23
1,8,31,5,14
8,38,8,37,10
5,37,35,54,48
56,4,36,36,98
125,15,170,121,15
2,2,54,39,56
106,118,75,10,13
31,14,2,50,20
18,34,31,8,31
10,37,2,53,36
60,45,49,30,11
83,28,135,71,95
103,95,17,10,23
29,93,9,48,17
3,9,27,16,35
17,32,52,5,22
1,13,29,2,89
6,25,86,29,50
113,30,113,10,65
116,23,20,12,6
29,119,27,33,14
15,6,41,5,54
8,108,55,12,85
11,0,22,87,57
21,26,26,9,6
51,10,85,2,39
60,108,95,98,2
101,23,11,109,59
70,63,16,15,62
144,117,28,102,6
3,33,0,17,10
157,193,31,100,2
35,1,3,24,15
103,12,9,11,8
21,102,18,3,24
37,55,57,29,48
112,43,49,25,13
94,58,13,1,33
0,24,52,12,20
109,65,24,61,36
121,24,24,17,43
28,35,2,25,26
134,10,60,14,45
93,10,29,71,37
47,47,97,11,5
2,5,33,5,6
26,96,23,15,125
100,23,1,13,36
34,73,74,133,41
67,23,12,41,70
14,79,55,3,40
58,40,47,26,37
122,13,115,47,42
26,46,10,59,8
8,90,4,0,28
37,51,70,40,41
30,145,65,5,15
91,21,67,188,23
102,62,1,3,64
96,43,84,7,44
31,58,36,9,14
2,86,140,4,30
71,4,3,4,74
108,86,3,26,91
57,37,63,60,112
24,55,91,15,60
20,68,12,120,42
2,90,47,6,23
7,10,2,72,19
42,29,98,25,7
40,52,53,12,18
35,106,21,25,39
32,19,45,18,31
34,6,10,111,7
70,70,87,46,31
56,8,77,40,32
88,9,78,8,1
39,24,90,7,32
28,0,5,18,35
41,22,48,20,55
57,70,5,23,11
51,53,17,31,4
13,49,18,71,23
107,51,1,22,24
29,44,102,3,91
28,98,24,13,2
37,99,39,94,24
59,151,203,23,14
16,21,103,47,1
47,75,79,22,65
36,89,114,27,40
5,1,8,28,3
18,13,79,92,13
84,93,99,10,5
14,125,48,33,26
6,10,56,11,18
83,4,43,12,2
79,6,5,2,32
111,2,14,17,11
87,6,54,45,42
212,7,67,40,21
71,46,54,29,22
92,32,6,14,111
11,197,47,13,46
88,87,10,5,96
0,31,72,1,7
1,73,61,51,105
48,91,14,52,31
0,3,4,3,29
52,14,23,94,42
36,82,4,19,17
114,7,143,102,26
4,10,2,5,30
55,73,26,4,19
28,28,38,4,11
52,58,11,5,2
58,46,2,25,39
54,28,43,4,20
48,18,23,66,25
82,2,22,23,43
39,42,8,64,64
47,2,16,28,44
23,38,8,85,16
35,28,1,77,11
18,83,60,2,146
4,108,56,72,5
87,153,47,7,26
38,125,67,42,0
96,11,0,27,14
45,48,15,23,50
14,14,68,15,26
34,26,125,33,25
43,210,65,9,15
36,24,105,36,25
8,15,6,18,3
37,22,5,31,28
3,4,77,20,119
27,6,74,14,7
42,30,3,8,39
37,48,76,16,31
64,78,11,20,31
87,24,21,46,28
53,5,150,90,58
108,146,85,7,86
44,46,31,95,42
57,0,37,91,16
101,8,3,18,48
8,7,0,2,3
164,106,45,4,20
74,104,21,10,24
33,71,105,34,96
34,128,24,21,69
61,88,34,15,23
75,31,55,25,7
101,32,4,16,41
14,5,11,0,8
39,55,0,59,104
64,104,0,79,0
80,71,24,59,88
20,90,66,61,0
5,21,12,19,15
5,77,27,95,35
61,126,102,49,49
46,39,44,5,50
93,51,26,21,22
75,33,19,9,13
43,23,89,3,7
79,41,30,0,53
22,86,43,72,7
116,17,67,74,18
2,147,3,15,38
61,1,18,71,22
46,9,25,130,41
15,110,83,9,1
89,36,13,12,8
0,20,1,82,48
97,116,19,35,21
75,44,89,17,5
7,26,48,16,100
3,77,22,30,0
2,18,21,51,15
89,6,38,4,5
35,78,9,44,49
5,21,30,8,15
68,25,68,29,21
42,41,4,9,49
25,33,82,37,44
4,72,1,8,35
51,76,78,3,65
1,47,26,122,13
78,25,20,71,7
58,43,94,16,29
65,23,18,4,27
136,36,47,8,11
47,42,19,11,29
62,54,6,40,3
76,34,42,45,9
12,68,53,21,10
14,13,22,57,4
61,66,96,6,26
44,29,28,118,1
8,76,21,12,39
66,27,72,24,4
10,11,30,57,47
98,60,11,21,10
118,38,108,11,20
69,45,10,55,63
73,1,22,67,6
2,102,48,9,88
103,47,0,16,81
86,56,40,46,57
53,56,0,49,14
114,21,106,15,131
33,52,2,31,1
44,87,24,11,32
59,25,0,54,5
28,31,116,54,19
75,22,46,168,14
34,79,122,58,217
25,92,5,57,20
49,55,46,19,6
2,60,63,17,2
56,2,12,51,12
32,24,64,37,48
12,11,17,3,6
94,23,0,63,37
85,39,12,9,27
37,18,183,44,0
11,62,38,13,8
71,96,22,6,19
71,92,48,5,24
113,2,15,1,11
55,14,13,77,8
50,33,11,6,53
8,88,174,40,15
18,52,121,83,20
112,47,16,24,3
68,33,15,39,3
15,105,95,47,5
16,55,8,40,30
40,6,4,15,56
112,63,57,10,18
84,44,51,15,50
40,20,10,135,170
30,28,18,11,39
11,29,51,147,46
48,41,15,16,9
36,2,9,5,2
37,131,1,9,3
18,14,49,2,4
46,25,13,15,31
3,83,8,4,9
34,9,36,131,14
75,72,43,10,35
58,37,52,11,42
63,58,22,5,8
10,11,66,25,28
111,94,52,92,24
57,46,2,44,0
24,3,22,39,13
22,22,21,14,31
55,97,46,69,19
54,77,20,31,11
5,118,42,11,51
29,31,39,27,23
14,76,9,28,51
6,10,18,29,111
8,41,105,54,15
87,7,70,18,107
42,109,0,2,14
12,14,80,54,69
31,51,18,14,28
44,2,202,12,28
48,51,18,5,12
24,84,11,80,1
26,1,8,83,34
24,34,55,96,5
140,15,4,87,103
0,86,12,46,26
47,21,14,32,22
49,7,26,73,6
18,49,73,24,3
16,15,34,138,62
32,14,21,120,2
38,76,29,2,47
10,11,3,25,7
13,37,10,36,15
89,54,75,28,40
36,19,36,24,1
130,40,29,17,73
117,102,12,81,1
74,142,87,14,19
2,25,12,25,52
24,0,7,2,19
13,76,102,3,53
9,1,74,22,31
62,21,89,22,67
66,29,92,100,85
48,50,24,50,5
110,57,94,116,19
88,33,18,18,22
10,23,38,13,8
28,16,11,13,4
147,34,23,8,8
33,5,0,2,6
30,80,56,19,6
1,6,51,29,46
113,6,14,32,0
9,61,47,0,89
64,55,89,43,61
23,29,125,1,4
34,15,32,54,14
88,16,31,15,4
30,90,158,42,47
93,13,102,56,0
18,30,42,10,22
76,5,154,99,16
60,58,15,21,1
138,12,63,8,38
79,69,20,4,22
15,5,100,32,8
47,10,20,8,47
52,20,58,139,30
20,18,6,123,5
40,10,68,10,69
82,59,23,45,62
4,58,11,158,8
72,96,7,10,32
78,9,20,29,56
100,18,18,53,2
83,82,74,112,2
21,34,4,26,10
0,8,21,16,12
36,134,1,0,46
20,5,11,42,7
80,30,159,41,51
26,148,154,8,4
50,93,23,19,1
39,2,8,71,37
1,64,47,57,13
26,13,107,57,10
74,3,48,70,19
22,59,29,69,45
86,80,68,37,29
44,93,14,70,5
3,67,77,32,13
71,40,14,22,6
6,68,70,55,0
34,37,44,51,39
44,0,40,44,36
19,115,82,11,130
12,0,38,46,14
40,10,5,24,1
131,0,62,60,4
93,27,69,126,133
25,92,9,18,82
89,13,69,46,9
63,119,98,3,13
126,14,39,84,7
91,44,56,10,23
10,53,16,66,54
128,4,92,128,4
228,1,18,20,108
161,33,53,5,35
12,88,61,63,33
100,68,51,5,22
23,27,17,66,10
63,68,0,23,29
72,89,27,63,17
34,49,25,4,12
72,110,20,40,35
55,0,49,83,14
48,45,19,32,22
45,66,16,7,6
90,65,11,47,24
6,6,15,22,97
4,29,27,61,17
31,81,44,9,21
60,83,62,12,115
65,52,62,5,59
52,43,6,38,1
49,69,60,59,45
99,75,2,43,29
5,83,22,14,45
39,64,49,10,44
25,32,60,133,8
3,11,7,79,22
28,37,21,30,27
32,62,23,34,95
136,89,121,55,15
52,4,81,2,3
57,72,41,71,49
69,32,34,60,20
64,51,29,12,13
8,25,60,6,21
10,32,17,63,90
39,29,9,5,5
26,110,11,81,3
49,12,11,17,40
51,52,27,6,91
42,65,37,83,3
4,67,4,112,72
6,65,11,26,14
40,14,4,110,73
107,8,29,154,54
151,85,3,1,60
40,18,20,32,13
24,72,25,30,38
89,36,64,22,66
9,1,101,13,128
84,53,53,104,45
106,48,76,4,71
1,57,40,28,7
34,31,61,6,69
63,66,19,17,35
13,141,32,109,27
20,52,10,0,35
3,26,67,104,5
17,131,15,4,72
156,45,104,93,141
100,59,0,6,18
18,35,52,11,18
12,37,73,145,1
99,81,5,6,26
86,56,18,30,55
16,14,19,22,88
46,120,34,52,66
3,15,9,22,2
4,106,63,3,2
12,16,61,74,9
68,90,26,54,8
39,80,10,104,5
116,54,14,27,3
86,29,1,137,6
22,39,25,22,52
83,110,17,34,36
27,40,4,0,21
54,54,71,1,27
4,2,81,45,15
66,128,51,55,47
34,152,99,22,54
64,56,16,72,22
1,45,4,55,7
30,95,24,70,65
103,103,26,37,35
9,124,14,88,21
35,5,3,99,52
65,7,9,101,32
56,31,5,86,0
2,145,10,28,21
32,44,100,25,1
66,24,5,140,7
62,121,0,69,14
20,33,70,26,13
166,44,49,12,13
68,9,5,8,32
86,6,33,0,54
46,72,161,20,26
84,7,50,24,4
18,87,46,27,27
25,60,12,47,15
87,39,14,23,45
62,7,58,30,1
84,97,11,18,8
34,32,51,35,4
82,41,77,126,14
44,98,132,35,10
86,55,72,12,9
25,58,3,92,3
86,66,25,9,44
35,11,22,0,31
75,42,117,17,2
84,0,59,59,12
1,31,3,29,29
2,45,1,60,13
24,39,11,41,59
85,1,35,29,30
43,47,15,15,75
59,20,128,41,17
162,59,66,2,0
128,73,54,2,21
98,65,90,30,41
63,97,12,5,27
62,4,32,15,102
29,52,5,53,30
33,64,52,4,47
107,68,83,23,46
148,21,6,46,16
9,11,7,22,58
46,34,137,0,30
11,60,12,29,7
25,33,60,4,14
38,33,5,25,71
94,0,43,49,45
13,34,41,18,9
50,36,45,56,72
99,100,2,10,39
91,23,9,8,11
19,55,69,29,10
4,50,60,116,13
82,57,36,6,53
26,16,27,30,32
70,21,42,33,2
22,17,57,7,3
63,20,16,8,45
35,52,22,3,47
58,43,68,34,1
140,105,187,25,18
72,9,35,18,1
6,31,4,32,24
21,45,22,0,19
32,14,45,150,22
42,79,0,7,34
23,65,90,0,21
43,4,7,57,3
112,11,32,33,55
161,21,106,80,24
54,63,55,28,6
43,3,3,5,49
28,135,80,28,126
48,9,25,61,180
31,32,11,12,58
82,62,37,16,34
84,10,30,25,12
52,38,11,52,25
25,3,5,41,29
5,42,84,2,56
73,1,77,57,33
38,27,67,142,58
86,67,61,44,56
36,41,8,9,38
82,5,142,42,59
88,4,7,70,79
9,39,87,1,1
14,70,11,62,45
29,7,112,62,18
163,33,52,30,102
35,94,68,27,6
4,16,101,74,0
31,168,7,63,44
37,19,73,74,23
55,33,39,9,3
178,159,5,119,41
40,114,114,31,11
94,96,32,63,83
5,14,4,40,8
98,26,68,25,30
104,42,64,48,5
145,28,30,35,5
35,28,74,59,24
103,40,53,64,50
8,24,37,32,16
54,3,0,5,0
55,57,9,29,19
51,20,7,33,29
26,46,29,40,34
23,113,8,4,12
156,23,27,4,30
40,62,51,71,22
14,57,12,21,0
94,53,8,75,20
67,24,66,52,53
111,63,2,4,22
12,85,0,114,27
119,63,117,44,36
10,4,22,46,6
33,32,77,56,49
12,13,5,51,2
2,21,78,0,3
53,20,69,11,43
44,84,8,49,18
9,80,73,48,10
12,35,5,9,27
88,11,2,20,5
10,38,0,26,27
40,0,13,58,10
45,34,14,108,24
196,47,32,6,51
4,100,16,54,6
86,22,121,64,1
98,26,30,18,44
114,206,59,65,40
38,7,19,9,114
70,19,0,15,22
8,138,84,3,50
2,24,28,31,125
49,24,32,28,33
8,78,13,78,19
37,78,20,6,46
20,3,18,14,37
112,18,1,15,29
15,93,35,56,21
77,58,15,28,57
93,68,2,64,21
28,89,27,16,0
72,8,50,1,84
80,25,17,12,5
34,92,92,101,55
33,13,19,18,30
18,17,114,33,20
103,11,78,33,42
5,33,68,29,3
6,23,29,103,9
10,3,54,14,109
95,51,10,70,26
51,45,88,12,11
72,22,12,97,26
114,74,48,64,26
4,106,11,42,34
129,0,58,40,4
61,41,38,54,8
99,87,3,49,62
163,113,51,66,14
45,13,75,9,84
25,39,4,25,2
10,58,72,89,63
21,118,101,10,26
120,11,10,79,34
53,103,10,24,27
92,80,26,30,5
44,42,33,43,16
49,21,21,23,1
11,10,68,21,35
108,51,13,12,17
0,4,57,15,9
8,42,5,15,13
8,21,80,75,3
98,139,170,39,11
13,81,30,15,14
7,14,11,3,68
73,114,85,45,154
28,25,87,52,9
60,10,15,17,19
12,125,48,18,10
57,32,12,23,28
1,57,13,4,0
158,60,204,52,2
20,164,98,8,40
80,89,25,1,6
83,3,37,4,32
167,85,42,22,7
50,57,21,99,22
67,49,1,53,86
49,2,26,1,62
106,19,11,2,22
53,47,2,3,21
32,50,50,56,12
35,13,125,8,18
111,23,31,32,3
121,54,74,22,116
4,23,11,143,36
16,14,3,19,54
63,17,26,19,21
100,54,60,9,23
84,73,97,6,22
13,24,0,21,11
2,21,8,17,4
48,56,30,1,12
17,9,23,46,55
118,86,46,44,13
61,17,15,51,24
35,40,19,9,22
50,2,23,117,2
25,35,11,54,5
18,11,2,24,14
50,87,89,25,13
25,5,53,14,6
32,85,34,109,25
8,4,4,6,36
64,0,9,5,36
81,0,107,11,9
51,17,10,25,16
60,89,73,42,70
56,72,84,4,19
4,38,74,18,69
33,52,10,32,9
18,8,151,91,22
19,8,0,85,94
58,50,125,42,12
26,48,64,1,11
106,142,12,40,22
80,59,18,33,11
35,15,33,39,48
51,65,121,13,8
24,88,13,27,9
12,58,32,35,1
14,36,38,8,13
114,40,133,29,3
17,30,45,38,7
56,56,42,24,51
164,63,5,11,22
3,25,40,6,16
8,105,69,50,11
55,27,212,63,6
175,96,31,21,35
85,18,16,89,3
66,22,18,7,25
10,16,85,49,16
54,42,74,9,12
40,7,145,62,58
45,113,7,17,8
38,27,85,2,51
27,127,7,27,31
37,64,45,51,0
78,70,16,60,25
30,86,44,20,2
57,41,44,4,22
15,71,147,3,20
164,38,45,3,35
44,59,54,20,23
9,0,110,88,93
118,11,157,48,3
80,166,108,18,5
31,12,0,27,5
30,23,27,1,47
34,23,117,37,51
81,74,75,28,3
24,50,11,17,44
54,2,33,3,5
20,76,17,54,15
130,34,27,5,21
24,60,33,37,20
25,10,48,3,3
4,61,15,65,84
3,108,9,40,6
167,125,25,71,31
9,45,10,68,29
128,4,29,9,2
25,81,44,55,85
45,113,70,3,67
46,27,11,40,4
45,56,0,56,3
7,34,1,7,7
33,97,94,98,99
31,32,11,19,7
101,15,28,121,37
14,40,7,29,70
116,115,35,142,119
23,35,66,124,12
107,77,0,1,7
40,0,106,80,10
7,11,39,3,103
29,80,37,7,41
1,54,6,21,52
13,17,1,10,37
37,65,5,17,5
49,42,83,13,27
84,11,45,67,3
3,18,67,9,97
105,89,22,41,29
108,73,67,41,0
55,5,58,26,27
6,16,69,8,47
87,66,54,6,53
39,30,67,61,54
87,150,24,10,8
34,79,35,27,75
18,6,28,18,30
36,34,29,6,8
58,1,3,7,49
40,32,188,9,22
11,17,11,29,18
97,105,36,19,42
90,15,51,42,33
47,17,10,0,36
85,36,67,3,0
31,11,67,112,51
8,83,8,13,80
56,46,1,36,6
75,132,69,52,0
34,101,12,0,15
54,15,121,27,16
56,12,63,59,53
20,39,132,22,96
47,35,46,11,5
2,80,20,9,25
89,21,53,101,32
35,52,9,11,29
109,125,58,44,1
87,51,52,17,20
3,5,21,60,145
75,104,36,43,24
83,11,7,3,11
95,159,18,35,14
121,20,70,70,25
77,49,7,27,25
49,72,58,9,38
98,31,94,10,80
15,49,3,36,10
70,47,59,32,58
37,60,0,22,18
38,12,4,51,14
115,67,17,82,38
179,64,19,17,1
42,81,39,21,21
58,63,96,8,3
3,23,11,92,20
57,31,27,30,13
89,82,50,2,2
42,10,22,20,24
88,7,0,16,28
8,5,44,53,31
3,130,16,1,33
14,58,4,94,110
50,72,113,41,97
21,12,6,38,8
44,4,172,4,44
59,3,10,27,20
7,65,19,28,9
123,11,3,79,87
7,18,10,10,79
237,94,3,26,9
52,22,111,6,6
35,0,13,87,66
12,12,12,41,65
16,18,8,17,77
7,12,57,68,64
27,10,113,121,30
6,46,70,38,11
8,29,51,2,61
11,17,31,62,2
7,5,0,11,19
67,32,59,40,25
58,7,3,57,8
2,24,4,10,21
7,154,22,59,88
43,1,22,21,42
60,111,78,9,5
48,7,62,8,4
80,64,10,56,13
132,12,9,32,12
2,186,11,7,2
0,39,54,9,59
15,89,2,32,15
57,54,56,75,17
44,113,148,81,2
4,99,19,50,17
61,120,48,16,7
186,64,6,30,8
54,49,36,34,22
37,43,2,17,19
20,39,35,9,25
0,183,1,111,5
21,159,157,16,3
12,67,21,30,2
20,76,27,48,57
9,32,23,74,11
56,64,6,93,30
36,1,25,8,4
32,113,21,58,0
199,5,75,34,12
31,89,36,23,0
34,58,49,124,1
84,17,2,82,6
44,16,70,97,102
15,61,77,59,26
43,61,30,3,17
47,59,10,47,74
11,44,50,33,8
32,56,84,21,14
164,38,17,10,1
75,153,48,0,3
11,18,41,3,78
46,25,19,3,15
81,16,10,11,4
8,2,51,36,19
20,6,75,90,9
14,11,6,16,19
71,35,24,55,94
51,64,3,68,67
92,50,17,0,10
69,52,69,3,2
16,87,46,108,17
57,20,32,34,24
114,73,43,18,7
73,88,61,21,2
23,131,11,54,25
60,40,24,24,12
33,24,54,4,45
18,15,95,30,35
13,104,21,9,9
9,12,27,77,1
36,1,15,13,28
76,63,16,76,15
53,37,17,6,42
69,53,17,47,81
18,36,8,31,39
13,60,24,47,40
9,47,37,48,6
24,117,2,105,14
66,16,79,8,5
185,23,17,131,25
54,4,33,26,24
30,65,72,30,8
94,16,67,47,29
102,42,18,7,5
24,85,26,18,14
63,89,6,84,42
131,15,15,33,7
43,46,8,72,20
34,65,20,22,33
31,24,21,26,1
81,20,42,68,10
51,65,8,21,16
18,20,6,12,5
39,24,3,13,33
11,167,58,7,100
53,23,9,78,20
81,1,28,32,8
76,23,188,29,38
198,65,8,43,2
78,94,89,3,3
8,112,41,25,19
40,19,162,89,3
49,79,17,92,55
7,82,44,96,41
9,69,120,12,7
31,8,59,12,4
78,119,13,47,49
18,14,99,56,28
48,51,35,21,37
3,1,33,47,151
129,27,18,50,15
47,5,1,10,23
41,8,11,27,8
24,49,13,30,17
54,62,72,17,16
17,23,128,34,23
9,20,25,33,2
48,75,17,62,43
39,79,6,13,130
11,38,2,58,21
21,44,68,11,6
52,93,9,87,13
85,7,46,43,2
14,27,26,4,90
114,74,35,103,39
38,93,76,4,102
21,23,90,16,25
6,89,29,46,39
86,16,74,7,8
44,21,135,32,0
101,45,52,14,28
147,52,54,5,31
45,88,9,56,10
91,80,13,59,64
80,22,7,15,50
95,44,152,26,45
1,52,47,6,43
40,99,12,5,37
17,53,11,10,11
34,13,115,0,24
30,24,12,26,18
39,60,44,12,31
55,93,0,22,10
76,6,22,5,54
2,4,9,11,13
7,17,11,37,124
20,30,27,57,31
19,47,0,65,54
1,54,40,43,4
25,110,102,42,32
126,40,42,24,3
172,51,63,73,17
18,53,3,16,67
9,27,18,41,14
52,40,117,10,69
68,0,55,37,15
62,42,34,6,49
52,69,37,202,46
9,24,60,10,19
27,28,169,30,26
42,54,22,43,5
74,17,102,57,16
95,32,51,69,28
40,85,104,66,162
88,60,52,85,86
14,48,59,13,10
83,33,7,27,1
133,33,50,83,76
135,12,95,14,9
57,62,62,14,33
66,16,25,23,23
54,115,25,30,0
21,48,102,2,33
21,67,65,18,22
31,111,47,21,17
12,57,92,24,1
14,3,130,10,14
20,39,30,33,30
19,63,18,90,0
60,127,45,55,83
48,35,28,1,25
53,43,137,70,36
41,19,50,25,12
25,3,49,44,46
30,40,84,13,71
24,55,53,9,0
45,6,17,25,12
94,10,75,92,122
7,63,65,76,14
39,40,13,66,59
39,72,100,45,58
30,46,29,32,4
4,65,86,34,17
9,76,46,1,26
26,10,3,9,13
1,37,50,19,3
8,51,84,14,18
62,56,55,62,32
54,11,83,16,15
38,21,8,57,86
108,2,32,50,58
18,89,8,3,3
3,57,76,12,5
8,94,87,113,60
78,139,1,36,70
7,8,4,15,2
66,96,94,9,9
175,35,33,28,24
53,26,144,1,26
69,117,1,65,49
1,33,11,84,45
103,67,40,19,2
1,207,1,47,6
29,34,3,13,75
97,48,15,40,46
8,0,28,28,20
19,1,49,129,48
89,14,41,60,10
68,54,50,69,39
36,31,79,27,4
20,60,28,11,119
54,15,27,49,76
56,65,0,48,80
17,13,0,10,10
24,47,11,36,45
29,133,5,19,39
108,29,4,116,1
35,6,94,7,11
25,1,40,19,50
80,24,19,62,58
62,46,41,64,8
12,30,16,11,8
3,7,50,27,16
20,33,169,81,27
86,16,3,4,81
6,5,9,4,12
52,64,58,38,0
119,72,15,25,101
37,75,2,67,37
56,29,50,92,0
104,180,16,96,46
4,70,65,8,4
38,24,36,21,53
35,40,23,89,32
13,41,125,60,17
60,15,47,23,4
42,22,70,16,72
93,27,42,34,28
101,66,10,18,39
73,0,9,54,25
35,55,12,22,15
58,98,40,63,37
72,27,80,72,15
57,45,102,42,17
24,15,12,1,57
10,7,39,21,8
32,5,55,44,17
13,151,43,64,24
88,12,4,23,24
71,19,16,9,23
22,8,0,9,42
29,50,6,48,0
49,0,113,65,16
77,16,18,77,106
53,87,30,27,13
53,2,26,53,58
28,34,166,13,10
2,22,14,2,48
81,52,51,14,45
10,21,21,54,44
234,49,1,58,29
8,4,88,4,26
36,47,63,138,35
40,64,96,58,41
111,12,4,0,43
35,59,73,28,70
148,9,54,1,53
107,29,93,22,3
54,77,1,12,24
80,93,52,3,51
2,40,18,0,17
10,27,25,3,53
53,15,8,5,3
17,79,57,40,13
149,36,5,21,52
127,42,19,68,52
35,50,13,17,24
91,43,10,18,1
16,48,47,22,27
137,79,16,59,20
104,37,61,3,5
110,38,19,8,3
37,98,65,14,43
48,30,8,39,29
112,74,61,63,8
234,101,121,15,19
117,16,50,48,3
30,8,1,113,48
18,98,48,71,15
17,73,13,21,30
47,80,9,80,0
155,82,38,23,40
26,2,6,55,6
2,5,50,33,111
9,14,42,3,31
89,34,95,14,0
47,17,154,47,11
158,29,18,16,30
84,95,72,4,7
21,72,1,0,13
90,57,35,54,18
11,99,49,4,4
80,46,33,34,10
55,45,19,30,10
77,20,13,11,3
13,51,149,91,48
177,28,112,5,28
34,180,56,19,32
121,110,23,35,3
107,85,31,48,29
81,26,6,49,57
37,70,64,2,11
21,36,66,59,4
15,70,21,0,65
113,76,3,6,38
104,18,58,12,22
39,37,3,33,10
77,6,31,3,5
61,142,7,2,11
67,95,7,35,34
15,46,1,6,48
18,9,41,49,42
38,12,3,94,7
22,67,42,37,33
73,53,15,22,5
81,12,13,0,12
71,114,68,2,91
94,3,75,24,5
55,16,24,89,75
5,44,43,74,40
42,186,1,35,2
23,3,76,17,60
55,36,10,10,35
68,40,146,0,18
87,97,53,0,8
44,151,2,103,1
80,26,21,54,45
22,43,9,73,43
3,65,34,8,15
44,49,142,3,5
70,42,20,23,14
11,0,3,80,9
61,34,10,11,33
92,186,0,51,17
127,5,93,63,72
73,78,101,30,53
94,21,6,10,33
0,11,0,47,25
37,31,48,75,27
49,3,107,112,6
12,23,16,17,49
63,40,47,52,0
62,5,115,16,4
67,3,19,45,40
40,46,56,49,20
138,4,7,24,36
51,8,2,32,48
37,33,7,8,84
15,0,43,5,25
17,72,26,27,130
66,57,65,2,36
10,33,95,80,11
28,4,6,5,31
13,107,80,5,34
88,56,4,6,17
82,12,97,16,20
45,121,10,15,15
16,1,67,2,12
1,27,12,13,86
55,9,51,33,51
3,1,39,8,23
6,5,23,13,25
18,51,7,45,56
6,41,48,5,28
47,70,22,2,100
21,1,12,75,85
53,34,115,10,21
36,107,35,9,92
25,4,63,2,53
9,71,7,114,3
137,7,69,138,4
92,8,39,28,30
44,10,61,20,76
56,31,43,15,46
13,33,10,0,40
29,6,83,33,4
47,50,43,73,36
107,18,31,43,38
21,27,47,2,10
51,13,28,16,19
45,42,97,17,27
31,111,54,4,21
14,32,48,47,2
20,18,58,51,19
78,79,10,26,78
37,16,77,8,1
103,2,13,95,12
62,9,153,42,57
2,7,4,107,29
51,28,57,40,53
8,3,4,3,43
21,5,34,5,13
25,81,14,9,3
40,50,3,33,16
128,84,0,130,17
0,24,88,31,50
56,8,100,13,118
30,6,14,63,10
218,25,141,29,28
27,9,44,64,47
29,3,48,12,105
41,8,3,17,31
44,22,67,37,5
166,84,19,12,32
85,34,4,83,2
8,12,21,36,28
29,11,17,74,17
140,7,19,5,25
37,66,47,18,22
23,162,5,17,28
103,54,6,18,15
129,18,35,2,26
16,195,12,123,6
64,36,53,92,91
18,88,15,18,21
30,11,7,22,14
71,66,145,91,6
15,50,58,54,16
28,91,18,27,7
38,66,8,29,76
118,37,16,41,47
39,15,72,14,33
23,99,54,22,0
35,65,16,7,13
34,0,79,6,6
54,12,31,37,38
112,85,27,29,55
70,15,15,6,4
61,12,20,7,14
10,86,3,24,15
28,29,13,47,1
20,59,44,73,22
54,36,78,84,36
90,44,11,19,2
63,0,59,25,73
0,62,59,27,54
13,25,20,71,51
84,27,142,4,17
0,73,72,33,234
0,67,72,3,4
34,22,83,15,35
9,70,0,2,10
72,0,6,4,123
43,152,53,46,91
19,45,64,100,13
83,118,30,16,12
37,21,21,13,0
85,125,61,89,7
6,50,37,13,20
66,115,3,76,29
7,24,54,73,14
112,8,36,31,0
0,115,56,147,124
37,23,3,64,30
10,173,3,20,11
205,13,46,59,203
61,19,9,58,45
22,126,121,12,3
102,41,36,99,59
34,5,45,64,14
148,58,14,65,8
34,54,34,28,0
36,77,21,0,30
27,112,44,34,0
13,112,82,56,6
18,41,73,36,37
115,138,1,39,41
35,19,9,16,6
28,8,29,14,14
81,35,39,8,25
125,7,18,47,92
23,97,33,14,38
0,34,2,82,65
49,28,25,50,36
36,26,8,68,102
36,52,48,18,11
9,3,21,3,40
98,19,4,46,41
140,0,63,93,6
20,4,2,6,36
87,21,0,6,10
38,79,0,59,20
50,2,65,51,7
0,49,52,21,11
55,3,32,65,36
19,72,46,166,5
28,1,30,63,0
31,8,12,7,0
84,27,9,33,30
11,6,54,23,35
192,16,132,0,77
68,51,12,11,31
1,4,105,2,48
36,107,22,54,45
1,56,134,12,12
35,23,49,27,23
1,82,27,8,2
71,32,27,23,3
39,10,10,0,0
29,33,5,56,23
73,42,22,26,20
6,43,57,2,25
112,156,25,5,4
113,57,12,1,5
76,80,124,8,47
19,146,90,10,5
42,34,98,71,57
33,123,12,138,18
42,0,38,75,93
53,51,18,1,104
50,13,18,1,127
43,14,66,6,2
23,19,97,32,10
103,36,144,21,1
32,26,15,27,28
54,58,11,60,4
60,31,18,53,7
41,86,2,31,72
59,77,92,83,19
1,23,5,62,126
34,53,1,75,13
193,126,60,41,30
145,47,79,10,9
86,31,36,32,22
6,10,53,28,32
76,5,60,2,13
113,50,49,25,132
154,102,22,20,37
145,73,59,46,9
55,26,48,47,24
14,75,104,55,11
3,26,51,14,14
19,7,24,53,4
75,0,12,7,111
48,9,47,158,44
15,54,27,28,9
109,3,31,31,50
51,30,4,69,3
56,6,4,28,2
87,42,50,37,169
84,98,11,35,47
42,25,17,33,13
59,74,6,13,27
65,152,16,33,29
62,5,42,2,6
2,15,28,32,28
82,110,34,26,37
49,70,11,23,29
42,63,76,57,16
29,129,2,82,17
114,95,25,8,11
23,49,33,73,0
18,51,20,19,67
14,62,23,30,55
15,1,61,45,6
10,100,131,11,51
1,57,37,11,6
26,134,17,12,1
20,71,15,45,70
25,91,47,31,24
11,155,26,66,14
67,5,20,0,14
49,47,22,134,32
24,49,1,42,75
175,32,62,20,79
135,64,8,0,29
56,1,18,14,15
61,122,17,21,13
7,36,3,3,69
36,6,78,1,17
25,1,68,58,4
28,28,80,30,7
22,104,111,75,1
31,56,0,1,70
37,59,0,37,41
85,1,60,16,47
1,179,2,80,75
1,7,14,59,4
13,4,61,40,29
6,86,63,161,5
141,3,61,46,25
35,81,56,3,82
83,99,12,97,125
14,48,1,89,87
36,9,17,75,44
74,66,21,15,21
155,11,40,30,1
30,30,48,19,76
32,40,58,7,0
24,78,34,54,8
107,18,27,14,0
73,25,41,40,15
57,11,14,0,1
45,19,132,78,33
26,53,109,18,42
125,72,2,78,19
72,21,31,19,66
2,82,11,98,6
110,6,48,28,11
6,8,24,27,22
27,0,56,6,142
36,14,96,53,14
52,39,143,10,6
47,69,18,34,28
5,90,14,14,33
20,93,80,46,12
60,27,62,8,3
79,10,13,42,2
37,105,60,13,35
107,31,27,2,23
76,56,14,97,37
48,26,65,17,5
125,43,103,15,14
2,101,37,84,37
7,91,78,155,27
0,22,79,5,57
35,23,54,21,65
97,1,12,70,83
21,58,68,25,19
104,8,75,37,8
5,3,16,9,12
6,9,30,80,70
32,31,25,23,44
59,59,27,0,115
73,39,44,0,3
205,5,16,1,33
8,35,45,15,17
98,74,31,28,21
33,64,31,69,23
31,25,38,66,45
62,53,9,29,3
64,27,45,111,8
11,25,12,50,27
54,24,13,64,94
17,125,59,30,38
18,94,44,6,43
11,57,42,33,38
52,15,54,33,25
160,103,61,27,12
60,3,6,4,53
115,159,114,1,0
84,20,84,82,41
67,45,35,1,50
18,56,10,140,8
4,154,74,15,56
6,10,72,0,37
36,76,5,46,71
48,40,39,30,28
21,23,6,15,92
38,27,94,13,13
58,37,82,119,69
94,143,8,28,0
8,16,8,43,38
105,17,32,34,28
34,57,50,15,45
17,22,16,94,64
76,49,25,11,127
78,91,23,103,60
36,1,70,7,89
90,1,53,8,32
108,86,4,16,3
3,78,60,46,8
39,29,35,4,3
22,19,6,9,82
143,93,12,3,13
38,76,22,11,37
121,14,82,53,45
12,34,38,21,1
109,114,36,34,17
20,54,12,24,51
32,99,115,11,89
123,47,4,0,34
19,47,43,7,20
79,77,39,100,0
144,148,16,72,41
121,26,19,39,8
9,36,13,8,71
15,32,47,23,131
112,40,71,16,22
85,50,1,8,6
34,50,1,69,17
40,13,1,14,21
76,39,55,75,16
76,48,2,59,29
47,0,41,138,93
42,3,53,1,6
76,143,6,27,7
40,125,24,34,13
105,179,2,2,48
6,48,16,5,62
9,59,22,44,45
29,1,74,58,25
33,5,7,39,21
20,8,41,120,11
21,111,14,75,73
26,13,30,3,47
95,80,17,10,49
40,84,42,78,13
29,16,63,40,49
61,49,50,9,3
16,43,7,73,33
80,80,63,71,0
77,20,31,20,10
72,48,21,0,1
51,38,46,51,27
17,16,15,7,0
21,56,11,62,13
94,118,58,51,19
81,81,31,8,81
65,69,82,2,71
31,38,22,75,0
67,11,99,21,38
15,2,71,39,0
39,105,30,55,35
70,11,6,20,31
69,9,4,77,2
12,5,108,11,32
5,157,64,7,87
151,77,5,31,14
76,37,22,4,15
25,132,35,56,24
35,53,62,3,2
21,99,22,16,95
62,1,0,54,0
127,29,1,32,28
49,23,87,10,54
13,33,44,39,10
93,50,8,173,16
97,21,4,11,41
44,55,23,1,30
25,7,50,95,7
19,98,10,4,54
172,120,13,14,23
2,4,110,68,41
58,15,121,9,13
38,76,0,44,9
18,98,35,13,2
17,49,76,32,0
11,56,0,40,17
30,5,3,14,4
87,38,20,14,47
36,126,16,97,96
38,32,0,72,16
78,5,11,56,5
35,38,2,66,3
25,19,52,36,27
114,126,22,61,82
28,1,56,62,103
8,90,13,43,1
3,106,6,97,16
13,145,15,30,2
3,37,20,17,21
41,70,10,5,43
8,30,112,43,123
92,170,38,5,24
44,16,32,60,19
34,49,3,12,32
37,3,8,67,13
12,94,16,7,20
15,122,0,67,17
98,76,82,17,72
6,43,132,51,58
88,51,20,16,30
52,4,2,72,26
11,27,7,33,52
52,29,24,93,1
52,5,58,1,38
127,27,70,54,13
22,24,114,9,16
38,80,54,3,24
50,6,21,51,10
72,182,9,2,50
135,56,92,78,28
127,11,20,38,15
131,13,12,58,64
27,0,26,42,77
61,21,76,2,6
54,100,46,96,9
19,34,35,43,5
16,52,15,17,33
3,24,68,38,8
30,48,91,3,13
6,5,79,12,43
118,74,21,2,72
64,114,1,6,0
82,92,89,14,1
25,23,3,72,12
102,3,56,21,54
18,16,49,52,19
26,12,43,1,47
116,2,3,41,6
129,95,91,76,54
4,1,11,22,6
68,77,9,51,4
77,102,7,31,18
61,135,170,40,73
13,31,41,22,78
47,24,9,13,14
56,19,21,97,73
94,52,63,13,124
56,9,38,40,83
7,34,37,99,19
93,138,21,4,55
38,2,145,15,74
39,119,103,203,61
30,72,68,7,6
70,75,13,31,12
40,43,54,5,11
14,4,37,28,28
120,22,52,12,59
90,74,46,70,38
42,57,9,1,3
11,28,26,6,60
70,126,68,8,51
22,14,95,10,7
73,10,24,2,1
9,11,30,15,2
50,28,64,32,13
72,17,13,17,10
106,85,40,16,47
20,82,35,7,123
115,82,80,34,197
0,41,40,70,65
9,1,10,18,27
53,99,17,72,28
141,30,55,13,22
43,4,68,12,33
27,21,14,96,35
48,36,5,149,33
1,54,19,95,22
30,63,146,64,12
88,27,115,43,44
23,45,22,10,23
71,3,29,31,3
75,17,7,38,3
49,0,48,41,17
66,51,21,32,76
28,40,57,15,45
5,9,9,19,10
56,80,10,24,2
110,20,4,19,38
14,14,68,140,2
71,57,33,105,24
26,21,114,86,47
137,40,44,122,16
52,7,132,8,37
35,54,16,2,30
74,62,32,25,10
63,57,4,20,39
85,118,17,3,67
12,7,75,14,4
82,32,0,17,22
20,57,75,25,28
1,1,0,8,24
1,2,88,57,21
13,4,0,8,52
19,54,4,0,15
25,12,38,111,29
64,47,30,38,21
27,4,11,23,7
30,50,83,43,83
48,5,62,11,18
4,32,145,2,19
17,36,15,6,5
23,73,78,71,88
13,31,12,44,58
36,6,12,20,15
69,25,9,10,8
79,110,28,52,19
73,51,20,2,36
80,9,19,18,8
51,40,34,22,32
45,84,0,0,24
7,32,25,10,23
38,39,40,69,11
21,22,87,20,58
104,25,5,8,12
100,17,55,25,86
62,14,27,106,0
20,6,127,43,115
144,96,3,15,77
60,88,32,66,92
21,38,58,33,1
77,85,52,40,40
81,13,31,152,79
100,17,32,2,8
39,85,7,11,25
15,8,87,80,56
2,11,102,25,66
73,61,49,0,21
75,49,9,1,2
58,33,26,5,2
24,25,5,58,54
37,55,6,4,21
14,22,100,6,52
79,14,104,52,30
50,26,48,12,27
47,38,10,28,10
5,22,46,117,5
11,138,22,8,80
30,13,5,9,33
10,37,2,30,51
0,15,8,17,73
20,21,3,0,26
114,145,0,24,43
76,54,67,23,7
42,2,31,37,41
43,52,110,60,8
7,139,26,16,21
23,40,66,80,0
13,5,14,73,23
80,113,45,63,60
9,19,42,65,15
76,19,7,7,1
84,14,134,112,16
87,64,44,6,8
45,10,0,83,59
91,72,44,18,73
24,1,28,3,10
15,44,129,51,26
65,72,14,45,0
66,41,146,53,24
0,3,62,50,3
5,25,47,10,21
28,133,6,8,8
58,52,4,30,54
73,30,75,40,103
104,3,77,9,20
48,27,13,2,16
69,58,116,76,32
48,70,1,32,1
50,56,83,3,5
64,120,19,52,55
8,38,27,164,5
34,42,9,104,56
56,12,76,7,82
19,14,40,17,4
45,2,10,147,2
33,47,0,47,11
29,1,2,119,0
27,22,17,12,28
10,39,46,5,4
42,100,19,1,25
92,44,23,2,2
75,13,13,3,9
53,3,7,69,53
61,126,103,121,23
56,16,14,37,38
10,73,7,16,9
33,3,10,90,31
22,90,17,3,15
15,12,3,55,12
17,24,44,26,37
37,108,114,1,24
32,9,47,164,86
29,95,73,30,2
87,20,53,29,50
108,35,6,42,28
14,29,40,12,9
19,80,40,37,16
1,7,46,45,26
7,39,26,57,83
4,10,35,155,15
144,123,62,56,91
57,40,0,11,5
142,14,105,27,27
12,30,64,2,6
35,27,12,16,8
82,7,22,26,21
139,12,48,203,65
70,25,71,11,4
114,50,67,35,107
50,128,82,33,0
79,75,14,2,3
30,29,39,15,20
42,33,23,63,20
61,20,29,89,7
25,15,18,21,2
67,48,5,43,6
45,4,1,86,110
15,44,55,177,111
2,21,13,35,17
91,68,15,3,37
27,168,17,35,68
58,81,16,13,6
3,12,4,49,29
13,17,68,87,22
4,22,49,68,17
30,64,14,7,5
64,67,25,43,5
75,39,8,78,0
28,68,42,19,15
23,51,48,9,81
74,19,0,7,34
10,70,9,40,14
24,59,21,1,4
80,44,85,99,41
22,36,13,9,18
96,119,29,10,10
27,133,42,72,19
71,1,39,5,30
82,1,0,6,33
9,92,39,22,9
70,20,91,53,6
65,26,67,76,57
113,0,39,51,41
110,88,11,27,65
75,93,40,28,10
110,58,29,73,10
100,58,40,9,70
82,52,14,12,35
33,30,87,52,43
72,15,18,52,34
9,45,102,62,11
10,38,117,12,10
120,0,54,22,27
9,6,140,69,33
16,35,57,30,51
47,10,79,23,89
8,24,21,51,23
24,62,29,80,116
9,130,78,34,2
9,20,33,5,42
15,50,19,4,16
20,35,16,101,30
138,139,66,85,19
12,15,23,53,73
25,105,44,12,4
108,68,12,6,40
12,87,52,9,106
105,54,105,42,32
58,44,42,13,29
62,86,11,34,25
81,52,13,58,3
39,139,47,54,6
95,73,34,42,6
83,6,73,17,70
22,31,8,12,19
89,12,46,51,41
30,7,34,37,16
36,41,70,77,14
51,86,30,29,22
101,37,25,46,14
43,32,48,0,2
12,31,12,21,37
135,179,49,6,18
11,4,1,7,77
40,13,27,42,92
26,4,2,57,50
35,8,75,38,59
38,22,30,15,42
38,114,91,0,0
2,39,43,67,2
10,45,33,74,26
1,6,0,8,12
129,132,21,7,70
169,69,40,72,6
55,3,25,103,4
7,35,66,17,25
11,27,43,7,29
9,27,52,125,18
99,23,7,71,40
6,41,9,29,36
97,41,47,19,0
85,120,59,16,43
39,6,31,13,66
75,26,67,31,0
35,5,77,12,2
19,6,5,11,33
33,22,86,13,27
178,34,66,43,5
11,9,75,8,6
79,167,13,14,15
95,4,143,6,24
46,16,3,86,60
47,59,6,24,25
27,20,61,27,52
4,18,19,23,6
88,62,21,24,15
98,50,91,45,11
124,85,15,12,34
3,37,84,61,1
16,153,50,43,39
3,102,21,10,59
39,12,45,6,13
143,27,12,57,72
70,48,21,24,2
7,30,87,1,33
51,130,11,43,105
26,36,19,15,32
3,65,192,40,79
28,40,68,16,17
64,33,76,39,5
51,11,62,66,2
32,31,49,37,12
103,38,16,16,35
4,55,22,17,42
86,82,10,85,3
5,17,54,46,46
26,24,12,86,29
6,113,97,7,2
5,52,3,7,16
104,58,2,59,0
7,11,1,33,22
30,58,121,2,35
11,18,96,6,25
38,47,19,10,14
108,34,34,1,21
16,20,57,56,4
114,66,7,7,26
17,27,1,5,58
0,126,26,77,108
55,28,22,24,4
12,14,14,43,40
45,74,14,7,27
35,10,34,42,17
44,30,11,28,5
2,37,23,4,0
114,23,8,40,25
14,80,57,4,95
66,5,13,19,0
107,77,95,43,36
35,37,58,92,7
8,21,147,1,2
56,18,59,69,34
0,7,73,1,55
127,195,5,0,18
45,114,55,5,0
137,88,32,56,89
59,50,34,29,19
46,23,12,3,9
102,37,19,64,24
60,12,7,42,0
67,9,31,4,0
14,52,5,2,14
5,48,58,38,7
36,51,46,73,10
5,109,25,9,41
28,14,45,5,47
40,4,8,50,71
10,45,15,18,2
57,45,17,42,20
93,38,9,3,64
22,61,43,91,21
23,49,25,36,68
31,57,43,8,23
36,24,62,14,75
48,11,7,32,59
60,50,40,36,13
23,62,26,0,30
13,53,102,3,5
55,46,31,48,52
79,35,6,72,95
7,28,12,57,37
22,64,3,83,7
60,27,32,34,15
29,84,22,74,20
34,3,39,47,65
38,57,21,19,24
66,10,22,25,50
8,58,9,29,60
29,70,27,59,11
144,22,21,24,16
107,7,36,16,16
55,134,60,12,16
139,48,7,123,14
20,0,31,35,18
67,89,77,38,38
39,44,29,46,9
8,38,14,24,20
7,7,99,0,2
127,25,29,92,37
57,102,82,79,8
117,12,6,22,25
8,7,28,15,55
110,11,76,65,10
17,94,71,34,55
49,65,62,24,75
32,58,96,70,33
15,46,15,5,39
13,55,16,169,49
20,49,38,20,12
19,9,9,52,12
3,49,14,50,82
119,1,51,89,11
8,15,4,1,111
3,6,22,4,10
10,115,55,39,29
83,0,128,59,0
66,119,2,18,73
88,24,0,4,37
32,59,31,38,59
80,0,14,20,4
64,56,19,7,42
26,176,63,47,133
232,13,7,5,7
20,109,52,81,31
8,121,0,5,15
83,49,43,65,16
23,36,40,48,5
88,105,66,16,0
100,12,66,89,61
39,15,74,118,63
37,64,39,3,1
49,20,71,18,3
0,95,16,34,15
11,32,57,10,12
8,41,28,9,39
23,25,6,11,38
102,98,1,10,9
63,73,10,12,24
45,71,18,86,12
47,4,84,28,28
12,79,51,43,31
4,44,24,17,4
1,17,12,30,35
110,87,124,79,24
13,35,3,75,102
22,18,15,70,37
14,95,14,55,1
13,36,16,123,7
42,114,92,18,4
61,16,51,0,32
51,58,15,14,16
60,31,33,68,14
77,18,25,148,9
23,73,80,11,17
143,71,157,32,38
1,134,136,49,10
31,15,91,88,13
86,25,58,50,4
19,70,21,1,49
120,5,6,13,36
79,2,2,92,44
19,37,31,5,32
22,27,61,22,0
48,114,71,112,24
50,69,114,89,15
19,43,23,33,15
33,63,17,71,17
30,34,15,28,21
6,40,19,2,3
16,10,77,51,15
25,4,25,52,36
45,52,3,13,17
32,33,81,35,26
180,41,78,42,39
84,55,10,7,1
7,3,0,41,9
61,21,1,133,14
109,138,79,24,21
62,59,70,45,23
20,72,40,11,1
140,61,3,3,7
39,115,7,35,3
13,51,12,112,12
16,17,29,47,41
25,22,13,35,28
79,64,18,67,55
35,41,42,25,98
95,95,3,1,3
100,33,116,26,1
7,14,5,11,49
27,0,1,65,33
36,5,21,59,31
30,115,18,11,27
6,94,3,40,36
12,87,61,26,20
17,6,10,71,42
3,80,6,3,33
39,61,12,79,4
62,28,49,13,20
23,1,93,57,37
68,12,26,18,102
15,62,32,17,20
21,23,26,31,95
55,54,64,20,39
167,16,117,6,2
44,32,40,59,12
93,48,92,18,8
54,16,63,0,44
34,3,89,27,10
2,41,103,30,5
22,71,7,10,46
14,5,33,10,9
131,4,119,31,11
30,124,28,5,82
82,11,60,21,0
113,152,38,123,21
13,56,39,34,24
21,77,2,10,69
38,14,1,64,12
45,10,77,48,19
12,63,33,18,19
16,72,52,0,26
40,17,73,6,11
68,41,109,11,1
12,42,5,29,28
84,75,21,68,29
25,48,177,137,31
28,30,6,67,34
34,30,31,92,2
69,13,26,13,108
21,23,5,63,43
70,7,25,12,44
46,19,167,47,45
73,26,39,5,51
78,40,114,55,42
95,23,19,80,31
8,21,7,45,32
2,26,71,47,3
39,47,58,45,6
9,80,30,39,12
13,16,101,4,32
31,36,123,16,76
12,37,1,31,6
5,55,14,16,104
4,15,5,24,48
75,58,18,2,29
45,143,78,103,18
119,13,64,18,21
94,79,65,14,111
59,30,116,1,59
54,33,10,24,27
94,10,111,100,3
62,34,78,11,3
22,20,46,9,17
26,6,2,151,18
27,43,53,38,95
123,12,85,3,17
87,43,10,1,103
4,67,6,12,0
23,26,51,2,7
2,6,15,20,2
3,2,16,52,17
31,116,45,1,54
5,171,32,25,36
43,57,94,1,25
22,5,85,44,2
16,29,26,41,7
124,40,17,18,20
51,116,51,89,54
137,68,0,20,39
29,25,14,21,6
57,84,60,51,2
16,27,15,58,20
74,151,34,34,20
48,80,72,38,20
106,80,17,127,39
5,28,12,12,20
64,21,32,11,11
37,31,14,27,0
66,149,66,3,81
31,159,57,5,4
69,67,12,6,38
74,75,35,187,26
66,52,4,16,12
65,107,30,12,0
2,111,119,3,28
40,10,14,16,49
60,23,59,22,6
63,0,13,17,24
88,6,7,11,2
13,47,92,1,9
93,44,27,110,6
61,114,119,5,66
68,85,89,67,23
21,60,68,30,30
75,8,27,6,46
21,8,47,53,43
78,8,20,2,58
9,20,67,4,0
44,85,4,72,65
19,8,15,33,19
121,29,15,42,7
2,118,55,63,10
12,56,8,7,71
71,16,20,3,1
41,54,31,16,6
50,17,48,37,47
134,64,1,80,162
14,22,27,70,147
58,2,84,34,12
63,91,1,2,7
30,33,15,4,49
112,27,59,81,88
42,28,1,2,66
131,52,13,1,4
148,24,8,43,20
97,18,31,20,65
29,5,60,20,10
7,117,29,6,15
64,122,97,21,139
5,122,19,51,1
21,7,23,35,13
38,68,59,84,6
26,72,13,0,77
45,1,79,37,43
51,36,7,49,9
8,6,122,100,0
56,13,29,6,7
60,16,8,5,6
51,15,10,18,12
82,39,12,3,141
10,9,32,24,25
70,6,77,7,5
35,50,69,5,23
52,93,26,13,19
9,24,72,92,15
53,93,60,7,25
8,50,88,50,0
41,22,71,50,5
15,129,48,28,33
70,146,83,7,4
74,4,1,8,27
24,52,5,95,12
97,92,123,13,31
59,42,20,26,12
29,156,7,49,33
0,48,29,1,11
12,90,0,29,27
25,57,19,35,3
3,1,18,24,55
99,78,57,19,20
53,16,34,28,66
20,0,122,89,11
12,17,110,96,37
7,105,27,5,26
2,30,63,44,1
8,14,48,42,24
59,63,86,17,10
179,115,11,1,59
76,38,6,161,88
126,0,26,23,24
11,40,51,9,25
46,5,29,43,6
67,41,12,62,26
57,0,8,23,44
90,101,123,64,25
8,2,36,27,15
40,3,31,12,3
5,73,40,1,85
46,37,28,17,20
81,48,6,4,18
49,32,128,4,28
24,58,64,130,14
94,54,74,13,0
29,2,62,61,18
129,7,20,26,42
171,2,113,75,4
61,55,129,42,10
17,24,58,45,30
15,43,0,50,20
23,54,28,17,0
6,39,1,135,3
50,10,0,1,26
119,9,13,10,17
39,0,18,33,66
31,47,1,44,17
48,3,0,2,7
5,93,43,12,42
11,43,13,15,36
87,68,29,1,0
73,1,12,5,6
78,7,112,134,52
74,45,66,52,117
43,75,24,8,47
111,67,122,43,1
38,27,9,27,29
52,90,7,9,13
140,58,17,24,8
36,4,6,42,5
186,15,0,7,76
47,144,11,65,8
13,62,30,5,0
27,0,17,9,75
199,23,7,46,76
1,63,1,49,98
71,92,67,5,4
63,22,35,29,24
40,55,4,23,3
28,23,13,26,69
72,52,145,2,5
122,30,85,37,6
155,8,135,7,33
53,52,70,9,34
41,1,4,8,4
3,14,45,42,3
52,29,45,18,33
19,106,2,39,72
137,10,49,38,16
3,22,18,106,2
63,57,58,64,3
47,29,1,2,31
9,5,59,11,20
164,61,57,116,16
93,32,33,22,31
22,82,22,9,56
196,49,71,56,89
5,9,47,36,4
116,13,7,13,66
63,5,16,43,0
37,43,7,6,27
245,189,45,35,5
146,30,14,13,75
33,218,104,30,81
14,33,93,26,52
5,0,72,8,5
29,114,59,8,10
70,42,13,31,2
18,110,35,35,59
146,39,35,12,26
47,18,27,135,38
28,11,147,40,46
33,62,93,67,10
56,143,3,2,22
21,0,32,116,18
116,58,4,32,16
53,16,32,0,34
1,1,86,51,29
117,93,138,77,25
39,88,84,70,7
85,12,55,5,3
5,31,108,27,74
103,14,44,55,5
35,29,75,14,13
41,123,48,3,0
7,66,45,71,17
125,21,56,24,65
1,132,15,70,85
47,17,58,45,27
175,17,86,70,22
10,15,54,47,24
56,96,96,6,28
48,39,26,83,57
12,23,56,34,36
26,50,10,14,137
8,75,109,7,23
22,12,32,0,45
23,7,14,9,10
49,24,76,67,110
156,51,31,82,62
131,25,11,19,84
178,34,14,56,54
0,37,23,68,10
23,3,45,11,17
85,12,9,8,2
20,9,31,27,24
71,146,25,7,14
11,12,30,9,28
80,50,30,14,15
24,14,68,25,29
33,43,98,9,0
39,27,14,34,4
8,42,6,41,16
1,14,70,13,57
80,54,4,5,31
107,35,9,12,71
124,55,5,4,14
23,0,9,27,2
122,47,102,73,20
42,32,92,9,25
0,62,139,39,67
68,63,98,18,43
41,76,77,50,40
108,4,17,55,6
198,5,96,4,22
15,97,10,24,1
153,11,2,61,29
57,0,14,0,53
2,68,31,17,10
36,12,83,60,9
24,50,5,17,79
81,0,48,12,34
124,50,67,88,64
14,10,75,22,24
82,52,126,23,18
9,68,59,5,69
49,86,48,48,72
29,10,24,1,8
23,23,16,6,31
56,63,17,9,59
68,32,10,82,25
59,7,61,174,59
170,20,31,41,4
28,4,102,52,28
19,64,109,45,12
54,4,140,36,73
99,23,25,12,43
126,29,66,4,30
49,5,45,60,97
4,38,55,1,14
41,104,10,28,4
1,13,40,62,8
92,35,3,0,57
8,168,15,51,58
10,67,57,5,12
11,12,58,48,3
52,144,4,43,0
34,92,82,40,41
116,30,18,25,25
72,4,80,89,12
0,19,6,64,37
137,42,75,15,37
16,29,32,2,10
22,31,2,90,8
108,18,94,28,52
33,16,64,18,66
46,29,47,42,7
33,34,43,129,110
28,1,116,107,1
47,14,2,11,5
4,36,27,13,1
57,59,37,65,93
17,57,12,13,1
11,38,90,16,11
6,114,31,22,4
56,48,109,17,1
15,64,105,61,17
43,10,90,24,6
174,0,72,19,20
61,100,40,35,4
4,52,6,42,4
164,47,1,88,41
6,47,36,10,24
4,59,24,26,9
76,2,9,12,39
31,107,153,10,105
87,82,21,43,17
57,54,25,14,42
7,25,11,2,13
113,85,1,2,21
15,39,96,28,44
121,31,5,30,32
22,51,88,30,43
55,22,87,15,16
98,75,35,24,1
93,35,6,84,0
33,6,5,74,20
14,5,92,37,28
13,63,84,0,26
76,10,49,26,88
9,14,11,57,53
7,18,6,9,27
85,1,46,2,24
61,17,47,43,0
57,97,68,28,0
42,83,62,37,14
114,100,33,3,6
54,45,50,19,20
18,62,51,87,53
4,110,37,19,17
26,88,0,65,47
60,25,32,5,82
9,0,40,12,23
39,112,45,21,4
28,17,9,67,2
85,5,2,12,37
19,28,55,15,62
51,11,98,25,13
41,23,34,15,9
29,42,10,77,44
1,5,102,41,76
6,41,49,30,5
50,81,20,17,43
26,15,25,11,30
68,80,106,39,26
32,62,5,48,12
52,69,12,4,47
21,97,31,132,18
61,16,47,25,35
37,96,139,6,14
35,84,10,2,50
190,28,156,92,18
5,35,54,31,82
79,98,22,65,88
1,12,126,41,33
44,71,46,22,76
30,22,36,13,46
30,8,8,27,67
19,56,25,33,0
19,150,15,52,29
34,99,4,5,22
102,126,38,9,36
58,47,50,9,7
0,75,13,40,7
33,19,13,25,22
64,116,23,41,54
68,86,119,23,38
5,35,2,35,93
66,36,38,43,72
0,84,8,16,10
71,45,31,8,85
153,14,8,6,15
0,40,55,0,16
28,26,26,105,50
41,2,49,36,27
25,10,12,45,2
71,24,58,56,2
61,45,55,28,8
11,60,11,45,0
21,121,10,1,15
88,64,41,2,19
69,78,15,41,35
26,84,0,35,24
11,54,2,8,45
140,52,29,8,21
107,35,22,19,7
15,41,25,84,51
81,50,65,14,32
25,2,64,10,10
37,58,14,30,13
15,33,1,70,3
145,77,80,18,30
40,104,42,11,30
41,90,36,15,33
0,148,87,62,42
43,68,4,6,6
94,20,49,70,66
35,33,94,50,12
18,31,30,15,6
53,11,43,109,8
66,15,48,1,47
45,205,38,1,35
52,117,44,19,0
6,47,16,5,14
0,62,15,50,91
66,10,11,40,17
31,98,44,58,9
17,17,73,73,29
87,33,63,56,19
25,19,4,60,30
36,73,97,5,9
150,111,90,30,32
32,100,29,9,2
15,1,44,66,44
63,45,8,52,33
35,165,36,18,9
11,54,38,26,52
55,5,52,3,121
211,32,4,124,43
70,10,12,23,38
56,20,0,9,78
31,2,27,25,49
69,21,25,43,56
37,23,120,5,22
15,28,67,25,17
52,43,84,17,2
27,6,36,11,14
38,61,3,6,28
58,34,6,15,22
34,50,83,48,40
199,7,11,0,2
91,65,18,4,60
31,109,39,37,24
14,64,18,14,45
25,56,79,11,0
104,38,9,0,72
64,104,5,59,19
25,47,4,59,11
101,105,3,64,92
12,67,71,120,10
73,12,0,0,6
50,79,56,20,102
86,16,13,64,85
50,26,9,33,3
39,20,62,137,51
29,49,1,89,11
81,72,6,10,50
111,85,35,16,21
28,2,39,16,37
136,1,25,44,43
100,63,28,21,40
5,3,35,9,0
101,76,4,69,15
44,3,36,10,24
10,10,72,2,28
37,47,78,76,5
27,30,6,36,35
7,25,51,3,12
60,22,71,11,59
92,10,31,131,46
4,47,38,31,25
31,20,131,61,14
99,17,66,24,11
22,9,82,84,56
34,23,81,2,21
8,8,58,5,6
40,37,56,4,13
136,80,153,6,7
100,36,168,57,1
123,26,49,94,30
130,33,40,52,17
2,7,12,13,3
1,12,112,185,27
99,27,36,30,39
81,1,4,15,32
40,113,64,69,3
0,17,75,70,31
30,22,114,10,11
17,41,66,54,17
37,35,67,19,4
23,37,32,37,3
60,57,15,9,34
64,5,58,91,43
4,75,85,58,11
28,66,0,102,15
30,61,60,20,47
82,91,78,27,3
8,5,4,96,33
38,8,7,5,7
65,13,0,105,13
33,110,102,25,9
133,46,43,33,4
19,10,5,61,82
27,37,56,80,86
94,86,9,76,50
14,59,37,30,9
18,150,34,177,48
33,33,1,40,61
90,55,41,25,34
24,16,47,20,2
77,52,42,55,10
17,31,50,21,6
98,62,10,40,24
21,14,29,62,31
123,8,23,20,16
129,63,13,37,65
84,43,16,30,16
26,47,25,28,4
33,36,7,69,42
14,33,134,111,11
53,17,12,29,17
52,63,38,40,27
181,51,29,11,4
47,121,81,14,31
64,68,47,43,9
44,11,4,35,23
27,10,66,29,101
28,42,48,38,9
39,25,23,63,28
11,17,10,4,8
96,4,0,6,2
15,0,10,34,15
116,177,35,23,18
71,121,28,4,0
140,37,54,9,6
14,6,14,36,8
54,104,14,17,32
47,112,52,5,27
113,57,9,12,1
30,5,20,11,6
34,8,1,5,19
13,19,29,79,64
33,151,52,88,34
21,2,17,39,15
33,52,52,74,7
5,38,156,27,47
28,30,36,35,10
207,13,25,43,27
67,29,58,35,36
23,15,70,69,29
29,9,11,22,33
18,38,62,9,50
104,5,0,112,1
54,106,60,46,30
66,52,1,13,1
115,15,52,33,25
69,77,31,3,27
47,124,17,30,29
183,85,5,45,7
83,85,27,5,51
95,23,10,28,164
54,7,32,0,0
30,78,121,5,9
5,111,32,3,15
55,44,11,55,12
48,6,17,29,40
78,59,38,18,16
23,53,29,12,38
105,9,60,57,6
6,36,10,21,15
3,42,41,133,26
80,96,7,47,44
190,98,49,0,93
10,18,26,17,24
98,40,21,8,122
11,65,21,5,2
122,6,1,1,8
18,161,31,9,17
57,35,20,7,62
83,6,14,71,10
65,140,20,42,55
36,68,23,12,46
206,74,34,35,18
4,88,108,141,39
61,7,22,73,0
18,36,12,78,17
46,115,64,13,14
82,66,52,66,28
47,6,9,24,16
1,17,43,67,61
16,2,81,30,0
35,29,8,47,11
87,51,4,14,154
22,135,6,75,99
45,109,89,108,0
14,80,40,7,10
41,4,14,23,75
31,113,113,17,17
48,74,42,30,18
102,40,29,28,21
56,9,124,31,28
13,27,33,9,77
13,1,169,0,30
5,28,14,3,0
170,44,13,5,47
46,16,7,70,8
72,98,64,0,114
124,2,9,5,41
16,64,80,38,3
72,24,66,30,49
81,36,24,115,8
111,34,108,123,40
33,52,45,25,13
206,3,37,83,19
25,1,5,70,5
68,36,32,41,32
15,23,10,30,30
55,63,157,21,9
102,61,61,73,22
36,16,10,86,30
83,10,63,0,88
27,70,76,28,26
43,47,12,66,116
142,53,166,28,14
26,56,97,64,21
61,19,77,41,18
10,11,3,2,50
36,4,15,133,62
30,48,2,44,26
68,4,15,23,120
73,151,17,3,26
74,32,64,146,112
21,12,90,1,12
53,1,20,32,16
45,95,104,25,3
8,98,8,43,32
66,5,151,53,1
152,50,60,28,3
166,133,100,37,1
58,107,76,5,4
39,23,30,0,23
55,16,3,2,15
84,33,44,75,22
109,41,18,13,14
86,65,46,92,24
16,88,0,20,44
22,14,58,0,9
61,44,14,41,25
29,1,49,37,31
9,137,38,4,42
24,3,50,11,106
77,63,50,5,15
100,45,36,31,30
0,37,13,2,21
69,133,38,25,13
32,20,4,44,17
50,9,43,6,32
29,150,4,12,22
19,1,106,52,35
87,80,3,50,18
18,1,26,30,40
111,49,16,4,50
101,74,78,16,67
58,20,1,26,128
28,68,24,58,26
83,32,29,60,5
10,4,4,8,21
29,9,23,28,15
91,76,5,91,13
62,66,46,30,115
13,15,135,13,7
43,19,11,70,74
7,125,16,50,124
97,49,114,0,86
31,48,8,57,32
12,0,3,16,134
2,96,99,76,59
71,21,128,9,3
140,12,87,8,6
41,2,2,13,98
131,104,44,25,2
7,45,25,16,6
6,1,27,22,89
95,102,121,10,10
3,112,24,47,50
82,54,78,117,17
61,80,0,7,43
111,23,32,67,4
107,59,44,2,76
67,59,7,33,7
76,19,19,62,4
7,23,9,16,31
13,58,21,5,12
159,4,19,46,8
34,52,30,19,29
82,22,9,103,7
75,62,8,28,30
33,12,46,17,103
43,60,2,29,14
144,25,87,219,15
63,32,15,1,10
10,20,61,1,26
170,20,112,31,27
32,199,63,12,12
12,82,15,32,58
37,12,53,44,35
41,88,66,94,46
19,29,73,17,4
185,39,138,27,64
115,73,31,14,40
140,2,17,8,14
18,24,4,27,22
48,107,12,89,28
11,40,71,53,163
7,26,4,60,44
14,8,149,27,41
138,178,7,6,50
13,60,48,6,36
22,58,34,50,17
80,82,59,70,5
10,86,12,48,6
74,121,19,8,30
50,18,43,126,38
60,19,55,36,11
95,4,21,43,16
28,74,0,141,0
84,66,2,30,27
17,89,10,10,11
69,15,57,89,51
36,63,31,20,11
21,22,34,55,35
20,9,15,97,33
49,119,48,28,16
81,15,101,29,3
52,2,25,2,49
94,190,40,2,32
12,5,35,128,8
18,60,74,51,97
7,48,2,5,4
26,5,46,3,19
88,41,9,19,15
27,144,92,24,49
17,28,124,109,24
57,43,42,76,6
0,44,13,161,52
32,2,118,1,2
50,93,45,5,92
5,103,48,45,0
37,41,6,113,108
26,18,71,18,48
22,33,126,19,56
42,18,49,8,0
75,46,42,17,1
75,40,92,0,24
23,44,84,19,3
24,27,79,25,22
4,108,33,8,44
9,23,29,5,59
65,75,22,42,39
2,20,43,2,8
71,32,2,8,43
29,25,39,29,5
163,22,48,7,21
27,14,2,19,72
7,15,62,104,62
46,21,3,31,8
177,65,29,4,4
27,31,77,46,39
97,16,33,51,12
13,40,69,45,3
62,100,12,52,30
24,45,39,41,12
152,38,7,38,12
59,85,15,40,30
36,86,74,10,41
33,96,33,70,16
28,16,2,33,14
106,7,14,16,33
66,10,82,87,30
41,69,46,65,70
19,64,41,20,14
3,28,5,4,6
38,28,14,28,12
10,40,41,63,18
68,18,56,21,13
52,20,80,39,6
14,34,39,20,5
20,81,29,1,113
30,9,10,97,34
27,28,32,36,32
17,12,68,4,23
4,98,34,9,3
5,18,5,18,23
14,33,0,0,22
41,43,5,28,7
62,10,105,24,77
107,13,95,6,36
10,23,100,3,136
65,122,99,50,1
18,19,60,68,9
16,52,16,39,119
47,21,14,44,5
82,116,74,46,18
6,77,34,8,49
48,26,93,33,30
121,11,16,68,0
9,32,12,75,20
45,8,66,26,100
13,6,13,25,28
66,6,15,1,42
25,129,8,5,36
40,17,186,66,2
63,45,42,21,25
61,1,16,50,53
0,88,48,8,9
18,75,44,7,5
36,143,47,79,12
88,4,22,35,22
48,42,209,16,82
97,65,41,8,84
19,66,45,8,92
99,74,75,93,14
8,50,100,55,4
40,77,69,15,8
8,7,27,5,13
65,57,12,7,14
171,19,2,15,10
109,24,22,16,91
64,43,27,5,0
60,75,1,8,6
23,23,37,24,7
11,17,45,29,13
52,24,20,13,26
51,36,90,5,25
18,2,137,7,62
69,57,52,24,5
45,28,93,46,18
49,45,139,26,99
17,32,52,31,10
58,63,25,21,17
11,120,22,35,59
14,87,14,50,8
24,35,32,12,12
66,1,6,5,46
49,14,23,31,13
47,2,104,78,73
6,67,17,5,35
84,68,86,39,17
6,39,45,14,23
27,107,22,3,16
80,5,16,24,11
102,23,9,0,26
73,149,1,57,47
43,1,99,45,70
45,38,67,117,84
91,27,24,8,32
2,7,20,12,10
6,70,1,1,17
13,51,14,44,5
5,52,57,97,5
10,0,1,7,53
71,75,0,68,9
68,49,24,1,8
8,0,63,8,18
112,15,38,11,11
76,110,5,22,43
35,10,2,31,4
136,42,30,25,70
50,22,4,38,9
1,130,26,2,40
81,6,37,30,11
9,14,21,22,29
22,82,48,44,10
19,172,33,56,17
97,4,11,28,50
79,53,86,17,30
29,41,61,40,17
44,84,18,111,11
61,42,58,22,15
31,92,83,28,60
50,61,57,28,10
69,73,20,57,2
30,0,24,70,2
74,92,4,34,0
15,114,75,28,51
10,32,46,9,8
42,62,26,42,45
15,4,135,9,0
8,21,16,53,88
32,1,18,15,10
155,9,1,14,16
1,23,16,12,23
46,63,37,15,29
12,64,38,49,14
90,83,22,50,39
5,86,6,23,12
44,69,50,23,7
25,14,41,10,19
148,49,40,29,42
25,93,28,61,153
109,53,12,16,69
41,164,31,31,9
17,27,1,89,84
29,2,60,124,9
15,33,10,21,34
133,14,40,20,11
14,34,22,28,8
20,55,24,40,134
101,5,22,8,49
88,12,47,77,124
4,61,4,49,52
27,44,20,48,27
83,6,81,0,58
57,60,5,35,4
5,13,174,28,1
63,64,35,16,1
1,18,10,17,31
46,90,17,17,52
14,56,50,17,49
16,2,16,48,10
8,36,23,238,11
55,31,23,12,81
57,7,65,35,7
129,10,75,70,9
42,51,72,14,121
23,50,9,41,16
88,83,1,15,8
59,55,20,35,18
48,67,23,56,147
104,5,15,152,30
39,29,32,69,47
121,12,64,25,35
87,24,1,40,125
0,115,61,18,29
51,71,42,15,8
102,33,14,50,92
35,33,3,102,17
72,35,0,4,81
1,6,85,22,1
17,29,92,16,45
29,10,57,4,48
10,6,69,36,38
160,26,47,50,9
37,29,36,18,12
19,2,122,124,65
35,37,17,72,21
30,33,49,4,29
22,3,8,6,19
13,23,107,14,53
73,25,24,2,25
110,71,13,61,45
100,17,32,41,7
88,5,2,61,13
74,70,7,112,98
12,7,20,3,18
4,50,80,32,3
55,81,36,20,39
39,64,24,19,22
15,2,22,21,57
9,14,25,103,26
74,7,24,24,40
22,3,149,5,17
26,33,31,6,47
40,12,28,9,16
54,26,32,20,9
25,2,131,0,51
43,99,101,2,51
2,54,114,6,18
76,97,38,53,25
119,14,3,12,131
83,35,29,11,1
31,19,36,10,7
7,41,21,37,24
14,26,57,10,72
66,19,48,5,57
116,0,2,17,55
2,13,145,10,56
51,3,42,39,20
19,72,2,16,25
80,2,70,56,12
2,10,47,48,39
171,5,171,56,5
64,76,5,16,42
0,1,11,27,15
0,53,35,104,3
3,87,12,3,49
14,74,30,15,66
107,80,16,41,152
51,6,37,26,40
96,121,8,55,19
62,23,121,41,44
7,79,104,26,0
18,18,9,7,94
36,53,2,4,20
77,42,31,48,30
140,125,31,32,19
111,111,52,10,22
54,6,81,1,12
94,40,25,39,11
40,16,165,3,27
13,57,107,70,3
24,44,137,28,17
103,36,30,76,10
122,8,137,10,16
16,62,97,20,31
55,36,3,63,9
48,19,3,41,51
141,22,78,1,21
31,68,0,15,44
57,46,0,10,34
10,48,46,19,12
159,117,0,34,9
37,59,60,66,8
54,43,29,24,41
39,37,91,10,21
65,67,21,35,46
99,41,49,48,64
23,16,16,20,10
50,16,39,11,24
77,48,0,102,25
1,43,94,16,23
34,44,10,18,132
0,30,26,21,102
26,49,3,0,9
4,16,20,39,7
80,39,49,15,28
190,5,15,63,37
29,44,106,52,27
97,15,25,63,94
9,48,95,27,11
71,15,52,13,73
2,17,61,8,47
20,43,50,74,97
10,90,15,23,12
78,43,94,3,81
127,78,138,1,10
52,50,2,37,7
16,32,16,10,13
43,55,34,8,55
9,24,109,28,4
43,2,17,28,24
23,26,14,6,36
42,76,13,3,27
8,106,176,2,52
175,7,9,65,72
18,65,128,14,54
97,20,98,14,20
7,47,42,36,10
12,68,1,19,33
38,97,3,6,10
8,19,3,11,47
103,93,77,12,10
68,6,59,22,8
15,57,49,9,7
19,92,21,14,55
29,23,15,100,9
2,73,21,38,51
39,2,40,95,68
27,80,36,62,14
104,27,27,36,36
9,22,8,60,33
40,6,39,14,58
83,21,4,29,73
23,18,37,38,42
129,25,20,3,46
30,78,124,31,20
2,37,37,59,11
100,0,0,12,108
114,79,16,13,63
61,8,11,16,4
105,16,161,12,13
19,95,170,5,22
139,35,36,5,14
19,26,28,86,117
63,139,27,88,68
49,15,67,76,14
72,36,9,0,66
55,27,14,100,43
8,95,61,5,3
71,48,11,56,52
31,10,110,47,36
6,7,86,0,0
6,27,70,22,20
12,20,29,21,25
20,51,22,61,13
44,38,60,34,53
41,130,58,35,12
83,18,37,36,66
17,29,44,22,5
22,18,35,6,88
99,79,26,11,52
75,92,15,19,28
22,25,20,60,1
54,6,114,1,8
90,45,139,18,16
34,72,12,2,63
8,61,22,68,60
76,83,15,92,9
5,80,3,52,4
3,5,28,57,31
49,95,11,21,1
4,52,145,22,5
27,19,9,8,36
67,26,34,75,32
54,60,14,7,13
21,1,6,24,5
18,74,44,36,23
2,41,15,0,3
11,49,102,30,31
10,160,38,104,1
34,15,19,37,15
103,121,57,15,12
19,2,17,78,12
82,112,22,30,21
75,49,56,43,35
18,5,33,50,0
4,28,35,1,8
28,12,64,15,31
114,50,54,45,19
22,60,111,25,14
70,60,109,9,63
90,36,61,23,6
137,71,57,73,75
2,137,91,36,8
102,18,107,61,0
26,37,55,1,38
2,35,72,72,14
40,31,20,7,50
25,86,2,0,57
127,66,13,27,10
47,17,42,12,54
7,41,27,9,19
36,73,73,3,9
2,31,77,97,9
25,3,29,40,8
25,39,15,0,15
21,7,16,10,8
45,88,37,120,34
78,36,8,12,8
8,27,49,109,24
25,4,19,79,19
76,30,7,127,23
19,73,20,17,66
12,35,76,45,91
79,55,10,51,21
112,35,23,2,1
53,70,46,51,38
1,79,32,52,16
41,84,19,25,4
51,51,37,80,75
104,39,39,9,21
4,54,6,101,53
10,58,51,41,4
21,59,37,143,0
47,27,67,39,16
37,51,1,0,6
50,47,110,0,45
113,95,18,28,47
21,3,15,40,35
25,123,60,20,9
20,91,55,8,6
43,59,37,28,32
102,29,4,62,7
20,91,48,100,29
33,60,5,146,1
16,53,97,9,15
46,3,49,38,10
11,11,47,37,54
44,5,4,9,75
64,219,27,18,40
3,87,105,94,43
4,31,3,60,31
0,106,12,14,50
92,35,62,14,0
86,32,66,79,14
101,7,36,6,0
35,119,10,62,48
113,70,26,10,15
54,34,1,9,8
52,75,27,94,84
32,11,42,23,39
45,10,9,7,37
6,5,28,59,4
15,20,50,18,2
67,4,2,35,3
3,130,163,0,20
23,40,39,16,6
95,21,63,21,40
10,83,3,104,41
85,68,117,14,32
84,4,20,30,2
37,28,3,7,0
15,30,31,5,26
25,24,3,1,5
55,46,33,50,47
108,59,58,44,22
64,20,34,30,0
17,14,11,100,38
74,23,7,11,42
5,48,37,7,34
10,19,1,37,2
89,114,70,13,93
11,20,10,0,49
9,80,26,13,13
43,32,95,26,22
12,32,54,29,13
92,30,6,70,11
77,55,43,105,3
151,34,223,20,0
60,88,13,29,57
188,59,39,27,8
2,99,26,32,14
125,52,0,37,63
40,10,125,17,62
131,75,23,14,1
86,12,56,50,45
48,71,37,15,24
70,59,94,11,0
51,55,108,73,28
37,80,139,10,103
28,5,84,19,66
7,19,48,2,22
8,64,111,12,14
70,56,7,25,16
11,18,48,36,6
79,43,19,1,1
25,34,52,0,26
3,77,17,1,32
50,117,0,27,74
0,78,15,10,27
64,79,32,83,30
2,13,1,29,80
11,155,101,8,30
52,10,12,15,84
46,72,37,47,86
80,48,68,12,106
80,46,12,25,42
154,54,98,14,1
37,91,4,28,6
17,12,22,41,54
18,37,25,63,10
21,61,48,33,30
92,29,6,69,21
52,18,12,21,10
14,90,85,74,3
20,16,99,11,19
57,7,18,10,32
170,15,72,120,4
53,1,22,121,2
73,53,4,31,5
63,13,66,13,49
7,24,29,38,2
17,47,10,17,7
16,52,17,10,27
29,68,15,25,65
113,9,3,110,14
7,8,11,160,27
67,59,22,24,10
27,10,23,80,5
43,14,5,30,18
59,19,139,170,39
19,0,3,30,8
16,94,92,17,60
49,73,45,21,81
130,10,83,1,17
128,16,13,17,32
5,25,53,15,3
0,18,53,0,22
82,22,132,2,29
32,6,19,4,55
159,102,20,4,7
26,13,34,39,33
51,119,44,2,18
11,120,79,38,4
54,57,36,28,3
67,11,40,37,27
4,18,42,29,43
50,61,25,85,3
117,17,37,9,170
77,62,10,82,18
23,75,85,45,2
24,124,36,37,31
55,42,84,31,0
9,0,35,4,34
26,7,30,29,9
32,100,88,59,5
27,140,1,6,6
147,23,19,45,72
49,7,72,21,12
30,66,36,23,30
17,69,20,31,20
32,24,87,12,7
127,101,57,0,52
110,26,66,5,11
31,94,8,4,3
50,69,10,15,176
130,43,22,38,42
10,35,49,58,12
36,62,19,29,17
5,96,209,28,19
49,88,1,43,4
81,114,65,98,1
30,125,35,99,7
17,27,5,35,21
75,82,33,104,12
18,218,133,21,27
32,38,17,24,25
13,19,94,2,27
74,6,12,19,2
3,57,55,2,60
33,46,3,6,42
14,39,11,73,5
20,133,64,1,5
134,48,43,33,6
3,87,1,4,45
52,44,46,11,45
71,22,4,7,103
42,51,25,21,25
77,4,121,11,14
74,158,33,96,61
131,12,99,76,13
11,18,74,36,45
111,136,97,27,7
3,1,11,94,24
165,31,29,34,10
213,40,7,7,36
22,78,27,32,3
45,52,13,31,35
25,39,3,20,15
98,12,62,95,4
28,58,83,99,45
39,90,84,12,21
44,18,51,44,0
65,7,22,37,53
34,23,93,79,77
25,83,55,53,5
115,27,25,9,14
120,55,83,5,96
109,19,53,18,23
42,109,74,13,57
105,91,127,19,3
29,37,123,47,6
76,84,205,8,103
92,16,3,55,17
79,43,67,2,17
1,1,34,45,7
99,88,5,49,6
47,22,5,6,93
27,38,36,201,0
86,85,74,36,18
86,135,134,82,17
41,27,77,42,6
134,18,30,0,6
23,6,46,0,45
82,43,30,54,38
51,59,56,36,0
21,45,67,49,15
98,32,36,36,15
39,92,18,23,34
30,120,19,72,59
48,80,5,6,5
60,78,10,17,14
24,9,23,37,7
50,188,34,93,40
72,30,10,145,26
10,41,95,11,44
64,27,1,92,30
121,145,15,1,3
92,39,26,14,10
10,16,71,5,31
40,21,9,1,29
11,11,50,99,12
13,13,43,10,4
68,59,6,32,5
56,30,60,28,53
4,94,29,2,93
5,38,27,33,5
14,39,102,18,41
25,19,11,74,47
6,104,21,31,43
0,130,79,36,2
1,119,155,37,33
39,51,39,8,14
3,15,72,46,1
155,2,8,24,25
91,4,15,15,8
40,0,12,5,40
103,39,21,109,5
84,37,5,10,32
93,29,1,44,7
111,14,0,45,49
22,1,9,25,20
20,58,0,77,26
121,44,30,19,57
69,127,26,12,28
12,58,20,7,1
15,44,6,154,18
14,54,12,18,6
2,44,29,63,5
25,32,19,1,114
220,74,31,16,50
157,93,70,45,31
99,7,47,17,1
26,175,30,94,93
28,51,103,4,6
23,106,4,6,26
4,26,58,5,15
119,22,17,24,77
108,17,25,0,17
161,111,4,39,144
17,8,43,18,63
22,53,46,13,3
49,4,110,58,20
88,21,18,1,2
21,13,55,3,5
21,58,76,19,15
5,40,6,20,33
74,36,72,15,14
14,140,62,0,24
122,41,2,4,16
44,66,12,43,52
88,30,39,43,29
29,173,49,74,48
55,11,17,24,1
34,19,32,6,8
97,74,20,194,10
113,7,30,3,26
39,110,17,41,12
7,41,57,16,31
98,15,7,33,6
38,46,65,76,3
22,61,60,107,14
146,83,81,33,0
92,69,13,20,11
34,53,36,130,12
30,0,113,106,24
80,50,39,23,5
34,59,27,5,20
93,15,27,23,95
73,87,120,2,51
57,6,22,70,16
25,32,3,28,74
12,4,106,15,11
94,84,10,5,7
14,11,91,36,42
27,28,12,30,10
153,141,21,9,24
137,21,28,12,11
24,7,167,52,50
153,40,6,55,33
102,4,47,45,12
61,15,22,53,1
20,1,28,81,5
95,65,9,36,58
87,130,84,8,64
71,24,12,7,33
63,9,64,2,20
43,11,9,9,47
144,2,0,13,48
133,97,120,34,36
35,30,34,57,2
35,32,52,98,2
99,59,20,13,59
54,25,22,85,4
27,31,1,0,13
12,24,56,28,8
57,1,40,4,9
11,65,74,11,84
76,86,65,19,47
17,50,18,36,90
82,91,13,61,29
99,58,10,32,73
27,5,75,3,33
19,35,2,117,4
111,22,143,37,5
80,27,34,10,73
74,5,15,26,51
50,90,48,5,18
62,43,47,28,6
13,9,48,205,25
16,68,8,35,4
24,12,7,22,1
31,40,117,22,112
46,22,27,60,50
14,42,13,7,11
18,2,2,3,105
26,53,9,28,5
6,77,7,46,50
28,30,87,29,18
24,65,0,2,49
55,21,16,29,3
45,22,32,30,0
64,19,12,0,5
9,40,20,3,87
59,120,46,24,56
17,8,23,37,32
66,18,7,1,16
76,23,7,36,79
113,13,153,74,44
188,40,7,23,10
36,22,12,32,42
56,144,72,4,68
57,102,44,2,1
130,87,20,4,35
15,6,5,41,22
48,12,13,27,9
18,41,121,19,2
14,24,55,29,56
145,78,111,20,61
151,64,65,12,70
73,13,61,7,82
77,28,32,11,7
12,32,5,73,68
19,52,2,21,14
88,37,32,64,2
78,9,60,57,7
5,30,20,1,31
42,44,13,82,21
62,13,45,28,0
0,29,70,183,14
58,1,11,1,19
116,15,11,20,7
72,51,73,117,11
21,9,36,7,16
39,33,89,19,33
2,60,35,27,22
83,42,115,2,34
87,42,53,48,55
106,56,5,17,17
10,24,68,26,74
17,8,46,19,68
36,12,38,109,3
90,96,51,10,6
99,20,75,33,56
90,5,21,50,0
36,123,31,38,78
63,85,26,41,46
72,2,8,54,43
21,42,64,1,4
100,18,46,14,44
15,51,27,9,17
99,6,49,10,6
26,44,107,18,129
8,108,14,88,10
19,3,43,42,19
100,37,33,24,26
147,50,81,8,19
29,7,44,9,9
107,85,16,34,20
63,126,56,163,79
71,122,40,18,79
3,168,64,18,96
6,21,1,43,89
4,0,42,16,59
8,49,88,11,26
8,141,69,10,23
47,24,126,25,17
60,0,2,93,58
100,14,37,59,3
17,11,37,21,11
33,42,27,32,12
50,69,12,90,17
29,17,4,10,31
12,110,26,4,19
33,5,48,4,6
5,33,23,81,19
8,57,19,57,9
16,14,14,6,12
62,123,32,11,16
57,32,16,35,2
144,118,34,47,65
43,9,26,70,5
46,127,41,17,18
14,126,12,145,30
133,78,10,33,37
83,186,1,33,62
36,27,32,105,23
121,73,3,34,35
102,114,48,27,18
19,90,6,60,10
58,23,9,1,39
0,46,58,83,18
45,55,22,55,27
34,17,68,93,19
72,23,10,14,5
81,14,39,14,30
97,46,25,15,6
88,106,5,4,75
58,49,10,35,13
8,37,19,64,1
72,17,9,21,60
77,15,11,4,45
6,28,13,6,9
2,4,140,32,47
27,93,8,16,40
96,3,11,6,13
95,18,3,15,18
73,17,70,81,42
187,93,64,6,50
141,1,50,8,19
89,101,86,86,9
15,33,132,6,12
17,6,4,29,64
110,77,16,28,9
29,28,5,6,8
29,44,113,194,20
12,76,128,87,10
126,2,2,54,68
23,118,3,61,0
14,80,63,55,2
97,64,39,36,72
1,87,41,105,28
48,91,4,3,23
10,34,67,118,6
54,26,111,11,0
37,23,159,11,54
58,39,55,142,54
16,27,55,69,94
86,97,31,2,10
44,34,96,5,50
14,9,10,15,74
0,42,61,43,27
89,41,175,162,32
17,74,2,30,1
29,21,6,12,29
79,77,69,66,66
44,126,60,10,66
107,4,2,48,26
58,106,11,11,9
107,97,82,1,47
24,94,25,0,38
41,38,24,19,0
17,51,45,59,41
219,94,22,4,6
56,52,21,23,30
111,38,25,12,9
50,32,4,30,61
67,5,2,31,18
12,109,2,0,7
45,47,29,5,25
2,61,12,71,40
107,33,32,9,50
87,127,26,87,36
9,49,0,3,12
33,61,41,20,15
75,48,25,52,3
63,77,70,60,5
123,13,29,2,18
101,49,14,40,58
149,29,24,20,2
78,49,68,78,36
38,12,163,40,11
31,40,19,30,15
73,21,12,42,31
80,94,36,73,20
52,40,37,1,8
26,0,17,33,15
16,12,30,15,166
76,162,64,22,5
27,74,100,0,14
52,31,57,44,26
75,17,52,11,34
63,151,33,21,1
26,20,75,49,3
4,79,16,19,11
6,29,38,15,21
78,10,115,13,7
25,41,67,9,5
57,110,14,7,30
45,5,64,77,0
18,10,19,21,68
31,149,37,2,101
94,73,13,40,43
48,87,13,8,26
54,46,30,1,10
7,28,24,101,22
5,75,21,18,27
18,33,171,0,49
28,108,97,43,15
50,16,23,24,35
7,44,27,75,25
3,41,31,33,5
49,45,105,13,80
112,17,0,30,25
75,46,73,3,4
139,39,38,57,36
33,60,6,17,2
93,28,31,71,61
58,9,65,49,15
10,13,13,40,68
47,7,25,51,87
49,28,92,19,20
94,45,39,15,36
102,58,105,19,90
52,27,8,15,14
164,44,29,0,11
95,24,60,74,68
88,57,56,51,36
160,48,88,2,66
86,59,126,69,45
13,6,1,31,21
28,22,56,28,4
66,42,52,44,13
48,121,58,101,19
163,20,38,57,13
25,27,158,17,20
58,12,60,61,4
56,34,6,65,15
9,84,60,3,27
88,8,51,8,40
76,28,135,16,12
21,13,67,0,8
113,24,49,36,80
41,82,21,15,1
140,14,81,24,60
0,22,5,41,52
97,24,31,8,34
74,96,143,28,6
129,74,40,55,33
10,96,43,23,23
167,13,122,10,78
87,22,4,23,76
44,44,31,2,29
1,17,2,28,16
5,44,7,5,22
31,78,14,6,59
140,22,32,4,35
109,67,41,50,75
10,15,5,0,4
161,23,125,7,68
154,5,51,15,86
20,135,10,14,53
36,22,44,23,35
40,49,58,1,9
7,5,141,55,5
83,53,15,51,66
69,83,7,106,1
15,27,122,41,61
127,76,19,59,7
75,84,76,52,3
41,103,4,29,58
100,19,21,155,6
74,33,2,12,108
66,17,63,22,49
6,118,32,84,56
26,50,10,83,90
38,87,20,88,14
3,23,26,76,54
127,59,111,8,29
17,79,11,57,89
53,18,2,38,16
32,9,10,35,11
52,5,41,4,79
24,4,32,11,1
24,47,31,21,30
101,109,73,47,7
125,6,1,69,105
21,59,3,9,0
47,1,17,17,6
107,44,74,100,15
34,39,15,68,52
35,18,107,20,42
0,20,21,15,11
3,42,10,5,13
108,10,5,122,8
19,16,15,16,26
89,59,41,7,1
111,165,4,12,24
51,23,52,12,59
30,63,74,4,27
86,6,96,3,17
4,23,9,112,65
15,29,38,4,30
107,57,22,26,9
75,20,19,13,86
39,15,19,19,13
83,33,1,26,3
34,6,80,63,33
42,64,68,13,135
189,78,61,46,12
191,91,28,34,39
21,63,5,38,1
97,51,41,15,1
93,47,8,9,24
33,2,18,119,60
70,15,15,11,16
74,29,23,18,13
168,37,102,20,13
4,113,82,12,21
96,31,66,7,12
13,44,28,45,48
65,2,1,26,27
106,42,11,13,84
41,82,11,3,93
102,1,63,2,39
26,18,13,29,14
20,110,36,26,61
69,34,9,44,14
77,1,73,38,39
47,17,21,26,26
73,19,11,0,39
34,22,4,0,12
72,89,82,63,70
43,0,75,9,3
21,13,24,21,119
63,36,57,26,8
121,32,1,72,20
95,7,37,89,17
23,4,88,81,28
54,16,20,78,3
24,43,63,21,47
29,19,26,34,80
52,61,5,5,22
13,48,8,15,43
30,49,11,8,9
53,109,6,18,52
24,29,26,37,8
134,48,36,13,29
83,105,54,2,49
87,112,124,16,5
184,41,93,98,16
32,27,13,10,63
26,46,44,2,10
30,85,36,16,14
36,46,18,62,35
144,25,10,31,0
42,51,89,65,42
76,131,169,16,0
27,16,96,82,18
134,22,42,55,16
117,68,59,20,51
69,40,129,70,2
23,15,21,18,93
87,28,41,36,43
77,30,7,10,10
0,39,41,36,5
44,53,66,5,8
41,43,0,18,14
177,52,2,0,18
69,21,108,19,8
33,2,139,6,65
31,2,22,8,154
177,57,40,132,14
60,118,6,6,2
35,36,24,8,105
4,35,10,37,9
34,43,44,5,65
10,133,20,53,0
26,56,61,0,78
65,18,68,46,22
66,45,117,27,19
62,5,28,4,25
60,46,61,1,52
70,11,15,3,7
96,25,11,21,78
67,72,27,5,32
52,12,2,41,51
27,4,84,80,7
35,98,56,10,13
105,22,11,3,0
40,3,34,109,67
69,57,50,120,10
23,15,43,8,75
6,21,11,0,27
28,20,10,53,31
73,83,76,65,31
150,38,20,5,16
3,60,59,10,94
5,62,2,66,29
193,91,15,98,10
62,36,2,60,1
99,20,14,2,36
41,11,77,1,67
10,25,12,76,34
56,101,50,1,9
17,16,2,12,1
151,98,70,2,85
59,28,8,54,7
120,53,9,82,3
49,0,78,27,104
28,110,17,14,22
52,7,9,73,4
50,36,6,56,6
99,53,15,8,7
98,85,25,11,117
44,55,86,3,35
86,21,8,21,23
47,88,105,26,67
13,63,1,45,5
97,6,26,63,0
104,71,89,29,6
36,42,69,3,43
48,47,59,39,13
110,98,201,48,7
28,53,48,31,23
201,19,25,31,1
72,1,22,77,53
57,62,138,5,64
47,23,37,11,71
56,44,11,101,67
18,199,192,21,27
2,139,23,24,6
130,76,4,6,16
7,0,32,7,5
116,49,4,74,7
45,11,83,78,3
54,16,37,58,1
97,8,45,62,58
13,49,18,31,21
58,43,69,76,29
1,36,20,59,38
10,12,57,45,8
13,46,23,1,12
45,7,116,12,49
21,28,33,32,52
24,1,14,10,52
5,41,44,20,26
66,32,73,15,29
0,17,119,25,6
63,28,35,5,27
34,16,31,3,8
149,115,18,65,18
46,140,115,26,2
107,25,9,8,6
37,41,17,75,1
57,76,14,82,71
12,70,106,139,10
57,41,51,139,29
1,37,86,100,2
67,4,39,18,146
20,84,162,50,24
30,6,5,13,18
56,13,70,97,2
48,19,75,23,11
52,29,4,54,15
19,57,43,48,3
16,3,42,198,43
67,15,51,104,39
44,71,104,40,0
48,11,0,52,34
145,43,62,81,25
50,49,42,34,28
89,14,10,0,43
19,73,61,63,20
34,46,11,33,27
17,1,29,74,131
61,34,11,91,64
41,13,74,14,33
66,104,33,47,8
16,4,59,21,33
61,37,0,7,49
33,9,95,22,0
63,24,38,5,63
41,64,23,41,17
150,92,3,18,10
8,30,120,25,51
8,24,91,4,0
107,34,20,19,118
95,41,26,26,39
45,18,58,4,27
49,18,12,25,0
55,52,21,32,4
20,48,47,100,7
10,45,10,2,75
4,47,89,42,27
212,29,1,55,58
81,21,103,57,30
87,4,76,49,41
71,42,33,0,24
194,33,79,62,120
17,86,43,64,4
30,22,11,8,2
42,53,64,65,33
39,39,26,27,31
23,25,45,58,44
88,89,14,70,99
99,6,61,3,10
6,98,18,6,7
4,71,1,32,26
24,63,23,65,61
78,138,7,7,24
2,18,0,17,8
41,117,98,53,12
7,63,1,70,12
4,41,80,75,49
4,137,55,36,3
97,22,29,18,36
56,14,9,1,29
51,36,55,4,32
81,6,36,25,17
119,49,24,3,42
60,24,6,7,18
83,62,31,19,35
80,13,4,3,48
58,99,4,51,88
29,13,2,69,41
5,12,40,29,15
58,154,24,19,2
77,178,48,12,30
37,66,17,51,17
58,167,16,51,42
80,14,33,171,19
191,45,8,89,24
66,0,34,1,106
35,125,1,106,9
27,128,11,13,30
36,47,21,15,87
21,63,84,94,33
93,4,40,33,43
29,82,0,33,47
48,96,62,70,2
23,23,10,28,18
52,91,31,7,130
0,76,39,28,33
18,40,38,30,0
36,4,51,4,6
15,45,30,36,59
18,27,23,14,4
6,17,39,21,52
83,42,62,16,2
31,40,5,49,102
98,11,9,53,7
35,72,19,21,81
124,26,45,6,58
73,44,64,27,12
22,101,59,49,1
43,27,3,26,11
114,4,60,6,3
40,10,90,68,27
33,1,5,45,27
76,25,101,27,14
7,29,4,82,6
32,35,1,30,11
131,56,74,8,9
60,31,36,2,23
66,52,30,10,0
155,5,21,1,1
20,64,33,5,68
43,7,34,9,10
44,0,21,1,57
19,89,22,79,9
12,76,84,69,20
36,33,60,27,6
88,4,17,69,45
93,23,67,60,7
56,18,18,27,31
151,14,85,25,18
3,1,47,11,14
8,37,47,16,46
33,152,63,26,69
134,28,91,11,64
90,47,111,8,104
161,44,62,1,113
83,159,28,38,17
0,0,122,1,63
41,98,37,107,21
77,55,5,22,113
33,234,0,8,49
64,7,4,8,15
52,24,58,6,37
139,2,117,141,1
51,87,26,60,8
65,73,57,14,0
172,17,9,11,3
4,62,49,1,66
20,46,49,39,67
60,85,6,6,10
5,43,51,15,34
68,110,0,37,27
74,19,52,53,30
54,119,33,21,39
153,2,9,124,4
1,17,0,61,1
16,4,3,39,22
37,28,86,37,4
18,3,61,68,30
23,47,25,33,73
113,3,16,15,2
34,28,5,8,68
57,66,0,70,50
58,61,151,5,54
37,133,13,9,0
99,69,18,27,37
15,38,55,116,32
0,98,10,7,3
8,66,125,19,11
11,24,2,81,8
58,71,129,28,23
51,61,53,30,38
63,44,88,60,2
11,16,63,12,118
94,198,34,26,59
22,38,3,8,40
163,17,9,40,141
48,30,31,18,1
1,98,11,3,8
27,14,12,31,43
38,7,136,44,10
20,39,69,36,12
6,65,8,58,7
40,12,33,56,80
31,6,42,58,5
46,13,42,8,54
20,69,31,27,28
61,38,105,32,19
42,1,21,17,3
90,1,41,13,12
6,25,64,6,1
9,45,9,23,15
55,5,4,17,101
60,3,47,66,3
23,64,33,85,12
12,14,60,31,7
49,121,15,62,15
99,38,54,139,35
21,23,20,32,22
34,9,2,54,34
22,77,28,20,33
50,30,12,55,6
60,95,16,68,50
12,51,107,16,27
110,64,34,113,30
27,114,91,33,44
19,32,18,39,52
45,22,78,39,22
45,136,30,6,14
21,15,36,4,35
43,8,0,30,118
0,144,17,47,48
42,2,155,21,58
27,2,51,16,61
46,71,3,80,167
54,17,45,89,20
67,118,36,59,24
84,58,2,86,4
137,98,12,27,37
37,6,24,1,2
30,62,33,5,14
7,37,2,2,16
63,60,16,9,25
106,101,137,35,21
97,26,3,31,9
14,12,7,25,38
36,83,17,29,41
34,41,32,122,101
46,4,15,88,38
5,56,13,4,0
41,22,46,16,87
24,19,22,51,41
7,26,38,19,35
22,22,30,28,9
52,38,30,16,7
118,56,89,22,10
31,54,22,92,34
131,120,79,107,3
112,6,9,56,61
4,41,55,29,61
58,23,96,11,47
1,48,74,76,25
45,18,20,6,4
60,25,89,50,16
22,13,19,6,1
51,160,130,95,33
2,26,84,3,10
28,22,13,107,2
49,20,36,74,57
115,81,3,123,47
6,51,109,38,56
19,67,16,40,61
8,43,7,7,20
8,63,21,39,67
48,87,58,45,20
0,4,18,4,3
34,76,2,18,24
50,13,33,60,22
21,60,15,24,33
23,108,68,21,0
9,55,28,3,4
107,23,76,34,59
35,80,34,107,4
79,103,10,53,22
53,43,24,37,3
10,45,23,3,42
49,21,88,73,61
46,11,46,13,18
131,149,13,64,17
30,117,27,0,9
58,63,197,209,11
38,76,69,8,27
31,112,53,24,29
12,34,10,26,47
137,95,98,25,31
78,24,0,119,21
202,30,9,20,61
36,17,20,25,13
100,165,23,35,8
25,81,3,7,72
31,89,3,160,62
121,20,43,10,54
60,47,85,20,17
13,26,26,76,61
67,12,51,32,21
62,56,147,38,105
31,11,45,26,26
45,36,38,5,43
76,79,11,51,34
41,61,59,5,38
50,14,2,34,24
25,58,3,7,63
25,36,42,5,7
107,53,35,28,47
40,104,41,77,2
1,59,58,30,47
29,41,3,9,26
12,90,35,13,34
32,3,40,18,1
1,52,41,13,4
0,78,32,4,30
19,70,14,20,34
70,107,11,47,16
62,46,47,141,11
61,0,22,21,75
18,21,80,48,13
228,109,17,12,41
70,13,31,96,110
139,4,44,22,29
14,97,33,53,28
26,37,45,103,56
45,24,26,60,8
13,47,8,3,25
31,79,1,35,7
46,12,4,68,26
153,19,30,0,5
62,93,14,8,3
60,38,20,94,51
62,6,4,2,10
75,49,41,18,45
100,73,69,0,22
54,99,41,137,39
6,56,124,47,53
115,33,67,4,14
37,30,13,18,82
33,34,9,49,19
53,6,45,5,2
129,158,65,95,1
31,35,77,96,6
94,26,7,7,25
0,38,4,38,5
48,38,24,68,21
65,121,7,128,30
109,44,20,5,7
175,1,17,41,80
5,71,14,6,55
102,15,76,83,5
23,50,0,28,26
49,14,11,48,23
4,10,4,31,3
30,102,1,127,6
12,11,16,0,21
5,44,91,21,63
4,54,30,30,11
117,15,5,46,11
24,93,82,96,29
44,151,65,7,28
7,48,70,16,7
81,28,79,20,13
31,8,33,14,186
23,34,33,47,29
66,5,30,130,69
56,19,63,11,102
101,15,11,22,50
15,4,71,44,29
105,28,2,18,12
35,7,40,19,32
83,41,0,29,10
24,5,6,95,0
61,41,19,36,10
61,8,52,37,8
20,25,88,58,2
41,29,85,3,11
17,3,22,14,35
2,34,11,19,27
14,9,130,10,17
51,18,14,12,5
58,13,18,25,0
43,63,50,4,0
119,45,14,50,56
47,137,16,2,29
91,59,11,15,6
130,16,4,4,25
3,40,51,2,21
3,8,36,42,9
26,98,12,27,5
91,23,44,59,61
112,54,166,24,93
1,75,46,7,19
22,85,37,3,11
10,104,8,66,4
26,76,2,202,95
115,57,24,25,6
77,0,62,15,10
22,43,72,12,50
60,54,128,27,3
95,111,106,38,0
17,29,52,23,38
11,55,10,10,22
35,0,3,23,63
1,36,9,144,31
105,7,67,124,55
32,3,14,1,61
60,12,36,19,30
26,14,46,18,8
33,99,97,67,6
34,67,67,36,10
48,82,75,47,44
94,43,12,8,47
64,19,10,103,8
13,6,38,11,29
11,30,7,37,6
5,79,37,55,24
20,37,53,28,54
26,46,18,14,14
136,6,27,18,8
78,79,64,3,20
43,15,6,5,110
75,2,65,46,16
77,20,165,31,18
57,74,6,21,3
66,25,18,33,38
0,32,86,28,15
16,82,21,17,22
55,25,10,3,54
16,34,19,16,20
18,25,37,132,6
158,55,24,4,41
2,5,9,23,11
95,16,12,24,36
62,33,22,8,75
49,27,1,24,77
20,77,54,2,24
134,0,9,13,62
37,6,18,4,14
11,7,32,14,9
87,7,17,100,11
57,66,69,49,58
89,20,5,8,34
69,10,92,68,83
27,21,95,54,60
11,52,82,19,49
136,68,9,36,6
42,5,119,75,13
27,4,11,11,54
6,205,0,21,3
22,99,178,133,2
32,23,18,43,59
64,94,56,107,60
106,86,4,3,0
85,43,10,42,27
94,26,90,37,10
2,0,26,94,23
17,1,18,81,0
86,129,17,2,6
8,11,101,57,53
45,29,20,45,91
40,45,59,125,23
7,39,113,48,17
72,48,124,40,55
59,1,49,50,2
118,13,80,68,40
96,65,7,77,56
7,28,2,65,19
54,51,53,8,9
7,110,19,57,50
76,56,39,27,24
136,5,65,65,7
32,60,29,53,138
44,137,10,20,82
59,59,79,25,6
69,4,6,43,13
64,80,24,14,30
35,6,12,2,7
6,11,162,28,14
4,15,39,5,3
78,18,40,6,37
45,4,1,42,10
28,35,14,66,23
39,56,33,16,19
40,32,29,9,71
1,50,23,27,39
101,22,119,22,16
91,39,51,86,33
40,4,166,58,21
61,6,128,14,10
35,11,10,13,19
55,15,28,2,13
12,60,41,39,33
23,9,8,15,0
0,70,34,58,31
46,3,74,15,26
2,157,40,15,5
79,100,74,10,3
37,42,39,10,34
77,12,51,57,25
36,126,43,69,41
52,38,0,16,1
32,110,19,6,18
3,83,115,55,2
140,48,104,19,7
76,48,51,4,21
52,23,11,95,5
46,40,165,92,18
15,41,70,95,1
28,19,0,28,147
18,72,40,5,35
5,22,79,12,0
98,25,89,0,9
27,29,99,5,0
8,10,74,8,36
58,4,11,3,17
64,49,33,4,72
107,61,74,68,47
71,14,75,38,11
99,27,9,82,27
0,75,77,60,1
32,11,11,13,1
53,27,14,2,0
5,21,88,17,27
9,65,7,54,87
2,34,35,2,18
7,56,63,34,10
52,21,74,4,28
115,36,56,97,54
24,69,55,1,2
20,54,50,60,51
23,23,28,8,42
187,22,112,36,116
48,93,21,15,22
41,55,13,81,32
51,190,38,59,3
3,25,37,85,42
14,142,72,111,12
6,28,14,51,13
192,68,0,16,60
19,2,4,8,53
11,49,20,32,18
95,23,36,5,2
43,33,19,76,44
98,25,36,46,15
45,10,26,15,50
22,50,25,35,71
22,57,26,70,30
21,24,40,35,31
4,5,68,45,63
69,8,16,85,33
11,20,18,3,93
11,35,12,74,13
93,12,44,53,25
65,31,50,34,18
32,3,13,2,14
29,13,9,50,8
46,1,52,27,47
5,17,22,31,0
26,11,32,21,22
69,0,109,56,63
4,30,19,56,31
27,34,26,87,118
29,28,53,12,103
2,114,12,11,34
91,11,19,15,19
2,69,46,9,2
45,67,4,62,3
64,122,28,27,98
16,14,49,48,54
14,62,27,87,19
97,33,47,53,76
64,62,28,37,0
32,54,12,27,69
18,35,66,61,39
86,8,31,18,30
11,34,159,24,76
112,17,16,13,57
120,7,15,80,6
38,51,3,71,38
3,17,66,0,9
6,23,6,105,25
156,49,28,4,51
76,125,55,9,3
63,17,55,8,27
6,177,99,19,44
31,126,58,4,57
43,24,55,34,52
38,48,39,31,6
24,8,10,11,53
70,65,105,26,4
29,73,62,54,40
4,39,50,2,41
13,18,10,18,111
74,6,11,18,3
32,5,13,1,1
165,26,15,48,10
18,14,98,54,54
43,19,50,17,45
171,58,67,19,45
27,46,49,8,41
60,29,10,25,6
126,52,23,8,13
5,3,22,13,11
16,71,96,9,14
154,37,3,48,4
177,26,63,97,53
103,98,22,3,35
23,14,2,8,7
19,8,81,0,47
150,25,5,3,141
27,40,17,26,38
1,49,2,30,22
37,11,24,59,1
3,87,29,26,1
1,44,27,25,29
30,24,80,19,20
58,20,11,3,46
73,80,9,18,42
53,5,56,6,20
66,24,125,13,1
45,40,17,46,38
30,49,36,32,97
34,17,82,26,45
166,22,22,25,3
133,25,33,2,59
6,26,27,75,100
167,7,52,4,19
9,65,8,15,60
8,19,32,60,11
23,5,64,61,4
22,21,19,6,18
36,1,3,34,3
48,109,127,9,48
23,9,120,50,42
28,19,23,47,53
74,19,0,39,68
5,42,10,29,10
43,57,114,5,7
54,84,137,23,19
64,24,11,162,2
52,81,15,20,76
17,50,34,14,8
68,10,27,31,21
25,41,113,8,5
39,53,54,1,2
22,7,41,52,23
25,51,52,55,47
0,0,16,12,26
48,41,66,76,0
77,6,1,42,15
12,35,12,24,59
65,27,46,62,36
47,71,55,65,47
113,1,11,2,17
67,15,23,4,7
3,70,30,17,59
70,52,25,39,17
122,76,14,66,32
20,94,71,1,0
30,22,13,13,26
0,73,89,61,20
109,3,16,31,4
39,48,57,33,4
29,33,95,18,32
86,8,3,80,0
8,47,101,6,8
40,43,30,61,36
48,15,66,54,1
5,9,46,63,32
34,34,56,50,6
110,78,108,80,15
34,32,49,101,6
154,85,17,1,54
15,1,2,10,50
48,65,45,1,17
62,3,13,44,63
16,38,26,9,8
113,49,6,45,6
13,46,12,60,56
71,142,13,35,128
24,100,1,97,24
18,58,57,51,43
6,62,55,35,12
169,86,4,22,8
9,23,42,27,43
28,9,102,87,59
20,30,3,30,6
6,27,6,72,3
2,47,5,38,2
23,96,75,11,34
1,1,13,22,8
52,38,28,50,5
121,0,82,6,1
26,42,45,1,29
33,94,51,9,114
52,114,2,10,9
45,4,15,116,46
2,11,9,4,43
33,35,29,52,15
47,57,12,14,37
11,15,21,39,33
18,77,58,18,23
140,4,119,33,9
26,5,47,79,9
14,33,51,4,47
8,54,105,32,8
21,62,104,28,4
13,43,7,62,30
38,73,13,23,36
48,129,5,45,5
57,13,2,13,13
21,91,54,51,76
30,3,29,5,2
75,17,36,1,131
16,129,22,4,6
28,0,49,9,26
38,54,9,87,42
49,16,91,27,9
98,4,84,4,7
69,17,6,41,29
37,34,4,1,14
89,29,38,87,10
189,37,66,74,21
5,22,15,54,87
100,46,3,12,32
56,41,40,41,18
111,33,29,48,6
30,69,59,179,33
36,39,68,69,12
26,20,52,12,15
145,69,166,0,0
61,101,117,17,35
31,65,15,7,45
100,3,32,27,31
59,29,58,38,6
83,19,74,29,13
17,19,32,56,53
52,12,103,43,19
51,8,31,6,1
32,1,44,4,3
55,43,74,42,68
33,81,40,57,7
13,185,89,23,18
9,21,42,7,15
33,66,14,47,0
11,4,15,5,3
87,34,70,31,9
55,4,0,24,38
7,13,2,25,16
2,116,22,2,11
18,14,51,7,10
36,43,38,26,5
112,132,41,77,49
68,138,41,5,35
2,8,10,17,7
40,89,18,4,112
5,100,65,51,34
21,15,23,13,29
114,44,12,51,22
78,77,27,7,46
16,8,31,14,11
70,51,24,11,13
34,14,32,6,9
101,6,67,108,2
19,11,1,81,3
88,32,3,32,37
52,6,32,11,64
37,42,70,28,132
89,17,5,26,63
59,3,4,3,8
1,49,14,8,5
28,131,6,11,53
7,100,88,44,27
12,102,123,32,16
20,34,9,118,122
16,16,60,0,48
91,61,1,62,11
56,76,19,5,9
77,38,25,4,32
30,3,200,20,35
71,67,35,32,14
12,22,0,69,16
4,110,14,18,5
59,3,21,8,43
125,9,48,12,4
95,53,9,35,18
44,19,62,9,36
67,2,30,26,87
93,15,42,2,10
76,68,32,25,8
87,23,53,92,2
125,104,14,24,35
134,114,41,23,11
5,63,8,37,22
107,58,15,5,2
114,38,12,33,5
121,30,25,56,4
60,31,59,2,37
21,87,3,72,33
57,28,6,16,11
89,13,44,24,11
1,42,61,41,78
15,46,33,26,32
134,97,152,19,26
106,30,23,4,34
43,84,139,4,42
9,2,62,11,70
15,0,3,38,20
28,61,15,23,36
25,20,23,22,0
95,5,71,1,79
119,6,25,18,20
51,18,6,12,1
154,66,98,135,1
22,14,94,6,1
129,31,3,21,23
63,23,13,50,40
6,28,76,28,2
8,15,61,27,19
70,86,91,28,16
73,36,93,5,3
5,14,17,22,39
6,3,10,27,71
14,34,21,14,36
26,5,39,56,30
34,5,22,0,20
7,72,57,22,19
33,55,20,30,20
86,55,28,14,24
100,60,90,13,94
31,42,4,14,36
22,18,30,42,31
107,56,31,27,72
73,113,11,70,19
71,34,116,18,73
28,3,15,11,19
32,88,32,10,30
4,12,6,56,21
11,112,36,67,30
59,119,73,30,23
88,31,9,3,14
121,6,11,31,13
81,86,16,2,54
71,16,21,10,2
27,19,54,37,41
44,31,32,29,38
26,36,35,56,0
6,132,46,54,8
46,44,3,54,128
42,1,16,5,43
11,16,23,8,7
54,14,228,99,7
43,98,10,28,16
5,21,61,21,9
40,83,10,29,19
11,46,89,21,12
8,120,8,58,15
71,71,43,0,13
92,52,20,9,85
86,137,178,1,22
68,78,7,14,2
41,2,34,60,10
124,7,91,24,68
81,91,28,3,13
58,25,11,5,32
49,33,46,34,19
32,106,163,88,22
71,18,4,1,36
31,55,20,4,51
10,0,18,42,40
17,9,112,29,33
12,41,101,47,36
8,73,0,113,10
3,1,5,11,21
95,13,39,11,38
18,115,105,39,10
10,65,25,21,5
15,3,60,2,217
53,99,37,20,13
29,9,39,5,35
38,118,2,31,31
1,128,3,140,41
25,40,39,4,39
91,0,30,19,39
20,30,96,2,73
53,30,14,25,131
38,22,68,25,3
53,42,34,21,27
28,29,23,18,26
43,0,43,9,1
10,4,38,8,46
36,1,5,91,74
56,15,55,79,40
11,85,2,34,17
73,18,37,43,0
107,17,102,26,19
88,0,151,26,69
35,24,7,2,11
91,29,8,78,73
39,1,35,4,9
42,19,25,5,2
1,54,105,24,0
21,42,113,107,40
20,54,111,26,16
13,23,2,19,22
18,67,21,2,9
59,37,0,24,24
46,29,34,57,18
23,15,17,8,117
88,18,82,15,40
75,0,34,28,32
3,182,141,28,85
29,20,32,68,90
92,104,150,40,12
65,2,63,20,19
47,21,19,76,74
152,23,61,63,43
46,22,7,5,6
44,26,18,38,18
28,39,24,35,108
16,105,83,25,16
92,3,109,0,22
70,26,6,76,25
30,32,6,11,3
29,103,12,46,0
28,147,17,47,159
0,8,126,16,31
26,19,37,26,28
57,22,29,188,56
117,74,13,36,12
22,0,4,25,2
8,9,83,117,102
58,19,42,58,17
26,20,92,139,84
4,45,30,12,13
1,37,55,19,5
3,72,77,55,2
21,26,2,0,27
1,24,35,78,99
74,26,0,32,52
78,26,35,20,53
1,12,13,1,12
59,16,11,58,47
25,94,126,15,76
94,77,190,43,62
25,5,18,16,6
79,55,46,16,2
60,9,50,14,19
91,194,53,8,66
6,34,78,54,10
12,7,1,26,32
17,81,34,20,66
83,151,0,6,70
34,107,5,25,28
55,37,17,125,31
73,23,14,66,41
79,28,44,5,39
31,76,26,1,26
61,101,39,121,31
13,10,44,12,66
3,59,66,30,7
20,31,14,24,128
29,29,68,48,4
1,108,63,31,53
9,177,37,17,37
6,0,64,70,70
82,17,1,84,12
3,13,49,31,20
2,3,52,31,21
104,145,17,7,5
43,109,1,4,34
3,19,1,8,70
9,24,107,1,62
24,61,20,12,56
55,93,43,10,40
87,68,143,6,23
194,102,18,66,46
29,54,72,50,34
41,18,42,18,59
76,22,23,2,47
98,73,53,29,38
34,8,44,2,19
94,6,5,52,46
83,50,28,4,46
7,67,88,20,0
43,6,37,49,8
99,3,42,10,45
33,47,50,32,27
103,58,0,128,60
23,37,45,30,61
44,58,4,22,3
33,51,150,21,12
46,37,40,88,12
92,76,82,15,62
25,45,107,51,57
55,79,7,23,15
33,51,3,25,31
39,75,132,17,58
10,53,10,4,7
2,1,19,26,3
46,122,5,78,43
5,34,15,66,48
70,18,4,23,11
11,20,43,52,45
45,16,45,6,51
1,149,16,29,13
34,119,42,90,70
38,5,135,54,26
83,99,4,20,58
192,54,28,31,20
85,79,2,5,47
129,33,81,35,23
24,0,2,15,25
9,30,1,70,35
83,27,32,13,2
6,145,128,32,0
70,5,10,1,5
165,45,47,60,61
17,9,63,5,18
48,99,68,21,19
38,14,11,8,49
49,13,28,71,96
7,125,18,105,28
14,20,39,1,30
8,24,113,2,5
22,77,36,25,2
55,93,9,31,15
20,54,46,32,17
85,124,20,3,30
41,5,80,95,10
19,19,37,14,17
56,33,131,10,41
55,35,64,24,23
57,12,83,1,1
41,25,92,0,8
63,180,41,43,62
14,40,52,10,3
0,52,48,40,187
20,101,22,10,4
53,14,63,7,105
43,28,66,42,46
23,72,5,4,20
35,22,48,46,30
141,21,79,40,18
7,7,1,16,44
41,78,37,38,9
67,4,3,22,8
16,88,15,8,77
135,24,13,57,14
6,95,30,71,4
119,111,30,2,1
92,1,28,47,68
102,7,4,8,74
49,85,79,40,10
73,25,10,38,24
43,7,35,10,7
94,80,46,69,36
30,27,9,76,15
10,38,8,50,39
40,27,58,7,0
148,120,79,24,10
39,2,22,44,28
87,61,58,11,37
13,13,22,118,54
14,101,51,53,17
4,32,99,135,0
45,81,122,9,11
57,45,8,10,101
38,4,19,67,11
10,36,3,0,9
45,85,54,32,12
83,38,228,32,12
0,99,4,111,39
75,141,7,68,103
58,33,13,27,5
2,1,149,47,4
123,92,11,26,5
28,75,10,61,9
21,28,26,16,26
21,17,44,36,31
10,22,28,8,64
13,2,0,4,14
27,18,0,111,25
13,67,43,10,55
7,40,3,58,60
85,1,121,28,84
62,29,46,25,50
46,41,21,65,27
68,53,13,28,53
10,40,0,0,63
27,95,5,127,22
40,54,120,24,182
27,23,21,17,17
129,49,4,1,30
34,63,48,11,25
108,21,45,15,21
6,7,58,57,8
7,20,57,22,81
53,43,4,77,53
63,125,86,26,34
44,35,9,25,4
121,47,44,9,46
13,148,37,5,72
50,61,13,22,41
61,85,13,11,43
6,89,16,33,29
5,92,26,27,12
91,7,88,2,40
30,84,25,15,6
40,26,35,52,22
58,92,34,106,10
84,31,38,49,102
37,63,62,18,64
8,11,33,40,30
104,8,18,60,119
93,128,64,22,16
88,56,3,5,1
43,57,38,29,15
55,41,5,94,4
14,24,26,8,13
23,36,120,17,95
69,3,25,44,22
66,94,11,1,4
93,59,76,34,2
15,67,4,1,40
2,23,51,92,29
77,2,13,53,35
39,39,2,74,23
76,8,28,16,30
10,113,140,3,24
46,1,34,11,44
92,1,23,15,24
4,25,104,77,68
25,78,4,27,14
12,29,35,12,9
20,15,24,70,11
73,154,91,7,5
46,1,34,70,11
54,11,47,30,22
63,8,72,28,0
124,90,5,112,3
40,37,23,0,7
10,38,10,15,23
30,0,37,13,3
19,2,5,6,3
48,64,68,48,13
63,66,9,2,5
64,77,109,12,76
69,38,55,71,6
78,60,12,10,23
18,16,26,9,0
56,82,94,17,48
95,20,3,40,3
62,21,105,8,6
53,2,24,114,14
40,76,40,55,0
103,29,12,13,27
38,52,13,11,83
85,13,16,8,69
39,4,38,13,18
45,61,25,9,44
9,126,5,57,74
68,35,71,44,9
56,2,53,21,14
56,67,91,11,39
14,29,6,25,8
7,81,93,13,48
80,71,0,9,34
21,72,4,59,8
25,17,82,19,19
85,77,70,9,5
114,54,71,76,5
51,17,10,20,60
109,52,4,32,47
4,23,65,22,47
0,7,52,2,39
31,107,98,54,11
41,78,16,82,17
33,73,52,5,34
53,13,5,52,7
23,65,2,57,43
18,90,141,6,30
122,11,93,0,22
60,71,3,6,36
28,45,18,2,5
1,68,32,32,9
53,77,16,10,96
117,38,45,7,8
59,10,33,0,14
32,33,67,2,36
89,23,43,70,29
0,92,92,25,61
73,38,152,123,29
13,63,2,20,38
17,93,46,28,10
160,50,73,7,10
21,3,150,9,0
103,22,3,19,26
30,30,17,0,13
91,0,69,34,33
85,32,12,10,0
116,106,58,11,1
50,11,1,56,19
15,0,32,76,70
21,42,11,57,57
20,95,73,46,5
38,42,62,0,0
122,50,78,44,17
69,6,28,11,7
64,89,30,35,47
16,1,10,13,117
115,14,65,14,8
45,25,46,34,28
84,85,58,12,12
2,3,19,15,14
148,115,0,86,48
21,20,58,14,30
103,2,10,53,1
66,61,100,96,67
34,1,19,67,12
14,30,78,28,39
13,23,50,37,2
0,43,9,55,4
5,25,2,26,100
8,3,56,66,0
6,79,44,38,30
68,3,21,13,3
81,9,13,11,88
103,7,1,61,2
18,126,104,145,1
60,32,6,105,32
99,15,58,32,33
62,63,23,83,22
27,20,38,53,17
48,9,2,69,2
8,54,52,22,29
8,114,63,15,13
0,5,9,5,12
26,42,165,54,66
43,16,27,36,9
41,43,10,3,12
36,56,77,6,8
40,22,19,78,8
141,3,52,18,140
72,127,21,40,14
86,3,33,103,16
75,12,53,97,70
78,43,61,101,1
66,23,16,7,7
15,36,55,17,58
43,69,155,38,5
1,39,35,12,41
43,47,1,75,33
41,75,16,7,38
60,28,4,21,103
24,64,1,50,67
94,65,29,3,20
32,175,2,27,82
14,114,6,15,51
135,19,57,6,14
48,68,55,32,24
50,17,5,4,39
24,50,37,7,7
13,31,69,80,19
54,179,4,11,0
72,70,49,95,8
17,8,103,12,6
195,42,61,14,13
26,36,52,4,56
75,52,4,46,9
28,4,4,43,37
4,43,46,42,0
79,43,52,11,89
18,66,19,35,42
23,22,86,85,24
7,146,137,6,8
26,16,59,35,4
6,75,40,63,44
80,20,87,23,7
62,45,34,44,7
115,67,63,11,18
1,27,21,46,13
57,42,20,87,11
49,147,5,41,53
5,144,90,48,23
62,16,13,14,7
13,25,32,24,18
42,83,0,31,0
19,2,1,0,67
55,58,7,38,25
64,39,60,26,24
61,29,32,13,118
43,57,73,43,43
3,23,27,33,44
49,69,5,19,0
30,80,106,93,56
55,100,13,27,7
10,29,32,92,70
73,43,84,67,17
58,5,4,7,4
9,30,10,97,6
16,10,140,2,44
3,74,21,108,116
39,71,93,47,24
63,54,41,33,25
59,7,13,34,20
73,118,10,49,42
188,65,40,5,24
1,186,25,105,11
77,6,4,23,29
181,3,54,18,64
59,54,3,118,32
50,1,76,31,27
39,54,7,57,0
7,18,43,14,12
84,7,16,28,118
5,111,8,87,6
81,101,105,82,27
51,118,76,46,14
62,32,117,14,6
30,122,69,67,16
24,12,34,70,91
26,47,211,43,65
51,67,148,34,14
99,29,8,12,6
39,79,16,65,57
55,0,99,48,45
149,129,4,19,19
70,43,0,102,8
7,46,0,20,59
67,32,45,21,30
143,47,39,31,53
158,129,136,33,8
92,3,16,19,5
84,18,60,6,39
19,26,5,6,190
73,63,21,79,108
43,4,3,30,21
75,29,49,65,43
42,11,102,64,5
21,4,27,10,58
0,121,11,1,3
9,17,77,22,35
75,44,25,26,10
42,23,22,34,7
5,24,8,9,18
24,117,39,23,2
22,95,26,16,64
79,43,75,50,18
64,0,6,42,21
112,95,12,5,40
25,52,11,6,7
89,61,13,124,41
133,2,8,13,106
64,84,15,27,33
37,6,21,90,19
94,29,92,43,20
123,2,1,32,120
10,55,59,81,9
20,95,21,74,0
59,49,69,29,81
91,2,37,137,7
31,12,140,19,3
120,79,48,16,66
36,122,34,6,0
17,12,32,8,27
1,64,66,40,21
105,6,30,1,25
46,56,13,25,46
28,0,36,44,42
13,16,29,0,11
56,92,77,50,67
69,13,65,40,23
42,35,30,49,34
42,9,50,3,41
52,37,40,50,20
114,1,54,51,58
113,152,17,39,44
73,28,4,6,51
54,49,0,1,68
51,4,6,35,8
90,40,44,18,41
49,44,15,1,4
68,22,62,7,3
1,92,53,1,17
132,2,65,1,7
51,3,53,28,26
74,1,113,10,60
154,0,23,76,8
35,61,38,33,166
8,29,12,1,24
83,88,61,38,3
117,43,61,66,32
46,97,77,39,55
51,17,93,123,94
95,46,24,105,7
104,89,28,25,2
42,122,53,59,48
55,3,30,1,16
8,24,26,59,28
38,34,9,76,41
33,5,77,14,0
32,78,12,64,3
17,14,30,65,23
2,37,114,35,50
34,22,47,44,66
2,28,5,72,37
13,20,0,50,15
49,41,82,51,9
44,15,7,43,0
56,13,12,44,123
2,1,32,101,0
24,42,63,31,0
85,3,71,63,49
19,27,114,53,3
24,45,11,17,81
57,100,53,73,9
71,10,1,4,47
19,111,82,26,48
33,19,22,27,8
42,34,46,37,2
26,13,3,26,9
33,122,68,15,23
30,21,21,39,0
37,11,9,122,6
15,7,125,20,38
11,16,29,17,33
17,34,89,17,51
129,105,43,77,0
109,29,16,68,17
51,111,71,20,17
46,24,2,19,21
64,24,68,15,14
112,34,17,7,6
85,144,16,1,55
167,103,24,22,7
66,111,81,16,36
1,72,39,16,12
85,24,124,18,12
7,82,86,4,37
7,133,21,24,14
8,79,91,13,19
39,7,4,7,89
24,153,33,50,2
162,49,4,61,3
51,4,28,6,33
8,100,5,3,57
81,24,103,35,58
11,25,56,11,17
67,7,3,2,57
26,21,39,33,12
29,74,7,9,6
49,94,14,80,32
65,9,90,8,52
31,7,13,14,73
31,19,54,39,10
41,49,12,78,18
187,21,31,12,8
83,73,13,97,30
48,8,9,21,21
105,23,23,24,83
111,18,104,94,62
55,17,109,33,101
3,53,30,139,7
7,38,3,10,4
14,47,36,62,54
0,28,11,7,7
96,84,37,86,11
62,31,0,31,25
21,76,29,24,15
60,63,43,14,68
46,45,6,7,9
3,23,60,68,55
63,94,52,51,59
9,15,89,50,20
49,35,49,18,9
27,8,70,7,42
113,2,62,75,112
13,68,69,53,13
73,130,33,58,24
54,35,37,36,9
22,24,7,68,37
48,3,59,19,43
19,56,86,25,29
126,29,35,65,46
88,70,98,12,2
22,22,35,45,6
47,20,19,35,29
43,82,23,49,3
130,16,0,20,3
35,3,31,7,0
131,71,95,0,8
41,44,25,4,0
6,133,21,14,43
0,159,2,10,7
90,43,33,10,31
8,44,43,26,50
118,34,105,28,120
2,57,21,12,12
89,91,37,50,52
87,16,24,13,1
33,48,6,13,26
64,61,6,25,15
39,27,1,60,32
35,61,34,29,20
65,5,108,61,2
16,25,16,12,51
79,16,2,26,61
132,38,24,64,20
124,6,18,11,8
109,58,9,0,10
0,75,5,6,40
60,161,139,13,49
6,101,30,18,7
53,48,11,5,82
72,49,39,7,16
81,34,6,19,47
17,29,40,22,28
1,40,64,3,37
40,89,54,73,6
38,71,0,12,22
6,15,127,15,23
41,7,122,40,8
33,136,62,5,88
142,28,42,1,52
67,115,25,31,88
60,26,71,15,50
81,96,8,45,19
65,5,1,34,77
39,26,62,29,0
65,11,7,4,80
133,93,58,4,35
59,104,4,17,18
190,41,36,23,55
201,27,20,32,2
47,15,14,109,1
24,128,6,152,27
65,16,17,18,120
1,20,90,14,68
5,134,18,11,27
65,8,30,33,22
79,94,25,37,28
47,89,0,74,23
40,94,90,2,11
12,44,31,3,32
9,100,27,27,126
173,28,104,10,32
46,6,8,3,63
58,22,89,4,60
54,55,0,82,18
2,102,27,15,7
89,0,37,7,119
43,69,9,8,34
112,8,27,16,34
96,51,18,7,47
46,74,4,36,4
48,16,4,13,10
17,55,43,35,31
26,28,8,88,20
13,96,77,11,45
100,121,49,62,3
15,32,32,34,21
47,2,72,61,1
72,35,8,61,71
146,12,16,2,22
88,33,67,19,10
8,39,21,11,88
94,9,40,1,42
60,2,73,2,28
28,0,41,43,11
37,83,2,14,30
28,95,37,28,96
9,152,110,29,0
3,22,26,15,23
58,77,13,46,74
50,40,86,69,68
42,90,15,3,26
61,49,31,18,21
64,157,5,103,3
27,24,36,9,19
9,27,53,44,53
17,11,66,0,22
66,54,36,54,48
13,115,34,76,78
66,11,26,13,10
35,4,30,34,63
47,15,20,16,73
9,113,112,2,38
39,4,4,3,11
46,74,48,67,43
118,12,48,16,24
82,2,0,0,0
49,47,20,93,22
6,3,41,13,42
134,22,68,7,4
88,41,73,67,34
120,3,79,6,18
83,30,42,0,4
2,23,20,17,26
46,54,16,99,19
46,6,11,17,18
79,62,29,48,35
42,30,7,21,1
65,94,56,22,23
19,27,56,144,55
75,19,69,2,121
109,14,68,46,1
13,5,33,40,8
117,58,80,17,104
28,33,10,26,7
78,8,36,3,9
68,8,9,34,16
107,53,95,0,12
8,80,25,45,35
45,14,17,16,25
15,26,36,57,66
99,1,2,42,5
29,21,85,43,55
15,75,19,13,23
80,26,1,55,37
90,68,22,78,7
33,10,10,9,0
51,26,47,64,24
7,8,193,44,39
4,35,67,97,122
4,23,170,10,39
59,31,10,26,12
17,65,66,123,46
68,12,52,1,174
20,79,18,36,96
6,9,33,10,8
29,50,3,3,21
8,136,10,41,35
63,128,68,27,20
49,0,122,25,27
31,98,24,63,4
92,65,116,86,3
89,74,32,49,83
29,29,12,37,41
35,123,68,26,31
12,132,18,22,80
21,87,15,2,15
32,14,18,56,21
24,68,1,33,35
39,42,19,18,32
26,7,59,30,16
22,17,170,5,6
32,123,15,27,16
16,17,22,60,19
6,6,83,27,32
195,88,19,12,47
3,64,65,56,62
33,48,5,27,44
10,2,10,16,120
35,2,18,1,7
37,84,29,33,7
60,0,107,194,15
79,45,8,0,11
17,32,46,5,5
14,40,24,59,7
135,60,76,18,101
18,52,22,13,54
32,55,4,23,54
53,23,30,30,19
46,45,82,30,20
17,83,107,18,72
91,50,9,11,16
9,61,65,3,25
6,99,40,40,26
39,22,120,19,14
154,97,56,41,7
166,67,30,76,41
110,23,1,42,158
96,95,6,10,34
4,42,15,4,1
122,24,75,14,31
17,67,8,0,9
12,76,22,10,10
82,66,10,29,3
40,8,10,47,14
2,45,24,32,162
2,107,8,11,25
6,83,62,2,13
79,11,78,50,4
120,45,31,26,14
118,3,30,89,8
32,63,108,1,32
129,7,85,29,12
96,103,31,49,45
135,129,20,0,35
119,19,21,11,61
2,72,3,58,19
25,109,44,11,54
64,34,57,11,0
68,94,74,46,5
56,9,32,4,5
2,47,6,25,67
53,117,15,99,29
13,6,26,0,69
12,100,38,9,5
98,36,58,46,57
108,41,10,65,105
39,35,116,99,107
69,116,109,45,41
125,27,27,5,72
47,25,54,95,9
97,11,7,9,63
69,51,4,59,10
139,29,18,36,58
2,5,6,55,137
30,117,20,85,5
30,26,5,17,38
47,12,17,6,4
3,6,74,22,13
3,80,11,18,1
43,78,5,0,74
17,46,44,6,4
74,46,39,37,29
86,71,91,9,92
151,94,40,37,28
24,29,22,8,15
53,40,4,36,5
118,74,73,36,84
3,1,55,169,19
26,18,17,5,40
92,71,87,18,8
29,32,14,4,19
52,79,90,41,77
5,5,29,8,16
43,85,16,38,0
32,37,67,38,18
86,17,11,14,19
58,4,46,48,0
60,30,4,9,17
69,45,20,28,3
42,93,16,51,26
100,20,33,78,34
77,46,111,7,129
8,55,0,21,87
12,55,40,32,37
66,7,27,21,43
86,82,104,148,1
60,15,16,103,67
41,73,24,16,21
58,7,22,5,28
110,45,1,84,24
86,1,37,18,1
2,52,100,28,11
79,8,143,20,38
4,24,62,14,38
17,82,4,156,21
22,70,4,50,41
33,176,37,0,35
17,27,75,2,18
92,90,125,36,28
52,121,8,12,23
118,37,88,34,15
101,22,152,179,37
150,7,42,51,5
33,94,21,31,33
2,44,14,8,26
130,8,57,61,6
37,71,10,9,10
63,141,39,43,3
9,0,7,8,68
29,5,9,14,27
7,0,35,10,5
36,28,31,3,64
43,75,16,28,18
90,10,24,37,0
89,111,0,22,33
8,46,50,3,30
22,84,49,47,10
52,4,32,37,105
34,36,54,42,38
28,53,39,55,52
39,25,16,10,53
88,3,35,17,17
86,48,66,48,29
40,58,49,11,8
67,90,23,4,71
5,4,5,1,50
14,18,12,86,18
21,0,6,30,14
51,6,7,18,86
51,50,45,23,86
63,27,31,18,12
16,72,17,18,13
23,104,55,0,48
153,76,21,59,42
35,35,32,3,42
79,60,8,12,16
106,54,59,3,34
0,51,35,9,1
21,15,39,27,13
29,68,79,24,163
18,55,26,14,81
68,0,143,46,37
56,13,90,0,16
19,74,29,9,59
26,22,44,11,19
45,66,48,18,48
32,93,1,29,36
35,82,15,71,9
44,84,0,1,14
35,59,97,12,19
50,9,6,73,21
119,2,17,0,24
0,53,11,35,27
79,77,50,41,4
0,104,9,29,33
97,164,3,6,5
16,11,10,26,26
34,11,5,162,5
40,31,60,39,7
58,17,16,0,0
51,5,12,50,45
46,46,59,5,17
114,43,34,3,7
71,67,15,138,16
42,2,16,26,28
114,51,14,92,6
29,46,12,33,3
24,28,50,12,24
108,73,14,6,4
104,106,3,50,38
59,65,39,101,47
43,35,25,139,27
7,27,51,26,71
3,20,34,43,62
87,61,118,71,6
15,31,26,19,3
3,8,23,79,23
51,26,23,11,33
57,7,35,76,21
28,13,4,43,125
5,22,4,44,7
32,75,44,42,34
35,129,1,15,21
20,136,56,1,60
1,2,0,14,58
139,6,32,22,13
28,15,71,65,38
50,35,79,10,107
38,54,28,3,20
20,48,62,2,42
10,43,51,44,32
13,6,43,16,22
38,4,7,86,51
16,36,116,52,17
74,67,33,32,39
111,12,57,0,18
25,11,92,37,59
15,59,30,50,23
5,61,28,27,23
56,35,17,51,83
41,37,3,23,4
123,145,9,36,42
135,152,38,35,17
58,91,5,36,66
186,15,35,33,11
145,8,2,29,106
11,123,24,11,25
100,26,57,19,74
54,0,67,99,30
83,0,19,12,14
44,7,4,49,3
22,19,98,4,21
32,48,11,46,90
33,25,27,13,5
17,50,5,145,5
30,7,27,6,36
48,16,19,48,65
133,75,36,40,126
91,121,69,74,14
22,135,75,2,7
44,16,21,69,11
113,34,120,6,99
5,7,9,2,46
133,5,43,8,18
36,26,11,59,28
19,53,11,29,42
60,17,33,2,48
39,30,28,70,36
60,70,34,18,19
131,38,46,1,29
48,2,11,89,84
33,23,22,33,84
48,45,52,11,39
45,15,29,101,100
63,4,25,69,20
69,1,36,58,2
106,18,41,116,59
41,50,19,7,24
9,33,19,12,20
92,11,12,23,14
14,135,19,11,17
86,48,41,8,27
13,31,43,65,118
17,59,39,39,3
21,25,46,58,99
138,0,12,26,37
0,115,25,16,39
32,0,14,14,26
120,58,4,33,108
39,149,34,19,47
34,14,0,17,28
60,41,8,6,0
13,14,36,30,17
38,19,123,35,5
89,39,27,52,119
5,15,15,0,1
12,75,58,16,27
110,46,24,29,0
33,20,24,42,27
25,5,74,2,56
29,71,23,9,10
89,94,103,39,17
3,2,60,33,42
134,54,63,47,31
16,96,68,34,2
46,51,79,63,6
99,6,43,111,57
44,4,75,17,4
31,2,60,6,32
11,29,27,5,12
45,29,27,48,27
2,60,100,5,29
51,22,34,13,2
127,94,61,5,48
51,38,27,13,54
1,15,22,8,111
112,91,70,5,24
20,34,34,40,18
71,17,18,37,124
153,34,37,147,214
63,9,14,36,43
124,77,7,77,29
46,34,7,66,9
86,192,4,12,28
126,2,28,18,47
56,88,38,26,1
105,10,39,24,19
112,63,38,70,12
63,72,174,36,7
89,26,64,1,41
70,57,41,46,12
143,19,32,47,61
12,15,10,107,39
111,71,74,3,21
37,32,17,5,2
102,81,108,124,42
122,146,9,33,26
62,2,25,1,33
74,11,72,20,22
7,43,119,27,2
69,21,90,9,3
112,89,61,5,69
1,25,51,45,15
50,62,64,17,16
88,5,82,29,7
43,36,152,11,0
139,17,90,11,25
35,65,75,7,66
27,34,14,34,32
131,0,107,10,6
61,93,3,28,17
26,35,59,1,97
11,43,5,25,98
62,53,51,68,42
23,52,121,87,7
56,41,0,15,30
29,71,5,0,5
20,48,74,25,12
97,4,7,58,90
99,6,20,13,14
131,20,16,14,114
67,40,21,6,10
35,45,54,10,0
28,7,30,108,24
89,15,16,47,47
76,124,84,40,40
11,47,23,14,42
25,8,39,26,26
42,36,69,32,27
21,96,107,21,0
9,34,32,38,17
92,15,147,9,18
45,11,14,35,2
23,45,54,32,39
89,38,19,32,29
40,69,54,102,8
7,20,15,59,20
1,61,38,88,5
1,13,17,24,67
27,27,58,43,60
4,21,8,7,40
9,99,20,18,136
3,3,35,45,5
68,23,13,7,5
121,42,67,15,84
103,18,7,58,93
108,46,77,2,27
70,101,9,14,84
120,92,5,53,10
86,8,31,37,105
120,32,94,61,23
6,100,86,46,79
135,56,28,9,2
150,152,2,48,38
80,112,27,37,8
4,41,79,78,3
44,2,31,43,19
11,4,32,11,58
101,21,2,46,17
52,108,4,13,26
29,40,74,97,6
59,75,0,10,35
123,83,198,41,18
57,36,66,13,3
14,30,101,28,54
96,37,29,58,10
0,45,24,38,6
14,63,56,14,3
50,88,9,154,6
159,28,120,16,3
13,19,83,13,55
55,157,31,123,17
137,1,38,22,16
11,25,13,8,35
31,53,2,21,26
132,131,4,18,17
25,20,25,135,25
0,130,17,39,33
73,32,35,48,39
117,20,30,28,67
5,12,116,18,22
128,121,22,34,53
84,27,8,8,53
20,3,14,11,27
2,29,30,122,30
16,32,1,19,33
114,169,29,11,7
37,98,2,12,72
28,11,8,0,5
181,27,50,27,18
80,128,1,16,33
66,44,13,7,3
88,6,76,43,9
36,104,0,33,12
41,49,9,84,1
19,37,9,48,20
41,13,41,75,59
67,62,4,20,1
0,16,13,3,7
4,8,3,30,42
26,10,25,17,49
67,9,20,8,76
1,162,57,20,41
95,5,59,53,1
43,20,12,104,17
3,13,19,69,53
165,65,74,9,3
2,32,134,17,14
36,105,0,58,57
50,34,7,36,24
30,71,91,3,52
10,112,18,2,5
19,44,53,59,12
0,5,1,30,7
19,72,5,1,1
39,28,20,4,1
31,21,18,41,8
41,126,30,70,66
54,27,93,27,20
17,12,3,35,2
29,3,171,13,51
47,27,43,8,53
64,18,10,0,16
74,25,16,29,40
43,16,63,27,24
8,67,41,62,19
29,39,19,12,21
24,2,65,37,72
1,44,5,132,26
23,2,105,7,34
42,59,39,63,105
147,14,8,27,39
30,21,19,3,12
86,12,14,14,4
25,68,23,2,16
9,10,33,20,2
116,18,78,7,41
159,30,42,19,16
21,12,52,13,6
19,8,41,27,32
15,30,14,5,82
70,42,80,22,44
57,14,17,16,30
7,18,74,24,9
13,32,97,15,18
31,6,57,10,14
61,21,54,41,0
63,67,21,17,78
8,6,11,13,7
18,74,64,94,16
118,35,14,1,0
10,68,94,100,2
17,98,20,21,27
7,14,18,46,15
67,22,27,28,26
61,3,69,76,3
28,102,33,75,64
13,151,46,14,34
43,84,12,8,76
51,6,18,72,24
61,43,20,16,14
27,9,85,51,92
84,60,1,60,22
58,52,51,38,48
4,2,50,68,52
105,19,4,2,55
16,15,90,17,38
3,6,83,70,36
66,13,83,2,33
90,17,77,10,44
151,6,55,44,15
70,68,4,30,8
63,36,1,56,0
70,39,19,12,4
70,120,12,11,14
60,49,19,71,16
57,134,22,19,16
4,46,54,74,0
5,11,0,16,39
26,20,14,25,63
40,10,31,8,37
106,79,129,22,5
5,22,14,86,91
61,16,22,42,46
87,57,17,48,55
21,18,15,22,30
20,17,147,2,37
74,10,18,30,55
41,9,16,15,8
56,106,7,30,22
84,45,12,28,7
47,10,78,0,13
16,48,61,2,14
12,103,32,88,32
66,46,66,70,115
115,8,115,0,36
131,80,6,12,22
13,24,39,105,4
67,19,103,9,10
89,2,62,8,9
46,27,38,37,13
67,33,100,12,27
99,53,20,9,10
11,50,48,116,39
69,11,17,41,38
26,50,30,18,25
15,65,7,27,27
100,7,10,25,70
73,1,6,13,1
80,15,8,32,86
44,19,15,92,20
21,78,12,20,35
12,10,8,38,79
12,4,4,32,9
2,16,39,14,12
73,0,13,6,13
32,81,12,64,11
6,67,66,1,11
52,53,4,8,3
131,14,84,0,1
58,17,86,5,110
111,7,14,27,5
28,24,23,51,50
114,83,39,59,18
7,39,0,32,41
69,19,86,64,25
76,29,40,44,32
36,30,2,61,7
122,116,45,72,35
57,40,49,50,2
37,81,63,72,80
99,3,8,27,52
1,38,17,12,6
1,35,61,1,66
43,49,13,26,158
135,28,3,61,20
14,16,12,2,16
112,104,74,108,44
13,54,10,32,4
66,49,16,18,32
30,17,30,53,20
77,42,6,23,79
31,50,29,36,103
65,62,95,121,17
26,21,36,51,38
46,48,29,53,7
88,4,30,43,17
106,2,32,25,4
54,28,56,17,56
24,47,40,13,10
236,4,17,2,6
51,19,35,6,13
127,186,5,2,49
65,1,6,44,38
56,57,36,67,25
41,6,95,7,4
2,6,116,3,22
85,94,75,17,44
20,19,16,27,195
67,29,71,31,32
0,164,11,71,7
62,13,7,86,10
57,46,52,42,43
71,26,13,32,4
109,93,25,12,32
65,15,30,11,32
13,27,113,24,4
4,15,31,23,9
22,22,119,57,60
83,2,32,12,4
27,95,56,90,21
18,58,14,6,68
22,0,13,10,59
3,49,2,45,5
129,197,33,55,56
42,112,19,49,28
88,55,10,86,25
20,16,91,2,92
24,26,8,32,28
52,7,32,68,3
1,147,41,31,49
6,106,94,95,12
121,51,43,7,18
19,99,12,69,75
149,5,6,55,2
2,89,33,74,32
17,21,32,9,71
29,51,104,76,81
67,44,29,31,81
91,38,4,12,12
5,12,4,30,21
89,12,83,8,34
47,66,5,70,7
41,3,39,6,1
13,54,6,43,8
46,47,69,20,2
137,29,19,17,146
127,70,82,19,11
16,26,20,24,39
0,34,18,87,43
39,15,47,29,1
150,43,37,6,59
29,59,47,35,18
2,74,23,31,9
40,38,64,4,11
158,56,10,49,12
30,50,26,95,5
6,137,2,1,2
65,15,103,52,9
24,73,28,76,4
58,131,13,2,80
10,99,25,24,12
40,9,46,60,32
99,0,102,7,9
2,40,24,59,11
21,131,77,35,17
75,47,11,65,36
39,7,43,10,26
43,130,79,2,8
32,61,113,25,28
10,8,47,81,40
4,123,118,45,30
24,112,8,6,4
12,83,11,90,47
76,55,63,131,9
119,56,25,9,43
104,18,42,5,42
25,83,76,15,66
36,191,26,56,20
63,146,129,50,11
10,77,13,43,20
53,63,37,17,39
53,37,59,30,6
168,82,30,32,9
68,10,13,61,17
109,91,106,107,4
1,9,110,32,7
24,73,16,71,16
29,52,7,62,5
140,30,15,0,7
3,137,37,49,36
24,18,18,32,22
44,129,17,16,22
79,2,2,25,51
34,40,25,43,56
8,2,41,97,4
111,25,5,124,23
19,26,25,11,12
83,38,14,94,15
154,83,22,85,5
9,34,28,2,82
46,69,15,26,35
111,58,84,53,42
100,4,49,59,10
96,50,66,69,5
40,59,51,10,7
1,35,32,57,28
128,230,20,75,43
90,2,69,75,42
19,45,94,4,15
25,6,49,34,15
122,83,5,37,72
11,123,12,11,25
17,5,26,18,22
16,16,56,1,4
17,45,32,4,29
55,10,11,20,15
43,72,8,11,9
94,81,69,60,31
54,6,116,61,5
18,17,59,30,17
151,36,22,9,1
66,248,14,0,1
8,56,6,17,17
57,3,39,69,64
29,41,34,24,39
57,20,48,7,54
48,51,36,9,14
34,20,103,25,40
17,26,24,69,40
35,80,73,25,7
22,54,11,31,13
17,62,13,31,22
52,8,17,49,49
70,33,27,30,9
4,16,68,55,38
2,15,29,3,51
68,34,24,14,34
7,4,73,44,30
77,7,8,3,12
2,21,32,45,14
55,114,27,20,14
6,107,31,23,13
19,79,1,6,31
104,39,6,46,48
14,40,31,71,136
44,14,87,3,99
31,48,34,0,13
43,0,34,11,2
65,111,39,2,45
111,57,6,6,18
69,36,53,31,6
11,6,50,41,30
27,36,3,2,16
62,167,68,22,30
17,29,41,12,23
60,32,73,19,8
31,122,32,56,0
95,113,25,8,13
10,32,55,7,52
59,70,45,91,33
96,11,3,46,50
11,73,57,9,8
17,143,122,72,21
14,57,30,16,41
15,0,99,0,40
1,16,42,1,103
17,19,13,34,117
12,10,32,111,64
134,19,5,117,29
26,36,33,74,53
18,55,45,93,128
14,80,8,10,57
67,52,3,15,19
4,19,10,101,12
67,17,8,3,20
59,117,35,0,15
161,11,4,42,98
97,29,4,24,34
11,25,88,77,11
33,19,50,92,36
61,18,94,13,26
7,16,64,25,104
4,45,128,9,12
20,53,42,114,7
8,14,24,21,106
57,8,61,45,111
64,115,18,110,18
37,32,100,5,5
2,13,5,53,4
19,63,15,1,92
18,19,2,30,5
0,23,111,84,107
3,10,53,8,5
5,12,33,9,27
5,65,52,62,58
27,95,34,42,11
49,65,50,58,5
10,11,17,21,21
94,122,1,24,47
34,7,12,21,66
30,34,24,13,56
2,134,5,51,27
2,39,5,3,4
38,49,3,17,11
50,62,0,56,55
12,18,18,11,18
9,54,33,82,3
4,113,32,0,17
0,105,73,44,31
142,4,69,74,26
116,42,40,1,2
13,142,10,20,0
14,48,2,40,2
54,44,38,18,6
3,46,54,33,46
24,37,60,110,57
42,25,7,0,29
60,71,45,49,49
28,11,171,0,59
148,6,7,10,14
6,43,12,14,29
118,115,24,7,56
23,3,26,29,42
5,69,33,47,72
103,42,54,38,15
73,2,7,69,23
7,113,4,25,46
12,53,88,25,35
79,38,21,0,80
86,36,36,38,34
15,93,12,23,12
31,11,33,56,11
71,59,18,40,19
103,19,33,16,36
7,3,25,12,81
133,36,122,0,5
51,21,65,9,0
89,20,34,14,25
32,73,18,25,85
73,132,27,24,12
14,1,77,30,13
56,15,12,76,9
2,30,26,37,13
62,62,32,4,62
138,52,71,22,12
46,46,51,37,24
11,15,3,70,9
126,2,21,25,3
110,70,8,52,12
7,50,0,1,69
75,7,12,27,50
71,28,16,12,14
155,19,6,11,12
21,29,23,12,8
114,111,40,12,72
57,72,27,36,9
34,9,64,25,29
60,23,7,45,11
69,115,13,13,3
28,26,35,9,12
66,2,18,3,16
150,11,58,41,33
42,13,10,49,1
115,24,3,29,16
19,28,11,28,24
55,8,14,16,35
23,3,141,10,9
71,130,1,5,25
58,13,65,5,69
41,0,53,30,42
72,21,3,28,41
8,69,20,74,6
36,2,14,33,66
73,18,21,15,35
7,35,22,1,2
46,45,48,27,3
86,31,9,40,49
76,2,141,7,92
31,29,11,6,25
56,47,14,23,56
40,59,20,19,2
53,24,108,50,16
3,36,21,19,15
98,8,47,52,5
25,23,18,45,11
42,36,59,12,33
56,42,21,12,12
36,30,42,60,34
64,21,54,32,45
34,63,38,1,120
37,33,15,23,1
55,46,131,132,64
4,2,0,22,32
0,7,7,22,16
103,6,23,31,9
67,68,10,72,45
9,84,13,53,21
42,46,208,56,26
14,44,56,26,36
78,69,16,68,12
102,6,22,12,32
24,132,83,0,7
88,28,40,4,101
5,59,39,36,14
41,40,89,8,105
150,2,28,5,23
36,71,18,29,59
8,83,96,8,24
76,159,13,88,120
40,36,45,0,1
185,7,15,72,87
46,53,1,38,2
32,11,52,10,39
68,31,45,27,4
89,41,160,10,19
8,11,33,76,5
37,80,61,2,7
96,7,21,29,33
22,27,31,14,9
33,1,29,16,66
25,114,79,20,10
13,84,50,89,29
18,66,30,19,57
10,20,23,14,37
86,0,21,68,8
23,42,31,12,21
143,1,4,20,38
18,45,26,6,8
12,26,89,7,39
7,25,88,42,45
43,60,4,93,25
27,104,82,21,1
34,0,29,57,79
11,10,14,73,8
93,1,20,11,47
76,2,45,5,16
43,45,7,52,7
43,89,42,10,1
38,15,110,29,52
8,123,104,86,38
11,69,11,15,6
8,80,88,17,49
67,3,104,0,7
23,30,19,15,8
78,20,44,37,15
4,82,11,39,15
66,43,79,44,11
125,78,10,72,75
24,5,9,34,9
35,12,5,4,7
42,6,15,5,110
9,1,48,0,94
10,26,4,8,12
15,52,5,13,24
115,9,44,4,46
29,69,2,6,10
139,23,44,13,2
17,21,71,10,7
16,27,12,69,14
11,75,24,24,9
165,77,31,21,5
13,93,70,2,1
7,62,22,46,47
8,19,40,13,15
32,49,15,9,6
21,41,15,9,3
28,141,24,47,45
33,27,14,5,2
76,18,3,67,37
156,17,56,8,18
95,55,3,84,22
78,65,38,26,100
11,61,15,51,13
62,181,35,28,8
106,43,16,116,74
44,0,8,6,39
21,49,77,20,49
68,120,73,23,18
68,29,69,30,12
21,22,30,64,40
41,3,47,56,28
137,72,7,36,40
16,7,74,97,9
117,10,84,34,3
103,39,27,60,42
29,6,33,3,12
28,161,35,25,3
24,47,2,15,56
24,47,19,144,19
142,56,10,95,19
110,8,0,41,35
38,3,49,0,13
45,2,8,19,19
126,88,17,25,55
17,69,122,27,50
41,28,72,2,3
17,51,44,57,12
87,50,90,50,15
31,136,6,4,1
18,28,1,52,43
2,61,4,29,30
53,9,91,51,14
65,87,19,34,30
126,3,27,134,31
62,30,140,10,41
16,16,20,24,12
43,59,14,31,7
92,10,109,57,47
54,16,20,34,33
46,22,158,7,30
2,5,38,70,70
16,63,6,129,22
20,60,68,32,31
102,135,43,62,15
8,21,14,6,9
44,24,52,1,50
66,12,59,1,50
109,24,36,88,2
63,41,9,61,1
88,93,16,15,4
60,10,26,191,49
5,132,23,35,69
0,66,33,15,30
37,4,128,7,17
6,80,53,125,28
54,90,95,2,35
15,4,8,27,29
26,51,26,47,178
12,34,26,10,32
22,110,24,10,5
58,34,59,35,61
18,40,2,41,7
97,42,19,67,183
47,69,99,59,89
127,53,60,148,31
31,71,90,7,8
85,23,10,38,15
103,27,42,19,80
114,43,6,115,7
88,8,35,19,31
103,31,96,28,40
82,17,95,0,17
48,47,55,23,18
24,1,34,135,26
46,15,5,1,7
60,37,22,68,8
13,144,8,5,125
70,34,1,0,38
45,107,53,3,113
43,74,4,53,46
48,47,14,45,4
109,63,32,71,139
0,189,80,70,14
34,6,148,17,11
105,45,33,22,61
6,102,87,97,6
34,75,42,112,72
50,12,14,16,25
87,155,95,70,12
1,22,16,27,153
134,2,80,120,28
56,2,52,4,9
156,72,28,48,61
98,28,84,24,78
63,20,15,16,33
53,28,5,92,9
71,26,34,4,32
24,37,15,22,40
7,2,105,9,6
7,4,8,18,5
9,119,16,44,32
0,126,31,15,12
5,13,30,17,103
129,29,63,28,48
39,34,9,31,9
108,59,46,16,89
128,14,48,8,1
134,9,62,28,26
102,41,1,83,12
5,29,10,4,2
30,46,47,24,11
88,48,45,87,11
48,157,96,44,5
108,70,73,15,47
71,16,13,53,51
39,23,25,20,2
0,45,18,14,14
23,117,4,31,32
64,58,9,15,203
116,2,44,81,44
55,9,16,3,79
129,23,11,3,20
137,0,15,17,2
60,19,7,67,1
114,18,10,33,59
36,56,35,43,29
82,117,80,54,27
102,42,12,45,5
24,50,120,50,23
48,37,4,27,19
60,66,70,60,22
39,4,2,2,22
28,32,65,13,36
31,19,121,93,0
26,18,58,10,41
44,62,40,18,14
84,76,38,8,54
61,57,19,3,7
54,63,3,72,9
91,29,89,34,21
34,102,9,6,21
85,0,88,8,3
17,94,15,15,55
55,16,1,17,60
50,76,64,87,26
67,65,104,51,9
47,50,2,28,7
39,20,87,84,63
32,47,10,0,118
47,39,17,13,26
98,42,11,17,32
129,32,72,23,22
61,6,1,42,6
16,77,36,11,45
8,126,35,54,14
48,3,0,11,15
40,48,72,1,55
7,3,2,6,40
21,80,81,66,12
9,53,69,12,20
103,43,183,147,77
147,60,33,1,51
28,84,151,64,16
129,181,156,25,16
0,17,21,7,17
38,111,35,66,18
22,6,62,35,10
109,1,32,96,42
49,178,33,56,7
67,2,3,0,16
12,120,7,85,36
122,68,14,22,2
56,3,21,114,1
70,74,42,32,39
54,19,25,105,57
49,93,60,108,3
97,31,103,63,9
100,12,127,57,3
4,76,38,7,18
3,38,43,57,50
2,110,140,56,42
77,75,17,25,2
37,99,12,70,46
61,32,5,20,1
54,71,21,16,62
60,5,7,74,59
60,17,11,6,60
148,100,20,33,25
83,0,19,25,3
91,3,18,53,17
92,27,77,118,32
99,54,17,14,41
69,62,56,166,10
26,84,9,35,1
6,24,25,39,8
65,30,5,0,22
6,30,19,47,4
89,8,1,18,11
92,19,9,12,42
76,3,23,48,21
22,23,10,23,31
78,12,28,41,3
99,34,104,90,24
36,93,126,30,48
91,110,5,92,43
48,101,36,140,50
76,131,19,36,42
28,70,40,54,159
144,23,0,7,24
24,169,21,15,10
154,82,118,105,48
8,33,21,42,20
8,5,26,10,124
61,22,28,44,50
79,4,83,26,20
78,27,21,2,35
57,71,64,41,29
29,16,0,6,40
5,58,1,15,36
9,71,82,81,5
29,13,10,34,29
93,26,24,11,112
80,25,15,7,6
79,61,72,53,41
28,6,53,47,4
11,14,18,43,36
28,49,11,0,21
2,16,16,87,25
46,21,31,0,13
46,22,31,54,0
14,85,7,11,25
1,21,64,0,0
3,34,8,3,40
9,23,10,27,81
21,115,51,56,29
19,42,11,38,107
23,8,15,2,46
44,173,42,17,30
86,15,16,18,71
58,6,24,50,28
37,67,111,9,68
65,172,1,16,16
94,84,17,36,34
74,75,38,5,14
1,2,37,4,3
72,59,103,37,21
47,71,4,6,18
40,62,49,0,40
44,31,62,13,57
8,144,8,10,43
70,19,15,25,14
94,8,21,52,30
68,55,53,6,1
9,94,17,22,13
37,63,11,8,16
22,48,21,33,18
22,33,5,12,17
2,17,5,8,54
27,82,61,34,105
4,54,6,18,32
92,13,27,31,24
32,81,95,5,94
161,29,31,21,89
17,29,68,43,0
47,81,71,49,24
86,77,28,76,16
46,14,7,6,10
2,13,88,19,24
36,125,23,40,30
46,6,12,29,112
25,102,17,1,52
39,19,5,8,40
64,33,16,61,17
18,12,10,20,16
122,96,59,30,51
22,40,42,1,32
135,35,86,47,13
24,96,0,17,94
100,121,36,28,16
17,44,37,157,15
14,39,132,28,34
8,50,12,15,7
130,12,52,14,47
132,111,48,55,39
41,129,111,18,23
5,15,60,50,26
28,20,102,20,1
106,13,20,9,13
22,39,2,3,68
66,25,7,10,40
76,41,26,4,26
15,11,43,51,10
2,12,51,59,24
79,81,2,60,22
2,76,55,75,19
41,5,14,31,6
58,59,42,48,19
15,14,133,51,32
32,85,18,100,92
17,110,109,50,1
23,33,36,29,26
60,62,23,9,103
37,7,83,1,28
48,1,72,21,57
72,8,15,15,43
68,136,10,13,15
35,79,6,24,11
63,42,6,16,10
109,23,96,33,10
6,23,54,37,53
25,31,37,51,7
58,75,46,45,54
19,2,8,98,99
55,44,26,23,7
108,0,15,31,81
27,28,17,50,27
124,0,23,13,91
43,13,91,0,20
25,42,58,68,2
18,22,9,20,59
33,5,13,88,71
77,86,128,2,6
60,5,14,0,0
83,48,20,5,0
61,1,11,61,13
53,28,43,13,1
38,33,124,32,9
86,11,34,24,6
0,1,28,52,21
30,84,13,79,51
48,57,91,84,3
16,14,2,91,3
41,24,5,17,3
163,82,51,59,6
24,16,29,15,110
26,23,63,47,32
67,24,52,20,6
30,87,85,86,5
20,83,46,62,6
33,11,33,43,19
55,117,17,151,49
57,23,23,64,41
16,41,62,25,99
94,144,35,43,45
57,84,70,24,30
49,22,102,4,18
80,63,37,75,17
86,50,10,112,114
91,2,49,103,3
90,5,75,14,6
2,7,45,6,11
78,75,56,19,48
127,51,4,16,78
89,85,12,0,35
108,4,10,79,0
111,45,17,19,47
5,51,15,114,12
12,29,16,52,4
102,3,9,74,9
56,21,29,40,29
25,41,56,69,65
30,72,119,16,24
56,29,43,7,91
108,43,41,42,10
45,60,83,14,3
30,16,28,45,6
51,19,108,1,9
35,26,23,5,57
57,4,38,33,1
17,19,36,8,2
80,55,46,0,31
3,3,66,43,3
49,10,99,50,39
137,21,0,9,70
8,69,0,56,69
56,31,51,22,13
13,72,30,11,67
140,25,30,7,5
97,19,68,47,30
22,20,13,67,2
0,92,47,91,37
25,78,5,95,43
5,81,48,33,38
46,17,21,109,25
23,4,145,31,10
7,2,44,21,13
91,31,5,58,13
82,58,10,95,43
41,97,113,89,35
22,57,9,59,4
96,16,31,49,15
37,52,0,15,0
105,11,28,44,0
47,61,10,56,2
27,50,35,22,16
69,67,3,186,29
113,88,46,30,2
18,51,17,3,15
25,0,111,52,122
57,130,5,4,73
119,88,28,1,44
51,26,174,52,80
95,72,19,60,64
7,40,47,8,8
49,142,99,2,178
4,17,67,41,10
183,35,29,46,29
132,45,54,0,84
128,74,64,5,5
43,82,75,168,29
31,16,25,14,0
72,0,0,12,10
93,29,10,26,59
73,28,30,166,31
32,115,65,60,25
37,71,10,4,21
42,14,5,31,14
32,36,88,17,23
46,48,44,17,175
59,17,18,24,6
3,44,26,18,37
19,58,40,12,10
88,2,13,37,6
26,74,17,33,19
16,22,7,47,6
36,57,10,13,41
12,78,21,6,54
112,196,81,11,12
153,50,111,82,10
13,58,39,4,12
37,61,0,48,6
29,56,68,10,60
98,18,9,23,3
34,6,21,44,3
47,29,5,39,85
68,35,38,12,11
80,18,10,4,87
3,29,45,13,76
5,53,60,21,16
4,12,46,10,30
102,90,55,10,41
49,70,106,20,87
14,28,71,42,22
50,68,16,0,16
16,46,98,51,13
20,67,25,31,49
73,51,27,40,28
14,102,70,17,26
96,43,7,1,11
120,10,35,2,3
15,52,16,7,14
108,40,9,73,22
26,64,0,12,21
70,46,3,108,46
8,75,125,27,111
91,13,7,7,25
39,16,42,96,10
106,49,15,8,8
66,7,51,5,12
15,15,15,23,20
57,5,143,16,13
41,18,42,37,8
91,82,176,42,31
51,123,49,8,2
72,155,46,75,28
47,12,1,11,38
134,33,32,18,21
114,8,14,0,42
68,22,13,22,75
40,29,36,6,42
71,57,61,46,9
20,29,105,40,19
19,4,40,45,5
68,149,5,49,39
123,4,16,55,64
8,13,3,51,8
93,33,106,25,14
83,139,73,8,1
200,76,44,101,3
49,144,8,6,25
52,114,3,109,44
32,148,21,109,19
31,0,116,97,33
29,17,31,6,49
8,28,29,86,66
30,50,70,24,31
32,58,27,4,27
106,2,93,15,29
4,37,40,143,43
60,30,16,19,37
33,87,52,12,3
49,75,3,31,68
10,63,33,0,51
27,22,77,11,58
31,42,7,131,10
5,50,28,20,1
3,76,61,95,13
2,24,79,13,3
8,37,29,16,3
2,21,24,11,6
53,27,55,67,101
26,129,8,42,22
5,21,12,69,28
93,2,5,3,9
4,6,163,5,49
37,125,11,1,36
0,8,27,33,24
104,57,40,18,15
27,66,4,71,17
52,32,64,4,59
14,45,78,27,23
29,69,31,29,27
37,50,39,7,154
80,1,4,1,2
45,28,100,25,41
27,97,11,4,43
21,4,68,19,17
81,29,11,21,54
13,33,0,25,45
83,167,38,3,34
7,3,2,29,5
4,99,78,11,13
123,61,7,34,79
33,52,56,13,38
46,43,80,90,25
120,2,40,31,49
31,18,79,8,28
0,36,19,28,10
134,101,12,10,4
77,8,53,13,0
40,33,34,59,42
13,25,91,29,1
6,21,91,3,15
42,21,53,0,14
189,28,72,8,96
90,111,83,113,6
5,1,42,6,50
45,28,12,58,6
14,91,11,33,23
110,144,65,116,58
42,35,86,12,21
25,19,10,30,16
43,5,26,20,48
102,18,45,38,105
11,33,38,42,15
59,59,55,8,8
26,32,10,2,129
52,47,1,19,22
132,22,6,82,21
26,6,21,43,45
27,12,140,24,7
80,17,50,10,26
122,85,112,31,74
51,29,20,147,77
87,33,29,5,17
48,75,76,16,15
36,64,112,5,60
182,76,9,62,48
105,1,8,60,39
16,4,20,0,49
27,50,47,20,32
12,25,5,43,22
27,139,79,8,7
8,126,12,20,47
86,10,37,16,124
52,19,64,25,7
72,90,11,5,21
69,93,26,74,47
21,28,3,55,35
1,6,44,49,87
129,21,33,73,68
54,30,7,26,30
64,181,21,49,46
1,25,14,3,15
138,95,174,30,16
33,45,56,73,53
29,13,95,45,35
55,33,102,3,23
135,27,13,60,44
2,143,13,29,10
31,30,13,4,24
162,33,22,65,50
40,52,12,86,33
91,149,4,44,18
79,39,2,92,32
23,60,7,36,45
115,21,41,39,64
51,14,18,62,18
17,4,6,24,20
82,81,34,11,35
92,6,34,29,32
66,27,46,12,30
36,49,5,8,21
15,71,13,87,14
30,11,42,70,28
20,24,168,25,9
33,66,39,29,37
81,42,102,24,62
47,80,52,49,57
58,12,77,45,17
2,14,34,8,67
3,28,1,45,117
91,18,87,11,8
65,13,15,38,5
15,72,7,21,31
89,45,0,146,31
41,57,4,76,24
0,137,142,73,5
67,27,27,64,27
12,19,39,15,5
132,85,0,3,25
71,6,47,26,2
4,6,2,25,45
68,77,40,4,7
1,7,7,51,74
12,105,28,15,12
84,28,130,40,30
14,22,21,34,73
149,91,3,13,7
42,105,17,52,66
1,109,36,3,44
1,87,16,2,10
69,30,18,90,28
79,58,4,72,48
21,24,5,24,17
73,107,74,8,8
53,20,63,105,46
16,55,21,25,20
75,99,10,104,6
13,3,14,42,25
62,19,2,18,23
47,41,7,6,22
21,0,9,131,27
58,38,57,114,26
35,114,7,67,12
133,0,87,30,45
28,59,85,9,91
92,71,110,52,2
34,42,31,25,48
142,153,62,31,12
109,24,24,69,11
71,13,73,41,5
3,0,132,45,2
23,21,46,1,1
82,7,51,64,6
7,5,17,71,3
22,175,46,1,104
46,57,1,18,98
17,32,81,35,4
92,84,36,33,0
14,83,33,40,14
107,113,3,4,1
85,124,29,13,67
53,3,3,24,16
2,120,52,44,7
132,13,52,10,19
29,24,58,27,65
54,7,18,7,34
29,199,59,70,32
9,10,6,152,20
61,92,61,105,65
53,61,41,37,23
53,28,64,24,19
59,4,42,84,16
129,6,24,1,15
36,50,1,7,12
15,25,0,118,8
18,99,10,10,6
40,69,75,14,38
129,37,14,46,35
73,68,41,0,43
129,7,133,6,2
102,60,161,25,52
34,7,7,43,26
21,3,8,39,7
41,22,17,7,19
54,65,61,6,46
33,32,31,16,57
47,43,29,9,118
99,84,16,117,50
75,18,30,17,0
8,36,163,8,70
23,43,0,15,24
35,145,36,58,122
70,60,37,6,1
65,6,3,2,121
24,97,31,10,8
28,51,12,52,37
20,52,5,16,15
69,32,32,51,52
69,19,42,24,158
27,2,48,6,8
62,35,15,36,13
105,59,1,7,6
36,43,71,12,14
13,23,11,2,69
37,84,31,86,11
3,13,23,157,145
63,72,15,17,24
16,51,38,16,2
114,11,113,12,33
92,6,94,16,70
49,16,38,53,26
68,133,36,7,62
95,87,75,25,178
24,73,5,9,55
9,59,24,40,22
143,81,75,74,39
61,54,7,36,159
94,144,15,13,25
99,4,132,11,25
9,5,34,6,14
7,32,65,18,87
49,44,8,8,42
40,24,15,24,2
5,7,20,1,59
6,27,38,109,9
78,51,49,31,15
132,32,14,13,7
71,10,60,106,38
110,21,22,8,7
13,60,22,15,73
82,71,2,41,5
14,2,42,76,28
105,28,99,26,7
24,75,18,44,43
9,85,24,4,41
16,6,60,63,9
73,0,61,27,45
48,15,55,37,26
20,40,69,70,44
16,67,16,20,38
26,9,18,64,75
11,11,49,6,37
5,80,68,15,35
65,12,26,26,30
1,6,32,17,10
23,127,94,0,39
6,109,22,22,11
31,153,0,46,2
31,125,5,8,57
39,9,15,71,19
152,83,16,15,29
135,32,61,19,0
26,13,26,25,1
9,0,51,13,18
7,9,16,13,61
35,74,52,37,38
71,6,79,38,20
0,41,56,1,1
34,12,31,25,24
39,58,83,33,41
51,132,16,15,21
35,10,37,30,33
0,64,13,12,18
1,14,18,5,49
63,49,11,24,1
31,23,55,42,1
149,6,17,2,9
52,0,56,5,12
28,58,83,12,23
36,2,12,9,0
84,40,25,48,36
43,72,61,64,10
50,89,12,84,16
44,225,32,48,72
102,12,40,1,3
25,42,29,34,40
30,16,4,48,11
74,14,53,10,14
59,125,54,44,7
60,68,6,30,25
25,5,14,75,10
140,21,17,41,32
32,43,31,29,24
55,8,3,83,2
25,80,50,31,74
27,18,80,72,11
125,5,63,87,17
25,14,11,2,5
59,36,37,57,176
8,3,17,36,74
55,48,18,1,28
107,2,16,53,0
22,52,24,14,15
27,46,26,30,34
5,70,45,62,11
9,110,108,3,55
8,106,65,1,49
10,41,52,38,20
82,49,2,24,23
33,12,9,42,11
5,62,28,47,28
10,9,19,3,37
66,52,12,40,2
47,45,20,68,15
70,76,46,32,17
107,30,5,97,11
62,91,13,12,22
28,44,43,2,97
230,87,82,28,15
6,84,120,70,12
120,33,12,17,3
95,34,64,13,11
8,7,36,14,65
35,89,6,20,7
20,1,7,19,9
40,11,6,7,10
22,80,61,24,67
80,42,15,24,4
30,3,24,32,11
16,62,97,17,4
9,26,51,8,24
25,31,35,27,24
4,27,38,43,20
62,29,1,24,52
62,68,56,10,8
88,4,17,3,15
13,27,56,29,18
13,81,25,42,13
113,17,5,103,3
87,11,47,25,38
2,12,6,67,114
71,17,94,10,0
116,37,23,12,36
123,42,108,44,1
128,29,30,40,13
74,72,35,25,2
30,17,14,8,22
15,16,16,125,35
15,163,61,47,58
52,34,24,132,17
66,2,34,24,40
51,68,5,37,49
77,32,124,0,29
76,21,5,2,1
77,19,20,37,8
20,82,63,2,13
27,70,43,138,6
66,5,3,65,60
24,106,96,1,9
2,110,45,16,14
140,12,3,29,27
71,27,22,58,19
34,17,122,2,45
20,9,49,27,23
76,17,11,15,32
26,71,87,46,41
52,8,4,19,70
7,19,35,72,47
6,44,14,83,89
0,31,20,41,1
33,17,65,4,15
33,6,70,16,2
62,67,31,0,10
65,45,98,86,69
37,108,17,35,84
62,36,32,57,5
70,10,51,8,25
38,12,28,25,3
97,44,16,42,0
16,62,40,54,39
136,140,118,78,8
7,60,55,19,18
9,31,22,8,5
44,129,15,5,82
14,63,2,25,97
61,37,83,44,1
154,14,80,8,43
17,49,109,94,51
164,2,82,1,7
50,3,1,41,25
80,35,36,25,12
22,72,4,44,31
87,58,8,54,0
68,65,64,26,10
53,57,20,34,28
48,54,62,30,32
67,15,15,8,13
43,37,64,63,33
99,77,40,3,78
47,28,46,6,0
55,13,22,26,17
42,20,131,52,69
18,8,14,13,35
55,12,42,3,43
21,92,47,6,2
0,71,82,6,12
91,39,12,13,29
212,65,56,36,2
126,31,44,76,32
92,76,82,13,8
12,46,9,109,16
15,5,11,8,14
58,59,15,62,28
92,123,17,45,140
74,92,50,3,60
88,4,39,26,83
33,27,45,24,67
121,6,35,49,35
14,32,84,2,5
23,16,21,41,48
36,19,45,4,3
22,9,10,29,35
83,90,17,62,197
47,74,56,140,10
35,45,59,109,62
26,18,60,3,1
22,16,54,24,29
61,31,109,102,19
61,73,46,4,8
40,27,42,5,25
27,3,47,115,32
38,36,46,4,7
26,41,85,47,0
20,56,120,16,11
35,38,67,36,3
99,0,33,9,25
13,0,25,62,2
26,3,14,43,36
27,29,31,122,33
0,62,40,7,99
93,64,54,12,44
98,113,47,19,6
79,74,3,62,6
22,38,3,31,43
41,74,38,36,6
51,33,37,20,14
11,42,52,1,17
30,52,87,0,2
40,32,12,47,10
20,2,45,42,194
95,51,2,55,79
13,68,185,76,33
122,38,30,55,27
5,100,4,25,141
58,64,92,43,0
41,153,6,114,2
43,2,50,23,44
95,87,30,9,71
116,26,15,94,45
53,28,54,17,20
54,85,8,7,20
25,174,58,10,8
53,44,23,77,1
22,13,117,85,39
130,15,19,4,77
50,71,93,2,24
99,36,0,17,4
136,7,24,100,9
117,25,21,5,46
48,10,2,42,16
13,14,31,4,1
22,186,77,18,26
2,50,22,5,6
18,11,15,3,8
10,26,84,12,53
32,107,40,7,73
6,50,45,5,12
83,17,20,32,31
33,55,40,20,11
36,40,35,73,16
4,24,98,10,9
53,35,12,27,25
48,22,58,46,137
83,38,91,30,35
55,28,35,47,69
22,56,22,76,13
36,5,28,0,54
35,45,116,8,0
44,39,91,130,8
20,128,14,78,78
70,5,25,45,3
7,38,34,5,72
49,81,42,17,45
0,60,19,29,10
40,0,28,61,9
8,96,38,45,19
33,17,35,26,34
36,38,39,2,5
66,139,25,30,6
55,117,39,51,115
77,56,3,24,31
91,22,21,11,3
62,4,27,2,12
89,50,55,1,66
64,22,20,67,133
3,18,27,95,0
53,50,38,67,35
1,134,13,13,33
127,29,61,31,7
10,11,0,7,18
61,132,5,47,15
3,10,127,0,8
56,78,13,4,65
98,89,13,63,104
34,8,67,60,24
151,4,86,53,93
55,14,81,20,9
12,54,10,17,3
4,16,40,16,51
63,13,20,93,13
41,11,44,3,131
69,43,6,57,11
31,25,11,13,58
12,85,15,10,4
48,119,106,75,1
79,23,29,26,66
48,113,185,14,7
27,37,13,39,37
60,75,38,76,82
76,56,66,10,6
23,86,34,29,12
72,108,21,44,54
10,58,43,19,2
54,208,59,157,2
13,181,45,75,38
30,101,20,4,9
13,86,29,18,60
6,7,11,78,52
78,43,70,54,8
44,33,110,14,30
33,16,14,41,0
37,32,78,53,15
13,44,7,12,36
14,19,35,37,42
65,73,8,61,33
104,59,62,91,135
33,96,2,60,84
34,90,11,65,12
48,22,42,16,19
88,13,29,0,6
83,56,12,46,26
50,71,13,28,53
33,33,45,3,39
24,43,3,13,11
5,90,32,94,16
13,19,77,65,60
81,50,9,1,9
105,65,57,101,15
61,19,99,11,1
46,70,11,2,34
65,101,5,57,27
30,37,14,110,17
53,29,10,33,118
31,31,34,20,45
148,36,12,116,2
90,45,50,24,19
49,37,27,6,37
52,77,9,25,1
23,64,143,37,8
14,85,54,18,3
16,170,89,47,79
56,8,32,38,6
1,84,90,30,14
5,62,38,20,17
54,108,49,1,15
26,34,25,4,23
36,18,8,37,32
35,7,7,6,17
60,11,43,43,8
55,97,2,44,56
57,11,2,31,51
40,2,47,19,6
2,6,50,12,1
136,37,1,9,13
70,2,28,39,73
100,49,80,79,55
29,12,3,2,26
32,0,77,1,7
25,6,1,76,6
76,37,19,0,5
42,50,5,4,55
48,9,61,56,5
80,102,48,126,2
47,34,12,149,22
40,75,63,36,0
23,20,44,5,2
46,108,76,53,59
18,5,8,35,40
13,38,62,0,11
60,45,8,6,72
62,5,34,56,37
61,13,60,9,0
71,40,2,5,10
24,41,5,11,23
76,19,204,29,38
62,42,28,6,13
8,43,29,8,12
14,2,25,2,42
8,10,25,8,21
169,58,127,13,37
117,1,46,16,30
48,110,10,4,1
16,64,98,25,8
3,11,37,32,28
2,49,38,39,22
58,9,17,20,26
106,67,8,4,64
133,24,27,9,45
12,33,4,32,168
38,10,33,18,53
164,43,11,70,3
44,8,143,83,67
89,11,8,2,78
14,23,105,14,21
45,39,21,30,31
41,41,35,23,60
124,6,49,63,10
26,86,36,23,6
8,57,44,22,14
24,50,52,11,40
28,82,93,26,13
58,76,31,9,37
148,16,41,79,1
2,25,11,1,80
100,51,23,249,22
3,22,92,28,21
39,105,3,89,2
9,100,181,5,4
117,81,3,76,9
114,52,29,18,22
142,46,88,11,42
91,21,9,25,27
78,40,9,63,38
145,45,15,42,36
136,14,68,44,2
41,39,57,12,85
98,6,0,103,23
13,2,130,81,13
38,79,34,14,14
94,3,5,11,48
49,42,16,1,18
62,27,3,11,34
43,71,4,80,33
51,46,17,8,57
5,74,20,74,17
24,79,49,5,13
13,54,53,74,29
12,2,166,15,126
128,35,7,28,22
39,12,1,59,59
23,55,36,21,9
7,130,30,68,48
5,10,30,50,10
70,44,95,71,35
22,80,18,28,83
136,22,40,34,46
22,16,21,43,2
4,6,67,43,9
70,2,35,2,95
43,18,17,2,4
112,47,59,2,41
76,62,5,28,8
6,3,57,0,2
131,59,20,44,52
64,11,24,77,17
191,20,92,6,14
2,45,17,10,21
37,25,96,77,85
20,63,51,52,4
3,41,24,4,11
23,14,148,52,44
29,19,69,22,26
95,43,10,11,0
16,32,63,3,13
24,39,14,35,53
29,8,35,0,4
49,165,41,112,44
26,35,64,47,33
117,27,50,24,0
8,85,8,28,40
43,82,28,73,1
44,49,25,6,40
19,15,1,94,8
112,30,2,4,38
34,55,93,18,42
139,48,26,60,8
10,4,13,6,13
1,82,27,23,8
177,38,69,12,15
25,39,3,9,56
30,4,1,33,27
70,12,0,24,3
18,33,27,13,52
22,7,39,53,14
104,50,10,4,28
21,17,14,50,26
107,115,109,4,45
70,46,22,29,7
95,11,47,7,33
5,28,127,56,0
88,34,111,45,9
43,27,9,1,1
43,18,28,24,20
3,6,68,26,114
42,5,49,102,76
86,14,30,5,13
1,53,6,19,9
20,121,8,93,47
79,97,41,79,39
23,93,56,42,6
61,117,60,17,26
73,8,3,27,7
85,1,73,51,2
40,5,9,50,11
91,102,33,25,2
133,154,51,3,27
8,57,92,38,17
4,9,50,68,6
73,66,19,55,39
7,16,54,10,5
29,127,112,84,0
55,52,2,30,21
2,67,59,57,17
63,12,42,18,26
14,181,71,41,5
48,36,37,26,14
40,41,95,26,27
5,83,93,11,37
19,6,16,144,137
73,0,18,0,101
2,87,51,9,35
44,27,9,0,16
157,171,22,7,23
64,6,14,68,38
149,29,0,5,29
8,1,60,68,52
7,35,46,32,57
121,23,0,28,28
76,20,46,25,33
4,46,133,10,45
51,3,186,7,18
72,11,52,2,7
49,101,44,10,20
76,16,50,34,9
22,40,4,54,68
32,58,209,51,15
12,37,58,8,48
3,50,88,47,10
8,52,33,127,35
1,104,97,125,30
4,49,78,13,29
28,10,26,17,1
3,86,30,20,3
45,9,3,31,15
82,166,5,9,20
8,119,107,15,66
27,44,10,22,13
40,38,45,9,86
28,40,47,64,76
29,164,54,13,68
124,70,8,23,104
68,17,23,26,174
63,44,24,12,41
66,103,105,70,81
25,4,75,77,2
29,83,55,6,18
28,7,35,24,4
107,82,7,42,2
25,14,20,2,30
73,59,28,83,15
24,125,25,59,115
113,69,57,8,26
16,117,92,34,81
65,16,102,62,12
85,130,1,12,37
13,105,22,50,61
40,16,54,90,8
41,70,46,29,35
13,2,6,78,13
18,23,19,15,37
10,17,22,26,47
60,78,24,56,46
49,12,30,11,16
24,84,52,0,36
18,85,6,25,50
23,10,59,79,18
14,50,27,43,23
70,76,18,7,24
29,16,78,9,5
109,43,97,85,2
28,85,35,50,19
12,76,90,38,26
9,43,36,56,28
100,63,11,13,19
54,38,168,90,49
8,19,50,1,6
117,19,3,6,8
1,108,24,16,4
112,5,16,17,83
40,104,27,16,8
22,36,18,125,14
35,11,41,14,0
104,2,71,32,6
11,29,80,21,63
7,46,47,3,6
2,79,35,10,3
3,9,14,16,43
24,24,58,42,52
23,35,76,9,35
12,40,4,22,51
107,42,46,31,57
41,67,6,37,13
159,97,35,25,19
18,21,0,0,71
13,0,41,122,30
68,20,62,12,21
50,31,3,36,21
20,54,92,31,23
69,66,29,30,41
12,7,19,19,17
43,42,34,64,17
90,69,7,47,121
55,37,72,51,5
18,9,5,20,5
21,28,82,38,10
43,61,61,26,8
18,89,2,11,42
101,5,15,27,35
18,3,74,26,37
112,59,15,50,10
100,32,21,1,20
104,32,26,12,34
74,14,113,78,22
22,3,49,56,26
60,28,64,34,32
5,4,34,26,11
3,15,35,27,63
80,18,51,34,16
73,73,17,18,13
13,79,72,16,15
22,10,9,36,11
10,44,23,8,64
0,170,5,20,17
108,46,40,5,50
19,20,14,11,101
14,0,123,69,15
24,9,15,18,70
50,0,41,21,20
53,185,15,112,50
59,120,44,13,13
31,108,16,21,3
45,72,143,83,30
82,4,48,41,70
16,45,22,3,35
34,94,4,49,14
1,21,1,49,21
168,21,15,58,122
3,11,13,58,34
77,50,25,53,64
60,73,6,23,47
20,10,4,115,49
132,33,11,96,119
21,13,3,15,72
63,8,111,41,5
13,13,19,65,157
66,33,56,43,19
90,66,21,43,35
102,107,58,130,90
5,6,50,2,51
40,18,57,66,1
6,19,2,5,119
20,1,30,22,0
21,44,29,0,24
108,104,63,17,63
43,30,35,73,11
14,54,50,4,3
13,98,23,89,1
113,25,32,9,30
75,11,11,10,33
3,93,9,34,171
12,47,2,0,40
7,0,5,45,9
78,22,85,1,15
157,31,24,21,71
61,59,47,13,113
49,4,1,109,0
3,63,13,12,73
37,27,18,30,6
49,47,72,41,0
50,45,51,2,39
34,56,12,2,13
30,103,23,129,52
120,44,42,12,4
33,34,14,26,13
44,37,50,12,30
78,61,5,48,9
34,58,100,15,27
86,40,24,21,0
65,17,30,14,12
32,27,79,58,96
78,9,30,3,45
27,29,40,48,100
56,9,22,26,54
23,28,44,14,45
89,43,20,6,32
20,65,52,74,12
37,1,4,104,40
20,79,50,9,70
47,31,22,2,37
123,31,14,9,109
52,30,10,0,13
3,5,17,34,69
57,28,24,27,5
22,166,97,16,80
15,39,5,37,46
37,97,13,97,85
86,94,126,32,13
6,67,58,11,29
53,55,35,21,34
98,31,10,130,39
8,71,9,6,39
57,67,35,14,50
21,57,30,80,64
24,37,8,13,69
21,11,187,59,51
84,33,27,48,23
46,20,7,6,6
14,8,16,142,12
29,93,18,16,19
76,80,100,5,112
49,32,65,6,39
5,42,36,16,17
65,26,73,95,11
47,47,64,68,9
48,98,62,50,95
130,48,64,68,5
2,29,16,14,1
10,7,44,39,2
87,79,77,22,0
23,48,34,187,55
90,57,15,33,12
94,32,34,67,4
52,65,38,142,14
1,26,93,18,1
97,58,44,29,51
75,77,19,33,23
29,14,51,2,14
20,31,11,1,12
61,189,15,13,8
85,142,7,14,88
3,39,27,22,53
40,35,18,97,15
67,75,10,104,123
32,11,83,50,56
57,5,36,43,46
80,17,15,98,44
146,40,39,2,19
53,55,48,128,29
87,101,119,37,10
53,26,106,3,6
114,102,20,25,12
32,1,50,17,13
94,182,19,108,30
8,8,8,17,53
50,12,7,29,38
91,46,9,6,144
44,52,52,88,6
110,7,22,15,27
20,20,73,15,19
21,32,77,144,31
34,118,11,56,58
12,3,14,7,6
2,2,87,104,47
138,75,42,27,7
32,66,80,10,50
9,39,31,83,44
43,50,26,126,27
144,54,83,12,17
88,16,35,4,30
18,51,14,25,89
81,6,57,6,28
21,73,25,6,21
57,20,7,25,32
49,15,15,89,81
119,8,99,41,8
128,2,35,27,1
8,58,47,23,75
134,91,2,36,51
124,45,45,17,5
3,34,58,21,8
1,56,35,7,22
100,118,24,0,3
18,20,14,6,88
84,6,45,22,30
82,42,3,121,6
98,136,50,90,29
8,104,42,7,46
29,27,1,13,17
77,84,10,8,10
6,141,63,13,0
64,35,16,90,18
5,14,23,7,80
96,63,56,7,74
69,86,20,30,73
155,13,26,19,16
6,1,123,25,17
101,10,89,51,81
37,26,25,7,93
26,104,8,7,26
22,22,51,5,2
27,38,77,40,17
7,39,94,33,10
52,159,151,10,70
36,62,4,37,25
7,7,62,9,7
14,49,88,20,22
80,26,24,17,28
50,34,23,8,12
70,1,47,6,32
33,3,89,30,101
20,45,29,11,15
77,39,30,6,88
25,123,152,74,29
2,29,3,25,61
34,28,4,23,33
98,46,36,54,26
16,1,40,10,8
95,50,8,103,37
11,38,79,29,4
74,20,97,1,10
47,45,31,16,42
83,63,57,8,21
32,77,37,4,13
59,8,43,4,27
121,73,33,53,48
29,53,8,11,3
12,9,102,0,40
42,17,5,72,3
4,97,33,7,69
61,23,37,15,8
55,68,75,2,120
98,25,33,20,5
62,62,54,9,21
37,59,9,0,31
21,29,13,63,9
30,13,8,11,1
12,21,49,66,20
115,59,20,10,12
3,26,44,9,31
138,215,43,11,48
38,99,50,1,4
66,38,25,71,3
21,76,68,72,61
100,37,8,69,0
71,84,30,49,36
2,7,56,92,54
15,16,48,5,17
31,4,48,15,80
83,51,49,10,22
57,15,0,14,2
13,43,40,12,16
40,13,10,48,16
41,132,45,41,30
40,47,45,16,149
14,19,13,14,58
31,61,21,6,27
116,40,25,5,3
0,81,124,128,56
129,23,76,2,22
98,11,34,37,27
3,43,25,8,16
7,43,110,64,52
6,78,7,61,39
41,3,6,87,4
40,16,3,27,14
22,36,28,6,13
104,72,21,41,10
21,119,37,10,18
99,41,98,44,24
101,176,78,1,3
75,3,23,31,2
54,40,15,69,56
50,56,62,108,89
35,18,8,5,112
81,27,147,66,10
187,80,11,42,1
25,16,38,51,16
55,19,38,24,85
76,82,43,1,42
23,69,7,7,17
39,88,11,103,5
107,6,43,122,20
34,26,110,41,1
23,36,68,60,7
76,35,71,31,20
82,89,23,35,47
67,18,3,59,31
46,23,90,38,66
55,14,8,47,40
64,48,57,84,9
50,19,136,31,43
68,26,101,28,30
35,128,0,82,31
139,27,78,27,6
31,1,65,77,48
40,1,29,13,38
101,117,25,43,44
84,54,3,45,44
29,49,22,10,136
68,13,5,26,46
8,76,2,63,9
64,96,40,5,24
30,17,20,61,14
48,49,22,37,11
33,76,37,38,47
31,47,24,49,7
27,62,0,25,36
3,35,49,26,17
112,84,71,36,32
62,7,2,184,6
64,93,29,53,31
36,99,50,5,24
37,4,78,55,53
109,1,3,8,7
75,40,35,150,5
45,6,70,17,5
27,74,1,4,26
106,46,50,25,19
62,26,39,16,70
143,69,20,107,87
42,39,75,57,6
13,52,41,34,60
96,35,44,12,59
2,133,63,51,0
61,76,88,38,9
7,26,12,2,5
11,100,0,6,144
30,23,78,33,36
17,25,25,69,17
39,144,20,11,36
38,92,84,17,2
92,51,34,2,19
11,68,2,23,45
9,43,15,60,49
57,94,8,30,52
47,25,81,34,63
33,5,50,8,152
72,65,74,9,11
65,33,13,50,4
16,32,0,19,25
14,65,15,5,1
63,10,2,5,11
2,45,104,58,37
41,46,58,11,12
17,6,13,9,4
115,139,29,53,64
49,34,3,146,87
93,39,31,51,32
28,13,115,18,2
9,28,4,15,4
108,40,21,22,7
1,50,76,39,2
49,76,29,68,57
123,15,5,9,22
16,25,89,38,23
4,37,22,69,43
9,107,30,12,25
242,55,35,3,63
17,60,31,27,45
116,2,15,44,91
48,15,70,128,4
38,37,18,11,9
15,106,13,20,217
79,106,38,12,12
5,47,21,0,29
70,46,8,9,6
36,107,12,50,31
16,5,8,27,39
15,4,23,4,9
52,78,32,10,2
29,20,16,51,40
122,38,115,91,5
21,98,47,24,43
16,31,71,1,21
27,38,32,127,2
95,6,11,3,5
73,33,51,16,13
23,13,25,22,18
0,50,23,13,13
3,131,19,4,31
26,18,51,11,22
2,46,81,15,10
5,46,7,2,7
151,1,21,64,15
10,55,24,42,10
73,19,7,30,16
46,11,21,4,11
135,38,128,38,53
146,19,35,56,61
31,128,30,100,19
49,122,89,26,20
82,72,73,8,43
51,79,11,14,62
35,19,16,42,126
43,32,50,14,30
43,9,36,48,102
112,19,71,7,1
18,70,8,44,16
38,35,20,34,64
71,30,72,54,91
27,33,75,84,18
31,76,13,47,4
56,49,92,2,55
38,22,20,78,28
33,18,8,10,17
2,16,4,59,92
69,60,14,33,72
63,82,5,61,16
67,8,35,23,0
13,30,19,21,8
16,129,46,4,16
17,52,87,75,61
36,4,29,26,46
10,26,69,22,3
5,32,40,0,5
10,8,12,81,43
12,17,40,11,23
36,44,36,63,36
24,29,112,72,16
6,22,8,27,50
41,84,28,10,76
8,37,45,14,99
76,127,57,23,9
34,18,142,41,42
95,33,26,16,23
34,180,79,20,41
38,109,76,7,4
45,101,64,6,5
15,45,36,15,7
34,12,54,32,35
98,67,1,176,4
44,0,30,40,49
90,100,93,62,29
127,10,98,3,72
76,6,81,179,61
29,13,10,23,10
32,19,38,21,30
97,2,22,29,17
0,3,60,22,51
35,12,13,46,4
36,24,48,14,81
4,74,43,105,7
77,54,55,26,24
15,11,41,17,1
97,61,52,54,6
114,7,28,13,96
13,148,27,21,24
6,7,72,7,38
48,19,7,72,21
88,43,124,1,32
139,120,77,39,3
13,33,4,3,16
28,33,121,47,8
10,19,153,26,33
45,44,10,16,133
0,59,26,36,52
44,2,61,40,83
58,60,27,5,0
47,25,24,30,40
11,60,23,18,67
77,9,1,11,25
