trial,sign_count,stouffer_Z,inerts_q4,inerts_q6,inerts_q8,inerts_q12
0,0,-2.466577,480,494,485,463
1,1,-1.707630,480,487,502,477
2,4,1.264911,509,501,522,508
3,4,0.822192,509,506,506,505
4,3,0.917061,519,483,512,515
5,0,-3.067409,484,453,475,491
6,3,0.252982,503,505,507,493
7,1,-0.379473,499,511,479,499
8,4,1.992235,532,518,503,510
9,3,0.000000,502,505,503,490
10,4,2.624690,523,522,519,519
11,0,-1.549516,483,496,495,477
12,1,-1.201666,493,471,484,514
13,2,0.758947,503,487,535,499
14,1,0.158114,480,490,496,539
15,0,-3.857979,476,488,461,453
16,1,-0.600833,489,498,484,510
17,4,0.917061,502,515,502,510
18,4,3.162278,542,533,518,507
19,1,-1.075174,483,500,477,506
20,3,0.695701,505,504,516,497
21,1,-1.581139,504,483,482,481
22,1,-1.011929,486,480,506,496
23,2,0.221359,497,501,513,496
24,0,-1.992235,490,496,476,475
25,3,1.486271,498,531,502,516
26,2,0.379473,512,507,493,500
27,3,0.537587,505,500,502,510
28,2,-0.505964,510,507,476,491
29,1,-0.189737,519,498,485,492
30,3,1.075174,494,511,528,501
31,2,-0.063246,510,507,490,491
32,0,-1.739253,494,483,482,486
33,4,1.328157,502,513,512,515
34,2,0.031623,492,497,503,509
35,1,-0.600833,502,488,497,494
36,1,-0.664078,498,493,505,483
37,1,-0.790569,484,486,510,495
38,2,-0.537587,517,473,512,481
39,4,1.011929,509,508,510,505
40,3,0.411096,515,504,485,509
41,4,4.142584,526,525,541,539
42,3,0.885438,518,493,502,515
43,1,-0.948683,495,484,484,507
44,1,-0.853815,489,467,523,494
45,1,-1.707630,472,503,488,483
46,0,-1.770875,494,475,495,480
47,4,2.877673,541,506,525,519
48,3,0.948683,513,520,486,511
49,4,1.328157,511,506,513,512
50,0,-2.150349,488,482,491,471
51,4,2.593068,511,528,516,527
52,1,-1.170043,510,484,497,472
53,1,-1.201666,475,513,478,496
54,0,-1.264911,485,500,493,482
55,4,2.213594,506,520,524,520
56,0,-1.359779,488,478,500,491
57,2,0.379473,504,488,524,496
58,3,0.632456,506,508,497,509
59,4,1.707630,526,516,502,510
60,4,3.099032,526,518,533,521
61,3,1.454648,498,530,501,517
62,0,-1.581139,487,475,493,495
63,3,1.770875,515,497,533,511
64,0,-1.865744,481,498,471,491
65,3,1.676007,512,495,527,519
66,1,-0.442719,502,495,494,495
67,2,0.221359,502,506,500,499
68,3,1.106797,528,506,511,490
69,4,2.466577,523,521,507,527
70,2,-0.347851,503,515,485,486
71,3,0.316228,505,487,501,517
72,2,-0.031623,496,495,504,504
73,0,-2.940918,470,491,473,473
74,2,-0.316228,508,482,499,501
75,4,2.403331,504,520,519,533
76,3,0.411096,504,505,500,504
77,0,-0.822192,498,499,486,491
78,3,0.158114,475,515,505,510
79,2,-0.600833,510,484,508,479
80,4,1.517893,506,508,518,516
81,4,1.770875,520,527,503,506
82,0,-3.510128,476,475,479,459
83,4,2.846050,544,521,518,507
84,1,0.031623,499,499,509,494
85,4,4.142584,524,543,533,531
86,1,-0.758947,500,476,499,501
87,3,0.442719,508,501,497,508
88,1,0.000000,518,494,498,490
89,1,-0.600833,496,504,485,496
90,0,-1.992235,489,470,499,479
91,3,1.233288,515,497,514,513
92,2,0.411096,513,499,506,495
93,3,1.075174,521,478,525,510
94,1,-1.170043,484,503,495,481
95,1,-1.233288,503,494,483,481
96,1,0.000000,500,489,498,513
97,0,-1.106797,492,493,487,493
98,4,1.739253,509,506,522,518
99,2,0.316228,516,490,504,500
100,4,2.466577,524,514,514,526
101,2,0.221359,510,507,499,491
102,3,0.411096,504,494,508,507
103,2,0.853815,525,524,486,492
104,4,2.434954,520,509,531,517
105,3,-0.126491,482,503,509,502
106,2,0.189737,500,507,501,498
107,4,1.676007,521,518,504,510
108,2,-0.189737,514,514,476,490
109,2,0.727324,499,517,507,500
110,3,0.379473,506,514,502,490
111,0,-3.130655,468,464,498,471
112,3,0.885438,509,491,515,513
113,4,1.549516,514,512,510,513
114,2,0.094868,520,522,478,483
115,3,1.043552,507,515,492,519
116,4,2.719559,524,521,524,517
117,2,-0.347851,491,501,506,491
118,3,1.296534,504,497,522,518
119,4,1.612762,518,508,520,505
120,3,0.284605,502,513,501,493
121,0,-1.075174,488,496,491,491
122,1,0.063246,499,504,499,500
123,2,1.011929,533,491,509,499
124,2,-0.695701,502,503,478,495
125,4,2.181972,520,509,519,521
126,4,1.075174,507,508,504,515
127,2,0.063246,507,502,499,494
128,4,1.328157,513,511,511,507
129,2,-0.917061,501,501,496,473
130,2,0.221359,487,516,499,505
131,3,1.106797,500,509,516,510
132,4,1.739253,513,510,520,512
133,0,-1.992235,485,495,482,475
134,3,0.727324,513,498,510,502
135,3,1.296534,522,522,501,496
136,1,-0.695701,509,486,497,486
137,3,0.695701,502,483,519,518
138,3,0.980306,502,497,515,517
139,1,-0.474342,472,500,500,513
140,1,-1.296534,499,511,471,478
141,3,0.284605,508,493,506,502
142,2,0.347851,513,497,505,496
143,4,2.118726,530,505,510,522
144,0,-3.573374,467,477,465,478
145,3,2.055480,520,498,530,517
146,4,1.928989,522,521,509,509
147,1,-0.474342,494,487,511,493
148,2,1.106797,500,497,523,515
149,3,0.537587,492,506,516,503
150,0,-1.739253,487,486,494,478
151,3,0.379473,507,502,499,504
152,1,-1.391402,497,502,476,481
153,4,0.758947,505,501,509,509
154,1,0.094868,497,516,497,493
155,3,0.600833,505,495,508,511
156,0,-2.245217,471,487,471,500
157,0,-1.770875,484,498,483,479
158,3,0.980306,512,499,515,505
159,3,1.106797,504,499,518,514
160,3,0.094868,502,502,490,509
161,4,1.834121,521,520,505,512
162,2,-0.758947,506,501,473,496
163,2,-0.727324,503,509,484,481
164,1,-0.822192,491,488,503,492
165,0,-3.130655,472,475,472,482
166,3,0.632456,506,493,512,509
167,2,0.474342,508,497,499,511
168,4,3.636619,533,523,539,520
169,1,-0.980306,495,486,477,511
170,4,1.454648,512,517,502,515
171,4,1.201666,514,503,516,505
172,0,-3.984470,472,469,472,461
173,2,-1.359779,504,503,473,477
174,3,0.569210,506,512,515,485
175,2,-0.917061,502,469,504,496
176,1,-0.664078,486,486,500,507
177,2,-0.126491,492,496,503,505
178,3,0.822192,511,500,502,513
179,2,0.158114,494,507,491,513
180,3,1.043552,508,534,473,518
181,4,3.035787,517,531,518,530
182,4,0.600833,505,501,506,507
183,3,2.118726,499,516,541,511
184,2,1.960612,494,497,530,541
185,4,2.561445,527,504,533,517
186,0,-1.359779,491,496,478,492
187,1,-0.822192,485,506,484,499
188,2,-0.379473,505,479,515,489
189,2,-0.158114,502,492,498,503
190,2,0.316228,496,511,505,498
191,2,-0.158114,501,491,493,510
192,3,-0.063246,504,503,503,488
193,3,1.770875,511,524,499,522
194,2,0.031623,495,501,512,493
195,3,3.288769,536,500,541,527
196,0,-1.676007,488,480,497,482
197,0,-1.138420,496,490,488,490
198,3,1.106797,520,511,510,494
199,1,-1.296534,490,505,489,475
200,3,1.802498,514,530,492,521
201,2,0.316228,499,509,500,502
202,0,-2.972541,470,484,477,475
203,1,-1.739253,493,465,510,477
204,1,-1.075174,493,481,508,484
205,3,0.537587,505,502,497,513
206,2,1.170043,497,529,486,525
207,1,-0.284605,492,496,497,506
208,4,2.245217,508,533,507,523
209,4,2.150349,520,530,504,514
210,2,0.664078,494,510,498,519
211,0,-1.802498,497,494,462,490
212,2,0.284605,497,515,491,506
213,1,-0.569210,494,501,495,492
214,2,0.063246,503,492,516,491
215,2,0.189737,514,487,505,500
216,0,-2.308463,478,490,478,481
217,2,0.158114,495,494,514,502
218,1,-0.569210,500,491,489,502
219,2,0.379473,500,514,489,509
220,1,-0.442719,495,504,489,498
221,3,0.474342,482,502,503,528
222,4,2.213594,511,518,518,523
223,1,-0.632456,483,494,514,489
224,4,1.454648,506,516,506,518
225,1,-1.486271,480,485,501,487
226,3,0.505964,511,483,516,506
227,4,1.328157,512,509,513,508
228,1,-1.011929,479,490,506,493
229,2,0.094868,510,482,500,511
230,3,1.739253,500,533,515,507
231,3,1.454648,522,491,521,512
232,4,3.763110,529,519,548,523
233,0,-0.252982,497,500,495,500
234,4,4.332320,536,548,522,531
235,2,1.075174,485,499,520,530
236,2,0.252982,506,499,500,503
237,4,2.371708,512,517,522,524
238,3,1.170043,509,517,513,498
239,3,1.328157,527,494,517,504
240,0,-2.150349,482,485,468,497
241,2,0.284605,514,491,508,496
242,4,1.201666,502,504,513,519
243,2,-0.252982,489,516,503,484
244,2,0.126491,498,502,495,509
245,4,1.581139,514,511,506,519
246,3,0.505964,516,504,519,477
247,2,0.569210,516,492,498,512
248,3,-0.316228,509,503,507,471
249,1,-1.233288,485,477,487,512
250,2,0.000000,509,517,486,488
251,2,-0.189737,514,492,502,486
252,3,1.170043,494,518,511,514
253,0,-2.087103,472,497,489,476
254,1,-1.170043,482,496,501,484
255,1,-1.676007,497,473,504,473
256,0,-2.814427,488,469,476,478
257,4,1.517893,523,506,509,510
258,2,-0.252982,492,504,492,504
259,2,-0.284605,481,501,496,513
260,0,-1.928989,472,497,500,470
261,2,0.379473,499,517,502,494
262,0,-1.802498,482,482,493,486
263,4,3.130655,517,525,526,531
264,4,2.340085,520,513,515,526
265,1,-0.600833,510,491,489,491
266,3,1.201666,518,472,515,533
267,0,-2.846050,482,477,483,468
268,2,-0.411096,491,507,483,506
269,1,-0.505964,494,495,490,505
270,1,-0.664078,477,479,527,496
271,3,1.359779,506,500,508,529
272,3,0.727324,513,487,518,505
273,4,3.035787,510,513,546,527
274,2,0.379473,514,485,518,495
275,1,-0.252982,499,500,487,506
276,1,-0.790569,493,504,479,499
277,2,0.569210,528,505,487,498
278,0,-1.391402,491,489,499,477
279,0,-2.466577,488,481,466,487
280,1,-0.569210,481,510,496,495
281,2,0.158114,496,519,471,519
282,0,-0.885438,494,494,499,485
283,4,1.802498,505,525,516,511
284,2,-0.316228,504,524,486,476
285,1,-1.707630,487,506,476,477
286,0,-1.075174,481,499,492,494
287,0,-2.593068,471,481,496,470
288,4,2.498199,515,524,510,530
289,1,-0.885438,483,490,505,494
290,3,0.853815,515,502,513,497
291,1,-0.189737,493,516,487,498
292,2,-0.221359,507,507,480,499
293,3,0.126491,502,488,503,511
294,4,2.150349,519,509,532,508
295,3,1.264911,511,511,523,495
296,4,2.498199,537,510,522,510
297,1,-0.758947,488,486,491,511
298,0,-2.909295,474,480,476,478
299,2,0.189737,512,495,520,479
300,1,-0.664078,496,500,471,512
301,3,1.517893,527,520,498,503
302,0,-1.043552,494,486,495,492
303,2,0.031623,494,507,508,492
304,3,1.075174,521,509,518,486
305,3,1.612762,529,508,518,496
306,4,1.233288,521,505,508,505
307,4,1.423025,512,519,502,512
308,0,-0.822192,500,496,485,493
309,4,2.434954,505,528,521,523
310,4,2.751182,517,524,517,529
311,3,0.379473,496,502,508,506
312,3,0.347851,510,503,485,513
313,2,-0.221359,510,505,496,482
314,0,-1.328157,496,481,499,482
315,3,0.252982,503,503,503,499
316,1,-1.612762,492,504,461,492
317,4,1.106797,513,508,506,508
318,4,4.616925,541,524,535,546
319,2,0.252982,510,504,496,498
320,0,-2.403331,494,478,476,476
321,1,-1.581139,494,482,472,502
322,1,0.221359,496,532,485,494
323,2,-0.569210,511,477,503,491
324,3,0.600833,507,500,508,504
325,1,-0.758947,493,494,487,502
326,3,1.770875,517,497,540,502
327,4,1.802498,505,525,514,513
328,3,1.612762,515,496,523,517
329,2,-0.126491,493,494,503,506
330,2,-0.252982,503,489,497,503
331,3,0.600833,513,501,508,497
332,1,-2.719559,454,476,509,475
333,2,0.126491,511,495,512,486
334,3,0.790569,504,515,491,515
335,0,-1.391402,491,491,481,493
336,3,1.011929,515,504,514,499
337,1,-0.917061,496,506,490,479
338,3,0.411096,487,506,512,508
339,1,-0.632456,477,497,493,513
340,0,-1.992235,482,472,487,496
341,2,0.063246,506,499,484,513
342,0,-3.604997,474,469,485,458
343,1,-0.980306,493,484,508,484
344,2,-0.537587,475,495,509,504
345,1,0.221359,524,500,484,499
346,4,0.948683,507,503,516,504
347,1,-0.347851,509,500,494,486
348,1,-1.106797,497,483,509,476
349,3,1.928989,531,514,485,531
350,0,-1.296534,484,497,480,498
351,1,-0.094868,512,500,491,494
352,2,0.063246,519,504,493,486
353,3,1.138420,506,524,496,510
354,4,2.814427,534,501,531,523
355,3,2.055480,505,500,524,536
356,2,0.158114,491,501,513,500
357,2,-0.948683,504,469,509,488
358,1,-1.106797,508,490,487,480
359,4,2.245217,521,518,509,523
360,4,2.213594,505,519,517,529
361,4,1.233288,520,504,511,504
362,1,-1.075174,490,489,503,484
363,4,0.853815,505,502,518,502
364,1,-0.664078,487,490,506,496
365,3,0.790569,504,521,490,510
366,2,0.000000,495,490,508,507
367,1,-0.316228,480,491,519,500
368,4,1.865744,506,517,519,517
369,1,-0.505964,506,493,487,498
370,2,-0.758947,485,515,472,504
371,4,1.676007,506,517,527,503
372,1,-0.379473,490,492,510,496
373,3,1.454648,524,509,499,514
374,0,-1.612762,476,499,490,484
375,2,0.158114,501,497,515,492
376,0,-1.960612,481,485,480,492
377,3,-0.031623,504,505,480,510
378,4,0.727324,506,503,506,508
379,2,-0.379473,505,504,494,485
380,3,1.075174,521,502,515,496
381,2,-0.632456,491,469,519,501
382,3,0.505964,512,508,503,493
383,3,1.075174,506,499,509,520
384,2,0.474342,499,497,507,512
385,0,-1.612762,491,478,494,486
386,2,0.347851,513,506,496,496
387,3,1.170043,512,531,485,509
388,3,0.537587,507,495,510,505
389,0,-3.130655,484,466,480,471
390,0,-2.245217,479,494,491,465
391,4,1.454648,509,527,501,509
392,1,-0.316228,498,482,511,499
393,4,1.486271,503,511,516,517
394,1,-0.885438,473,514,491,494
395,2,0.664078,484,517,499,521
396,0,-2.055480,490,486,470,489
397,1,-1.834121,470,489,479,504
398,1,-0.189737,514,487,497,496
399,4,1.549516,516,520,512,501
400,2,-0.505964,503,491,489,501
401,4,3.794733,533,536,511,540
402,2,0.664078,491,493,528,509
403,0,-1.011929,488,494,497,489
404,1,-1.264911,489,503,493,475
405,2,0.600833,499,519,491,510
406,4,2.118726,528,510,513,516
407,4,5.154513,538,556,539,530
408,4,2.972541,526,522,522,524
409,2,-0.347851,500,480,503,506
410,1,-1.201666,475,510,478,499
411,4,2.719559,530,520,515,521
412,0,-2.466577,482,467,487,486
413,1,-1.075174,494,501,488,483
414,3,0.411096,506,503,512,492
415,2,0.411096,499,480,522,512
416,4,1.359779,507,518,508,510
417,4,1.992235,510,513,519,521
418,2,0.221359,503,500,506,498
419,3,0.600833,504,509,497,509
420,4,3.573374,526,531,524,532
421,1,-0.569210,499,507,489,487
422,4,2.593068,520,515,528,519
423,1,-0.031623,517,492,493,497
424,3,0.347851,491,503,505,512
425,3,0.853815,497,505,520,505
426,2,0.505964,497,512,509,498
427,2,-0.316228,509,517,478,486
428,1,-1.264911,492,469,514,485
429,3,0.221359,507,484,512,504
430,3,0.189737,505,505,492,504
431,4,1.581139,506,509,527,508
432,4,2.782804,532,521,522,513
433,2,0.000000,493,503,499,505
434,2,1.928989,500,534,499,528
435,0,-1.517893,487,483,492,490
436,2,-0.727324,469,498,508,502
437,0,-2.276840,495,481,489,463
438,1,-0.474342,494,499,506,486
439,3,0.632456,514,507,506,493
440,4,1.359779,510,507,516,510
441,4,2.308463,508,524,520,521
442,4,2.466577,529,513,505,531
443,2,0.411096,502,493,519,499
444,4,2.340085,518,510,522,524
445,4,0.948683,513,509,506,502
446,1,-1.644384,485,504,475,484
447,1,-1.486271,484,507,473,489
448,4,2.814427,513,530,524,522
449,1,-0.600833,504,498,494,485
450,3,1.075174,515,477,529,513
451,1,-0.569210,487,490,507,498
452,3,1.612762,500,513,513,525
453,0,-1.644384,484,488,486,490
454,0,-0.853815,490,488,497,498
455,4,0.917061,516,502,507,504
456,0,-2.118726,490,462,500,481
457,4,1.992235,524,521,505,513
458,2,0.632456,525,490,517,488
459,3,0.790569,509,513,503,500
460,4,1.106797,505,505,514,511
461,0,-2.308463,485,486,477,479
462,3,0.474342,509,515,490,501
463,0,-1.802498,482,482,492,487
464,1,-0.569210,485,497,488,512
465,2,0.632456,495,520,491,514
466,3,0.917061,515,499,504,511
467,3,0.379473,515,519,504,474
468,2,-0.411096,505,494,480,508
469,4,1.391402,511,509,508,516
470,4,2.529822,514,520,536,510
471,4,0.822192,515,502,504,505
472,1,-0.094868,493,527,484,493
473,2,1.264911,528,522,497,493
474,4,1.644384,512,519,507,514
475,1,-0.822192,499,491,503,481
476,3,0.505964,479,505,502,530
477,0,-0.758947,498,500,498,480
478,0,-3.320392,481,485,465,464
479,3,2.276840,522,524,498,528
480,0,-2.498199,485,471,491,474
481,4,1.201666,513,503,513,509
482,2,0.474342,514,500,513,488
483,2,0.031623,497,511,502,491
484,3,3.288769,535,543,499,527
485,2,-0.094868,499,505,502,491
486,1,0.031623,500,496,499,506
487,3,1.233288,514,498,513,514
488,2,-0.379473,505,500,479,504
489,0,-1.897367,494,475,481,490
490,2,-0.221359,496,482,514,501
491,0,-0.948683,497,498,485,490
492,1,-1.581139,488,506,474,482
493,1,-0.189737,490,497,513,494
494,1,-0.379473,500,483,513,492
495,3,1.644384,522,496,516,518
496,2,-0.094868,499,513,502,483
497,1,-1.106797,485,483,501,496
498,3,0.885438,490,513,505,520
499,1,-1.138420,474,496,485,509
500,2,-1.739253,501,501,474,469
501,1,-1.075174,490,511,479,486
502,1,-0.094868,492,492,517,496
503,3,2.150349,535,529,510,494
504,4,2.340085,513,509,529,523
505,3,1.454648,509,490,520,527
506,2,-0.664078,491,502,481,505
507,2,-1.011929,508,491,503,466
508,1,-0.822192,495,488,501,490
509,2,-0.474342,507,494,505,479
510,3,0.948683,512,495,513,510
511,3,0.980306,514,513,487,517
512,2,-0.063246,508,490,491,509
513,3,0.063246,477,504,513,508
514,3,1.106797,518,498,507,512
515,0,-1.517893,487,492,485,488
516,4,3.794733,544,523,530,523
517,4,2.846050,543,520,517,510
518,1,-0.758947,498,489,480,509
519,1,-1.201666,480,506,494,482
520,2,0.221359,493,492,512,510
521,2,1.486271,519,531,497,500
522,4,1.170043,503,502,516,516
523,4,2.561445,537,520,509,515
524,2,0.853815,498,496,517,516
525,1,-0.758947,479,503,496,498
526,0,-1.960612,474,493,496,475
527,2,-0.442719,477,507,494,508
528,1,-0.284605,519,490,491,491
529,0,-4.806662,456,463,470,459
530,4,0.948683,510,508,510,502
531,0,-1.897367,493,479,488,480
532,0,-2.498199,488,474,486,473
533,3,0.664078,498,509,511,503
534,3,0.537587,504,482,520,511
535,2,0.695701,494,497,519,512
536,0,-1.170043,489,494,490,490
537,0,-1.676007,480,489,495,483
538,3,0.885438,511,515,500,502
539,2,0.379473,492,504,517,499
540,2,0.727324,498,495,517,513
541,1,-2.751182,476,464,503,470
542,4,2.719559,535,508,525,518
543,2,-0.537587,489,501,487,506
544,0,-1.359779,491,483,500,483
545,4,1.264911,519,506,504,511
546,0,-2.213594,482,479,494,475
547,4,1.644384,507,533,506,506
548,4,2.308463,530,504,530,509
549,1,-1.106797,488,506,491,480
550,1,-0.379473,498,490,495,505
551,2,0.316228,498,492,513,507
552,3,0.695701,503,513,508,498
553,1,-0.727324,487,513,484,493
554,0,-1.865744,476,484,495,486
555,0,-2.434954,482,481,475,485
556,4,1.707630,518,504,505,527
557,3,0.442719,506,513,494,501
558,2,0.758947,497,492,523,512
559,3,0.790569,497,518,502,508
560,0,-1.676007,492,480,478,497
561,1,-0.600833,482,487,497,515
562,1,-0.632456,513,493,486,488
563,4,1.075174,510,512,509,503
564,1,-0.727324,500,480,511,486
565,4,3.857979,534,517,535,536
566,1,-0.758947,473,498,499,506
567,3,0.664078,508,502,513,498
568,2,-0.094868,509,485,506,497
569,0,-0.537587,495,499,496,493
570,1,-0.727324,495,475,500,507
571,1,-0.569210,495,493,489,505
572,3,0.980306,497,517,509,508
573,4,2.055480,525,513,511,516
574,4,2.023858,520,512,522,510
575,3,0.758947,513,509,502,500
576,3,1.865744,512,493,518,536
577,1,-0.917061,477,489,507,498
578,4,1.676007,511,519,513,510
579,3,1.454648,527,507,516,496
580,0,-3.320392,463,485,479,468
581,1,-1.011929,490,486,514,478
582,3,0.189737,484,506,507,509
583,3,0.158114,511,501,485,508
584,1,-0.980306,487,507,482,493
585,2,0.664078,526,497,504,494
586,1,-0.158114,492,475,529,499
587,3,0.948683,521,506,507,496
588,0,-0.758947,496,493,489,498
589,2,-0.000000,502,513,495,490
590,2,0.094868,509,503,495,496
591,3,0.569210,509,510,495,504
592,3,1.834121,499,520,519,520
593,2,1.201666,515,491,532,500
594,2,0.252982,497,496,511,504
595,4,2.940918,520,518,526,529
596,3,1.359779,516,518,509,500
597,2,-0.252982,502,481,500,509
598,3,0.980306,502,524,495,510
599,1,-0.442719,490,491,496,509
600,2,-0.252982,514,501,490,487
601,3,0.221359,507,481,516,503
602,3,1.517893,518,498,518,514
603,1,-0.853815,484,489,517,483
604,2,0.632456,521,497,502,500
605,3,0.758947,495,507,509,513
606,1,-0.632456,501,488,496,495
607,0,-1.264911,490,491,487,492
608,4,2.118726,514,501,525,527
609,2,0.063246,506,497,517,482
610,0,-1.201666,492,494,495,481
611,3,1.549516,524,483,521,521
612,1,-0.505964,480,499,505,500
613,1,-1.264911,484,493,503,480
614,1,-0.189737,500,523,492,479
615,2,-0.347851,498,487,503,501
616,3,0.600833,508,508,509,494
617,3,1.011929,518,515,502,497
618,3,0.221359,504,510,502,491
619,2,-0.758947,502,492,505,477
620,4,2.276840,528,521,515,508
621,4,0.664078,501,507,509,504
622,4,1.075174,504,506,522,502
623,1,-0.252982,491,503,499,499
624,4,2.972541,521,538,528,507
625,2,-0.347851,500,507,474,508
626,2,0.158114,501,494,514,496
627,4,1.992235,524,504,507,528
628,2,0.316228,523,492,504,491
629,2,0.505964,514,494,514,494
630,2,0.790569,496,514,500,515
631,3,0.474342,494,509,507,505
632,4,1.138420,508,503,516,509
633,2,-0.853815,502,509,481,481
634,2,-0.758947,502,505,485,484
635,0,-1.264911,492,493,497,478
636,2,0.727324,513,500,500,510
637,0,-0.853815,492,497,496,488
638,3,1.423025,538,501,499,507
639,1,-0.664078,477,495,495,512
640,1,-1.581139,490,503,475,482
641,2,0.189737,512,502,492,500
642,1,-1.170043,500,483,505,475
643,3,0.252982,491,513,501,503
644,0,-1.739253,499,492,483,471
645,3,0.411096,512,516,478,507
646,2,-0.316228,493,488,504,505
647,4,3.004164,532,528,523,512
648,3,0.727324,519,500,502,502
649,4,2.561445,519,520,519,523
650,0,-2.150349,497,475,487,473
651,4,0.664078,506,501,504,510
652,1,-0.885438,483,491,486,512
653,1,-0.094868,514,495,500,488
654,0,-3.826356,473,470,460,476
655,0,-1.739253,481,489,489,486
656,3,0.158114,489,503,501,512
657,4,2.245217,522,502,510,537
658,3,1.612762,516,512,491,532
659,0,-3.320392,476,475,462,482
660,1,-1.423025,484,505,484,482
661,3,0.537587,494,503,512,508
662,0,-3.731488,462,476,469,475
663,2,-0.822192,487,475,504,508
664,0,-0.727324,494,491,496,496
665,3,0.948683,512,520,495,503
666,2,0.284605,490,517,498,504
667,4,1.739253,514,513,504,524
668,3,0.948683,508,509,515,498
669,3,0.790569,506,498,513,508
670,3,0.948683,507,496,507,520
671,3,1.739253,508,519,497,531
672,1,-1.517893,477,477,514,484
673,4,1.676007,503,503,534,513
674,1,-1.454648,489,496,467,502
675,2,-0.411096,484,506,494,503
676,1,-0.442719,498,480,513,495
677,4,2.466577,513,510,522,533
678,3,1.233288,504,512,531,492
679,4,1.992235,510,524,513,516
680,3,1.170043,512,523,506,496
681,2,-0.537587,504,494,478,507
682,1,-0.505964,491,488,505,500
683,4,1.676007,510,528,514,501
684,2,0.063246,503,510,496,493
685,4,2.782804,520,519,524,525
686,2,0.000000,496,494,509,501
687,1,-1.359779,482,480,487,508
688,2,0.569210,531,483,510,494
689,2,-0.000000,507,525,472,496
690,4,2.561445,523,528,511,519
691,1,-1.865744,489,468,502,482
692,4,1.106797,505,508,508,514
693,1,0.347851,500,497,514,500
694,3,1.264911,517,519,505,499
695,3,0.695701,500,502,510,510
696,4,1.707630,510,517,505,522
697,1,-0.474342,494,498,505,488
698,2,-0.379473,509,476,513,490
699,0,-0.758947,484,498,494,500
700,2,0.474342,518,490,523,484
701,3,1.391402,513,529,509,493
702,3,1.043552,517,510,499,507
703,0,-2.656313,480,463,477,496
704,4,1.423025,505,528,503,509
705,2,0.379473,509,489,498,516
706,1,-0.980306,475,500,488,506
707,3,0.474342,501,508,488,518
708,0,-1.359779,489,494,474,500
709,0,-2.181972,466,475,494,496
710,2,-0.917061,502,461,510,498
711,2,0.126491,512,500,509,483
712,4,2.751182,524,519,519,525
713,1,-0.790569,501,493,493,488
714,4,1.739253,524,510,509,512
715,4,1.644384,514,503,524,511
716,2,0.189737,499,499,502,506
717,1,-1.201666,480,484,502,496
718,0,-2.181972,496,471,486,478
719,3,1.960612,529,503,537,493
720,1,-1.106797,488,493,480,504
721,3,1.138420,520,489,523,504
722,4,2.150349,510,532,514,512
723,4,1.296534,513,508,516,504
724,1,-0.379473,493,499,512,484
725,1,0.031623,500,514,499,488
726,2,1.043552,487,495,531,520
727,0,-2.498199,475,479,480,487
728,3,1.138420,521,500,507,508
729,4,1.897367,511,524,504,521
730,1,-1.106797,492,483,507,483
731,1,-2.118726,464,485,482,502
732,2,0.664078,502,486,498,535
733,0,-1.170043,491,483,491,498
734,1,-1.581139,485,506,483,476
735,2,0.379473,520,507,497,488
736,0,-2.181972,477,484,488,482
737,4,1.233288,512,508,501,518
738,3,1.043552,495,519,502,517
739,4,3.415260,536,510,531,531
740,0,-1.454648,478,491,494,491
741,4,2.150349,501,520,529,518
742,2,-0.948683,518,506,466,480
743,2,0.442719,503,518,495,498
744,2,-0.379473,486,509,487,506
745,2,0.505964,510,492,494,520
746,1,-0.126491,496,515,487,498
747,4,1.834121,520,509,509,520
748,0,-3.573374,454,463,493,477
749,4,1.517893,504,520,511,513
750,0,-2.972541,476,489,466,475
751,3,-0.284605,517,508,459,507
752,1,-0.727324,496,492,507,482
753,4,3.320392,520,531,524,530
754,0,-2.087103,493,482,488,471
755,3,0.569210,508,508,510,492
756,0,-2.213594,493,479,472,486
757,3,2.023858,518,519,530,497
758,3,0.600833,492,503,511,513
759,0,-3.952847,477,457,477,464
760,2,0.031623,491,506,492,512
761,3,1.676007,510,530,495,518
762,4,1.423025,517,510,511,507
763,0,-1.517893,479,486,493,494
764,1,-1.581139,482,474,509,485
765,1,0.189737,489,497,500,520
766,3,2.434954,522,532,500,523
767,2,0.474342,488,496,516,515
768,3,0.695701,506,512,513,491
769,3,0.158114,492,502,503,508
770,3,0.252982,508,507,505,488
771,4,2.846050,503,544,502,541
772,1,0.411096,498,497,519,499
773,2,0.189737,497,484,502,523
774,0,-3.510128,459,481,474,475
775,3,1.075174,510,519,486,519
776,3,1.486271,500,518,508,521
777,4,1.739253,518,518,509,510
778,0,-1.865744,473,495,484,489
779,3,0.221359,502,483,511,511
780,4,2.118726,529,517,508,513
781,1,-0.316228,492,496,495,507
782,4,1.043552,515,507,508,503
783,0,-2.434954,492,471,467,493
784,3,0.189737,507,484,514,501
785,3,0.284605,482,512,506,509
786,4,1.549516,506,509,529,505
787,2,-0.252982,502,505,494,491
788,3,1.201666,497,504,522,515
789,3,1.201666,507,513,495,523
790,3,0.948683,516,493,509,512
791,4,2.656313,516,514,519,535
792,3,0.632456,512,504,493,511
793,1,-0.727324,492,483,495,507
794,2,-0.063246,499,505,507,487
795,4,1.802498,529,511,506,511
796,4,1.328157,505,516,511,510
797,3,0.758947,526,503,485,510
798,3,1.517893,524,495,527,502
799,3,0.316228,492,512,502,504
800,2,-0.031623,486,496,504,513
801,0,-1.423025,486,490,484,495
802,4,1.454648,512,520,504,510
803,1,-1.486271,504,487,484,478
804,3,2.308463,523,497,530,523
805,2,0.252982,497,509,499,503
806,4,2.276840,510,528,506,528
807,3,2.403331,519,542,496,519
808,3,0.695701,509,485,527,501
809,1,-0.031623,518,495,495,491
810,4,1.201666,502,509,526,501
811,1,-0.379473,505,498,498,487
812,2,0.189737,501,508,499,498
813,3,0.252982,509,478,509,512
814,3,1.707630,521,509,528,496
815,4,1.170043,501,510,507,519
816,4,1.043552,516,505,502,510
817,0,-1.359779,493,487,478,499
818,1,-0.537587,486,500,485,512
819,3,1.549516,515,522,499,513
820,1,-0.221359,494,505,499,495
821,4,1.201666,509,510,503,516
822,1,-1.106797,504,482,495,484
823,3,0.442719,512,501,503,498
824,3,1.960612,518,529,493,522
825,4,2.087103,510,516,525,515
826,1,-1.676007,477,502,476,492
827,2,-0.221359,490,486,512,505
828,0,-2.593068,480,491,479,468
829,2,-0.758947,503,517,470,486
830,4,1.802498,515,507,525,510
831,4,0.727324,510,507,503,503
832,2,0.284605,497,492,519,501
833,1,-0.379473,499,495,513,481
834,4,3.699865,544,526,521,526
835,1,-0.284605,506,498,493,494
836,3,0.505964,501,519,489,507
837,1,-0.822192,480,484,500,510
838,0,-1.170043,499,473,496,495
839,3,1.075174,508,500,519,507
840,2,-0.284605,484,509,490,508
841,1,-0.189737,493,512,492,497
842,3,1.770875,519,492,524,521
843,0,-2.023858,492,482,478,484
844,2,-0.347851,506,486,492,505
845,2,0.853815,520,489,518,500
846,4,2.814427,531,530,519,509
847,0,-0.727324,496,499,494,488
848,4,1.739253,520,523,510,502
849,4,1.897367,505,520,513,522
850,2,-0.031623,486,506,500,507
851,2,-0.094868,513,510,477,497
852,1,-1.486271,478,499,475,501
853,2,-0.094868,491,480,517,509
854,1,-0.695701,510,499,479,490
855,3,1.454648,524,530,483,509
856,1,0.189737,521,498,498,489
857,4,1.770875,509,512,519,516
858,1,-0.411096,489,496,492,510
859,0,-1.328157,492,488,486,492
860,1,-0.189737,493,489,500,512
861,1,-0.158114,493,495,514,493
862,4,0.948683,501,511,506,512
863,1,-0.221359,497,513,487,496
864,0,-2.308463,485,496,479,467
865,4,2.023858,515,507,523,519
866,4,1.770875,512,516,514,514
867,1,-0.411096,506,496,486,499
868,4,1.075174,512,509,501,512
869,4,1.296534,501,510,519,511
870,3,0.853815,507,523,502,495
871,2,0.252982,504,498,508,498
872,1,-0.822192,479,491,512,492
873,2,0.158114,509,508,494,494
874,2,-0.695701,494,475,501,508
875,1,0.221359,498,500,515,494
876,1,-0.126491,492,518,493,493
877,3,-0.411096,506,508,470,503
878,1,-0.758947,505,485,498,488
879,3,0.600833,513,506,505,495
880,3,3.510128,522,495,565,529
881,3,1.170043,512,522,509,494
882,4,1.517893,521,506,513,508
883,0,-1.928989,487,491,475,486
884,3,0.221359,508,501,501,497
885,3,1.138420,517,500,514,505
886,1,0.063246,495,500,498,509
887,2,0.569210,516,513,494,495
888,3,1.328157,498,515,505,524
889,4,1.233288,513,515,509,502
890,2,0.031623,508,494,493,506
891,4,1.170043,505,516,511,505
892,3,1.897367,499,517,519,525
893,2,1.106797,523,498,514,500
894,0,-2.403331,474,488,489,473
895,4,2.403331,522,520,510,524
896,1,-1.486271,486,506,481,480
897,0,-1.517893,487,484,492,489
898,2,-0.727324,508,509,483,477
899,0,-1.296534,489,485,493,492
900,1,-1.739253,486,480,501,478
901,4,1.928989,519,515,518,509
902,2,-0.316228,485,509,494,502
903,1,-0.632456,480,489,498,513
904,4,1.676007,508,504,517,524
905,1,-1.075174,507,480,496,483
906,4,1.865744,513,512,513,521
907,4,4.427189,546,524,526,544
908,4,1.170043,514,509,506,508
909,2,0.189737,513,498,501,494
910,2,-0.442719,475,499,506,506
911,2,0.885438,524,479,536,489
912,3,1.011929,504,518,513,497
913,4,2.340085,531,522,506,515
914,4,1.517893,508,514,515,511
915,2,0.411096,518,506,499,490
916,0,-2.055480,471,483,499,482
917,3,0.790569,507,497,512,509
918,0,-1.644384,490,484,499,475
919,1,-2.055480,502,488,481,464
920,2,-0.284605,521,481,507,482
921,1,-0.284605,499,492,498,502
922,1,0.063246,496,497,512,497
923,3,0.885438,509,492,522,505
924,2,-0.442719,502,489,503,492
925,3,1.106797,511,519,495,510
926,1,-0.822192,511,482,498,483
927,0,-1.296534,491,491,481,496
928,3,0.695701,512,503,498,509
929,1,-0.126491,500,491,511,494
930,4,3.826356,519,539,528,535
931,4,2.624690,501,525,519,538
932,4,2.181972,512,516,513,528
933,2,0.948683,514,493,527,496
934,0,-1.581139,484,493,490,483
935,3,0.347851,502,508,496,505
936,2,-0.790569,508,507,487,473
937,4,2.087103,519,529,506,512
938,1,-0.727324,483,511,497,486
939,3,1.138420,528,511,486,511
940,0,-1.581139,494,497,459,500
941,4,2.529822,519,524,529,508
942,0,-1.486271,496,493,489,475
943,1,-0.600833,493,501,499,488
944,3,0.221359,501,504,508,494
945,3,1.612762,516,500,522,513
946,0,-0.853815,493,497,496,487
947,2,0.600833,510,524,487,498
948,3,1.170043,524,517,489,507
949,0,-1.739253,493,470,493,489
950,4,0.980306,503,514,502,512
951,2,-0.727324,487,475,503,512
952,4,0.885438,505,503,503,517
953,3,2.023858,535,498,506,525
954,2,-0.600833,502,489,514,476
955,3,0.284605,482,507,501,519
956,2,0.031623,496,490,501,514
957,3,1.328157,498,515,525,504
958,1,-0.316228,500,492,504,494
959,4,2.023858,502,515,511,536
960,3,-0.000000,487,507,501,505
961,0,-1.454648,489,488,484,493
962,3,1.075174,505,523,484,522
963,0,-1.644384,467,489,499,493
964,1,-0.664078,492,504,494,489
965,4,1.011929,509,516,505,502
966,4,1.423025,507,514,509,515
967,4,1.517893,526,503,502,517
968,2,0.379473,495,511,512,494
969,3,1.549516,493,520,505,531
970,0,-3.541751,461,470,486,471
971,3,0.853815,507,499,515,506
972,3,1.011929,505,518,489,520
973,2,0.758947,497,499,523,505
974,4,4.047715,529,529,532,538
975,1,-1.106797,480,489,494,502
976,0,-1.486271,498,498,465,492
977,0,-2.656313,483,461,488,484
978,2,0.505964,497,509,497,513
979,2,-0.790569,482,508,505,480
980,0,-2.624690,484,477,483,473
981,2,0.221359,490,515,500,502
982,4,1.170043,502,510,508,517
983,2,-1.075174,502,472,503,489
984,0,-1.170043,484,499,485,495
985,4,2.434954,532,514,523,508
986,2,0.094868,494,499,509,501
987,0,-1.359779,496,488,490,483
988,4,1.264911,510,505,511,514
989,2,0.284605,494,488,503,524
990,2,0.252982,513,486,500,509
991,1,-1.486271,494,471,510,478
992,2,-0.664078,491,483,504,501
993,3,0.917061,488,514,518,509
994,1,-0.537587,493,494,488,508
995,0,-3.383637,465,467,480,481
996,4,1.707630,507,535,506,506
997,2,0.031623,493,488,502,518
998,0,-2.687936,490,454,491,480
999,1,-0.917061,500,501,493,477
1000,1,-0.569210,502,496,484,500
1001,2,0.189737,517,489,509,491
1002,1,-0.411096,506,499,488,494
1003,1,-1.770875,467,483,503,491
1004,1,-1.328157,485,511,479,483
1005,0,-1.770875,480,495,477,492
1006,2,0.221359,502,518,496,491
1007,1,-0.126491,498,514,494,490
1008,2,0.063246,496,499,505,502
1009,1,-1.264911,480,509,483,488
1010,1,-0.853815,481,511,497,484
1011,3,0.474342,510,489,508,508
1012,3,1.075174,507,515,491,521
1013,0,-4.300698,465,470,473,456
1014,3,0.853815,507,500,517,503
1015,3,0.664078,503,499,518,501
1016,1,-1.486271,494,473,511,475
1017,1,0.126491,514,499,498,493
1018,1,-1.644384,502,489,482,475
1019,3,1.423025,513,510,496,526
1020,4,3.162278,531,519,524,526
1021,4,1.486271,514,513,507,513
1022,4,2.687936,510,533,524,518
1023,0,-0.695701,487,492,499,500
1024,2,0.031623,513,482,514,492
1025,2,0.316228,482,521,495,512
1026,2,0.569210,494,517,500,507
1027,2,0.252982,499,503,489,517
1028,1,-0.411096,494,499,491,503
1029,1,-0.284605,492,517,492,490
1030,4,3.162278,514,527,541,518
1031,3,1.454648,521,513,498,514
1032,4,0.411096,505,502,505,501
1033,0,-1.707630,479,493,497,477
1034,3,1.075174,513,519,507,495
1035,3,1.454648,525,506,500,515
1036,1,-1.359779,471,470,521,495
1037,2,0.221359,499,500,502,506
1038,1,-0.063246,489,498,514,497
1039,1,-1.581139,474,479,505,492
1040,3,0.948683,516,485,522,507
1041,0,-1.644384,477,487,487,497
1042,2,-0.727324,480,504,510,483
1043,0,-1.517893,500,489,486,477
1044,1,-0.980306,500,507,476,486
1045,0,-2.814427,479,473,480,479
1046,3,1.075174,519,511,499,505
1047,1,-2.023858,470,482,477,507
1048,3,0.505964,514,513,504,485
1049,1,-1.960612,501,468,497,472
1050,4,3.288769,522,508,529,545
1051,1,-2.466577,477,481,503,461
1052,0,-2.877673,473,481,480,475
1053,3,0.569210,506,499,503,510
1054,4,1.233288,505,512,505,517
1055,2,0.569210,493,523,498,504
1056,2,0.221359,509,518,484,496
1057,3,0.442719,509,517,484,504
1058,1,-0.632456,486,500,492,502
1059,1,-1.328157,513,470,488,487
1060,4,2.593068,519,522,525,516
1061,0,-2.023858,492,480,472,492
1062,1,-0.252982,499,505,488,500
1063,1,-1.201666,480,497,481,504
1064,3,0.885438,521,496,505,506
1065,3,0.316228,489,506,514,501
1066,1,-1.359779,488,514,470,485
1067,1,-0.569210,497,487,512,486
1068,4,1.676007,515,510,511,517
1069,4,2.656313,535,520,520,509
1070,1,-1.170043,479,479,505,500
1071,3,2.529822,516,496,517,551
1072,4,2.308463,539,519,503,512
1073,1,-1.960612,501,494,467,476
1074,0,-2.814427,475,491,474,471
1075,1,-0.442719,500,505,497,484
1076,4,2.846050,521,515,522,532
1077,3,0.505964,511,508,503,494
1078,1,-1.391402,490,465,500,501
1079,4,3.130655,524,514,521,540
1080,1,-0.948683,489,501,481,499
1081,2,-1.328157,471,478,502,507
1082,2,0.727324,498,490,516,519
1083,4,1.454648,522,513,507,504
1084,3,0.822192,503,518,500,505
1085,1,-0.980306,504,486,492,487
1086,4,2.751182,511,507,540,529
1087,1,-1.644384,506,467,496,479
1088,2,-0.600833,507,487,502,485
1089,2,-0.316228,508,472,520,490
1090,2,0.126491,501,515,495,493
1091,4,2.118726,515,524,501,527
1092,4,0.885438,510,511,502,505
1093,2,-1.043552,484,516,464,503
1094,3,0.094868,486,501,502,514
1095,4,3.130655,542,509,526,522
1096,3,1.043552,528,509,501,495
1097,2,-0.031623,503,505,495,496
1098,1,-0.790569,491,481,522,481
1099,4,2.181972,528,506,511,524
1100,2,-0.632456,505,496,475,504
1101,2,1.106797,529,514,497,495
1102,1,-0.126491,499,494,516,487
1103,3,1.423025,506,491,541,507
1104,1,-1.707630,465,491,501,489
1105,3,0.189737,506,474,518,508
1106,4,2.087103,513,521,519,513
1107,1,-0.537587,502,499,492,490
1108,1,-1.581139,487,508,488,467
1109,4,2.150349,518,506,518,526
1110,3,0.442719,514,489,509,502
1111,1,-2.276840,466,507,483,472
1112,0,-1.897367,474,495,471,500
1113,3,0.853815,507,510,500,510
1114,1,-3.035787,472,511,465,456
1115,1,-0.917061,488,494,503,486
1116,2,1.043552,500,521,490,522
1117,4,0.917061,502,501,507,519
1118,2,-0.569210,487,506,486,503
1119,2,0.221359,498,517,501,491
1120,1,-0.948683,485,518,475,492
1121,4,1.834121,518,518,513,509
1122,2,0.252982,490,519,486,513
1123,4,1.201666,508,526,502,502
1124,3,0.569210,507,507,504,500
1125,3,0.379473,512,505,491,504
1126,0,-0.664078,499,492,490,498
1127,4,0.790569,507,508,506,504
1128,2,-0.126491,495,501,477,523
1129,4,1.517893,503,502,513,530
1130,3,0.252982,503,493,504,508
1131,2,0.442719,492,505,500,517
1132,0,-0.948683,498,491,493,488
1133,2,0.822192,529,492,508,497
1134,3,1.549516,499,515,518,517
1135,0,-2.719559,473,480,473,488
1136,0,-1.454648,477,494,483,500
1137,0,-2.466577,478,499,483,462
1138,0,-1.802498,494,492,466,491
1139,3,0.474342,502,530,480,503
1140,4,2.213594,520,508,527,515
1141,1,-0.537587,509,498,496,480
1142,1,-1.612762,474,507,482,486
1143,0,-2.434954,460,486,486,491
1144,2,0.284605,509,497,507,496
1145,1,-0.252982,500,503,497,492
1146,3,0.126491,504,493,506,501
1147,3,0.031623,510,508,480,503
1148,2,0.885438,498,498,505,527
1149,4,3.035787,545,520,519,512
1150,2,-0.885438,506,502,485,479
1151,1,-0.695701,500,480,504,494
1152,2,0.569210,484,500,515,519
1153,3,1.391402,511,519,515,499
1154,1,-1.897367,484,502,475,479
1155,0,-3.099032,489,463,481,469
1156,3,0.853815,487,515,507,518
1157,3,0.505964,509,506,496,505
1158,4,4.458812,526,539,548,528
1159,0,-0.758947,498,499,487,492
1160,0,-3.952847,459,466,486,464
1161,2,0.189737,508,498,499,501
1162,2,-0.126491,499,510,472,515
1163,1,-1.233288,481,506,475,499
1164,0,-1.359779,499,489,472,497
1165,1,-1.423025,490,475,507,483
1166,2,0.411096,500,501,497,515
1167,4,1.612762,506,513,521,511
1168,3,1.106797,492,506,509,528
1169,2,-0.347851,484,484,514,507
1170,0,-2.023858,474,493,482,487
1171,1,-1.170043,497,464,497,505
1172,4,2.656313,534,529,509,512
1173,3,2.181972,533,499,524,513
1174,0,-1.264911,494,490,487,489
1175,3,0.158114,498,504,501,502
1176,4,1.328157,510,515,515,502
1177,4,1.106797,515,508,503,509
1178,0,-3.225523,472,479,469,478
1179,1,-0.063246,493,500,507,498
1180,3,1.423025,512,490,529,514
1181,3,0.948683,512,518,504,496
1182,2,0.000000,485,507,493,515
1183,1,-0.632456,496,511,491,482
1184,3,0.474342,522,472,516,505
1185,0,-2.181972,495,476,490,470
1186,3,0.790569,489,520,515,501
1187,0,-2.308463,480,492,475,480
1188,0,-1.043552,500,495,484,488
1189,4,2.150349,532,507,509,520
1190,1,-0.537587,490,496,506,491
1191,0,-2.940918,474,465,494,474
1192,3,0.790569,501,512,512,500
1193,2,0.284605,512,508,499,490
1194,2,0.411096,519,518,478,498
1195,3,1.517893,516,500,530,502
1196,0,-1.549516,483,489,481,498
1197,3,1.233288,521,489,519,510
1198,2,1.043552,520,527,491,495
1199,4,0.948683,520,502,507,501
1200,4,1.517893,513,506,516,513
1201,0,-1.486271,480,500,488,485
1202,2,0.537587,523,500,482,512
1203,3,1.264911,519,502,519,500
1204,3,1.264911,525,513,498,504
1205,3,1.011929,508,494,526,504
1206,3,1.075174,509,493,518,514
1207,3,0.252982,513,509,485,501
1208,2,0.885438,517,524,499,488
1209,3,1.075174,509,514,513,498
1210,0,-2.529822,474,470,491,485
1211,1,-1.359779,494,504,476,483
1212,2,-0.537587,490,506,501,486
1213,4,1.423025,504,520,509,512
1214,2,-0.632456,501,483,508,488
1215,0,-2.213594,494,488,487,461
1216,3,0.822192,507,498,518,503
1217,4,1.043552,509,501,516,507
1218,0,-1.644384,482,479,498,489
1219,2,-0.885438,478,480,504,510
1220,3,1.264911,521,508,516,495
1221,3,1.264911,499,502,508,531
1222,3,0.727324,518,501,500,504
1223,2,-0.094868,525,515,468,489
1224,4,1.928989,519,503,518,521
1225,3,1.296534,500,508,515,518
1226,2,0.158114,490,491,507,517
1227,2,-0.885438,503,502,484,483
1228,1,-0.822192,493,485,502,494
1229,1,-0.822192,491,512,475,496
1230,3,0.917061,521,506,518,484
1231,2,0.316228,507,530,474,499
1232,4,1.359779,506,525,505,507
1233,0,-0.822192,498,497,498,481
1234,3,1.676007,489,514,526,524
1235,4,1.960612,512,515,515,520
1236,2,-0.632456,495,471,512,502
1237,2,0.031623,491,506,498,506
1238,1,-1.201666,484,486,490,502
1239,3,0.632456,495,502,507,516
1240,4,0.758947,504,504,512,504
1241,3,1.106797,521,505,519,490
1242,4,1.834121,522,509,506,521
1243,4,1.897367,513,513,514,520
1244,4,2.118726,511,518,522,516
1245,0,-1.138420,484,499,494,487
1246,2,0.284605,500,508,509,492
1247,2,0.063246,493,506,486,517
1248,2,0.885438,515,494,525,494
1249,1,0.379473,497,528,489,498
1250,3,-0.189737,502,479,504,509
1251,4,2.940918,519,535,518,521
1252,2,0.411096,498,514,496,505
1253,4,2.593068,522,530,524,506
1254,0,-2.687936,465,492,485,473
1255,2,-0.284605,511,505,496,479
1256,3,1.011929,492,508,512,520
1257,3,0.569210,511,499,503,505
1258,2,0.758947,505,500,495,524
1259,3,1.170043,487,521,514,515
1260,1,-0.537587,497,500,484,502
1261,3,1.581139,510,525,516,499
1262,2,0.505964,498,492,505,521
1263,1,0.252982,492,496,491,529
1264,4,2.561445,521,530,512,518
1265,3,0.379473,509,511,491,501
1266,4,3.794733,534,535,516,535
1267,2,-0.442719,509,510,480,487
1268,3,1.075174,493,504,516,521
1269,4,2.877673,513,551,512,515
1270,2,1.011929,513,527,494,498
1271,4,2.529822,512,533,505,530
1272,4,2.846050,517,518,535,520
1273,2,0.189737,502,507,497,500
1274,3,0.980306,499,513,509,510
1275,2,0.411096,506,488,522,497
1276,3,1.992235,519,522,497,525
1277,4,2.055480,527,506,516,516
1278,3,-0.063246,506,516,468,508
1279,3,0.094868,505,520,470,508
1280,2,0.758947,499,488,530,507
1281,2,0.158114,491,505,511,498
1282,3,0.569210,503,491,520,504
1283,2,0.411096,495,517,497,504
1284,4,1.201666,509,517,507,505
1285,4,2.498199,522,528,507,522
1286,0,-1.612762,475,484,500,490
1287,2,-0.885438,488,506,504,474
1288,1,-1.296534,508,485,484,482
1289,3,1.264911,512,485,524,519
1290,1,-0.094868,496,506,498,497
1291,2,0.316228,507,497,515,491
1292,0,-1.928989,484,478,489,488
1293,1,-0.031623,504,496,499,500
1294,3,0.885438,525,506,493,504
1295,1,-0.347851,498,493,497,501
1296,2,0.853815,521,526,486,494
1297,4,1.992235,504,518,518,523
1298,1,-0.126491,500,503,496,497
1299,4,1.454648,510,515,505,516
1300,1,-1.106797,495,488,478,504
1301,1,-0.695701,491,494,503,490
1302,2,0.695701,500,525,489,508
1303,0,-2.466577,473,473,498,478
1304,1,-1.486271,489,505,484,475
1305,2,0.284605,518,503,494,494
1306,4,2.782804,527,513,526,522
1307,4,2.529822,524,524,507,525
1308,2,-0.221359,502,532,465,494
1309,4,1.233288,502,508,519,510
1310,4,0.790569,505,514,502,504
1311,4,3.288769,548,526,516,514
1312,3,0.980306,515,479,527,510
1313,4,2.624690,519,540,513,511
1314,3,0.063246,506,494,501,501
1315,3,0.189737,506,513,501,486
1316,1,-0.537587,487,505,496,495
1317,4,1.707630,520,508,511,515
1318,2,-0.379473,506,493,488,501
1319,1,-1.170043,501,489,493,480
1320,3,0.885438,518,516,509,485
1321,2,0.158114,497,494,509,505
1322,3,1.517893,520,494,516,518
1323,3,2.087103,513,539,521,493
1324,3,2.276840,526,509,542,495
1325,1,-0.664078,502,487,499,491
1326,2,0.094868,516,496,506,485
1327,2,0.442719,514,498,508,494
1328,1,-0.316228,493,490,508,499
1329,1,-0.252982,509,491,498,494
1330,4,1.423025,520,501,505,519
1331,4,1.328157,511,514,507,510
1332,3,0.885438,509,508,492,519
1333,3,1.517893,509,515,498,526
1334,0,-1.423025,500,489,489,477
1335,3,1.549516,520,497,517,515
1336,3,2.498199,498,541,509,531
1337,4,1.296534,514,510,501,516
1338,3,0.948683,492,507,512,519
1339,2,0.126491,504,500,489,511
1340,4,1.359779,515,511,507,510
1341,3,2.340085,533,499,533,509
1342,3,0.980306,517,514,507,493
1343,1,-1.011929,481,486,509,492
1344,2,0.126491,503,500,505,496
1345,1,-0.221359,491,493,491,518
1346,1,-1.011929,490,493,501,484
1347,0,-0.885438,496,492,496,488
1348,3,1.770875,496,521,512,527
1349,3,1.897367,509,524,500,527
1350,4,2.687936,531,531,515,508
1351,4,1.233288,514,511,507,507
1352,4,1.960612,518,528,514,502
1353,3,1.676007,499,527,509,518
1354,4,1.739253,513,520,509,513
1355,1,-0.664078,485,489,507,498
1356,0,-2.403331,490,491,482,461
1357,0,-2.814427,487,477,485,462
1358,4,2.972541,506,530,519,539
1359,3,0.980306,518,507,514,492
1360,4,1.454648,509,521,511,505
1361,4,1.960612,522,515,511,514
1362,1,-0.158114,516,498,496,485
1363,2,0.316228,515,494,499,502
1364,1,-2.814427,469,501,473,468
1365,2,-0.695701,507,501,483,487
1366,2,-0.126491,503,496,501,496
1367,1,-0.284605,490,500,506,495
1368,2,0.790569,522,509,499,495
1369,3,0.917061,523,503,497,506
1370,2,0.284605,499,512,509,489
1371,0,-1.707630,475,485,492,494
1372,1,-1.328157,483,476,492,507
1373,0,-1.233288,490,496,495,480
1374,0,-2.213594,493,472,482,483
1375,2,0.094868,487,524,489,503
1376,2,-0.537587,512,480,490,501
1377,4,3.636619,522,539,509,545
1378,1,-0.917061,500,507,481,483
1379,2,0.853815,497,491,523,516
1380,1,-0.411096,507,496,498,486
1381,3,0.442719,505,513,502,494
1382,2,0.537587,489,512,491,525
1383,1,-1.391402,486,480,514,476
1384,4,2.150349,522,519,510,517
1385,1,0.505964,496,495,498,527
1386,4,2.719559,525,523,523,515
1387,1,-0.695701,481,518,481,498
1388,0,-1.707630,483,488,492,483
1389,3,1.201666,505,534,495,504
1390,3,0.727324,511,514,494,504
1391,1,-1.802498,473,503,476,491
1392,4,2.940918,515,532,525,521
1393,2,0.347851,494,507,511,499
1394,3,0.347851,504,507,511,489
1395,1,-1.486271,508,481,495,469
1396,2,-0.537587,481,504,492,506
1397,1,-0.537587,496,507,484,496
1398,0,-2.529822,480,488,463,489
1399,4,1.992235,523,514,514,512
1400,1,-1.296534,473,488,502,496
1401,1,-0.948683,486,501,483,500
1402,1,-1.106797,484,483,507,491
1403,2,-0.980306,495,458,512,504
1404,1,-0.063246,495,492,498,513
1405,3,0.822192,500,512,510,504
1406,2,0.411096,510,508,497,498
1407,2,-0.505964,504,486,503,491
1408,2,0.569210,496,487,511,524
1409,2,-1.233288,507,469,501,484
1410,3,0.505964,504,522,484,506
1411,4,1.138420,512,508,507,509
1412,1,-0.980306,483,491,520,475
1413,2,0.221359,505,514,493,495
1414,2,0.885438,530,508,493,497
1415,0,-1.644384,496,483,492,477
1416,3,1.011929,527,510,501,494
1417,3,1.264911,533,511,503,493
1418,2,1.106797,525,500,516,494
1419,4,2.719559,507,529,524,526
1420,1,-1.391402,478,505,480,493
1421,2,0.727324,516,499,514,494
1422,3,1.170043,515,511,497,514
1423,0,-2.498199,480,500,465,476
1424,2,0.632456,521,490,510,499
1425,3,0.474342,508,504,507,496
1426,3,1.676007,521,498,528,506
1427,2,-0.063246,494,496,504,504
1428,4,1.834121,508,525,515,510
1429,2,-0.063246,494,510,481,513
1430,3,1.296534,515,494,520,512
1431,1,-2.371708,502,491,465,467
1432,4,2.529822,512,507,514,547
1433,3,0.094868,483,507,506,507
1434,4,3.257146,532,508,532,531
1435,4,1.549516,525,521,501,502
1436,2,0.000000,497,493,502,508
1437,0,-1.138420,485,498,485,496
1438,0,-2.087103,477,465,499,493
1439,2,1.170043,528,499,500,510
1440,3,0.379473,504,514,502,492
1441,1,-1.676007,475,479,483,510
1442,3,1.075174,511,494,519,510
1443,4,1.075174,503,507,509,515
1444,4,4.142584,542,527,535,527
1445,3,0.727324,518,483,507,515
1446,2,0.727324,517,498,513,495
1447,2,0.632456,521,522,480,497
1448,3,0.917061,516,515,481,517
1449,1,-1.011929,507,484,499,478
1450,0,-1.328157,488,496,480,494
1451,0,-1.928989,492,493,482,472
1452,2,0.980306,524,527,490,490
1453,4,2.403331,514,516,526,520
1454,1,-0.505964,486,501,499,498
1455,0,-1.296534,476,499,494,490
1456,4,3.288769,520,514,527,543
1457,0,-2.687936,476,487,485,467
1458,3,0.347851,507,507,485,512
1459,3,0.316228,502,520,501,487
1460,1,-0.917061,488,493,501,489
1461,0,-2.561445,491,499,457,472
1462,0,-1.612762,487,495,484,483
1463,3,1.517893,533,518,492,505
1464,1,-0.347851,483,496,489,521
1465,2,0.411096,498,498,510,507
1466,2,0.063246,502,490,512,498
1467,2,0.980306,496,500,522,513
1468,4,2.118726,501,503,527,536
1469,2,-0.031623,494,476,518,511
1470,1,-0.948683,488,508,481,493
1471,2,0.632456,511,492,521,496
1472,1,-1.043552,479,483,508,497
1473,1,-0.221359,484,499,491,519
1474,1,-1.296534,491,513,473,482
1475,3,0.664078,501,497,515,508
1476,4,1.834121,520,502,519,517
1477,0,-1.391402,474,498,490,494
1478,4,1.834121,511,509,521,517
1479,4,2.434954,515,526,506,530
1480,2,1.106797,532,496,490,517
1481,1,-0.379473,496,494,513,485
1482,4,2.276840,537,510,520,505
1483,3,0.442719,510,509,506,489
1484,2,0.094868,486,526,481,510
1485,2,1.011929,515,500,523,494
1486,2,-0.063246,504,491,499,504
1487,3,0.284605,504,487,510,508
1488,4,1.454648,502,502,526,516
1489,4,3.510128,515,556,513,527
1490,2,0.252982,515,508,499,486
1491,0,-1.201666,493,499,492,478
1492,2,-0.221359,510,503,484,496
1493,1,-1.359779,493,466,504,494
1494,0,-1.264911,485,490,492,493
1495,0,-2.656313,477,490,480,469
1496,3,0.347851,507,487,511,506
1497,1,-0.252982,498,483,516,495
1498,4,1.802498,525,504,513,515
1499,4,1.834121,513,508,513,524
1500,1,0.284605,519,497,500,493
1501,2,-0.379473,502,486,508,492
1502,2,0.316228,518,491,507,494
1503,2,0.284605,508,499,502,500
1504,3,1.865744,498,519,511,531
1505,4,2.972541,526,522,524,522
1506,4,3.668242,525,535,524,532
1507,0,-1.106797,486,493,489,497
1508,4,1.359779,501,524,508,510
1509,3,0.126491,514,487,502,501
1510,4,2.055480,520,520,511,514
1511,1,-0.537587,488,491,507,497
1512,2,0.252982,494,514,485,515
1513,4,3.225523,525,528,531,518
1514,4,1.106797,506,505,514,510
1515,4,1.928989,510,511,511,529
1516,1,-2.340085,470,473,501,482
1517,3,0.758947,513,507,507,497
1518,2,-0.347851,501,494,502,492
1519,4,2.213594,529,512,520,509
1520,4,1.549516,518,518,501,512
1521,3,0.474342,491,514,503,507
1522,2,-0.063246,500,510,503,485
1523,3,1.075174,527,518,488,501
1524,3,0.063246,503,490,505,504
1525,4,1.581139,520,501,523,506
1526,2,0.221359,517,492,488,510
1527,4,0.505964,504,501,507,504
1528,2,-0.316228,487,502,498,503
1529,3,0.758947,508,503,497,516
1530,4,1.928989,518,522,515,506
1531,4,2.624690,515,522,520,526
1532,1,-1.043552,479,489,507,492
1533,2,0.221359,508,506,499,494
1534,2,-0.000000,508,507,494,491
1535,1,-0.347851,495,493,512,489
1536,3,0.822192,506,513,493,514
1537,3,0.948683,499,508,514,509
1538,2,-0.031623,507,500,487,505
1539,2,0.094868,488,499,505,511
1540,1,-0.189737,516,495,500,483
1541,4,3.225523,527,520,518,537
1542,3,0.505964,508,512,488,508
1543,2,-0.411096,505,501,489,492
1544,4,2.181972,531,503,517,518
1545,0,-2.687936,464,492,476,483
1546,4,2.150349,509,514,515,530
1547,0,-2.213594,485,473,488,484
1548,3,2.276840,515,533,494,530
1549,1,-0.537587,481,509,499,494
1550,0,-0.727324,499,497,489,492
1551,1,-0.379473,497,515,494,482
1552,4,0.822192,504,507,508,507
1553,1,-0.379473,496,504,496,492
1554,0,-4.016093,474,477,465,457
1555,4,3.446883,529,532,525,523
1556,2,0.411096,521,502,491,499
1557,4,3.668242,519,533,541,523
1558,2,0.094868,510,489,495,509
1559,1,-0.885438,501,477,497,497
1560,4,0.632456,503,503,510,504
1561,3,0.917061,510,508,499,512
1562,0,-1.201666,486,493,487,496
1563,3,1.075174,500,512,512,510
1564,4,1.454648,519,507,510,510
1565,3,0.853815,511,483,517,516
1566,0,-1.897367,481,493,486,480
1567,0,-1.359779,483,484,500,490
1568,2,0.094868,498,510,492,503
1569,4,2.624690,531,516,522,514
1570,2,0.189737,487,509,499,511
1571,4,1.486271,512,511,504,520
1572,1,-1.264911,470,490,488,512
1573,1,-0.980306,484,509,481,495
1574,1,-1.043552,478,503,494,492
1575,0,-1.865744,499,471,487,484
1576,2,-0.126491,505,498,502,491
1577,0,-2.751182,475,490,469,479
1578,2,0.158114,499,503,506,497
1579,4,1.170043,515,511,504,507
1580,1,-0.063246,489,487,525,497
1581,0,-3.130655,484,490,462,465
1582,4,1.423025,514,507,514,510
1583,3,1.233288,523,516,488,512
1584,3,1.612762,499,520,521,511
1585,3,0.316228,487,507,512,504
1586,4,2.150349,536,516,504,512
1587,3,1.043552,509,496,527,501
1588,4,1.264911,505,521,504,510
1589,2,0.252982,488,491,509,520
1590,2,-0.600833,501,502,491,487
1591,3,0.980306,512,520,488,511
1592,1,-0.822192,499,508,492,475
1593,3,0.917061,521,506,509,493
1594,4,3.004164,514,534,517,530
1595,0,-2.308463,479,492,485,471
1596,3,0.917061,508,493,517,511
1597,4,2.276840,524,507,530,511
1598,3,0.600833,507,514,515,483
1599,3,1.359779,497,505,522,519
1600,3,1.011929,502,509,528,493
1601,1,-0.885438,484,487,495,506
1602,2,0.505964,491,515,511,499
1603,4,3.099032,534,511,532,521
1604,0,-0.917061,494,499,490,488
1605,0,-1.454648,481,487,489,497
1606,0,-2.213594,483,492,476,479
1607,2,1.043552,520,495,518,500
1608,2,0.885438,500,489,535,504
1609,1,-1.106797,485,487,485,508
1610,0,-1.328157,483,499,492,484
1611,4,1.264911,505,516,516,503
1612,0,-1.170043,498,492,483,490
1613,2,-0.189737,501,509,497,487
1614,3,0.790569,504,494,506,521
1615,1,-1.170043,477,467,529,490
1616,1,-0.411096,512,498,488,489
1617,4,1.233288,520,509,509,501
1618,0,-2.150349,468,475,499,490
1619,0,-1.043552,482,497,491,497
1620,0,-1.960612,471,486,496,485
1621,3,1.170043,492,523,508,514
1622,3,0.727324,493,515,511,504
1623,1,-0.569210,481,498,488,515
1624,4,1.676007,507,513,521,512
1625,0,-2.276840,476,485,489,478
1626,3,-0.316228,502,480,506,502
1627,0,-1.644384,481,490,488,489
1628,4,1.928989,506,509,516,530
1629,2,0.695701,493,528,494,507
1630,0,-1.486271,483,493,495,482
1631,4,1.960612,514,504,528,516
1632,3,0.569210,503,515,489,511
1633,1,-1.043552,483,480,518,486
1634,1,0.094868,497,500,494,512
1635,1,-1.170043,482,479,526,476
1636,0,-1.043552,497,484,495,491
1637,3,0.252982,505,504,510,489
1638,3,1.802498,514,515,488,540
1639,3,1.770875,529,519,500,508
1640,0,-1.043552,494,496,487,490
1641,3,1.454648,508,479,531,528
1642,3,1.707630,498,510,524,522
1643,3,0.980306,489,518,506,518
1644,3,0.790569,513,497,511,504
1645,4,3.510128,517,539,515,540
1646,1,-0.537587,484,496,511,492
1647,2,1.106797,517,499,524,495
1648,1,-0.411096,500,496,485,506
1649,3,0.379473,507,505,496,504
1650,2,0.126491,494,488,506,516
1651,3,0.189737,496,501,506,503
1652,0,-2.561445,487,463,487,482
1653,0,-3.288769,476,473,479,468
1654,4,2.593068,533,506,527,516
1655,2,0.347851,510,489,517,495
1656,2,0.411096,501,495,499,518
1657,3,0.094868,506,501,508,488
1658,2,-0.695701,479,507,486,506
1659,0,-1.517893,479,491,491,491
1660,1,-0.600833,484,487,497,513
1661,4,2.403331,514,535,510,517
1662,1,-0.917061,489,505,484,493
1663,1,-1.517893,457,478,518,499
1664,2,0.569210,511,490,517,500
1665,4,2.782804,528,528,508,524
1666,0,-1.201666,485,487,497,493
1667,2,0.885438,530,516,488,494
1668,1,-2.087103,501,486,469,478
1669,1,-0.980306,484,507,485,493
1670,4,1.676007,503,513,507,530
1671,2,0.474342,507,495,523,490
1672,0,-1.802498,485,488,483,487
1673,3,0.632456,499,511,506,504
1674,4,1.992235,515,518,508,522
1675,2,0.853815,510,496,521,500
1676,2,0.189737,494,495,506,511
1677,4,1.770875,511,523,521,501
1678,3,0.537587,507,513,504,493
1679,1,-0.442719,496,494,506,490
1680,2,0.411096,509,493,487,524
1681,1,-1.233288,483,490,506,482
1682,0,-1.992235,499,489,471,478
1683,3,1.170043,515,516,490,516
1684,3,1.644384,492,519,529,512
1685,3,0.727324,519,490,503,511
1686,2,-0.379473,489,505,512,482
1687,3,0.000000,513,501,503,483
1688,4,1.739253,514,514,515,512
1689,1,-0.600833,491,491,501,498
1690,1,-0.284605,494,490,500,507
1691,1,-1.043552,489,474,507,497
1692,0,-1.201666,485,493,485,499
1693,2,-0.347851,482,503,505,499
1694,3,0.917061,513,512,504,500
1695,4,2.751182,535,527,513,512
1696,3,1.359779,511,526,508,498
1697,4,1.264911,518,501,506,515
1698,0,-4.300698,458,478,464,464
1699,4,3.257146,528,544,512,519
1700,1,-1.517893,509,478,477,488
1701,3,0.505964,511,502,497,506
1702,3,0.600833,491,502,513,513
1703,4,0.917061,510,504,507,508
1704,3,1.549516,528,496,520,505
1705,4,2.276840,502,515,540,515
1706,4,3.415260,529,517,527,535
1707,4,2.403331,508,516,524,528
1708,2,0.411096,518,506,497,492
1709,1,-1.043552,482,480,500,505
1710,1,-0.758947,505,483,488,500
1711,1,-2.213594,453,481,503,493
1712,2,-0.094868,495,493,502,507
1713,4,1.454648,502,503,534,507
1714,2,0.031623,503,497,497,504
1715,1,-0.158114,493,505,500,497
1716,3,0.600833,488,504,506,521
1717,1,0.000000,499,495,521,485
1718,3,0.980306,503,524,511,493
1719,3,0.600833,499,503,513,504
1720,0,-0.917061,493,489,500,489
1721,0,-1.549516,495,500,487,469
1722,2,-0.189737,488,494,506,506
1723,2,1.264911,493,518,498,531
1724,0,-1.865744,495,481,488,477
1725,2,0.505964,512,508,497,499
1726,2,0.727324,491,508,498,526
1727,4,3.636619,518,538,512,547
1728,0,-1.138420,494,492,492,486
1729,3,2.023858,524,496,543,501
1730,3,2.498199,526,532,498,523
1731,3,0.727324,497,505,501,520
1732,1,-0.758947,478,497,513,488
1733,4,3.162278,527,515,522,536
1734,2,0.379473,497,509,497,509
1735,3,1.517893,514,527,499,508
1736,4,2.276840,510,520,536,506
1737,3,0.442719,506,485,504,519
1738,1,-0.063246,490,520,498,490
1739,3,0.379473,509,516,486,501
1740,0,-1.391402,486,491,490,489
1741,1,-0.347851,487,512,490,500
1742,3,2.340085,535,500,529,510
1743,2,-0.347851,515,520,471,483
1744,2,1.233288,499,525,500,515
1745,1,-0.347851,500,509,494,486
1746,4,1.391402,522,503,516,503
1747,1,-0.948683,491,504,488,487
1748,4,2.213594,506,524,510,530
1749,2,0.031623,477,512,497,515
1750,2,0.853815,537,483,511,496
1751,2,-0.094868,485,494,508,510
1752,1,-1.644384,484,508,469,487
1753,3,0.411096,514,507,508,484
1754,3,2.814427,528,543,490,528
1755,4,4.047715,540,528,531,529
1756,2,-0.379473,495,511,503,479
1757,4,2.245217,517,511,529,514
1758,2,-0.189737,494,503,484,513
1759,3,1.170043,493,507,518,519
1760,0,-1.233288,490,492,485,494
1761,1,-0.252982,500,477,520,495
1762,4,0.917061,503,518,503,505
1763,3,1.517893,492,509,526,521
1764,4,0.758947,504,508,501,511
1765,1,-0.917061,479,523,479,490
1766,4,1.391402,501,512,512,519
1767,1,-0.600833,481,500,495,505
1768,3,1.075174,517,518,496,503
1769,0,-1.328157,490,499,490,479
1770,3,0.537587,518,506,489,504
1771,3,0.094868,490,505,506,502
1772,3,0.252982,503,502,490,513
1773,3,0.316228,505,500,501,504
1774,3,2.245217,525,532,497,517
1775,1,-0.758947,508,489,486,493
1776,2,0.347851,508,512,495,496
1777,0,-1.676007,488,484,496,479
1778,1,-0.569210,496,503,491,492
1779,2,0.316228,516,492,498,504
1780,2,0.505964,496,497,518,505
1781,1,-1.486271,485,479,506,483
1782,4,1.739253,511,515,510,519
1783,4,1.612762,508,505,519,519
1784,2,0.379473,529,503,485,495
1785,4,2.245217,530,516,519,506
1786,1,-0.664078,492,499,487,501
1787,3,1.296534,525,498,511,507
1788,3,0.284605,510,521,470,508
1789,2,0.189737,520,498,513,475
1790,3,1.075174,514,494,515,511
1791,4,2.087103,511,525,507,523
1792,1,-1.011929,502,494,483,489
1793,2,-0.505964,479,486,510,509
1794,0,-2.276840,483,484,483,478
1795,2,0.600833,507,514,500,498
1796,1,-1.897367,485,502,472,481
1797,0,-2.245217,468,497,475,489
1798,1,-0.158114,500,496,482,517
1799,4,1.834121,520,502,518,518
1800,3,1.423025,515,489,522,519
1801,2,-0.094868,490,512,507,488
1802,1,-1.170043,495,508,488,472
1803,4,2.593068,510,534,519,519
1804,2,-0.031623,485,516,504,494
1805,4,4.553680,533,546,530,535
1806,0,-1.486271,476,493,492,492
1807,0,-2.940918,477,468,487,475
1808,3,0.727324,515,497,508,503
1809,2,0.474342,496,501,527,491
1810,2,0.379473,506,493,493,520
1811,0,-2.213594,468,481,499,482
1812,3,2.434954,531,492,536,518
1813,4,3.668242,522,531,517,546
1814,0,-0.917061,500,497,486,488
1815,1,-1.011929,478,501,489,500
1816,2,0.347851,499,506,511,495
1817,1,0.031623,486,491,528,496
1818,4,2.624690,525,519,516,523
1819,3,0.727324,504,505,500,514
1820,2,-0.316228,502,492,510,486
1821,3,0.948683,523,501,508,498
1822,3,1.106797,497,530,501,507
1823,0,-3.383637,460,484,464,485
1824,0,-1.517893,476,494,485,497
1825,1,-1.359779,496,513,463,485
1826,2,-0.189737,502,510,487,495
1827,1,-0.252982,499,512,492,489
1828,0,-2.751182,462,491,472,488
1829,4,2.340085,514,507,535,518
1830,2,-0.063246,496,509,486,507
1831,0,-1.454648,499,493,484,478
1832,0,-1.075174,487,490,494,495
1833,1,-0.505964,498,507,484,495
1834,2,-0.094868,484,510,506,497
1835,1,0.221359,524,498,492,493
1836,3,3.035787,515,535,495,551
1837,1,-0.474342,484,490,526,485
1838,0,-3.288769,462,475,488,471
1839,2,0.126491,516,487,506,495
1840,2,-0.474342,498,505,477,505
1841,2,-0.442719,481,482,514,509
1842,4,1.644384,511,504,517,520
1843,3,2.087103,524,522,494,526
1844,0,-0.822192,492,495,491,496
1845,2,-0.094868,492,504,505,496
1846,1,-0.505964,497,497,488,502
1847,4,2.276840,516,523,501,532
1848,0,-1.834121,492,474,493,483
1849,2,0.505964,517,526,478,495
1850,4,1.328157,527,508,502,505
1851,0,-1.802498,472,482,500,489
1852,3,1.264911,501,513,495,531
1853,3,0.853815,520,477,516,514
1854,1,-1.011929,505,484,488,491
1855,2,-0.189737,516,479,507,492
1856,4,1.581139,515,517,505,513
1857,4,1.612762,508,526,503,514
1858,0,-1.391402,486,477,497,496
1859,3,0.758947,509,491,513,511
1860,2,0.063246,498,512,488,504
1861,3,2.055480,529,518,521,497
1862,3,1.865744,499,513,528,519
1863,4,1.359779,521,503,507,512
1864,0,-1.264911,493,498,495,474
1865,3,0.063246,502,481,517,502
1866,2,0.094868,504,496,521,482
1867,2,-0.189737,506,491,512,485
1868,0,-3.004164,468,493,473,471
1869,3,0.853815,490,510,516,511
1870,0,-2.055480,473,484,490,488
1871,1,-0.411096,480,520,490,497
1872,1,-0.695701,507,496,488,487
1873,4,0.853815,506,506,513,502
1874,0,-3.604997,465,464,482,475
1875,2,0.031623,494,507,508,492
1876,1,-0.347851,499,518,474,498
1877,2,0.189737,493,532,477,504
1878,2,-1.138420,485,477,501,501
1879,0,-1.359779,478,492,491,496
1880,3,1.043552,512,515,512,494
1881,1,0.063246,511,494,499,498
1882,3,0.411096,508,501,499,505
1883,2,0.000000,513,482,518,487
1884,2,-0.031623,502,494,503,500
1885,2,0.537587,507,510,500,500
1886,3,1.011929,512,510,500,510
1887,2,0.284605,504,500,492,513
1888,3,0.126491,507,482,510,505
1889,2,0.063246,500,523,474,505
1890,0,-1.233288,485,486,498,492
1891,4,1.770875,507,532,507,510
1892,3,0.474342,499,506,505,505
1893,2,0.632456,512,510,499,499
1894,3,-0.284605,507,468,507,509
1895,4,2.150349,533,519,510,506
1896,0,-1.865744,481,481,493,486
1897,0,-0.758947,494,489,498,495
1898,3,2.751182,516,493,539,539
1899,3,1.011929,505,521,500,506
1900,4,1.486271,511,514,512,510
1901,2,0.063246,500,494,505,503
1902,4,3.352014,537,533,524,512
1903,0,-1.106797,486,496,483,500
1904,1,-1.612762,482,504,485,478
1905,4,0.948683,513,508,503,506
1906,2,-0.411096,487,507,503,490
1907,2,-1.075174,486,501,476,503
1908,2,0.063246,509,507,497,489
1909,2,-0.284605,484,504,485,518
1910,4,1.359779,513,508,516,506
1911,2,0.000000,498,508,481,513
1912,2,-0.063246,496,490,506,506
1913,0,-0.885438,495,499,480,498
1914,4,2.340085,502,527,528,517
1915,1,-1.138420,504,475,497,488
1916,3,0.600833,498,501,509,511
1917,1,-2.561445,467,444,518,490
1918,1,-0.221359,495,513,494,491
1919,0,-3.699865,440,495,469,479
1920,0,-2.371708,499,469,468,489
1921,3,1.106797,491,513,518,513
1922,4,3.225523,517,524,535,526
1923,4,0.822192,501,514,503,508
1924,3,0.569210,507,520,490,501
1925,2,-0.126491,495,490,502,509
1926,2,0.790569,523,507,495,500
1927,3,0.917061,500,501,521,507
1928,0,-1.170043,492,490,495,486
1929,0,-1.928989,494,474,489,482
1930,1,-0.664078,484,492,495,508
1931,4,1.928989,516,509,505,531
1932,1,-1.359779,492,469,502,494
1933,1,-0.221359,498,495,496,504
1934,3,2.340085,518,538,499,519
1935,0,-2.814427,481,468,496,466
1936,1,-0.664078,496,487,504,492
1937,0,-3.035787,477,480,481,466
1938,0,-1.676007,488,477,485,497
1939,1,-1.391402,477,508,489,482
1940,0,-2.118726,486,482,482,483
1941,3,1.486271,525,517,512,493
1942,3,1.043552,503,510,521,499
1943,3,0.980306,515,490,516,510
1944,2,1.106797,522,525,490,498
1945,2,-0.569210,503,484,502,493
1946,3,0.885438,503,504,522,499
1947,2,0.158114,505,500,510,490
1948,3,0.442719,509,483,519,503
1949,2,0.126491,499,507,494,504
1950,1,-0.126491,487,500,500,509
1951,3,1.517893,498,503,517,530
1952,1,-0.379473,489,502,500,497
1953,1,-0.948683,483,487,505,495
1954,4,1.897367,504,513,522,521
1955,2,-0.442719,504,478,492,512
1956,4,1.834121,512,537,503,506
1957,0,-1.170043,492,497,499,475
1958,2,-0.284605,490,511,505,485
1959,1,-0.094868,499,477,521,500
1960,3,1.011929,491,514,521,506
1961,3,1.296534,517,527,492,505
1962,2,0.284605,497,511,475,526
1963,1,0.379473,499,500,499,514
1964,3,0.822192,493,514,509,510
1965,2,1.391402,494,521,499,530
1966,3,0.569210,510,514,501,493
1967,1,-0.379473,499,496,489,504
1968,2,0.379473,512,497,496,507
1969,1,-0.379473,511,494,489,494
1970,1,-0.063246,499,497,499,503
1971,0,-3.067409,489,466,479,469
1972,0,-0.442719,497,497,494,498
1973,2,0.537587,510,494,516,497
1974,4,1.075174,501,501,521,511
1975,1,-0.031623,496,519,496,488
1976,3,0.600833,488,510,503,518
1977,4,2.466577,534,504,523,517
1978,3,0.632456,503,494,508,515
1979,1,-0.822192,501,483,492,498
1980,4,1.644384,526,502,508,516
1981,1,-1.043552,494,501,495,477
1982,0,-1.138420,494,496,489,485
1983,0,-1.264911,485,490,493,492
1984,0,-1.106797,493,486,497,489
1985,3,1.043552,514,488,506,525
1986,2,0.221359,511,510,487,499
1987,2,1.170043,518,497,500,522
1988,2,-0.632456,487,480,509,504
1989,3,1.960612,527,523,517,495
1990,4,1.992235,508,524,509,522
1991,2,0.664078,495,528,486,512
1992,2,0.411096,499,496,501,517
1993,0,-1.201666,489,491,488,494
1994,1,-1.549516,495,474,501,481
1995,3,0.664078,511,503,493,514
1996,2,-0.189737,486,497,508,503
1997,3,1.739253,520,498,526,511
1998,0,-0.758947,500,496,485,495
1999,0,-0.885438,496,498,483,495
2000,1,-1.328157,486,481,503,488
2001,3,0.000000,505,481,506,508
2002,3,1.486271,515,519,515,498
2003,0,-3.099032,479,463,480,480
2004,4,1.802498,505,518,515,519
2005,3,0.221359,505,483,515,504
2006,2,0.031623,499,504,505,493
2007,2,-0.474342,484,502,498,501
2008,2,-0.569210,492,505,483,502
2009,0,-1.170043,497,493,482,491
2010,2,0.411096,516,517,489,491
2011,0,-1.581139,482,489,485,494
2012,1,-1.486271,501,479,494,479
2013,4,1.802498,516,507,508,526
2014,3,0.569210,501,501,497,519
2015,2,0.379473,496,495,506,515
2016,4,2.719559,517,522,514,533
2017,3,0.885438,514,508,492,514
2018,3,0.790569,516,516,514,479
2019,4,2.213594,519,523,519,509
2020,4,2.181972,519,507,514,529
2021,0,-1.549516,484,498,476,493
2022,2,0.411096,496,509,495,513
2023,3,1.233288,522,498,514,505
2024,4,0.695701,502,501,510,509
2025,1,-0.853815,484,510,480,499
2026,1,-1.992235,473,483,470,511
2027,3,0.094868,489,504,501,509
2028,3,1.011929,501,488,520,523
2029,2,-0.221359,488,502,484,519
2030,4,2.308463,531,513,520,509
2031,1,-0.221359,493,494,492,514
2032,1,-0.379473,509,486,498,495
2033,0,-1.644384,476,492,481,499
2034,3,1.233288,512,482,519,526
2035,0,-3.193900,476,460,469,494
2036,0,-1.201666,497,487,485,493
2037,2,-0.063246,484,511,493,510
2038,4,3.415260,521,504,549,534
2039,4,4.237452,550,536,532,516
2040,2,0.063246,490,519,502,491
2041,1,-1.011929,500,486,503,479
2042,4,1.486271,528,501,502,516
2043,2,0.252982,501,493,515,499
2044,4,2.624690,521,520,526,516
2045,3,0.347851,510,502,495,504
2046,3,1.865744,502,496,527,534
2047,1,-1.676007,501,484,471,491
2048,3,0.569210,504,523,488,503
2049,4,2.972541,510,531,532,521
2050,4,1.960612,514,523,517,508
2051,2,0.727324,497,527,506,493
2052,1,-0.063246,492,518,489,499
2053,1,-0.569210,483,500,508,491
2054,3,2.023858,533,528,510,493
2055,1,-1.486271,488,504,474,487
2056,3,0.316228,505,495,503,507
2057,0,-1.423025,491,483,490,491
2058,4,2.055480,511,517,507,530
2059,1,-0.980306,502,478,500,489
2060,0,-2.087103,472,482,489,491
2061,0,-0.758947,500,499,485,492
2062,4,2.055480,502,525,510,528
2063,4,1.106797,506,512,506,511
2064,2,0.126491,493,506,492,513
2065,2,0.790569,505,500,500,520
2066,1,0.316228,514,498,499,499
2067,0,-1.138420,497,485,491,491
2068,2,-0.284605,499,501,511,480
2069,4,1.423025,503,510,515,517
2070,2,-0.664078,480,508,477,514
2071,1,-1.201666,481,494,485,502
2072,4,2.656313,517,530,524,513
2073,3,0.505964,488,507,511,510
2074,1,-1.676007,461,511,481,494
2075,2,-0.537587,506,484,506,487
2076,1,-0.347851,485,510,497,497
2077,2,-0.063246,489,505,496,508
2078,1,-0.727324,506,496,490,485
2079,1,-1.106797,486,475,500,504
2080,2,-1.391402,474,468,505,509
2081,1,-0.442719,482,497,509,498
2082,4,4.616925,523,544,522,557
2083,1,-0.948683,484,498,503,485
2084,3,1.075174,516,486,530,502
2085,3,0.885438,514,510,494,510
2086,3,0.600833,501,500,514,504
2087,3,1.328157,498,522,509,513
2088,1,-0.632456,489,503,492,496
2089,4,1.707630,503,508,536,507
2090,2,0.664078,505,493,527,496
2091,0,-2.118726,489,486,471,487
2092,2,0.221359,516,508,483,500
2093,1,-2.434954,484,467,501,471
2094,1,-1.644384,483,477,484,504
2095,3,1.612762,499,501,530,521
2096,3,0.853815,498,502,514,513
2097,4,2.403331,513,510,526,527
2098,0,-1.802498,474,482,495,492
2099,2,-0.221359,504,503,486,500
2100,0,-4.616925,467,455,472,460
2101,3,0.885438,514,494,519,501
2102,2,-0.126491,496,502,501,497
2103,4,2.118726,510,511,530,516
2104,1,-2.529822,464,461,494,501
2105,3,0.664078,502,508,518,493
2106,1,-1.423025,491,507,480,477
2107,4,2.150349,511,513,517,527
2108,0,-2.466577,478,494,474,476
2109,1,-0.664078,504,490,497,488
2110,4,2.308463,519,509,510,535
2111,4,2.055480,514,526,514,511
2112,2,0.063246,516,493,509,484
2113,4,1.739253,521,518,512,504
2114,1,-0.442719,489,495,504,498
2115,2,0.537587,507,499,516,495
2116,1,-0.885438,507,493,483,489
2117,2,0.284605,505,496,488,520
2118,1,-0.632456,506,494,483,497
2119,3,0.695701,490,508,513,511
2120,2,0.379473,514,496,500,502
2121,0,-1.423025,482,491,493,489
2122,0,-1.676007,490,487,478,492
2123,4,3.130655,520,508,543,528
2124,4,1.992235,516,508,503,536
2125,3,0.411096,518,487,506,502
2126,3,1.106797,525,509,514,487
2127,1,0.094868,494,536,475,498
2128,4,1.043552,502,512,508,511
2129,4,2.561445,513,521,519,528
2130,2,0.063246,506,488,500,508
2131,2,0.284605,513,499,507,490
2132,0,-1.644384,490,485,485,488
2133,2,-0.126491,508,498,501,489
2134,3,1.264911,515,498,510,517
2135,3,1.581139,498,519,511,522
2136,1,-0.474342,494,536,466,489
2137,2,-0.347851,488,509,501,491
2138,1,-0.569210,481,493,511,497
2139,0,-0.948683,500,486,490,494
2140,0,-2.656313,458,492,477,489
2141,2,-0.537587,486,501,491,505
2142,4,4.269075,540,537,522,536
2143,3,0.600833,508,520,502,489
2144,4,3.067409,531,540,512,514
2145,3,1.834121,527,522,509,500
2146,1,-0.727324,493,509,488,487
2147,2,0.031623,490,522,480,509
2148,2,-0.474342,504,516,494,471
2149,0,-2.245217,478,495,483,473
2150,3,0.885438,510,511,482,525
2151,4,3.446883,529,522,520,538
2152,2,-0.158114,510,504,491,490
2153,2,0.063246,489,506,500,507
2154,2,-0.063246,511,498,477,512
2155,2,-0.537587,492,467,518,506
2156,0,-1.170043,487,484,492,500
2157,4,1.454648,523,510,507,506
2158,1,-2.087103,474,492,466,502
2159,2,-0.316228,493,476,505,516
2160,3,-0.600833,503,475,501,502
2161,3,0.727324,506,495,508,514
2162,2,0.347851,497,488,515,511
2163,3,0.948683,512,513,492,513
2164,3,1.865744,506,514,499,540
2165,4,1.233288,514,506,509,510
2166,0,-2.814427,474,474,482,481
2167,1,0.126491,492,497,519,496
2168,2,1.106797,500,521,495,519
2169,2,0.347851,500,511,496,504
2170,1,-0.252982,497,487,509,499
2171,2,-0.284605,477,511,488,515
2172,1,-0.632456,481,507,493,499
2173,1,-1.707630,488,486,501,471
2174,3,0.189737,513,505,507,481
2175,3,0.885438,519,502,495,512
2176,4,1.549516,517,502,508,522
2177,4,2.466577,521,508,522,527
2178,3,1.170043,504,497,510,526
2179,4,2.276840,516,512,529,515
2180,2,0.252982,503,499,520,486
2181,3,1.928989,522,521,497,521
2182,2,0.158114,515,481,514,495
2183,2,0.822192,506,500,497,523
2184,3,1.770875,522,525,500,509
2185,3,0.948683,514,486,505,525
2186,3,0.569210,506,492,514,506
2187,2,-0.221359,507,471,516,499
2188,3,0.505964,512,490,506,508
2189,4,2.276840,526,530,507,509
2190,3,1.359779,507,530,500,506
2191,2,-0.442719,484,492,504,506
2192,2,0.031623,504,507,496,494
2193,2,-0.063246,486,496,514,502
2194,3,0.474342,510,478,512,515
2195,3,1.359779,514,512,520,497
2196,3,0.980306,513,520,503,495
2197,1,-0.822192,481,512,487,494
2198,1,-0.537587,473,518,493,499
2199,4,2.909295,525,516,522,529
2200,2,0.284605,505,512,494,498
2201,3,1.106797,489,527,506,513
2202,4,1.296534,516,502,509,514
2203,3,0.632456,504,519,501,496
2204,1,-1.233288,501,482,488,490
2205,2,-0.158114,506,494,507,488
2206,0,-1.391402,495,480,491,490
2207,0,-1.170043,492,494,489,488
2208,3,1.201666,505,493,527,513
2209,1,-1.233288,465,497,488,511
2210,2,0.031623,490,501,495,515
2211,4,2.023858,513,501,525,525
2212,3,1.612762,520,487,520,524
2213,1,-0.474342,482,512,494,497
2214,4,2.245217,518,522,508,523
2215,2,0.505964,499,493,511,513
2216,4,2.466577,518,512,532,516
2217,3,1.075174,528,497,501,508
2218,0,-2.687936,472,476,481,486
2219,2,-0.790569,491,505,504,475
2220,2,0.505964,495,508,518,495
2221,2,0.189737,511,515,486,494
2222,0,-1.897367,469,491,492,488
2223,2,-0.189737,502,501,493,498
2224,1,0.126491,499,521,486,498
2225,2,-0.252982,494,504,488,506
2226,1,-0.664078,493,509,494,483
2227,0,-3.288769,470,457,491,478
2228,1,-0.885438,488,492,488,504
2229,3,1.676007,527,532,502,492
2230,4,1.928989,520,523,509,509
2231,1,-0.505964,485,499,487,513
2232,3,1.043552,520,512,484,517
2233,1,-0.822192,501,486,498,489
2234,0,-1.707630,484,482,494,486
2235,3,1.201666,514,521,495,508
2236,0,-1.676007,497,476,482,492
2237,4,2.498199,514,527,510,528
2238,1,-0.347851,494,490,509,496
2239,4,1.802498,525,505,516,511
2240,2,0.000000,524,470,515,491
2241,2,0.442719,496,500,511,507
2242,0,-0.379473,500,492,500,496
2243,2,-0.316228,512,492,508,478
2244,4,3.573374,547,521,523,522
2245,2,-0.031623,494,502,505,498
2246,2,-0.442719,497,504,504,481
2247,0,-1.106797,488,484,495,498
2248,4,2.213594,512,521,518,519
2249,4,2.909295,531,519,517,525
2250,3,0.695701,515,480,507,520
2251,3,1.739253,514,499,517,525
2252,1,-0.917061,478,511,483,499
2253,1,-1.486271,491,504,482,476
2254,2,0.727324,499,516,492,516
2255,1,-1.075174,481,480,496,509
2256,1,-1.454648,493,493,467,501
2257,0,-2.118726,493,471,489,480
2258,3,1.549516,505,515,533,496
2259,3,1.423025,489,515,531,510
2260,0,-0.853815,500,490,492,491
2261,3,2.751182,536,531,499,521
2262,2,-0.474342,499,480,503,503
2263,2,-0.569210,505,503,486,488
2264,1,-2.276840,475,506,460,487
2265,1,-1.960612,505,481,467,485
2266,0,-0.980306,489,496,496,488
2267,3,1.296534,517,498,518,508
2268,2,0.063246,495,489,513,505
2269,3,1.043552,513,506,519,495
2270,4,1.960612,508,530,501,523
2271,4,1.992235,503,521,537,502
2272,0,-2.719559,483,498,467,466
2273,0,-2.656313,482,486,476,472
2274,2,1.328157,484,515,497,546
2275,2,-0.000000,504,487,516,493
2276,3,0.853815,514,504,511,498
2277,1,-0.347851,512,498,500,479
2278,1,0.221359,499,496,498,514
2279,4,3.035787,531,503,538,524
2280,2,0.189737,518,506,484,498
2281,2,1.170043,511,529,500,497
2282,1,-0.758947,484,502,495,495
2283,0,-1.423025,486,498,485,486
2284,2,0.537587,520,495,490,512
2285,4,3.731488,536,520,538,524
2286,0,-1.834121,493,477,481,491
2287,4,1.454648,511,512,503,520
2288,3,0.537587,498,502,508,509
2289,1,-0.474342,495,520,486,484
2290,3,1.454648,519,524,489,514
2291,2,0.569210,512,491,525,490
2292,3,0.695701,493,517,506,506
2293,4,2.846050,520,543,501,526
2294,2,-0.379473,478,492,506,512
2295,1,-0.252982,489,516,495,492
2296,0,-2.213594,490,486,477,477
2297,0,-2.118726,477,486,491,479
2298,3,1.296534,517,512,491,521
2299,3,0.853815,492,504,511,520
2300,4,1.391402,512,501,522,509
2301,2,-0.158114,474,505,492,524
2302,0,-1.486271,481,481,499,492
2303,3,0.980306,495,532,501,503
2304,1,-1.454648,465,486,497,506
2305,1,-1.011929,468,497,505,498
2306,3,1.296534,485,513,522,521
2307,3,0.917061,511,493,518,507
2308,2,0.885438,504,497,529,498
2309,4,1.834121,523,517,515,503
2310,2,-0.411096,502,513,486,486
2311,2,0.853815,497,485,526,519
2312,1,-0.094868,496,516,496,489
2313,1,-0.853815,481,516,486,490
2314,3,0.695701,497,513,510,502
2315,1,-0.632456,495,485,495,505
2316,3,0.664078,511,514,504,492
2317,4,2.593068,519,519,510,534
2318,0,-1.170043,487,500,491,485
2319,3,1.106797,513,509,514,499
2320,3,0.695701,517,503,494,508
2321,4,1.770875,522,506,504,524
2322,2,-0.221359,488,484,512,509
2323,3,0.632456,506,519,492,503
2324,0,-1.644384,485,483,481,499
2325,3,1.043552,485,513,504,531
2326,2,0.695701,498,518,493,513
2327,3,0.379473,508,505,491,508
2328,4,1.581139,518,501,505,526
2329,3,0.948683,504,516,512,498
2330,4,2.624690,513,516,509,545
2331,4,1.581139,517,501,514,518
2332,0,-1.359779,479,487,491,500
2333,4,2.181972,517,520,522,510
2334,3,0.790569,520,496,506,503
2335,3,2.181972,536,534,496,503
2336,0,-2.245217,481,485,479,484
2337,1,0.537587,488,500,500,529
2338,4,2.245217,516,520,525,510
2339,0,-0.790569,498,497,493,487
2340,4,2.624690,507,509,537,530
2341,2,-0.158114,509,512,486,488
2342,1,-1.486271,502,494,491,466
2343,2,1.581139,493,500,518,539
2344,1,-0.853815,514,480,497,482
2345,3,0.221359,505,502,495,505
2346,3,1.676007,501,490,529,533
2347,2,0.569210,496,510,496,516
2348,2,0.695701,512,494,517,499
2349,1,-1.865744,473,503,475,490
2350,1,-0.063246,503,498,500,497
2351,4,3.510128,530,520,535,526
2352,3,0.790569,508,489,515,513
2353,4,3.193900,534,518,533,516
2354,1,-0.569210,495,499,487,501
2355,1,-0.917061,498,505,475,493
2356,4,2.434954,521,522,522,512
2357,3,-0.126491,505,504,507,480
2358,1,-1.043552,497,477,505,488
2359,3,1.043552,506,528,497,502
2360,2,-0.158114,497,511,478,509
2361,3,0.790569,503,502,499,521
2362,4,2.782804,534,517,506,531
2363,2,1.043552,493,531,515,494
2364,4,1.739253,515,510,516,514
2365,3,1.770875,522,522,499,513
2366,4,0.664078,508,509,502,502
2367,1,-0.411096,498,499,481,509
2368,4,2.023858,533,503,509,519
2369,2,0.347851,503,491,518,499
2370,3,0.917061,503,513,500,513
2371,1,-0.474342,486,500,504,495
2372,0,-2.466577,483,474,479,486
2373,0,-1.707630,499,480,493,474
2374,4,1.992235,527,501,529,506
2375,3,0.474342,499,506,508,502
2376,2,0.316228,516,488,512,494
2377,2,-0.411096,505,491,506,485
2378,3,0.411096,501,509,504,499
2379,2,1.517893,499,485,537,527
2380,3,2.498199,532,498,517,532
2381,4,3.510128,523,541,525,522
2382,0,-2.719559,467,477,496,474
2383,1,-1.170043,487,480,492,504
2384,2,0.727324,485,518,499,521
2385,4,1.549516,514,506,506,523
2386,3,1.581139,518,500,523,509
2387,4,1.264911,501,502,526,511
2388,4,2.181972,501,512,526,530
2389,4,1.928989,517,504,523,517
2390,0,-2.846050,485,462,490,473
2391,3,0.411096,487,518,507,501
2392,0,-3.889602,444,476,475,482
2393,0,-3.193900,471,467,481,480
2394,3,0.442719,505,509,505,495
2395,2,-0.252982,486,509,494,503
2396,2,0.316228,495,516,507,492
2397,2,0.411096,511,497,488,517
2398,3,0.790569,509,507,497,512
2399,1,0.094868,494,486,528,495
2400,1,0.316228,499,493,520,498
2401,4,2.150349,528,516,512,512
2402,4,3.510128,542,514,533,522
2403,2,0.505964,522,482,514,498
2404,0,-2.055480,470,489,483,493
2405,1,-1.549516,486,505,483,477
2406,0,-1.423025,488,481,500,486
2407,0,-1.138420,489,489,499,487
2408,2,-0.569210,501,489,505,487
2409,3,0.980306,526,496,502,507
2410,3,2.023858,499,518,532,515
2411,3,0.980306,523,495,506,507
2412,1,-0.411096,495,503,494,495
2413,0,-1.802498,485,475,491,492
2414,3,1.739253,515,528,499,513
2415,2,0.347851,493,500,511,507
2416,3,1.011929,512,521,496,503
2417,0,-1.454648,484,497,473,500
2418,2,0.411096,493,496,513,511
2419,4,1.233288,517,509,510,503
2420,2,0.569210,520,489,494,515
2421,3,1.612762,498,507,526,520
2422,1,-0.980306,496,496,508,469
2423,3,1.264911,507,525,508,500
2424,1,-1.549516,472,504,481,494
2425,1,-0.664078,494,478,489,518
2426,2,-0.442719,504,487,502,493
2427,4,1.264911,508,503,527,502
2428,2,0.063246,513,505,492,492
2429,2,-0.379473,511,503,489,485
2430,1,0.031623,492,495,500,514
2431,4,2.529822,529,517,527,507
2432,3,0.885438,513,515,491,509
2433,2,-0.158114,504,511,486,494
2434,4,2.498199,525,516,520,518
2435,0,-1.676007,481,475,500,491
2436,1,-0.569210,499,509,483,491
2437,3,1.201666,522,509,510,497
2438,2,0.221359,490,522,493,502
2439,3,0.411096,501,514,503,495
2440,1,-0.252982,506,494,497,495
2441,4,2.055480,515,508,521,521
2442,4,2.624690,533,520,506,524
2443,0,-1.391402,495,477,496,488
2444,3,-0.094868,511,478,507,501
2445,2,0.252982,510,502,496,500
2446,0,-1.739253,489,495,476,485
2447,4,2.972541,524,504,545,521
2448,0,-1.865744,488,484,489,480
2449,1,-0.347851,509,491,497,492
2450,4,3.130655,540,542,507,510
2451,3,0.094868,504,492,502,505
2452,2,-0.252982,496,489,501,506
2453,4,2.846050,532,527,510,521
2454,3,1.676007,506,528,492,527
2455,2,0.063246,493,514,492,503
2456,1,-0.758947,506,491,493,486
2457,3,0.727324,504,512,493,514
2458,0,-1.517893,491,491,491,479
2459,4,2.245217,511,526,501,533
2460,0,-0.727324,498,496,486,497
2461,4,1.612762,506,521,509,515
2462,1,-0.252982,488,511,493,500
2463,2,-0.031623,502,507,495,495
2464,3,0.664078,501,491,519,510
2465,3,0.505964,491,510,504,511
2466,4,1.391402,509,510,522,503
2467,2,0.031623,490,509,505,497
2468,2,-0.221359,492,485,511,505
2469,4,1.581139,502,522,524,502
2470,4,1.517893,520,514,512,502
2471,4,2.972541,534,531,510,519
2472,4,2.371708,510,527,522,516
2473,2,0.442719,510,517,496,491
2474,1,-1.517893,496,504,480,472
2475,2,-0.284605,483,508,495,505
2476,4,3.984470,525,512,541,548
2477,1,-0.980306,495,484,482,508
2478,1,-1.233288,478,491,490,502
2479,1,-0.885438,508,489,486,489
2480,3,0.600833,511,503,517,488
2481,3,0.379473,513,507,487,505
2482,4,1.739253,507,524,511,513
2483,3,0.948683,520,510,503,497
2484,3,0.980306,503,506,499,523
2485,3,0.505964,509,486,512,509
2486,3,0.600833,509,483,515,512
2487,1,-0.853815,485,491,505,492
2488,3,0.505964,525,507,502,482
2489,1,-0.758947,487,501,490,498
2490,4,2.529822,514,535,514,517
2491,2,0.758947,520,523,482,499
2492,4,1.676007,518,515,515,505
2493,3,0.569210,513,503,494,508
2494,1,-0.822192,489,485,501,499
2495,4,2.529822,513,515,521,531
2496,3,0.695701,494,506,516,506
2497,3,0.695701,504,493,505,520
2498,2,0.885438,508,522,500,498
2499,4,2.276840,541,501,524,506
2500,3,0.031623,504,514,476,507
2501,4,1.233288,521,507,505,506
2502,3,1.170043,510,527,495,505
2503,0,-2.371708,483,489,472,481
2504,3,0.158114,506,504,508,487
2505,2,-0.505964,515,478,507,484
2506,3,1.011929,509,519,515,489
2507,3,0.221359,506,483,514,504
2508,2,-0.221359,499,484,508,502
2509,3,0.600833,510,508,501,500
2510,0,-1.865744,476,483,487,495
2511,2,-0.063246,489,521,516,472
2512,3,1.770875,515,528,500,513
2513,4,2.276840,508,515,526,523
2514,3,0.284605,513,476,510,510
2515,3,0.948683,514,495,518,503
2516,4,2.371708,511,505,532,527
2517,2,-0.094868,486,474,530,507
2518,1,-0.948683,497,509,493,471
2519,4,2.434954,527,521,524,505
2520,4,1.391402,512,511,515,506
2521,1,-0.126491,497,489,511,499
2522,1,-1.264911,477,471,494,518
2523,0,-1.296534,488,499,477,495
2524,0,-2.814427,466,475,484,486
2525,2,0.632456,513,520,496,491
2526,4,1.549516,510,509,524,506
2527,0,-2.529822,479,451,499,491
2528,2,0.252982,506,489,497,516
2529,1,-1.581139,464,488,506,492
2530,2,-0.569210,486,512,479,505
2531,3,1.423025,496,509,527,513
2532,2,0.727324,494,500,511,518
2533,3,1.517893,508,532,491,517
2534,4,1.928989,517,521,505,518
2535,1,-0.063246,521,500,493,484
2536,4,1.423025,517,520,501,507
2537,0,-1.992235,494,481,480,482
2538,4,2.181972,536,519,502,512
2539,3,1.581139,488,507,528,527
2540,2,0.347851,492,495,512,512
2541,4,2.308463,501,523,531,518
2542,4,1.770875,517,502,520,517
2543,0,-3.352014,478,485,462,469
2544,0,-0.727324,487,496,494,500
2545,1,-0.474342,497,483,508,497
2546,4,2.782804,523,533,510,522
2547,0,-1.106797,499,484,482,500
2548,0,-2.055480,482,496,496,461
2549,0,-2.276840,473,469,495,491
2550,2,-0.442719,502,487,501,496
2551,0,-0.474342,494,500,499,492
2552,3,1.106797,516,511,496,512
2553,2,-0.727324,503,489,507,478
2554,4,1.865744,514,527,511,507
2555,2,0.727324,512,518,499,494
2556,2,0.189737,497,504,497,508
2557,1,0.031623,497,498,507,499
2558,4,2.719559,515,511,531,529
2559,3,-0.094868,504,480,504,509
2560,2,0.063246,509,502,493,498
2561,2,-0.094868,502,499,493,503
2562,1,-0.600833,491,485,507,498
2563,4,3.731488,531,544,522,521
2564,3,0.379473,520,503,502,487
2565,1,-0.347851,495,486,497,511
2566,2,-0.695701,501,493,501,483
2567,1,-0.758947,469,495,497,515
2568,2,0.221359,497,479,519,512
2569,2,0.379473,508,490,524,490
2570,0,-2.118726,479,466,493,495
2571,1,-0.411096,488,509,491,499
2572,3,0.727324,507,510,497,509
2573,4,2.276840,509,525,512,526
2574,4,1.391402,505,516,504,519
2575,0,-3.067409,464,481,496,462
2576,2,-0.695701,510,473,492,503
2577,1,-0.790569,489,482,515,489
2578,2,-0.569210,483,501,517,481
2579,0,-1.960612,493,472,484,489
2580,1,-1.233288,488,487,504,482
2581,1,-0.822192,488,481,513,492
2582,2,0.189737,506,493,508,499
2583,1,-0.632456,480,494,508,498
2584,3,0.537587,506,514,487,510
2585,4,2.846050,540,516,513,521
2586,3,1.264911,513,514,497,516
2587,0,-3.510128,451,461,496,481
2588,2,-0.316228,482,510,494,504
2589,0,-3.257146,484,463,484,466
2590,3,1.264911,507,524,511,498
2591,1,0.000000,508,496,496,500
2592,1,-0.252982,491,526,477,498
2593,1,0.031623,510,492,500,499
2594,1,-0.727324,496,478,504,499
2595,3,0.379473,491,501,509,511
2596,1,-0.632456,492,514,475,499
2597,2,0.031623,508,491,510,492
2598,4,2.087103,505,538,508,515
2599,0,-1.328157,495,479,496,488
2600,1,-1.043552,491,491,514,471
2601,0,-1.739253,487,496,467,495
2602,2,1.043552,492,517,530,494
2603,0,-1.581139,481,478,493,498
2604,3,0.252982,507,501,507,493
2605,0,-2.498199,479,473,490,479
2606,4,1.676007,507,530,511,505
2607,1,-0.537587,483,497,505,498
2608,0,-2.340085,487,470,497,472
2609,4,1.960612,530,511,509,512
2610,4,2.498199,529,539,508,503
2611,3,0.664078,510,505,496,510
2612,4,1.960612,515,514,509,524
2613,4,1.106797,505,505,515,510
2614,2,-0.316228,502,489,493,506
2615,4,1.106797,521,503,505,506
2616,4,2.087103,505,526,505,530
2617,0,-1.043552,492,489,498,488
2618,3,1.549516,525,530,488,506
2619,0,-1.201666,498,486,493,485
2620,0,-1.612762,495,487,492,475
2621,1,-0.790569,491,510,479,495
2622,4,2.529822,520,511,526,523
2623,4,1.359779,503,505,508,527
2624,4,0.822192,507,506,511,502
2625,0,-1.138420,494,482,492,496
2626,3,1.075174,514,519,506,495
2627,3,0.664078,504,509,513,495
2628,3,1.770875,529,510,525,492
2629,2,1.517893,500,523,500,525
2630,4,1.138420,508,507,509,512
2631,1,-0.379473,513,500,476,499
2632,4,3.257146,538,522,534,509
2633,2,0.221359,497,499,504,507
2634,3,0.980306,511,522,496,502
2635,2,0.189737,499,494,510,503
2636,2,0.221359,502,486,496,523
2637,4,3.004164,523,519,527,526
2638,3,0.980306,501,521,491,518
2639,4,2.023858,523,526,508,507
2640,3,0.885438,488,514,518,508
2641,4,2.498199,525,511,514,529
2642,0,-1.897367,492,484,484,480
2643,2,-0.031623,496,520,477,506
2644,1,-1.423025,504,488,482,481
2645,1,-1.233288,506,477,491,487
2646,4,1.644384,523,509,510,510
2647,1,-1.296534,488,472,496,503
2648,4,1.264911,507,505,509,519
2649,3,2.181972,518,500,521,530
2650,4,1.233288,518,501,516,504
2651,4,1.612762,505,520,508,518
2652,1,-1.770875,478,504,473,489
2653,4,3.478505,525,527,516,542
2654,1,-1.011929,479,500,488,501
2655,2,0.189737,506,493,510,497
2656,0,-3.320392,468,473,476,478
2657,3,0.221359,489,503,501,514
2658,3,1.517893,517,520,515,496
2659,1,-1.075174,507,478,489,492
2660,0,-1.296534,487,500,479,493
2661,1,-0.031623,488,528,484,499
2662,1,-1.043552,488,515,480,484
2663,1,0.000000,493,536,479,492
2664,4,2.371708,522,530,511,512
2665,1,-0.379473,491,485,517,495
2666,4,4.522057,537,531,535,540
2667,4,1.676007,512,519,511,511
2668,3,0.316228,501,503,500,506
2669,3,0.727324,510,514,507,492
2670,3,1.770875,522,525,500,509
2671,0,-0.411096,496,494,497,500
2672,0,-1.201666,486,499,485,492
2673,2,0.442719,497,489,514,514
2674,3,0.885438,514,511,497,506
2675,2,0.569210,514,495,509,500
2676,3,0.505964,512,501,492,511
2677,3,0.790569,501,520,492,512
2678,4,3.826356,527,526,543,525
2679,3,0.790569,501,506,500,518
2680,2,0.158114,496,496,505,508
2681,1,-0.822192,480,489,498,507
2682,3,1.581139,496,516,519,519
2683,4,2.940918,523,543,512,515
2684,4,1.928989,509,508,534,510
2685,2,0.758947,528,518,479,499
2686,0,-1.770875,497,482,490,475
2687,4,2.308463,516,527,509,521
2688,3,1.676007,518,527,492,516
2689,0,-1.992235,477,486,494,480
2690,0,-2.371708,475,479,499,472
2691,3,1.011929,495,521,506,510
2692,3,0.158114,487,503,508,507
2693,4,1.992235,530,509,511,513
2694,1,-0.569210,485,520,491,486
2695,0,-2.877673,500,469,472,468
2696,1,-2.181972,505,478,482,466
2697,1,-0.632456,492,503,494,491
2698,2,0.411096,516,491,508,498
2699,3,1.106797,505,481,535,514
2700,2,0.000000,504,491,499,506
2701,1,-0.284605,489,500,499,503
2702,3,0.790569,503,508,519,495
2703,3,0.917061,507,497,520,505
2704,3,1.296534,526,522,479,514
2705,3,0.664078,511,490,510,510
2706,2,0.094868,508,494,508,493
2707,3,1.423025,516,524,508,497
2708,2,-0.442719,501,526,462,497
2709,4,2.972541,524,518,526,526
2710,2,0.031623,483,500,511,507
2711,4,2.340085,521,509,517,527
2712,3,0.411096,503,492,511,507
2713,2,-0.063246,502,491,498,507
2714,0,-1.770875,468,488,493,495
2715,4,1.897367,527,513,501,519
2716,4,1.138420,517,502,506,511
2717,1,-0.284605,503,500,491,497
2718,4,1.486271,508,504,516,519
2719,1,-0.790569,488,480,487,520
2720,4,0.980306,513,507,510,501
2721,4,1.644384,503,510,527,512
2722,4,2.118726,528,533,502,504
2723,2,0.252982,494,489,513,512
2724,0,-1.549516,491,487,494,479
2725,2,-0.411096,512,505,498,472
2726,3,0.189737,502,501,504,499
2727,1,-0.316228,493,499,494,504
2728,0,-3.668242,471,492,460,461
2729,0,-1.770875,491,467,497,489
2730,0,-0.917061,492,498,488,493
2731,1,-0.252982,514,493,499,486
2732,1,0.031623,488,498,499,516
2733,3,0.664078,512,518,504,487
2734,1,-0.758947,491,489,504,492
2735,2,-0.316228,496,487,502,505
2736,2,0.158114,513,503,495,494
2737,2,-0.221359,498,491,503,501
2738,2,0.221359,493,507,512,495
2739,3,-0.094868,480,501,504,512
2740,0,-2.529822,485,479,476,480
2741,4,2.782804,524,521,514,529
2742,3,1.328157,508,492,533,509
2743,1,-0.632456,499,488,512,481
2744,2,0.158114,503,509,499,494
2745,2,-0.948683,490,471,507,502
2746,3,0.758947,498,502,522,502
2747,2,-0.537587,489,491,502,501
2748,4,1.011929,503,519,504,506
2749,3,0.442719,498,503,507,506
2750,2,-0.316228,499,485,504,502
2751,4,2.023858,519,518,520,507
2752,2,0.505964,493,512,491,520
2753,1,-0.347851,490,525,490,484
2754,2,-0.126491,504,497,503,492
2755,1,-0.411096,494,512,486,495
2756,0,-1.043552,498,480,499,490
2757,2,0.442719,521,497,505,491
2758,1,-0.885438,484,492,494,502
2759,3,1.170043,513,496,516,512
2760,2,-0.158114,501,491,514,489
2761,3,0.727324,491,509,516,507
2762,1,0.126491,498,506,500,500
2763,0,-2.877673,485,486,475,463
2764,3,0.411096,518,504,506,485
2765,2,0.158114,509,496,499,501
2766,0,-1.296534,488,482,490,499
2767,4,3.541751,534,517,533,528
2768,1,-0.252982,493,499,486,514
2769,3,0.063246,501,507,502,492
2770,2,-0.790569,505,501,475,494
2771,1,-0.569210,496,503,487,496
2772,1,-0.158114,498,502,499,496
2773,1,-0.853815,497,497,505,474
2774,3,0.822192,505,498,502,521
2775,2,-0.505964,506,511,473,494
2776,0,-2.498199,467,474,486,494
2777,3,0.695701,504,517,489,512
2778,1,-0.411096,498,506,494,489
2779,3,0.505964,504,515,503,494
2780,3,0.948683,507,496,514,513
2781,3,0.221359,509,481,516,501
2782,0,-1.486271,493,472,500,488
2783,2,-0.094868,493,508,494,502
2784,2,-1.106797,502,462,506,495
2785,3,1.170043,503,530,490,514
2786,1,-0.948683,496,474,520,480
2787,4,1.201666,513,511,508,506
2788,1,0.031623,491,494,517,499
2789,1,-0.411096,492,490,512,493
2790,2,-0.126491,487,523,484,502
2791,1,-1.043552,494,485,502,486
2792,3,1.233288,507,526,497,509
2793,0,-1.707630,480,484,494,488
2794,0,-1.011929,487,491,492,498
2795,2,-0.632456,482,503,478,517
2796,3,0.695701,511,514,496,501
2797,4,1.802498,516,507,523,511
2798,1,-0.537587,500,508,484,491
2799,4,1.138420,501,526,507,502
2800,1,0.379473,495,526,491,500
2801,4,1.897367,511,521,513,515
2802,3,0.158114,493,502,508,502
2803,4,0.980306,510,508,508,505
2804,0,-2.498199,475,474,496,476
2805,1,-0.948683,490,488,491,501
2806,1,-0.790569,485,498,513,479
2807,0,-2.972541,488,486,464,468
2808,2,0.442719,502,497,521,494
2809,1,-1.106797,504,498,489,474
2810,3,0.948683,517,507,497,509
2811,1,-0.822192,492,502,489,491
2812,1,-0.411096,485,498,497,507
2813,3,0.885438,501,504,495,528
2814,0,-2.687936,494,466,483,472
2815,3,2.023858,506,500,534,524
2816,3,0.758947,496,502,522,504
2817,2,-0.221359,486,510,492,505
2818,1,-1.138420,480,481,497,506
2819,4,1.359779,507,520,504,512
2820,2,1.170043,497,499,515,526
2821,4,2.656313,508,513,521,542
2822,2,-0.221359,501,492,503,497
2823,1,-0.727324,480,509,496,492
2824,0,-1.928989,479,500,482,478
2825,4,0.664078,505,506,503,507
2826,3,1.454648,513,485,529,519
2827,1,-1.423025,499,472,501,483
2828,4,2.371708,515,523,518,519
2829,2,-0.885438,482,487,501,502
2830,0,-1.834121,479,478,498,487
2831,4,2.940918,504,528,521,540
2832,2,-0.379473,510,501,484,493
2833,1,-0.980306,494,503,491,481
2834,3,2.023858,523,537,508,496
2835,1,-0.000000,498,498,522,482
2836,1,-1.454648,480,506,481,487
2837,2,-0.221359,497,487,508,501
2838,4,2.340085,512,528,516,518
2839,3,0.126491,512,505,506,481
2840,2,-0.189737,507,510,487,490
2841,0,-4.869908,456,473,459,458
2842,1,0.094868,499,498,506,500
2843,2,0.221359,495,497,506,509
2844,0,-1.897367,493,490,482,475
2845,3,1.486271,525,508,516,498
2846,1,0.252982,500,498,490,520
2847,0,-0.632456,497,489,500,494
2848,0,-1.928989,490,470,496,483
2849,4,1.770875,524,508,516,508
2850,4,1.138420,505,512,502,517
2851,2,0.505964,512,529,475,500
2852,4,3.573374,533,531,525,524
2853,0,-1.075174,495,491,491,489
2854,3,0.980306,513,516,497,505
2855,1,-1.423025,482,503,488,482
2856,2,0.885438,500,492,528,508
2857,1,-1.454648,491,486,501,476
2858,4,1.707630,527,502,514,511
2859,3,0.189737,502,513,480,511
2860,1,-1.897367,487,501,476,476
2861,1,-0.537587,492,494,491,506
2862,1,-1.517893,483,507,486,476
2863,4,1.928989,512,522,514,513
2864,1,-0.727324,496,483,503,495
2865,0,-2.023858,482,481,486,487
2866,2,-0.126491,474,495,512,515
2867,1,-1.581139,469,506,491,484
2868,2,0.442719,492,510,496,516
2869,1,-0.221359,498,491,499,505
2870,2,0.474342,515,514,490,496
2871,2,0.094868,489,498,515,501
2872,2,-0.284605,494,482,514,501
2873,3,3.193900,533,534,534,500
2874,3,0.790569,486,514,520,505
2875,2,-0.442719,511,520,474,481
2876,4,0.822192,504,511,506,505
2877,4,0.917061,513,505,505,506
2878,3,1.423025,524,493,515,513
2879,4,1.612762,514,509,507,521
2880,1,-0.031623,496,500,503,500
2881,0,-3.604997,463,471,470,482
2882,3,1.328157,522,492,512,516
2883,3,0.980306,488,511,511,521
2884,0,-3.288769,470,486,462,478
2885,3,1.802498,503,539,496,519
2886,4,1.676007,510,506,525,512
2887,1,0.347851,498,499,498,516
2888,1,-1.581139,481,474,508,487
2889,4,1.928989,511,506,520,524
2890,3,0.758947,504,527,482,511
2891,1,-0.980306,498,477,511,483
2892,4,1.834121,517,516,508,517
2893,0,-1.201666,492,499,478,493
2894,2,-0.158114,493,511,508,483
2895,3,1.454648,493,507,516,530
2896,3,0.569210,509,511,505,493
2897,4,1.106797,504,505,517,509
2898,2,-0.063246,506,493,485,514
2899,4,3.573374,542,523,521,527
2900,4,1.423025,510,502,501,532
2901,4,2.719559,516,553,509,508
2902,1,-0.474342,486,518,485,496
2903,1,-0.316228,496,493,511,490
2904,2,0.063246,487,488,512,515
2905,4,1.391402,507,518,502,517
2906,0,-3.099032,468,462,483,489
2907,2,-0.600833,503,494,503,481
2908,1,-0.822192,498,487,474,515
2909,0,-1.549516,493,475,486,497
2910,1,-1.043552,507,495,478,487
2911,3,0.189737,510,488,506,502
2912,0,-2.940918,487,473,477,470
2913,1,-0.822192,518,477,488,491
2914,2,0.505964,525,483,515,493
2915,3,1.201666,519,493,517,509
2916,3,1.011929,510,515,486,521
2917,2,0.126491,499,510,501,494
2918,3,1.011929,513,500,516,503
2919,2,-0.411096,503,498,482,504
2920,1,-0.727324,503,494,497,483
2921,3,0.221359,502,488,515,502
2922,1,-0.600833,488,495,494,504
2923,3,0.316228,505,511,488,506
2924,4,2.403331,519,520,517,520
2925,4,1.834121,501,511,511,535
2926,1,-1.739253,482,484,509,470
2927,3,2.624690,531,535,521,496
2928,1,-0.917061,479,500,477,515
2929,2,0.727324,514,500,499,510
2930,3,1.549516,521,531,493,504
2931,2,-0.158114,503,515,481,496
2932,1,-1.043552,471,489,494,513
2933,4,1.233288,506,510,517,506
2934,4,1.201666,513,501,510,514
2935,3,1.296534,498,508,533,502
2936,1,-1.264911,476,479,496,509
2937,2,0.569210,518,514,500,486
2938,3,1.138420,521,504,498,513
2939,2,-0.727324,511,479,509,478
2940,1,-0.980306,491,501,488,489
2941,0,-2.719559,492,481,482,459
2942,1,-1.011929,479,495,488,506
2943,2,0.000000,492,500,504,504
2944,0,-1.834121,484,480,494,484
2945,2,0.063246,487,497,510,508
2946,0,-2.656313,477,494,474,471
2947,2,0.695701,500,511,493,518
2948,0,-1.486271,486,489,494,484
2949,4,1.676007,520,516,508,509
2950,0,-1.138420,479,498,491,496
2951,3,0.600833,507,511,510,491
2952,0,-1.612762,485,487,491,486
2953,1,-0.917061,495,505,482,489
2954,2,0.316228,497,512,494,507
2955,3,1.517893,503,496,522,527
2956,1,-0.600833,492,518,484,487
2957,0,-1.043552,490,489,490,498
2958,1,-0.347851,507,487,496,499
2959,4,0.853815,507,509,509,502
2960,1,-0.948683,465,499,511,495
2961,4,1.676007,513,505,516,519
2962,2,-0.031623,489,492,517,501
2963,1,-0.727324,480,500,495,502
2964,3,0.948683,485,511,526,508
2965,4,1.676007,503,517,521,512
2966,4,2.276840,506,513,527,526
2967,3,1.770875,529,518,487,522
2968,0,-0.822192,490,491,499,494
2969,0,-1.834121,479,496,490,477
2970,0,-1.897367,477,495,487,481
2971,3,0.917061,501,527,508,493
2972,1,-1.075174,508,476,497,485
2973,0,-3.320392,474,475,470,476
2974,1,-1.011929,481,495,482,510
2975,2,-0.411096,502,502,498,485
2976,2,-0.316228,501,472,523,494
2977,3,0.158114,484,504,506,511
2978,4,4.395566,549,534,530,526
2979,2,-0.316228,495,485,508,502
2980,1,-0.727324,492,490,503,492
2981,1,-0.442719,492,507,494,493
2982,2,-0.917061,503,469,505,494
2983,2,-0.664078,473,508,489,509
2984,1,-0.632456,490,485,514,491
2985,2,-0.569210,506,503,483,490
2986,2,-0.948683,514,486,501,469
2987,2,0.063246,482,497,506,517
2988,2,0.252982,507,495,508,498
2989,4,1.549516,510,510,518,511
2990,0,-2.340085,469,486,488,483
2991,1,-0.569210,500,506,491,485
2992,3,0.980306,509,521,506,495
2993,4,1.739253,507,513,522,513
2994,2,-1.233288,509,477,471,504
2995,0,-1.170043,492,490,484,497
2996,1,-0.917061,489,496,515,471
2997,3,0.284605,501,514,492,502
2998,4,0.853815,504,511,508,504
2999,3,1.106797,536,510,503,486
3000,1,-1.264911,490,478,503,489
3001,0,-2.118726,485,485,486,477
3002,0,-1.928989,481,473,496,489
3003,4,0.853815,504,509,506,508
3004,0,-1.802498,489,488,497,469
3005,0,-2.308463,476,480,483,488
3006,2,-0.031623,499,504,501,495
3007,4,2.055480,510,514,520,521
3008,4,3.288769,527,530,528,519
3009,4,1.644384,504,510,512,526
3010,3,0.600833,517,516,501,485
3011,3,0.252982,486,512,504,506
3012,1,-1.296534,479,474,498,508
3013,0,-0.980306,486,499,499,485
3014,2,0.853815,496,520,500,511
3015,4,2.561445,521,533,511,516
3016,0,-1.454648,493,496,483,482
3017,2,-0.632456,484,491,501,504
3018,2,0.885438,513,496,522,497
3019,0,-2.940918,484,461,487,475
3020,2,-0.442719,484,492,505,505
3021,2,0.094868,501,494,509,499
3022,4,1.328157,505,507,518,512
3023,2,0.758947,497,528,496,503
3024,2,0.948683,519,498,525,488
3025,3,1.296534,514,499,507,521
3026,1,-0.189737,495,486,517,496
3027,3,1.233288,500,507,524,508
3028,3,0.600833,502,511,494,512
3029,0,-2.782804,476,487,482,467
3030,4,1.834121,511,531,512,504
3031,1,-0.158114,496,493,511,495
3032,2,-0.284605,493,512,484,502
3033,0,-2.466577,480,486,483,473
3034,1,0.126491,497,496,499,512
3035,4,0.664078,514,501,505,501
3036,4,2.687936,507,518,538,522
3037,3,1.106797,512,510,513,500
3038,4,1.928989,515,514,513,519
3039,2,0.474342,524,484,515,492
3040,4,1.517893,508,523,504,513
3041,4,1.581139,508,504,513,525
3042,4,1.707630,514,516,516,508
3043,0,-1.897367,479,469,496,496
3044,1,-1.011929,489,505,486,488
3045,2,0.158114,496,513,488,508
3046,3,1.170043,502,523,489,523
3047,0,-1.264911,498,491,485,486
3048,1,-0.347851,502,495,494,498
3049,3,0.790569,517,502,506,500
3050,1,-1.106797,495,513,479,478
3051,1,-0.031623,500,510,494,495
3052,2,0.347851,501,515,499,496
3053,3,0.505964,495,502,509,510
3054,0,-0.284605,499,496,496,500
3055,3,1.043552,505,511,495,522
3056,2,-0.094868,502,498,501,496
3057,3,2.940918,530,533,494,536
3058,2,-0.252982,505,512,490,485
3059,3,0.853815,485,505,529,508
3060,2,-0.158114,500,504,501,490
3061,2,0.252982,498,491,514,505
3062,0,-3.067409,479,483,470,471
3063,3,1.170043,504,495,535,503
3064,3,-0.442719,501,476,508,501
3065,0,-1.960612,472,493,490,483
3066,2,0.126491,478,521,495,510
3067,4,1.960612,518,504,528,512
3068,1,-1.233288,479,484,503,495
3069,1,-0.031623,496,496,500,507
3070,4,3.257146,536,507,519,541
3071,3,0.221359,501,506,502,498
3072,0,-1.486271,475,493,497,488
3073,2,-0.948683,475,509,483,503
3074,1,-0.031623,498,490,520,491
3075,0,-1.106797,496,473,500,496
3076,0,-2.245217,472,486,495,476
3077,4,3.921224,521,545,519,539
3078,3,0.252982,508,474,524,502
3079,4,1.549516,514,516,506,513
3080,0,-3.035787,456,466,500,482
3081,3,0.474342,507,507,497,504
3082,2,0.474342,490,512,516,497
3083,4,1.802498,505,512,517,523
3084,1,-0.632456,480,497,509,494
3085,1,-1.391402,482,505,480,489
3086,0,-1.486271,488,492,486,487
3087,4,2.434954,532,528,509,508
3088,3,1.739253,518,531,511,495
3089,2,0.853815,479,525,492,531
3090,4,3.383637,529,527,516,535
3091,1,-1.486271,470,517,477,489
3092,4,3.668242,509,550,518,539
3093,0,-1.802498,483,495,473,492
3094,2,-0.000000,489,508,516,487
3095,0,-3.541751,470,477,463,478
3096,4,1.233288,511,509,502,517
3097,3,0.948683,495,519,508,508
3098,3,0.885438,513,515,499,501
3099,3,0.664078,514,495,504,508
3100,4,1.201666,516,508,501,513
3101,3,0.158114,509,506,510,480
3102,4,1.359779,502,510,519,512
3103,1,0.031623,500,485,518,498
3104,2,0.505964,510,500,499,507
3105,4,3.193900,531,503,539,528
3106,4,1.960612,508,525,522,507
3107,0,-4.174207,474,467,470,457
3108,2,0.442719,494,487,519,514
3109,2,0.158114,503,498,489,515
3110,1,-1.802498,476,486,506,475
3111,3,1.233288,501,513,500,525
3112,1,-0.379473,497,483,493,515
3113,0,-2.023858,476,486,486,488
3114,3,0.790569,515,493,503,514
3115,1,-0.537587,504,493,497,489
3116,1,-0.505964,509,499,489,487
3117,2,0.063246,493,507,506,496
3118,4,3.826356,533,509,538,541
3119,4,3.415260,523,527,535,523
3120,4,1.960612,507,531,515,509
3121,3,0.885438,494,515,504,515
3122,1,-0.885438,480,514,497,481
3123,2,-0.094868,511,515,500,471
3124,2,0.600833,500,498,515,506
3125,4,3.067409,534,531,518,514
3126,4,2.181972,513,517,514,525
3127,1,-1.138420,489,510,489,476
3128,4,2.498199,521,514,512,532
3129,1,-1.075174,502,500,473,491
3130,0,-1.960612,487,487,476,488
3131,3,1.233288,531,503,514,491
3132,1,-0.569210,500,496,503,483
3133,2,0.790569,518,494,517,496
3134,2,-0.126491,501,496,507,492
3135,0,-2.276840,486,494,472,476
3136,3,-0.221359,471,508,502,512
3137,1,-0.158114,491,525,487,492
3138,1,0.474342,495,522,500,498
3139,2,0.284605,514,519,481,495
3140,0,-0.885438,500,486,495,491
3141,4,3.446883,539,522,528,520
3142,4,1.802498,513,529,502,513
3143,0,-0.853815,497,494,493,489
3144,3,0.727324,512,504,500,507
3145,3,0.664078,501,501,499,520
3146,0,-4.711794,461,473,451,466
3147,0,-2.687936,490,471,487,467
3148,4,2.466577,514,513,519,532
3149,4,1.960612,502,533,504,523
3150,1,-0.853815,493,475,521,484
3151,3,1.233288,492,521,517,509
3152,3,-0.347851,501,479,503,506
3153,3,1.170043,513,509,515,500
3154,2,-0.063246,489,503,495,511
3155,2,-0.411096,505,484,497,501
3156,2,0.442719,492,497,521,504
3157,1,-1.170043,496,509,473,485
3158,0,-2.498199,473,484,495,469
3159,1,-1.676007,475,486,482,504
3160,0,-1.960612,476,483,482,497
3161,1,-1.138420,491,485,487,501
3162,3,0.252982,504,504,498,502
3163,0,-2.150349,492,474,482,484
3164,2,-1.296534,472,508,476,503
3165,4,2.877673,521,524,506,540
3166,4,0.948683,507,510,504,509
3167,1,-0.221359,490,492,513,498
3168,0,-1.612762,481,498,497,473
3169,1,-1.043552,495,483,486,503
3170,3,0.569210,500,504,509,505
3171,0,-3.604997,480,468,493,445
3172,4,1.106797,506,517,511,501
3173,0,-2.087103,487,494,467,486
3174,3,0.822192,505,506,516,499
3175,4,0.948683,509,513,505,503
3176,3,0.727324,494,506,510,513
3177,2,-0.221359,504,502,499,488
3178,3,1.264911,534,508,508,490
3179,1,-0.474342,492,499,508,486
3180,4,1.549516,509,506,514,520
3181,3,0.126491,505,507,486,506
3182,1,-1.138420,500,509,474,481
3183,0,-2.023858,479,484,493,480
3184,3,1.897367,499,527,519,515
3185,3,0.632456,511,516,512,481
3186,3,-0.347851,471,508,502,508
3187,0,-0.569210,491,500,492,499
3188,4,3.288769,531,543,514,516
3189,4,1.581139,514,509,520,507
3190,1,-0.632456,492,483,520,485
3191,1,-2.371708,477,463,516,469
3192,3,0.664078,497,507,509,508
3193,0,-3.193900,468,488,475,468
3194,2,0.284605,497,518,480,514
3195,2,0.347851,496,503,497,515
3196,4,2.403331,523,506,532,515
3197,0,-1.581139,480,489,482,499
3198,2,-0.094868,493,521,471,512
3199,2,1.391402,537,492,516,499
3200,0,-1.644384,496,491,493,468
3201,4,2.846050,527,530,522,511
3202,2,0.252982,507,490,500,511
3203,3,1.201666,513,500,518,507
3204,1,-1.454648,469,494,477,514
3205,0,-3.604997,462,469,486,469
3206,3,1.170043,502,484,525,526
3207,3,1.707630,500,525,517,512
3208,1,0.094868,494,499,495,515
3209,2,0.094868,498,502,499,504
3210,1,-0.600833,500,503,486,492
3211,3,2.782804,498,543,533,514
3212,2,0.505964,518,491,500,507
3213,0,-1.739253,476,481,490,498
3214,0,-1.328157,493,483,493,489
3215,3,0.632456,507,511,502,500
3216,3,1.486271,528,489,520,510
3217,1,-0.758947,502,500,485,489
3218,3,0.758947,512,497,508,507
3219,1,-0.727324,495,480,504,498
3220,2,-0.474342,493,507,483,502
3221,0,-1.454648,487,478,493,496
3222,0,-2.213594,490,482,478,480
3223,2,-0.316228,484,505,510,491
3224,4,2.561445,525,506,528,522
3225,0,-2.403331,474,496,475,479
3226,4,3.035787,530,521,522,523
3227,2,-0.031623,491,505,512,491
3228,2,-0.505964,486,487,501,510
3229,3,0.189737,511,505,477,513
3230,3,0.063246,504,501,508,489
3231,0,-1.676007,487,482,492,486
3232,2,0.442719,501,515,498,500
3233,4,2.593068,505,521,527,529
3234,2,-0.442719,502,502,496,486
3235,1,-1.170043,489,504,478,492
3236,2,-0.442719,490,486,507,503
3237,1,-0.379473,494,492,491,511
3238,0,-1.423025,488,497,488,482
3239,3,2.814427,512,500,534,543
3240,3,0.537587,510,505,497,505
3241,3,0.126491,507,508,488,501
3242,1,-0.790569,488,510,489,488
3243,3,0.980306,528,508,501,494
3244,2,0.727324,496,516,521,490
3245,4,1.834121,516,522,516,504
3246,2,1.233288,515,500,526,498
3247,0,-1.770875,494,487,490,473
3248,3,1.296534,514,491,533,503
3249,1,-0.695701,498,499,478,503
3250,2,-0.221359,473,500,501,519
3251,2,-0.758947,505,487,482,502
3252,4,2.055480,510,517,518,520
3253,1,-0.505964,512,492,500,480
3254,2,-0.505964,503,510,482,489
3255,3,0.031623,503,506,490,502
3256,4,2.181972,514,520,520,515
3257,3,0.316228,513,502,494,501
3258,3,1.170043,507,515,500,515
3259,0,-2.814427,469,486,471,485
3260,0,-0.695701,489,499,499,491
3261,0,-2.087103,476,481,487,490
3262,4,1.960612,518,518,511,515
3263,0,-2.687936,474,500,470,471
3264,3,0.158114,501,502,493,509
3265,3,0.727324,509,515,495,504
3266,3,0.569210,495,507,507,509
3267,2,0.316228,509,512,492,497
3268,4,2.023858,537,512,514,501
3269,2,0.158114,514,501,500,490
3270,1,-1.011929,489,504,488,487
3271,3,0.664078,491,513,513,504
3272,4,1.676007,508,513,512,520
3273,1,0.632456,498,535,495,492
3274,3,0.664078,503,481,515,522
3275,1,-1.106797,475,491,509,490
3276,4,3.668242,515,544,535,522
3277,1,-1.106797,483,503,489,490
3278,3,1.739253,516,535,495,509
3279,2,0.158114,512,490,496,507
3280,2,-0.948683,478,509,504,479
3281,3,-0.063246,508,504,501,485
3282,4,2.877673,515,535,528,513
3283,1,-0.980306,481,495,503,490
3284,2,0.000000,506,505,495,494
3285,1,-0.822192,508,480,500,486
3286,3,2.340085,534,520,520,500
3287,1,-0.474342,490,515,491,489
3288,3,1.296534,522,522,508,489
3289,2,-0.347851,484,491,503,511
3290,0,-2.055480,487,486,475,487
3291,2,0.632456,499,508,513,500
3292,0,-2.308463,481,500,469,477
3293,1,-0.569210,485,498,504,495
3294,2,0.031623,509,499,485,508
3295,1,-1.106797,494,488,503,480
3296,4,3.510128,526,524,530,531
3297,4,1.201666,522,502,511,503
3298,2,0.284605,511,502,500,496
3299,1,-0.221359,501,496,498,498
3300,2,0.695701,497,495,520,510
3301,4,0.853815,513,507,501,506
3302,3,1.011929,491,505,534,502
3303,1,-1.201666,480,486,505,491
3304,4,1.296534,511,502,504,524
3305,3,0.885438,515,511,511,491
3306,2,0.252982,512,494,506,496
3307,2,0.632456,493,532,487,508
3308,0,-2.118726,480,482,488,483
3309,2,-0.632456,474,512,507,487
3310,2,1.233288,497,526,491,525
3311,0,-2.087103,473,492,492,477
3312,1,-1.138420,478,507,481,498
3313,1,-1.043552,485,476,510,496
3314,1,-0.790569,512,478,493,492
3315,1,0.284605,493,523,495,498
3316,2,0.505964,501,538,478,499
3317,2,-0.442719,520,489,504,473
3318,2,-0.221359,503,485,510,495
3319,3,1.359779,515,511,521,496
3320,3,1.106797,487,525,514,509
3321,3,0.252982,503,509,489,507
3322,1,-1.707630,501,495,488,462
3323,1,-0.758947,498,502,498,478
3324,4,2.498199,536,533,509,501
3325,1,-1.517893,485,521,473,473
3326,4,2.529822,518,524,522,516
3327,3,2.308463,536,500,511,526
3328,1,-0.316228,495,509,491,495
3329,3,1.011929,517,507,498,510
3330,1,-0.063246,495,490,497,516
3331,1,-2.023858,480,470,502,484
3332,1,-0.442719,484,490,515,497
3333,2,0.094868,503,506,495,499
3334,3,0.632456,504,496,504,516
3335,2,-0.063246,490,505,507,496
3336,4,2.276840,510,530,523,509
3337,2,-0.252982,508,492,487,505
3338,0,-1.359779,496,484,493,484
3339,2,0.347851,530,478,506,497
3340,2,0.379473,505,511,498,498
3341,2,-0.031623,486,505,510,498
3342,0,-1.296534,483,500,490,486
3343,3,0.284605,494,504,505,506
3344,2,-0.094868,484,485,524,504
3345,4,3.004164,515,533,525,522
3346,2,0.569210,496,496,510,516
3347,4,3.004164,524,524,527,520
3348,1,-0.284605,494,526,474,497
3349,4,2.656313,528,521,522,513
3350,2,0.885438,505,495,500,528
3351,4,2.656313,517,525,522,520
3352,2,-0.063246,503,500,512,483
3353,2,0.063246,490,500,506,506
3354,2,0.189737,505,500,502,499
3355,1,-1.075174,495,509,482,480
3356,1,-1.264911,476,503,490,491
3357,1,-0.158114,513,486,497,499
3358,4,1.549516,507,515,517,510
3359,1,-0.126491,498,512,487,499
3360,2,-0.252982,488,496,501,507
3361,3,1.612762,516,527,491,517
3362,1,-0.347851,493,501,497,498
3363,3,1.106797,503,512,498,522
3364,0,-0.632456,493,492,496,499
3365,4,2.529822,539,517,506,518
3366,0,-3.541751,465,474,500,449
3367,3,0.379473,509,501,516,486
3368,1,-0.885438,516,478,499,479
3369,2,0.822192,523,478,528,497
3370,4,1.644384,517,510,514,511
3371,3,0.474342,494,505,503,513
3372,4,2.466577,519,507,525,527
3373,1,-0.189737,496,512,498,488
3374,0,-1.075174,489,490,495,492
3375,0,-0.885438,491,500,491,490
3376,2,-0.031623,505,514,490,490
3377,0,-1.138420,495,480,494,495
3378,4,2.118726,529,504,519,515
3379,2,0.316228,497,496,510,507
3380,2,0.537587,498,507,499,513
3381,2,0.000000,501,498,499,502
3382,1,-2.150349,476,474,502,480
3383,4,1.106797,503,506,511,515
3384,1,-0.758947,511,480,500,485
3385,1,-1.612762,482,503,482,482
3386,1,-1.011929,482,497,485,504
3387,1,-1.486271,479,501,479,494
3388,0,-1.106797,499,498,480,488
3389,3,0.189737,490,504,508,504
3390,3,0.221359,493,509,504,501
3391,1,-0.600833,501,500,499,481
3392,3,0.758947,508,512,498,506
3393,4,2.434954,511,503,545,518
3394,4,3.035787,534,522,515,525
3395,3,0.727324,503,500,512,508
3396,1,-0.600833,511,493,484,493
3397,0,-1.834121,485,497,484,476
3398,0,-0.664078,487,500,492,500
3399,1,-0.379473,499,513,500,476
3400,3,1.865744,527,512,520,500
3401,3,0.885438,505,500,512,511
3402,3,0.316228,520,503,505,482
3403,4,1.676007,522,501,508,522
3404,0,-1.834121,467,493,492,490
3405,3,0.917061,519,500,503,507
3406,0,-1.992235,476,493,488,480
3407,3,1.106797,507,481,511,536
3408,3,1.296534,512,498,527,504
3409,2,0.917061,521,500,499,509
3410,3,0.695701,487,518,502,515
3411,2,0.252982,526,523,476,483
3412,3,1.928989,525,527,492,517
3413,0,-1.644384,486,486,493,483
3414,4,1.928989,504,510,514,533
3415,3,0.284605,522,483,501,503
3416,2,-0.600833,498,471,504,508
3417,1,-0.885438,505,489,481,497
3418,1,-0.600833,484,512,492,493
3419,1,-0.031623,490,486,499,524
3420,3,0.790569,510,505,514,496
3421,1,-1.391402,479,502,496,479
3422,3,0.569210,495,514,508,501
3423,4,1.201666,501,509,512,516
3424,0,-3.383637,486,477,459,471
3425,2,0.000000,498,506,488,508
3426,1,-3.162278,471,501,456,472
3427,2,0.347851,500,511,507,493
3428,2,-0.063246,497,492,505,504
3429,0,-1.454648,494,483,494,483
3430,2,0.505964,520,504,499,493
3431,3,0.853815,513,513,503,498
3432,3,1.264911,505,497,523,515
3433,1,-1.138420,488,481,493,502
3434,3,0.948683,517,508,499,506
3435,3,0.442719,491,505,512,506
3436,0,-1.423025,493,466,500,496
3437,3,1.138420,502,518,524,492
3438,3,0.758947,496,518,504,506
3439,0,-1.233288,483,493,497,488
3440,3,0.632456,515,493,507,505
3441,2,0.189737,509,509,497,491
3442,1,0.063246,497,518,497,490
3443,4,2.371708,522,518,521,514
3444,2,0.917061,489,500,516,524
3445,2,0.284605,501,496,487,525
3446,1,-0.252982,496,499,490,507
3447,1,0.252982,519,495,497,497
3448,3,0.411096,502,514,494,503
3449,2,-0.474342,487,501,505,492
3450,3,0.063246,501,496,502,503
3451,2,0.158114,485,517,494,509
3452,4,1.802498,505,527,509,516
3453,3,1.296534,529,508,491,513
3454,2,-0.537587,502,487,501,493
3455,0,-1.549516,482,493,490,486
3456,2,0.474342,499,485,523,508
3457,4,2.719559,528,523,519,516
3458,1,-0.284605,504,492,495,500
3459,2,0.664078,525,503,498,495
3460,1,-0.664078,490,491,490,508
3461,2,-0.031623,485,501,498,515
3462,3,0.347851,511,503,496,501
3463,2,-0.189737,520,507,499,468
3464,2,1.233288,522,532,492,493
3465,3,0.727324,504,526,507,486
3466,1,-0.758947,480,501,496,499
3467,0,-1.581139,499,462,494,495
3468,2,0.284605,490,492,510,517
3469,0,-0.695701,493,495,495,495
3470,4,0.948683,505,519,502,504
3471,1,-0.316228,496,484,511,499
3472,1,-1.423025,478,497,478,502
3473,3,1.233288,523,492,510,514
3474,0,-2.719559,496,478,470,470
3475,4,1.644384,506,507,509,530
3476,2,0.347851,499,504,517,491
3477,4,1.897367,506,526,509,519
3478,4,1.676007,513,512,514,514
3479,2,-0.094868,506,488,498,505
3480,1,-1.328157,477,482,493,506
3481,0,-1.138420,492,498,493,481
3482,2,-0.221359,482,510,491,510
3483,1,-0.252982,507,500,499,486
3484,3,0.442719,501,489,506,518
3485,1,-0.316228,492,507,495,496
3486,2,0.379473,494,509,510,499
3487,4,2.972541,525,521,529,519
3488,1,-0.917061,480,506,493,492
3489,1,-1.011929,492,489,480,507
3490,1,-1.834121,488,479,474,501
3491,3,1.201666,504,484,538,512
3492,1,-0.822192,497,501,481,495
3493,4,2.340085,516,532,511,515
3494,1,-0.126491,499,516,482,499
3495,3,1.960612,529,518,492,523
3496,3,1.581139,523,507,492,528
3497,1,-1.296534,484,493,481,501
3498,2,0.600833,492,505,523,499
3499,3,1.075174,527,508,507,492
3500,2,-1.106797,501,477,512,475
3501,3,1.106797,508,500,511,516
3502,4,3.225523,539,537,513,513
3503,4,1.517893,504,501,534,509
3504,1,-1.517893,482,488,501,481
3505,2,0.347851,497,496,512,506
3506,3,1.359779,512,513,518,500
3507,1,-0.347851,496,495,503,495
3508,3,1.264911,490,514,517,519
3509,1,-0.316228,490,492,508,500
3510,0,-2.403331,482,471,497,474
3511,1,0.063246,521,499,486,496
3512,3,0.600833,488,501,506,524
3513,4,3.668242,526,522,550,518
3514,1,-0.284605,486,499,497,509
3515,2,-0.316228,492,503,488,507
3516,4,2.434954,527,504,522,524
3517,2,0.316228,505,499,497,509
3518,1,-0.790569,498,515,486,476
3519,0,-2.561445,474,474,473,498
3520,0,-1.011929,494,484,493,497
3521,1,-0.411096,509,489,499,490
3522,3,1.454648,506,488,531,521
3523,2,0.632456,497,513,510,500
3524,3,0.189737,501,503,503,499
3525,4,3.193900,527,536,512,526
3526,3,0.284605,513,502,491,503
3527,2,0.031623,509,513,489,490
3528,0,-2.118726,477,491,490,475
3529,1,-0.695701,494,510,492,482
3530,4,0.822192,507,511,504,504
3531,0,-1.296534,492,479,498,490
3532,4,2.972541,538,522,512,522
3533,2,0.442719,500,488,512,514
3534,1,-0.316228,501,490,500,499
3535,3,0.948683,514,492,507,517
3536,4,2.846050,513,526,530,521
3537,0,-0.980306,498,489,500,482
3538,2,-0.695701,504,506,482,486
3539,4,3.193900,528,538,519,516
3540,1,-1.707630,474,502,484,486
3541,0,-1.011929,477,500,496,495
3542,2,-0.094868,483,514,493,507
3543,4,2.150349,515,524,502,527
3544,1,0.379473,495,486,534,497
3545,3,1.296534,531,496,511,503
3546,1,-1.770875,513,469,491,471
3547,3,0.758947,513,508,510,493
3548,1,-0.885438,508,476,492,496
3549,4,1.170043,510,513,501,513
3550,3,0.379473,506,499,502,505
3551,2,0.189737,504,488,515,499
3552,2,1.011929,515,495,525,497
3553,2,-0.505964,504,503,485,492
3554,2,-0.537587,501,508,475,499
3555,2,-0.031623,506,494,502,497
3556,0,-1.043552,496,489,493,489
3557,0,-2.434954,480,496,469,478
3558,4,1.517893,503,512,519,514
3559,1,-1.897367,485,485,502,468
3560,3,0.917061,513,490,521,505
3561,1,-1.676007,486,503,475,483
3562,2,-0.094868,516,479,502,500
3563,0,-1.549516,476,486,499,490
3564,1,-1.011929,507,492,495,474
3565,3,1.106797,516,491,511,517
3566,3,1.454648,514,500,524,508
3567,3,1.138420,515,515,490,516
3568,2,0.284605,484,516,494,515
3569,4,1.707630,512,511,512,519
3570,0,-3.763110,464,487,461,469
3571,4,1.707630,510,502,529,513
3572,4,2.245217,512,530,509,520
3573,0,-2.498199,462,474,489,496
3574,3,1.043552,525,512,493,503
3575,1,-2.055480,484,466,508,477
3576,1,-1.328157,501,495,480,482
3577,3,1.011929,493,513,510,516
3578,3,2.276840,522,546,494,510
3579,3,1.770875,532,519,500,505
3580,4,1.928989,521,508,513,519
3581,3,1.612762,516,526,497,512
3582,0,-3.099032,477,493,460,472
3583,3,1.011929,513,497,513,509
3584,0,-2.087103,484,497,476,477
3585,3,1.075174,503,498,506,527
3586,2,-0.189737,480,518,484,512
3587,2,0.094868,505,504,495,499
3588,3,1.644384,525,496,518,513
3589,4,2.846050,535,519,522,514
3590,1,-1.992235,465,482,481,509
3591,3,0.853815,494,509,513,511
3592,3,0.094868,504,513,502,484
3593,0,-3.636619,483,482,461,459
3594,4,1.423025,509,518,509,509
3595,0,-1.328157,477,491,492,498
3596,2,0.284605,512,515,485,497
3597,4,2.403331,527,512,533,504
3598,2,0.094868,487,523,490,503
3599,0,-1.834121,476,488,484,494
3600,0,-1.106797,496,480,493,496
3601,1,-1.170043,491,504,484,484
3602,3,0.569210,501,509,494,514
3603,3,0.727324,515,496,505,507
3604,4,1.928989,511,511,531,508
3605,3,0.189737,488,502,509,507
3606,1,-1.233288,492,508,472,489
3607,4,2.434954,520,513,524,520
3608,4,1.011929,503,503,509,517
3609,2,0.537587,500,521,494,502
3610,4,1.834121,518,520,509,511
3611,0,-3.352014,490,470,465,469
3612,2,0.189737,510,492,498,506
3613,0,-0.917061,496,491,495,489
3614,3,0.758947,501,509,517,497
3615,4,2.403331,510,521,515,530
3616,4,4.047715,539,534,523,532
3617,4,2.909295,516,531,528,517
3618,3,1.043552,494,501,516,522
3619,1,-0.948683,490,482,503,495
3620,2,-0.126491,517,480,509,490
3621,4,1.454648,520,501,509,516
3622,1,-0.347851,493,500,493,503
3623,2,1.423025,498,517,498,532
3624,4,2.245217,522,517,520,512
3625,3,1.201666,509,496,519,514
3626,0,-1.770875,487,492,485,480
3627,1,-0.980306,506,479,491,493
3628,0,-2.308463,475,496,475,481
3629,4,2.909295,524,537,504,527
3630,2,-0.316228,501,504,498,487
3631,4,3.257146,543,501,533,526
3632,2,0.189737,505,504,497,500
3633,1,-0.758947,493,482,511,490
3634,0,-2.846050,475,473,485,477
3635,4,2.498199,510,528,523,518
3636,0,-1.454648,484,488,497,485
3637,2,0.158114,516,496,492,501
3638,4,1.549516,514,512,515,508
3639,1,-1.138420,494,478,514,478
3640,3,1.075174,489,504,521,520
3641,2,0.569210,514,494,495,515
3642,1,-0.221359,496,505,497,495
3643,1,0.094868,495,495,514,499
3644,2,0.126491,514,497,501,492
3645,1,-1.707630,493,471,509,473
3646,3,0.664078,502,521,506,492
3647,2,-0.632456,506,476,497,501
3648,2,0.063246,498,486,507,511
3649,0,-3.352014,459,472,498,465
3650,2,-0.126491,508,488,506,494
3651,3,1.011929,513,496,502,521
3652,4,2.023858,515,536,509,504
3653,3,0.853815,509,513,483,522
3654,3,1.201666,511,498,521,508
3655,3,0.727324,508,507,518,490
3656,2,-0.316228,509,475,506,500
3657,1,-0.727324,495,502,483,497
3658,1,-0.411096,498,516,488,485
3659,3,0.474342,509,515,489,502
3660,1,-0.252982,492,497,496,507
3661,3,0.379473,506,507,501,498
3662,1,-2.023858,471,517,453,495
3663,2,0.664078,532,487,509,493
3664,0,-1.612762,456,496,500,497
3665,3,0.822192,514,485,515,512
3666,3,0.505964,496,506,505,509
3667,4,0.885438,504,515,502,507
3668,0,-1.075174,500,486,484,496
3669,2,0.094868,493,505,493,512
3670,2,0.000000,513,482,512,493
3671,1,-1.549516,502,479,479,491
3672,2,-0.252982,503,507,497,485
3673,0,-1.454648,490,487,496,481
3674,2,0.537587,498,483,519,517
3675,1,-0.442719,500,525,465,496
3676,0,-0.917061,492,491,492,496
3677,1,-0.758947,489,488,490,509
3678,0,-1.897367,498,453,492,497
3679,0,-2.719559,470,482,478,484
3680,2,-0.347851,467,492,514,516
3681,0,-2.434954,494,485,464,480
3682,0,-1.960612,494,480,480,484
3683,1,-1.834121,460,479,505,498
3684,4,1.612762,502,520,525,504
3685,0,-0.537587,499,497,487,500
3686,1,0.000000,509,496,496,499
3687,0,-1.359779,482,495,490,490
3688,1,-1.391402,483,494,509,470
3689,2,-0.031623,496,506,484,513
3690,3,1.328157,515,490,527,510
3691,1,-0.948683,493,476,507,494
3692,4,1.423025,521,501,517,506
3693,0,-3.699865,473,481,464,465
3694,3,0.474342,496,503,503,513
3695,4,2.561445,506,526,523,526
3696,2,-0.758947,502,498,473,503
3697,2,0.252982,509,499,499,501
3698,1,0.063246,494,512,499,497
3699,4,4.964776,535,531,542,549
3700,1,-0.600833,502,481,499,499
3701,2,-0.379473,508,491,484,505
3702,3,1.517893,510,528,516,494
3703,2,1.138420,498,500,518,520
3704,3,1.391402,519,528,477,520
3705,0,-1.264911,496,498,487,479
3706,2,0.063246,477,489,522,514
3707,0,-1.897367,484,470,495,491
3708,0,-1.264911,492,490,486,492
3709,3,0.252982,502,516,501,489
3710,2,0.189737,496,511,514,485
3711,2,-0.252982,481,502,500,509
3712,3,0.537587,512,490,504,511
3713,1,-1.391402,505,489,490,472
3714,0,-1.517893,498,499,488,467
3715,1,-0.980306,500,503,487,479
3716,1,-0.822192,486,490,494,504
3717,2,0.063246,497,512,488,505
3718,3,0.980306,510,522,490,509
3719,4,2.023858,527,507,513,517
3720,4,1.802498,510,513,510,524
3721,3,0.569210,509,503,507,499
3722,1,-0.126491,498,490,516,492
3723,4,2.846050,551,511,515,513
3724,1,-0.474342,510,481,497,497
3725,3,0.695701,502,516,506,498
3726,1,-0.442719,498,488,510,490
3727,2,-0.632456,469,505,495,511
3728,4,2.434954,524,510,519,524
3729,4,1.328157,503,513,513,513
3730,0,-2.150349,486,493,479,474
3731,0,-1.296534,492,482,495,490
3732,2,-0.885438,482,485,504,501
3733,0,-2.055480,484,480,479,492
3734,4,1.170043,503,510,503,521
3735,3,0.031623,501,486,505,509
3736,2,-0.031623,496,491,501,511
3737,4,1.707630,513,512,522,507
3738,3,0.632456,505,497,508,510
3739,2,0.158114,491,495,501,518
3740,4,3.921224,537,527,541,519
3741,2,1.106797,500,522,513,500
3742,2,-1.138420,508,504,486,466
3743,1,0.031623,497,497,507,500
3744,4,1.897367,512,510,519,519
3745,4,1.011929,503,508,519,502
3746,3,1.865744,519,515,499,526
3747,3,1.865744,521,486,533,519
3748,3,2.150349,534,515,520,499
3749,3,1.328157,522,504,517,499
3750,2,1.549516,500,534,495,520
3751,4,2.118726,509,505,514,539
3752,4,3.004164,524,523,518,530
3753,0,-2.529822,485,480,470,485
3754,1,-1.928989,478,521,454,486
3755,2,0.379473,495,507,499,511
3756,2,-0.347851,506,493,506,484
3757,2,-0.000000,490,493,503,514
3758,3,1.517893,510,517,522,499
3759,0,-1.170043,472,498,500,493
3760,0,-1.865744,487,468,494,492
3761,1,-1.043552,496,502,478,491
3762,3,0.885438,504,499,511,514
3763,1,-0.917061,498,486,502,485
3764,1,-1.264911,490,468,507,495
3765,0,-0.980306,496,491,498,484
3766,4,1.739253,517,512,511,515
3767,3,0.632456,510,516,503,491
3768,3,1.549516,529,512,509,499
3769,4,2.150349,517,533,506,512
3770,0,-3.130655,480,484,460,477
3771,2,-0.189737,500,485,501,508
3772,0,-1.992235,477,500,468,492
3773,4,1.106797,507,503,507,518
3774,3,0.126491,509,520,473,502
3775,3,1.865744,500,514,536,509
3776,2,0.980306,500,515,516,500
3777,2,-0.252982,510,480,499,503
3778,2,-0.284605,473,489,512,517
3779,3,0.600833,512,495,509,503
3780,1,-0.347851,486,518,497,488
3781,3,1.264911,510,500,521,509
3782,3,0.948683,499,511,503,517
3783,4,1.770875,517,510,525,504
3784,4,2.624690,525,525,515,518
3785,3,1.960612,498,521,525,518
3786,0,-1.770875,484,491,489,480
3787,4,2.340085,537,509,526,502
3788,2,0.632456,498,509,500,513
3789,3,0.474342,513,502,502,498
3790,4,1.707630,514,504,519,517
3791,2,0.063246,489,513,492,508
3792,4,3.004164,534,542,517,502
3793,1,-0.885438,500,482,513,477
3794,3,1.328157,520,514,498,510
3795,1,-0.853815,502,493,481,497
3796,2,0.347851,512,495,510,494
3797,2,-0.031623,486,490,504,519
3798,2,-0.000000,504,494,503,499
3799,3,1.138420,494,512,507,523
3800,4,3.857979,533,533,515,541
3801,2,0.189737,487,498,519,502
3802,2,-0.031623,500,493,505,501
3803,2,0.252982,491,482,520,515
3804,1,-0.252982,493,499,497,503
3805,3,0.822192,505,494,516,511
3806,0,-4.300698,460,471,458,475
3807,3,0.885438,521,493,502,512
3808,4,1.201666,501,504,510,523
3809,3,0.379473,505,482,509,516
3810,4,2.687936,520,520,537,508
3811,2,0.379473,506,497,500,509
3812,3,0.632456,505,498,513,504
3813,3,2.529822,525,538,500,517
3814,4,1.992235,530,514,501,518
3815,2,0.063246,516,488,517,481
3816,2,0.316228,504,500,483,523
3817,4,3.446883,514,517,535,543
3818,2,0.189737,513,493,510,490
3819,4,2.150349,518,518,521,511
3820,1,-0.664078,499,472,508,500
3821,0,-3.004164,492,469,459,485
3822,3,0.505964,515,497,501,503
3823,0,-1.897367,495,480,484,481
3824,1,-2.308463,480,501,481,465
3825,0,-2.181972,485,486,489,471
3826,1,0.126491,500,494,499,511
3827,1,-1.865744,462,480,491,508
3828,0,-2.561445,488,462,485,484
3829,3,1.296534,513,496,517,515
3830,0,-2.593068,472,481,497,468
3831,1,-0.221359,493,508,497,495
3832,2,-0.284605,492,497,501,501
3833,1,-0.379473,489,492,510,497
3834,2,-0.379473,490,509,488,501
3835,4,2.340085,535,522,511,506
3836,0,-2.118726,498,476,494,465
3837,0,-0.822192,498,488,491,497
3838,2,0.411096,520,496,503,494
3839,4,1.960612,523,503,524,512
3840,1,-0.189737,492,487,516,499
3841,1,-0.031623,499,497,516,487
3842,3,1.517893,493,527,511,517
3843,2,0.316228,500,503,497,510
3844,3,1.454648,511,496,519,520
3845,2,0.442719,515,497,486,516
3846,3,1.233288,517,491,516,515
3847,1,-1.201666,517,480,492,473
3848,1,-1.011929,495,503,490,480
3849,0,-3.510128,483,467,474,465
3850,2,1.201666,497,497,522,522
3851,0,-1.517893,481,488,489,494
3852,3,1.549516,525,515,492,517
3853,4,0.664078,509,509,502,501
3854,2,0.442719,509,518,489,498
3855,3,0.284605,495,507,503,504
3856,2,0.031623,486,497,506,512
3857,1,-0.695701,509,495,482,492
3858,0,-1.992235,486,495,462,494
3859,2,0.442719,496,505,498,515
3860,4,2.118726,504,530,507,526
3861,2,0.505964,498,520,494,504
3862,2,0.316228,495,512,491,512
3863,4,1.264911,509,514,502,515
3864,0,-1.865744,490,492,483,476
3865,0,-1.612762,491,485,485,488
3866,4,1.359779,524,505,501,513
3867,4,2.055480,524,513,504,524
3868,0,-1.865744,489,494,479,479
3869,1,-1.865744,478,502,482,479
3870,2,0.727324,522,505,497,499
3871,2,1.043552,482,529,495,527
3872,4,1.802498,506,511,517,523
3873,2,-0.316228,512,466,517,495
3874,2,-0.379473,493,476,515,504
3875,2,0.474342,496,519,502,498
3876,2,0.379473,513,523,482,494
3877,0,-1.612762,486,496,475,492
3878,0,-3.415260,488,486,457,461
3879,3,0.442719,515,482,509,508
3880,4,3.478505,527,507,545,531
3881,1,-0.284605,507,494,492,498
3882,2,0.379473,508,511,495,498
3883,1,-1.676007,483,505,469,490
3884,2,-0.189737,488,498,505,503
3885,3,0.379473,509,506,509,488
3886,3,0.917061,500,518,504,507
3887,1,-0.442719,498,499,504,485
3888,3,1.075174,509,514,499,512
3889,3,0.505964,511,488,505,512
3890,1,-1.391402,477,484,504,491
3891,3,0.158114,488,505,505,507
3892,1,-0.727324,490,515,477,495
3893,2,-0.790569,487,503,484,501
3894,4,1.739253,513,504,508,530
3895,1,-0.252982,500,511,487,494
3896,4,1.897367,518,511,518,513
3897,1,-1.296534,491,491,503,474
3898,4,1.454648,519,513,512,502
3899,1,0.284605,490,497,496,526
3900,3,0.347851,506,492,508,505
3901,1,-1.011929,494,501,487,486
3902,3,0.632456,507,504,495,514
3903,3,1.264911,493,510,516,521
3904,1,-0.790569,489,487,490,509
3905,1,-0.632456,488,494,494,504
3906,1,-1.644384,482,466,492,508
3907,3,0.252982,496,502,502,508
3908,4,2.087103,501,515,520,530
3909,3,1.549516,510,534,494,511
3910,2,0.442719,500,499,509,506
3911,3,0.980306,500,505,518,508
3912,0,-2.846050,482,486,466,476
3913,0,-2.055480,485,496,471,483
3914,2,0.063246,509,495,496,502
3915,2,-0.411096,490,490,504,503
3916,2,0.347851,499,495,510,507
3917,2,0.252982,511,499,490,508
3918,4,1.676007,508,522,520,503
3919,4,1.834121,501,519,512,526
3920,0,-2.403331,483,488,473,480
3921,2,0.411096,494,520,483,516
3922,3,1.201666,515,516,518,489
3923,4,3.573374,525,507,552,529
3924,0,-1.549516,488,485,497,481
3925,0,-2.118726,490,487,483,473
3926,3,-0.474342,502,476,504,503
3927,2,-0.063246,492,506,516,484
3928,3,0.000000,507,501,508,484
3929,1,-0.569210,498,506,487,491
3930,2,-1.454648,478,461,513,502
3931,4,2.498199,533,519,519,508
3932,0,-2.846050,479,491,471,469
3933,2,0.126491,509,482,516,497
3934,1,-1.391402,486,494,501,475
3935,1,-0.917061,493,473,509,496
3936,1,-1.644384,503,472,487,486
3937,4,1.264911,501,502,525,512
3938,1,0.031623,513,500,499,489
3939,1,-0.632456,498,521,472,489
3940,3,0.284605,513,508,481,507
3941,1,0.031623,496,536,484,485
3942,4,1.865744,520,509,510,520
3943,4,1.612762,505,522,511,513
3944,1,-1.138420,470,493,489,512
3945,4,2.434954,526,517,513,521
3946,0,-3.004164,467,478,482,478
3947,0,-2.181972,492,487,466,486
3948,1,-0.790569,495,487,507,486
3949,0,-0.727324,491,500,495,491
3950,2,0.189737,497,493,512,504
3951,1,-0.727324,492,490,491,504
3952,2,0.189737,517,492,505,492
3953,1,-1.075174,480,490,494,502
3954,2,-0.316228,502,483,508,497
3955,3,2.055480,519,494,538,514
3956,4,2.276840,526,540,504,502
3957,4,2.340085,530,520,505,519
3958,1,-0.917061,494,514,470,493
3959,2,0.474342,495,508,498,514
3960,1,-0.948683,490,475,505,500
3961,1,-0.917061,482,502,494,493
3962,3,1.328157,519,504,519,500
3963,1,-0.822192,503,494,490,487
3964,2,0.853815,509,498,524,496
3965,3,1.201666,509,495,521,513
3966,1,-1.011929,489,488,507,484
3967,4,2.118726,517,520,509,521
3968,1,-0.379473,492,517,488,491
3969,1,-0.600833,501,494,499,487
3970,0,-1.834121,485,493,478,486
3971,3,0.094868,513,502,517,471
3972,1,-0.790569,501,498,493,483
3973,0,-0.664078,487,500,492,500
3974,0,-1.897367,477,468,500,495
3975,1,-0.474342,491,499,492,503
3976,3,1.517893,505,508,535,500
3977,4,2.434954,514,509,527,527
3978,4,1.170043,509,506,511,511
3979,3,1.201666,504,493,515,526
3980,0,-2.371708,484,498,474,469
3981,0,-1.075174,492,499,496,479
3982,0,-1.928989,478,492,493,476
3983,4,2.909295,529,518,510,535
3984,1,-1.644384,488,506,473,481
3985,2,0.284605,512,493,510,494
3986,2,-0.632456,499,472,506,503
3987,2,1.676007,522,535,500,496
3988,4,2.593068,509,515,527,531
3989,4,1.423025,512,520,511,502
3990,3,1.454648,519,521,492,514
3991,4,1.581139,511,516,515,508
3992,3,0.948683,519,508,492,511
3993,2,1.075174,500,520,500,514
3994,2,0.505964,493,489,510,524
3995,3,0.695701,520,502,490,510
3996,3,1.486271,523,514,495,515
3997,4,3.099032,523,523,518,534
3998,4,2.181972,510,520,520,519
3999,3,1.423025,521,485,522,517
4000,3,0.917061,528,493,507,501
4001,1,-0.474342,502,494,493,496
4002,0,-2.150349,470,486,491,485
4003,1,-1.770875,486,508,472,478
4004,2,0.885438,500,515,493,520
4005,2,-0.980306,507,514,496,452
4006,1,-0.853815,484,480,498,511
4007,2,0.442719,516,491,498,509
4008,3,1.011929,504,483,527,518
4009,3,0.474342,505,491,512,507
4010,4,1.992235,529,507,518,509
4011,4,0.980306,501,511,516,503
4012,3,1.233288,514,499,509,517
4013,4,2.245217,511,508,521,531
4014,4,2.213594,511,506,536,517
4015,2,-0.980306,513,504,481,471
4016,4,2.593068,547,513,506,516
4017,3,0.600833,506,512,486,515
4018,3,1.486271,517,502,528,500
4019,3,0.980306,512,500,508,511
4020,2,0.790569,494,517,519,495
4021,1,0.600833,497,527,496,499
4022,3,2.087103,520,535,493,518
4023,1,-0.853815,487,509,489,488
4024,3,1.138420,505,492,527,512
4025,0,-2.909295,491,446,492,479
4026,2,-0.221359,501,490,503,499
4027,1,-1.264911,489,502,477,492
4028,3,2.782804,528,540,498,522
4029,4,2.118726,518,522,509,518
4030,3,0.664078,515,511,512,483
4031,4,1.517893,506,512,510,520
4032,1,-0.063246,494,498,498,508
4033,3,1.391402,512,507,493,532
4034,3,1.201666,508,495,514,521
4035,0,-1.707630,490,461,498,497
4036,4,1.644384,510,510,506,526
4037,0,-2.340085,475,493,482,476
4038,1,-0.474342,504,487,497,497
4039,3,1.897367,520,498,529,513
4040,3,1.264911,535,503,507,495
4041,4,2.118726,529,516,509,513
4042,3,1.391402,504,529,499,512
4043,2,0.790569,528,500,502,495
4044,3,0.980306,521,505,510,495
4045,1,-0.917061,486,509,487,489
4046,0,-2.245217,464,489,490,486
4047,3,-0.126491,506,477,505,508
4048,3,0.505964,504,491,519,502
4049,3,0.347851,486,510,513,502
4050,3,0.411096,506,508,488,511
4051,2,-0.284605,499,483,503,506
4052,3,0.284605,510,484,510,505
4053,1,-0.664078,483,488,518,490
4054,3,0.822192,506,507,490,523
4055,4,0.885438,520,502,503,503
4056,2,-0.284605,492,488,505,506
4057,0,-0.474342,491,495,500,499
4058,4,1.834121,518,507,529,504
4059,0,-3.067409,457,492,476,478
4060,2,0.284605,497,492,506,514
4061,3,0.221359,504,488,511,504
4062,2,0.758947,519,525,495,485
4063,1,0.284605,500,517,492,500
4064,2,-0.189737,489,499,501,505
4065,1,-0.505964,506,500,483,495
4066,2,0.316228,499,499,506,506
4067,2,0.158114,512,510,500,483
4068,3,0.980306,509,487,505,530
4069,2,0.411096,491,513,523,486
4070,3,0.569210,481,509,517,511
4071,1,-0.284605,497,494,493,507
4072,3,0.695701,500,504,502,516
4073,0,-1.865744,478,478,490,495
4074,3,0.505964,499,506,504,507
4075,0,-1.739253,487,488,491,479
4076,2,0.569210,514,499,500,505
4077,2,-0.948683,504,486,501,479
4078,3,0.727324,509,509,493,512
4079,2,-1.707630,501,503,467,475
4080,4,1.802498,522,503,514,518
4081,4,0.853815,504,510,502,511
4082,4,1.423025,525,505,506,509
4083,4,1.834121,510,531,514,503
4084,3,1.676007,523,498,516,516
4085,0,-0.917061,492,492,494,493
4086,1,-3.067409,464,504,466,469
4087,4,4.363943,537,535,527,539
4088,1,-0.632456,490,494,503,493
4089,4,2.340085,534,518,503,519
4090,4,3.257146,524,524,527,528
4091,3,0.252982,485,505,511,507
4092,4,1.391402,506,514,508,516
4093,1,-0.948683,493,518,482,477
4094,1,-0.600833,499,503,492,487
4095,4,0.727324,505,503,508,507
4096,3,0.063246,470,512,512,508
4097,4,2.593068,511,534,520,517
4098,2,0.284605,499,512,490,508
4099,1,-0.758947,488,501,496,491
4100,0,-1.865744,472,488,491,490
4101,3,0.284605,504,522,476,507
4102,3,2.340085,523,516,495,540
4103,3,0.221359,508,504,501,494
4104,3,1.328157,520,497,512,513
4105,1,-0.126491,498,493,507,498
4106,3,0.474342,504,487,521,503
4107,3,1.581139,519,516,515,500
4108,1,-0.569210,492,494,504,492
4109,4,1.928989,525,522,507,507
4110,4,2.213594,518,529,514,509
4111,3,0.727324,511,480,525,507
4112,2,-0.316228,502,491,503,494
4113,3,2.245217,510,523,500,538
4114,0,-1.770875,488,477,481,498
4115,1,-0.727324,500,478,503,496
4116,4,1.201666,517,501,510,510
4117,0,-1.170043,492,497,476,498
4118,1,-0.158114,491,499,508,497
4119,1,-0.252982,491,500,513,488
4120,1,-1.770875,511,488,479,466
4121,0,-3.541751,467,476,471,474
4122,2,0.569210,513,499,516,490
4123,0,-3.763110,468,463,481,469
4124,0,-2.181972,480,499,483,469
4125,3,0.664078,511,511,514,485
4126,4,1.486271,507,514,517,509
4127,4,1.517893,514,510,507,517
4128,3,0.948683,499,505,517,509
4129,2,-0.063246,491,496,508,503
4130,0,-1.960612,485,481,481,491
4131,2,-0.980306,504,528,442,495
4132,3,0.885438,504,526,506,492
4133,2,0.537587,499,489,509,520
4134,1,-0.252982,489,496,507,500
4135,1,-1.612762,487,473,503,486
4136,4,2.940918,526,520,532,515
4137,4,1.517893,515,510,505,518
4138,3,1.391402,520,526,491,507
4139,2,0.474342,497,495,511,512
4140,4,2.687936,506,540,508,531
4141,0,-1.138420,490,494,488,492
4142,1,0.000000,499,496,485,520
4143,2,-0.474342,489,511,505,480
4144,3,1.770875,513,489,531,523
4145,2,-0.221359,483,512,482,516
4146,1,-0.189737,489,511,496,498
4147,4,3.731488,543,526,529,520
4148,0,-2.751182,470,477,492,474
4149,1,-2.276840,477,480,503,468
4150,3,0.316228,506,496,505,503
4151,4,2.719559,517,526,512,531
4152,3,0.885438,503,495,520,510
4153,0,-1.581139,481,481,494,494
4154,4,1.549516,504,518,510,517
4155,3,1.075174,503,489,523,519
4156,3,1.517893,512,490,530,516
4157,0,-1.454648,483,498,485,488
4158,3,-0.505964,502,503,476,503
4159,0,-2.846050,473,480,487,470
4160,1,-0.474342,496,494,517,478
4161,4,1.644384,504,520,514,514
4162,1,0.189737,524,489,497,496
4163,4,1.296534,512,505,517,507
4164,2,-0.284605,479,483,526,503
4165,3,1.075174,519,481,506,528
4166,2,0.094868,506,516,488,493
4167,3,0.284605,512,505,510,482
4168,2,0.189737,491,502,500,513
4169,3,1.423025,502,520,529,494
4170,2,0.158114,493,507,493,512
4171,0,-1.486271,498,485,487,483
4172,0,-1.233288,497,496,490,478
4173,2,-0.411096,486,507,481,513
4174,0,-1.770875,474,487,490,493
4175,1,-0.379473,496,485,511,496
4176,3,0.158114,508,501,505,491
4177,3,0.442719,501,511,499,503
4178,3,0.221359,509,486,504,508
4179,4,1.454648,515,502,509,520
4180,3,0.632456,520,504,505,491
4181,1,-1.075174,511,484,494,477
4182,0,-2.371708,472,474,483,496
4183,0,-2.340085,494,482,469,481
4184,0,-3.984470,460,474,457,483
4185,4,2.656313,526,511,520,527
4186,2,0.063246,512,495,510,485
4187,1,-0.727324,500,517,463,497
4188,0,-1.770875,488,484,479,493
4189,1,-1.106797,491,482,487,505
4190,2,-0.189737,501,489,499,505
4191,1,-2.719559,470,467,511,466
4192,0,-1.043552,495,488,498,486
4193,4,1.865744,510,517,511,521
4194,1,-0.853815,479,502,498,494
4195,1,-1.359779,487,484,502,484
4196,1,-1.170043,496,475,512,480
4197,0,-0.853815,498,494,499,482
4198,4,1.644384,514,515,513,510
4199,1,-0.126491,498,513,487,498
4200,1,-1.423025,483,478,516,478
4201,3,0.031623,508,511,502,480
4202,1,-0.790569,496,502,492,485
4203,0,-0.917061,498,494,484,495
4204,0,-3.257146,457,482,476,482
4205,4,1.865744,530,507,517,505
4206,4,2.751182,517,506,539,525
4207,4,1.264911,514,505,517,504
4208,0,-1.011929,497,487,488,496
4209,2,0.537587,508,496,516,497
4210,0,-0.664078,487,500,496,496
4211,4,3.067409,522,525,526,524
4212,1,-0.569210,488,518,482,494
4213,2,0.284605,514,509,489,497
4214,1,-0.284605,499,513,486,493
4215,3,0.031623,518,474,503,506
4216,1,-0.853815,494,484,501,494
4217,4,0.758947,511,502,502,509
4218,3,0.695701,493,505,521,503
4219,0,-1.865744,482,500,482,477
4220,3,0.948683,502,508,495,525
4221,2,-0.442719,501,519,477,489
4222,4,1.897367,514,513,511,522
4223,1,-0.664078,492,503,487,497
4224,4,1.676007,525,513,508,507
4225,2,-0.600833,506,486,504,485
4226,4,1.359779,503,522,510,508
4227,3,0.158114,506,497,501,501
4228,1,-0.569210,489,485,517,491
4229,2,1.328157,500,488,528,526
4230,0,-1.201666,477,499,491,495
4231,3,0.917061,505,493,523,508
4232,2,0.284605,509,494,518,488
4233,4,0.442719,506,501,504,503
4234,1,0.126491,487,490,531,496
4235,3,0.316228,499,505,502,504
4236,3,1.549516,510,516,498,525
4237,0,-1.676007,495,488,483,481
4238,3,1.928989,544,510,511,496
4239,0,-1.423025,487,497,471,500
4240,2,0.316228,502,510,500,498
4241,1,-0.316228,491,505,495,499
4242,1,-0.474342,504,499,491,491
4243,0,-1.770875,489,460,498,497
4244,3,0.600833,511,508,504,496
4245,0,-1.011929,498,496,490,484
4246,4,1.138420,501,513,510,512
4247,1,-1.233288,502,487,495,477
4248,4,2.276840,530,516,505,521
4249,1,-0.727324,498,483,501,495
4250,3,1.359779,534,481,519,509
4251,4,2.308463,513,525,508,527
4252,2,0.000000,496,509,509,486
4253,3,1.233288,505,536,485,513
4254,4,1.359779,511,513,507,512
4255,4,3.604997,535,520,532,527
4256,2,-0.000000,501,494,522,483
4257,1,-0.442719,505,495,493,493
4258,4,2.150349,524,525,510,509
4259,1,-0.063246,491,500,510,497
4260,1,-1.359779,491,476,504,486
4261,2,0.221359,496,522,505,484
4262,0,-3.320392,474,482,472,467
4263,3,0.822192,500,520,505,501
4264,4,1.359779,508,507,511,517
4265,3,1.264911,516,512,526,486
4266,4,1.391402,509,522,507,506
4267,2,0.853815,517,500,493,517
4268,0,-2.371708,491,490,474,470
4269,4,1.201666,516,503,503,516
4270,3,0.411096,486,514,507,506
4271,2,-0.474342,502,485,508,490
4272,3,0.917061,494,508,512,515
4273,0,-1.897367,468,487,500,485
4274,0,-2.118726,482,473,479,499
4275,2,0.252982,492,504,512,500
4276,1,0.094868,518,494,494,497
4277,1,-0.316228,494,489,519,488
4278,0,-1.707630,488,494,486,478
4279,0,-1.233288,494,500,484,483
4280,3,0.347851,501,513,496,501
4281,0,-1.486271,481,498,482,492
4282,2,0.158114,486,521,485,513
4283,2,-0.316228,501,517,486,486
4284,3,0.790569,505,496,511,513
4285,4,2.814427,516,513,526,534
4286,3,0.727324,477,520,516,510
4287,2,0.600833,500,502,497,520
4288,2,0.347851,510,492,510,499
4289,3,0.758947,498,502,503,521
4290,4,2.308463,524,505,524,520
4291,2,0.948683,506,500,529,495
4292,3,1.739253,496,509,526,524
4293,0,-0.695701,490,493,500,495
4294,4,1.454648,509,501,526,510
4295,1,-0.284605,498,509,491,493
4296,2,1.170043,525,476,542,494
4297,2,0.126491,484,491,511,518
4298,2,-0.031623,504,503,494,498
4299,2,0.158114,506,486,514,499
4300,1,-1.043552,493,494,475,505
4301,3,0.853815,502,505,525,495
4302,4,3.352014,523,526,522,535
4303,2,-0.126491,488,498,505,505
4304,2,0.822192,499,525,509,493
4305,1,-1.612762,485,506,475,483
4306,4,1.739253,520,514,517,504
4307,1,-0.980306,507,472,498,492
4308,4,1.834121,512,510,517,519
4309,2,-0.379473,492,502,508,486
4310,1,-0.980306,498,474,509,488
4311,0,-0.632456,493,500,492,495
4312,3,1.233288,497,511,509,522
4313,1,-0.664078,480,494,506,499
4314,3,-0.031623,504,502,503,490
4315,3,-0.126491,501,504,487,504
4316,3,0.569210,497,515,505,501
4317,1,-0.632456,475,493,519,493
4318,2,0.758947,497,517,500,510
4319,2,0.284605,491,502,498,518
4320,4,1.170043,519,501,506,511
4321,0,-0.189737,499,497,499,499
4322,3,1.138420,516,504,497,519
4323,4,1.517893,515,520,506,507
4324,2,0.853815,496,518,494,519
4325,3,-0.031623,502,476,512,509
4326,4,1.486271,508,507,519,513
4327,3,1.423025,519,512,495,519
4328,2,-0.252982,503,495,509,485
4329,3,0.474342,501,493,515,506
4330,3,0.980306,507,517,510,497
4331,3,0.948683,505,511,500,514
4332,1,-0.885438,506,482,498,486
4333,0,-1.517893,493,493,485,481
4334,2,0.600833,490,496,506,527
4335,3,0.822192,523,512,482,509
4336,4,1.517893,517,509,515,507
4337,3,0.727324,511,507,507,498
4338,3,0.505964,502,510,506,498
4339,4,2.466577,506,525,528,519
4340,2,-0.158114,515,509,475,496
4341,3,1.138420,519,504,496,517
4342,2,0.632456,492,524,496,508
4343,3,0.853815,506,521,510,490
4344,4,2.118726,512,519,509,527
4345,2,0.537587,500,508,497,512
4346,2,0.474342,515,505,497,498
4347,4,2.909295,515,513,538,526
4348,4,1.106797,503,521,510,501
4349,3,1.802498,526,530,489,512
4350,2,0.758947,511,517,496,500
4351,3,1.106797,514,492,506,523
4352,3,1.233288,529,494,510,506
4353,2,0.126491,491,524,487,502
4354,1,-1.075174,508,476,497,485
4355,0,-1.770875,487,486,493,478
4356,4,3.668242,540,522,524,530
4357,3,0.505964,511,487,501,517
4358,0,-1.865744,495,493,470,483
4359,3,1.644384,500,507,522,523
4360,0,-1.865744,492,491,477,481
4361,3,0.094868,503,494,503,503
4362,0,-1.391402,479,495,500,482
4363,1,-0.505964,490,511,484,499
4364,2,0.632456,500,495,511,514
4365,3,1.043552,499,504,514,516
4366,0,-1.296534,485,477,499,498
4367,3,0.379473,502,506,500,504
4368,1,-1.612762,476,502,483,488
4369,0,-0.347851,497,495,499,498
4370,0,-1.770875,484,474,496,490
4371,0,-1.328157,495,490,489,484
4372,3,0.853815,507,497,507,516
4373,4,3.130655,539,517,530,513
4374,1,-1.170043,486,479,510,488
4375,0,-1.707630,478,484,494,490
4376,2,-0.600833,482,493,503,503
4377,1,-0.379473,489,505,494,500
4378,4,1.391402,509,517,503,515
4379,2,-0.158114,504,490,493,508
4380,3,1.549516,495,515,517,522
4381,3,0.980306,499,506,514,512
4382,4,2.340085,524,521,510,519
4383,2,-0.379473,493,492,502,501
4384,3,1.644384,508,508,490,546
4385,3,0.885438,515,510,510,493
4386,1,-0.853815,480,507,497,489
4387,0,-2.529822,470,478,483,489
4388,0,-0.917061,495,488,490,498
4389,2,0.727324,496,502,498,527
4390,1,-0.727324,499,509,489,480
4391,3,0.790569,508,514,512,491
4392,1,-0.822192,488,479,499,508
4393,4,1.201666,508,506,511,513
4394,3,1.264911,507,495,520,518
4395,0,-1.011929,497,495,490,486
4396,4,0.600833,503,503,512,501
4397,1,-1.707630,483,469,503,491
4398,2,0.537587,497,521,503,496
4399,3,-0.031623,507,505,481,506
4400,3,1.201666,521,510,514,493
4401,0,-1.233288,499,500,473,489
4402,2,-0.063246,503,493,508,494
4403,0,-2.308463,473,474,487,493
4404,1,-0.695701,499,477,500,502
4405,0,-2.972541,474,483,482,467
4406,1,-0.917061,493,478,511,489
4407,3,0.442719,500,501,504,509
4408,2,0.569210,492,495,527,504
4409,2,0.505964,490,496,511,519
4410,2,-0.347851,506,500,501,482
4411,1,-0.537587,500,503,486,494
4412,4,1.897367,524,504,524,508
4413,1,-0.442719,482,515,499,490
4414,4,2.118726,522,518,514,513
4415,4,1.043552,502,501,524,506
4416,3,1.170043,513,512,497,515
4417,4,1.770875,523,510,515,508
4418,1,-0.600833,497,503,487,494
4419,2,0.189737,498,489,515,504
4420,3,0.727324,517,497,501,508
4421,1,-0.885438,481,486,515,490
4422,2,0.126491,494,502,490,518
4423,1,-0.727324,479,498,489,511
4424,1,-0.632456,494,488,487,511
4425,1,-0.948683,505,490,485,490
4426,0,-1.549516,493,488,491,479
4427,0,-1.201666,492,492,488,490
4428,3,0.379473,499,508,504,501
4429,0,-3.035787,476,474,477,477
4430,1,-2.466577,483,502,469,468
4431,1,-1.201666,491,475,509,487
4432,2,-0.063246,486,485,505,522
4433,0,-1.233288,493,485,499,484
4434,3,1.075174,514,519,506,495
4435,1,-2.213594,504,460,488,478
4436,2,0.411096,497,516,489,511
4437,3,1.075174,526,507,518,483
4438,3,0.505964,484,515,504,513
4439,3,0.284605,509,506,492,502
4440,0,-0.537587,498,494,492,499
4441,3,0.284605,506,501,499,503
4442,0,-2.719559,497,474,460,483
4443,2,1.423025,500,527,492,526
4444,3,0.569210,494,514,506,504
4445,4,1.676007,509,532,504,508
4446,0,-2.624690,460,466,499,492
4447,3,0.411096,501,489,506,517
4448,3,0.189737,501,501,500,504
4449,3,2.181972,526,525,496,522
4450,4,3.162278,534,526,525,515
4451,3,0.189737,484,510,507,505
4452,4,2.213594,522,519,519,510
4453,4,3.257146,533,528,523,519
4454,1,-0.632456,507,497,487,489
4455,2,0.094868,502,514,495,492
4456,4,2.561445,522,524,513,522
4457,0,-0.980306,491,493,494,491
4458,3,1.075174,506,516,500,512
4459,3,1.928989,521,533,498,509
4460,0,-2.023858,482,479,485,490
4461,4,3.320392,526,519,545,515
4462,4,1.359779,511,506,521,505
4463,2,0.000000,497,488,502,513
4464,4,1.897367,512,522,513,513
4465,4,1.391402,520,502,504,518
4466,1,-0.853815,485,504,492,492
4467,2,0.126491,503,492,513,496
4468,1,0.252982,498,499,499,512
4469,3,0.600833,503,505,487,524
4470,2,0.948683,499,516,480,535
4471,3,0.695701,513,513,482,514
4472,2,-0.158114,482,517,484,512
4473,1,-0.537587,481,497,506,499
4474,4,1.865744,504,520,508,527
4475,1,-0.094868,492,483,524,498
4476,4,1.992235,507,532,507,517
4477,4,1.770875,511,512,518,515
4478,3,2.656313,499,520,539,526
4479,2,-0.126491,485,497,505,509
4480,4,3.035787,537,517,517,525
4481,2,-0.031623,491,485,518,505
4482,1,-2.529822,490,503,458,469
4483,3,0.474342,504,507,491,513
4484,1,-1.865744,486,477,503,475
4485,2,0.347851,498,505,516,492
4486,1,-2.181972,457,484,486,504
4487,0,-2.150349,497,479,478,478
4488,1,-1.043552,497,504,473,493
4489,4,3.510128,532,530,524,525
4490,2,0.379473,511,500,491,510
4491,1,-2.181972,474,484,502,471
4492,3,1.201666,522,485,522,509
4493,3,0.189737,508,501,491,506
4494,3,1.011929,514,499,504,515
4495,3,2.308463,530,496,535,512
4496,4,1.612762,514,513,514,510
4497,4,2.308463,515,530,516,512
4498,1,-1.865744,476,468,501,496
4499,3,1.549516,526,515,499,509
4500,4,1.328157,503,504,518,517
4501,2,-0.126491,511,503,482,500
4502,4,0.917061,507,509,503,510
4503,2,-0.347851,491,501,493,504
4504,2,-0.221359,495,511,521,466
4505,1,-1.170043,493,480,486,504
4506,4,1.992235,523,502,522,516
4507,2,0.569210,507,490,499,522
4508,4,1.486271,514,509,515,509
4509,3,0.379473,508,500,501,503
4510,2,-0.632456,503,485,511,481
4511,0,-2.308463,477,481,480,489
4512,0,-1.644384,490,492,482,484
4513,1,-2.340085,480,502,467,477
4514,0,-2.403331,495,479,485,465
4515,4,1.138420,508,514,509,505
4516,4,1.454648,522,517,503,504
4517,3,0.727324,508,491,514,510
4518,2,0.094868,498,521,472,512
4519,3,1.170043,505,490,516,526
4520,3,0.158114,489,512,501,503
4521,3,1.770875,518,519,499,520
4522,4,1.359779,507,505,525,506
4523,4,2.181972,528,508,513,520
4524,2,0.411096,511,493,514,495
4525,1,-0.158114,500,493,503,499
4526,3,0.853815,500,503,514,510
4527,3,1.011929,490,521,502,519
4528,1,-0.695701,477,497,500,504
4529,3,1.834121,500,518,526,514
4530,4,1.897367,526,527,501,506
4531,3,1.075174,519,499,504,512
4532,3,0.158114,503,504,511,487
4533,1,-0.822192,508,482,493,491
4534,3,1.928989,492,512,530,527
4535,2,-0.537587,502,510,484,487
4536,2,0.094868,494,510,502,497
4537,4,1.644384,513,512,505,522
4538,3,2.245217,525,527,522,497
4539,0,-0.980306,490,496,488,495
4540,3,0.695701,512,493,513,504
4541,3,2.087103,517,498,528,523
4542,1,-0.411096,484,508,498,497
4543,2,-0.063246,479,515,488,516
4544,4,1.897367,531,506,508,515
4545,4,2.498199,529,506,521,523
4546,1,-0.948683,480,511,484,495
4547,1,-0.600833,489,497,506,489
4548,2,-0.600833,486,481,509,505
4549,0,-1.865744,482,492,492,475
4550,2,-0.505964,510,488,507,479
4551,0,-2.972541,476,491,464,475
4552,4,2.403331,509,533,508,526
4553,0,-1.739253,467,500,482,496
4554,4,2.055480,530,509,505,521
4555,0,-2.751182,473,472,498,470
4556,3,1.517893,517,495,522,514
4557,0,-0.790569,500,497,490,488
4558,4,2.909295,520,509,532,531
4559,0,-0.537587,500,492,494,497
4560,2,-0.347851,485,483,511,510
4561,1,-1.043552,492,517,472,486
4562,2,-0.347851,489,479,503,518
4563,4,2.434954,527,516,511,523
4564,3,1.138420,513,494,501,528
4565,1,-2.245217,478,471,507,473
4566,4,3.130655,508,545,504,542
4567,3,1.138420,506,528,487,515
4568,4,0.980306,505,516,508,502
4569,4,2.909295,513,528,519,532
4570,3,0.695701,501,518,489,514
4571,3,0.252982,503,488,510,507
4572,0,-3.257146,478,492,469,458
4573,1,-1.423025,478,458,524,495
4574,2,-0.316228,497,489,503,501
4575,0,-0.727324,497,494,494,492
4576,4,1.043552,504,502,513,514
4577,1,-1.486271,506,484,486,477
4578,3,0.347851,504,506,490,511
4579,0,-1.707630,488,481,486,491
4580,0,-3.889602,463,486,462,466
4581,0,-1.739253,481,495,473,496
4582,3,1.581139,518,519,498,515
4583,0,-1.676007,475,492,483,497
4584,1,-0.885438,504,498,483,487
4585,2,0.252982,493,513,500,502
4586,0,-1.960612,475,494,479,490
4587,2,-0.189737,511,503,482,498
4588,3,1.423025,525,501,524,495
4589,1,-0.537587,484,497,491,511
4590,1,-1.138420,481,501,497,485
4591,3,1.296534,501,530,488,522
4592,1,-1.138420,511,483,481,489
4593,0,-4.458812,478,453,468,460
4594,1,-0.252982,498,488,513,493
4595,3,0.284605,507,512,503,487
4596,1,-0.980306,488,483,491,507
4597,3,0.411096,504,510,510,489
4598,3,1.328157,531,510,494,507
4599,1,-0.822192,496,501,484,493
4600,3,0.727324,517,512,518,476
4601,0,-2.340085,482,491,464,489
4602,0,-0.727324,499,496,492,490
4603,2,0.221359,498,491,508,510
4604,2,-0.063246,499,501,495,503
4605,4,4.269075,544,521,531,539
4606,0,-2.466577,472,469,497,484
4607,4,2.846050,530,528,517,515
4608,1,-0.284605,492,507,500,492
4609,1,-0.379473,500,491,509,488
4610,2,0.000000,485,496,517,502
4611,4,2.213594,514,508,524,524
4612,2,-0.758947,488,475,505,508
4613,1,-0.126491,491,520,486,499
4614,4,1.201666,514,513,502,509
4615,3,0.632456,511,504,498,507
4616,2,-0.537587,508,495,503,477
4617,1,0.031623,516,495,491,499
4618,2,0.442719,477,497,511,529
4619,4,2.561445,515,517,531,518
4620,3,0.316228,507,523,501,479
4621,1,-0.252982,499,512,488,493
4622,0,-1.138420,491,479,497,497
4623,1,-0.063246,509,497,500,492
4624,0,-2.656313,492,479,478,467
4625,0,-1.960612,495,494,477,472
4626,2,-0.094868,489,488,511,509
4627,2,0.221359,500,520,501,486
4628,3,1.359779,520,517,511,495
4629,2,-0.758947,506,493,507,470
4630,2,-0.284605,502,500,485,504
4631,1,-1.011929,476,485,512,495
4632,3,1.138420,506,508,498,524
4633,2,0.379473,513,502,500,497
4634,3,0.284605,507,489,509,504
4635,2,0.664078,525,496,510,490
4636,3,-0.442719,501,509,475,501
4637,2,-0.727324,503,507,478,489
4638,2,-0.126491,508,493,502,493
4639,0,-1.644384,488,462,500,498
4640,3,0.758947,503,485,516,520
4641,2,-0.347851,502,481,500,506
4642,1,-1.707630,488,482,501,475
4643,3,0.758947,517,497,507,503
4644,3,1.549516,517,520,497,515
4645,2,0.790569,500,515,494,516
4646,0,-2.118726,478,485,496,474
4647,0,-2.181972,471,493,474,493
4648,3,0.695701,511,498,510,503
4649,1,-0.505964,497,487,508,492
4650,3,1.233288,522,499,501,517
4651,2,0.411096,511,508,494,500
4652,1,0.000000,498,499,507,496
4653,3,1.834121,521,525,488,524
4654,4,1.517893,513,505,514,516
4655,2,0.379473,498,489,516,509
4656,1,-0.379473,494,509,499,486
4657,4,1.549516,510,515,510,514
4658,3,2.150349,505,544,497,522
4659,1,-0.853815,508,499,475,491
4660,3,2.276840,530,523,500,519
4661,1,0.569210,520,499,499,500
4662,3,0.442719,492,509,505,508
4663,3,0.664078,514,503,518,486
4664,3,0.569210,506,507,505,500
4665,2,-0.158114,508,476,515,496
4666,1,-1.106797,503,477,494,491
4667,2,-0.600833,504,487,501,489
4668,2,0.284605,507,507,500,495
4669,2,0.000000,496,504,506,494
4670,2,-0.316228,509,498,503,480
4671,4,2.023858,527,512,505,520
4672,0,-2.118726,483,491,482,477
4673,0,-0.885438,494,485,499,494
4674,3,0.221359,494,505,502,506
4675,0,-1.739253,481,489,495,480
4676,0,-1.992235,489,473,488,487
4677,2,-0.031623,501,508,497,493
4678,1,-0.948683,478,486,498,508
4679,0,-1.802498,491,465,491,496
4680,1,-0.537587,496,510,498,479
4681,3,1.075174,493,510,504,527
4682,3,-0.094868,502,486,506,503
4683,0,-2.403331,464,473,498,489
4684,3,1.201666,516,523,505,494
4685,1,-0.664078,495,497,501,486
4686,3,1.391402,521,526,505,492
4687,2,0.094868,491,495,502,515
4688,4,1.897367,505,534,502,519
4689,3,1.707630,497,527,507,523
4690,2,0.158114,506,499,497,503
4691,3,0.126491,503,492,507,502
4692,4,2.181972,506,510,519,534
4693,2,0.252982,506,523,485,494
4694,3,0.790569,501,488,530,506
4695,0,-0.917061,491,492,493,495
4696,2,-0.094868,496,507,490,504
4697,1,-0.790569,482,489,511,493
4698,0,-1.486271,484,486,488,495
4699,1,-1.581139,486,476,507,481
4700,4,2.118726,516,501,536,514
4701,1,0.000000,494,498,509,499
4702,2,-1.106797,464,518,482,501
4703,1,-1.549516,481,505,482,483
4704,0,-3.921224,479,459,488,450
4705,1,-0.505964,495,490,510,489
4706,3,1.296534,506,526,497,512
4707,1,-1.454648,501,496,475,482
4708,0,-2.245217,480,467,493,489
4709,2,-0.031623,504,499,492,504
4710,0,-1.454648,500,482,495,477
4711,1,-2.561445,483,464,501,471
4712,4,1.328157,514,519,502,507
4713,0,-4.648548,457,474,454,468
4714,3,0.853815,502,522,486,517
4715,4,1.170043,503,502,512,520
4716,3,1.454648,498,509,503,536
4717,3,0.600833,509,494,515,501
4718,3,2.593068,533,498,531,520
4719,3,0.632456,501,513,517,489
4720,0,-1.517893,481,486,489,496
4721,4,3.952847,542,531,523,529
4722,4,1.676007,517,514,517,505
4723,1,-0.632456,491,525,487,477
4724,2,0.316228,523,489,507,491
4725,2,-0.063246,494,511,491,502
4726,2,0.126491,492,517,494,501
4727,2,0.727324,499,532,490,502
4728,2,-0.158114,515,490,488,502
4729,2,-0.758947,491,476,505,504
4730,1,-0.885438,473,493,495,511
4731,2,0.189737,495,498,511,502
4732,1,-0.917061,502,483,492,494
4733,4,1.992235,506,531,501,525
4734,4,1.644384,504,517,510,521
4735,0,-2.245217,482,482,486,479
4736,0,-1.359779,498,477,494,488
4737,3,0.158114,506,512,483,504
4738,3,-0.411096,502,478,501,506
4739,3,0.569210,527,506,481,504
4740,4,1.612762,510,522,506,513
4741,3,0.664078,501,512,509,499
4742,1,-0.221359,490,500,495,508
4743,3,0.189737,481,504,502,519
4744,3,0.664078,502,513,515,491
4745,2,-0.252982,481,512,511,488
4746,4,1.581139,513,501,522,514
4747,3,0.695701,499,509,513,501
4748,3,2.087103,506,500,526,534
4749,0,-1.517893,488,494,483,487
4750,0,-2.213594,489,488,475,478
4751,4,1.296534,516,513,506,506
4752,1,-1.770875,487,468,509,480
4753,4,2.308463,537,507,524,505
4754,1,-3.004164,479,501,459,466
4755,4,1.043552,510,510,504,509
4756,0,-2.276840,482,478,485,483
4757,2,-0.505964,490,487,506,501
4758,4,0.948683,509,506,511,504
4759,2,0.822192,517,499,512,498
4760,1,-0.442719,495,491,519,481
4761,2,-0.695701,523,505,470,480
4762,2,0.221359,501,516,492,498
4763,2,-0.094868,483,516,496,502
4764,3,-0.031623,504,502,501,492
4765,1,-0.411096,502,498,495,492
4766,2,1.043552,513,525,495,500
4767,4,2.909295,525,511,522,534
4768,1,-1.201666,491,469,503,499
4769,0,-4.616925,467,457,489,441
4770,0,-1.612762,492,488,483,486
4771,2,0.411096,510,499,500,504
4772,3,1.359779,523,500,503,517
4773,0,-2.656313,485,458,485,488
4774,2,0.284605,488,506,497,518
4775,0,-1.897367,476,481,497,486
4776,0,-1.011929,489,494,492,493
4777,0,-2.087103,484,488,481,481
4778,3,1.075174,500,513,510,511
4779,3,1.075174,523,495,502,514
4780,4,2.371708,512,523,521,519
4781,3,1.960612,497,531,502,532
4782,1,-1.328157,492,478,503,485
4783,3,1.928989,530,512,498,521
4784,3,0.189737,510,481,511,504
4785,3,1.011929,498,509,515,510
4786,3,0.853815,523,515,504,485
4787,3,0.980306,512,503,516,500
4788,3,0.347851,507,501,510,493
4789,4,2.656313,523,507,533,521
4790,4,1.612762,503,524,501,523
4791,2,0.632456,498,520,496,506
4792,0,-2.877673,471,480,470,488
4793,2,0.284605,506,494,495,514
4794,4,1.739253,505,516,519,515
4795,2,1.170043,497,522,496,522
4796,2,-0.917061,489,511,501,470
4797,3,0.158114,501,491,512,501
4798,1,0.505964,495,496,499,526
4799,3,0.411096,509,504,496,504
4800,3,0.442719,505,498,503,508
4801,3,0.948683,496,516,511,507
4802,3,2.371708,531,500,520,524
4803,3,0.664078,495,502,510,514
4804,2,0.189737,503,495,512,496
4805,0,-1.739253,499,488,480,478
4806,4,1.644384,508,515,504,525
4807,3,1.011929,505,514,515,498
4808,1,-0.569210,504,500,492,486
4809,1,-1.549516,504,467,493,487
4810,3,0.569210,490,502,512,514
4811,4,1.644384,513,518,509,512
4812,1,-0.505964,491,500,489,504
4813,2,0.284605,499,515,503,492
4814,3,1.676007,502,489,539,523
4815,4,2.751182,529,507,537,514
4816,1,-0.252982,486,492,516,498
4817,4,1.802498,523,513,508,513
4818,1,-0.031623,500,486,514,499
4819,1,-0.758947,503,495,492,486
4820,3,1.106797,508,488,521,518
4821,3,1.359779,499,523,505,516
4822,2,-0.980306,501,471,507,490
4823,3,0.853815,518,491,514,504
4824,1,-0.221359,495,508,497,493
4825,3,1.264911,518,513,513,496
4826,3,0.569210,502,498,513,505
4827,2,0.442719,497,498,502,517
4828,3,1.043552,511,490,520,512
4829,1,-1.138420,492,514,476,482
4830,4,1.296534,509,507,520,505
4831,2,0.126491,502,498,498,506
4832,2,-0.189737,497,508,505,484
4833,2,1.201666,514,500,530,494
4834,0,-1.423025,479,498,484,494
4835,2,0.790569,517,500,508,500
4836,4,0.790569,502,503,507,513
4837,3,0.695701,507,503,526,486
4838,4,2.498199,534,529,513,503
4839,3,0.948683,511,491,511,517
4840,1,-0.537587,492,510,489,492
4841,1,-1.454648,494,501,472,487
4842,3,0.569210,495,501,502,520
4843,4,2.150349,511,521,513,523
4844,1,-0.537587,484,496,499,504
4845,1,-0.442719,494,509,486,497
4846,0,-0.474342,494,499,498,494
4847,1,-0.948683,481,503,490,496
4848,3,1.581139,518,510,526,496
4849,0,-2.593068,480,462,489,487
4850,2,-0.758947,506,505,493,472
4851,2,0.695701,488,519,517,498
4852,3,1.328157,528,495,515,504
4853,1,-0.727324,504,497,486,490
4854,2,-0.094868,521,482,493,501
4855,1,-0.727324,491,485,497,504
4856,0,-2.245217,492,474,491,472
4857,4,1.865744,509,523,504,523
4858,4,1.612762,507,524,514,506
4859,3,1.644384,515,517,495,525
4860,2,0.474342,528,491,509,487
4861,0,-3.162278,464,485,469,482
4862,4,1.770875,506,519,516,515
4863,0,-2.245217,485,489,472,483
4864,1,-1.201666,478,493,513,478
4865,4,0.727324,505,513,503,502
4866,4,3.225523,535,507,540,520
4867,1,-2.371708,486,511,463,465
4868,0,-1.928989,469,486,495,489
4869,4,3.099032,523,511,528,536
4870,2,-0.031623,505,497,517,480
4871,3,1.739253,535,518,498,504
4872,1,-2.276840,482,501,472,473
4873,1,-1.328157,505,481,490,482
4874,2,-0.000000,491,491,513,505
4875,1,-0.442719,491,515,480,500
4876,2,-0.094868,505,489,511,492
4877,4,1.897367,519,522,515,504
4878,2,-0.347851,488,502,498,501
4879,3,1.296534,527,496,511,507
4880,3,0.885438,505,487,516,520
4881,4,2.118726,516,515,528,508
4882,1,-0.379473,499,496,503,490
4883,0,-1.454648,494,498,490,472
4884,4,1.928989,505,521,521,514
4885,3,1.106797,514,509,515,497
4886,4,2.498199,540,507,516,516
4887,0,-2.118726,483,468,499,483
4888,0,-3.573374,469,477,468,473
4889,3,0.822192,498,516,505,507
4890,4,3.067409,508,533,535,521
4891,0,-2.340085,480,476,489,481
4892,1,-1.739253,484,508,472,481
4893,1,-0.758947,481,497,494,504
4894,2,0.031623,501,490,513,497
4895,1,-1.328157,483,504,483,488
4896,2,-0.284605,503,489,505,494
4897,2,0.664078,500,504,522,495
4898,0,-0.948683,478,499,500,493
4899,0,-2.561445,485,483,474,477
4900,0,-2.055480,487,482,472,494
4901,3,1.296534,515,533,490,503
4902,3,1.644384,506,524,490,532
4903,0,-1.517893,491,476,493,492
4904,3,0.948683,532,514,501,483
4905,1,-1.612762,477,515,473,484
4906,2,0.316228,491,513,498,508
4907,3,0.474342,503,520,479,513
4908,2,0.411096,497,506,490,520
4909,4,1.423025,511,508,517,509
4910,2,-0.094868,504,492,507,494
4911,3,1.486271,506,525,498,518
4912,3,0.189737,481,503,510,512
4913,4,2.181972,516,519,516,518
4914,1,-1.170043,503,485,480,495
4915,3,0.600833,502,507,491,519
4916,4,2.593068,515,527,510,530
4917,4,1.928989,509,517,518,517
4918,0,-2.213594,474,491,481,484
4919,2,0.537587,516,491,499,511
4920,2,0.505964,494,495,514,513
4921,0,-2.181972,478,487,475,491
4922,3,0.948683,504,499,508,519
4923,2,-0.221359,502,509,489,493
4924,3,1.170043,510,499,502,526
4925,1,-1.359779,489,468,497,503
4926,3,0.411096,503,522,502,486
4927,1,0.000000,492,514,494,500
4928,0,-2.782804,491,474,468,479
4929,4,3.320392,531,526,526,522
4930,0,-1.233288,484,497,489,491
4931,1,-1.296534,481,503,477,498
4932,0,-1.517893,492,483,483,494
4933,4,1.106797,501,502,516,516
4934,4,1.043552,517,501,501,514
4935,2,-1.359779,483,461,511,502
4936,4,1.391402,507,512,521,504
4937,4,2.940918,537,522,505,529
4938,2,-0.126491,483,510,490,513
4939,0,-1.233288,494,484,500,483
4940,3,0.569210,502,483,517,516
4941,4,1.739253,511,506,513,525
4942,0,-2.118726,471,485,479,498
4943,2,0.126491,498,511,489,506
4944,0,-0.948683,494,483,497,496
4945,0,-1.075174,485,492,498,491
4946,0,-0.917061,494,498,494,485
4947,0,-2.782804,468,481,490,473
4948,1,-0.885438,522,493,488,469
4949,4,3.004164,527,524,515,529
4950,0,-0.917061,491,488,497,495
4951,1,-0.474342,486,489,517,493
4952,4,3.510128,525,537,526,523
4953,0,-2.593068,454,498,467,499
4954,0,-1.928989,484,482,480,493
4955,1,-1.296534,479,501,497,482
4956,0,-3.984470,461,481,470,462
4957,2,-0.063246,515,523,480,480
4958,1,-1.170043,518,486,474,485
4959,3,1.138420,510,530,492,504
4960,2,0.600833,491,519,491,518
4961,2,-0.442719,488,511,485,502
4962,4,2.782804,533,524,512,519
4963,0,-2.055480,475,494,483,483
4964,4,1.992235,516,513,517,517
4965,1,-0.948683,481,493,501,495
4966,1,-1.391402,477,481,504,494
4967,4,2.308463,529,523,514,507
4968,4,1.391402,506,507,501,530
4969,1,-0.126491,496,498,495,507
4970,4,0.885438,508,514,504,502
4971,4,1.676007,516,510,510,517
4972,3,1.075174,505,484,529,516
4973,2,0.158114,503,485,518,499
4974,2,-0.379473,506,486,501,495
4975,1,0.063246,509,496,497,500
4976,1,-0.031623,497,510,497,495
4977,3,0.790569,506,513,509,497
4978,3,1.264911,514,519,511,496
4979,1,-0.758947,495,482,505,494
4980,1,-0.758947,494,476,500,506
4981,2,-0.126491,483,498,511,504
4982,2,0.347851,499,512,497,503
4983,2,0.505964,500,516,495,505
4984,2,-0.316228,487,504,501,498
4985,4,4.585303,526,519,543,557
4986,4,3.225523,527,519,528,528
4987,4,1.834121,521,508,507,522
4988,2,-1.106797,484,471,503,507
4989,0,-2.561445,492,487,471,469
4990,0,-1.359779,490,499,475,493
4991,3,0.063246,511,502,501,488
4992,4,1.043552,504,507,507,515
4993,3,-0.000000,475,507,511,507
4994,1,-0.664078,512,478,498,491
4995,0,-1.296534,500,492,483,484
4996,1,-0.411096,495,496,495,501
4997,0,-3.510128,459,486,486,458
4998,2,0.158114,501,494,510,500
4999,2,-0.158114,516,505,493,481
5000,2,0.758947,499,519,511,495
5001,0,-1.359779,492,491,492,482
5002,2,0.316228,500,493,513,504
5003,1,0.474342,499,517,499,500
5004,3,1.517893,526,518,499,505
5005,3,0.505964,494,512,502,508
5006,1,-1.138420,510,476,482,496
5007,0,-0.980306,496,492,499,482
5008,3,0.221359,503,512,488,504
5009,3,1.612762,507,499,532,513
5010,1,-1.328157,493,505,484,476
5011,4,1.454648,517,501,516,512
5012,2,0.000000,484,504,512,500
5013,3,1.676007,515,528,496,514
5014,3,0.158114,510,476,517,502
5015,3,0.822192,528,503,494,501
5016,0,-1.296534,490,497,484,488
5017,3,0.948683,524,488,514,504
5018,0,-2.087103,479,495,488,472
5019,3,1.170043,535,504,512,486
5020,3,0.758947,506,514,500,504
5021,0,-1.612762,492,494,475,488
5022,0,-1.359779,483,488,497,489
5023,0,-0.316228,500,492,500,498
5024,2,0.221359,513,524,472,498
5025,3,1.296534,515,518,496,512
5026,0,-1.201666,496,495,487,484
5027,1,-0.411096,496,491,504,496
5028,2,0.189737,506,497,495,508
5029,2,0.316228,500,513,494,503
5030,2,-0.252982,508,508,476,500
5031,4,1.454648,520,516,501,509
5032,2,0.158114,518,514,498,475
5033,1,-0.758947,487,507,491,491
5034,3,0.664078,493,515,503,510
5035,4,0.727324,505,504,513,501
5036,0,-1.581139,488,485,489,488
5037,4,2.055480,533,514,506,512
5038,2,1.138420,496,513,500,527
5039,0,-1.928989,497,477,491,474
5040,2,0.252982,497,490,511,510
5041,4,2.150349,513,520,508,527
5042,1,0.126491,497,517,492,498
5043,3,0.126491,507,485,511,501
5044,0,-4.142584,470,468,466,465
5045,1,-0.695701,506,491,491,490
5046,0,-1.707630,486,475,492,493
5047,1,-0.505964,507,483,498,496
5048,0,-3.446883,464,487,456,484
5049,4,1.707630,520,502,513,519
5050,2,-0.537587,503,490,478,512
5051,2,0.790569,487,515,497,526
5052,4,2.023858,515,519,512,518
5053,3,0.727324,512,512,485,514
5054,4,1.802498,503,528,508,518
5055,2,0.126491,484,520,492,508
5056,3,0.885438,521,510,487,510
5057,3,1.359779,525,513,494,511
5058,3,1.201666,508,510,522,498
5059,4,3.573374,529,508,543,533
5060,4,3.257146,517,536,530,520
5061,0,-1.897367,486,498,469,487
5062,3,1.581139,527,515,509,499
5063,2,0.000000,501,498,507,494
5064,0,-2.245217,487,487,479,476
5065,2,0.379473,497,517,501,497
5066,4,1.707630,512,513,503,526
5067,1,-0.252982,492,495,500,505
5068,1,-0.885438,491,507,485,489
5069,4,1.138420,507,513,505,511
5070,2,0.158114,488,500,508,509
5071,2,-0.758947,512,504,489,471
5072,3,0.948683,519,512,501,498
5073,3,0.569210,513,493,505,507
5074,0,-2.276840,483,486,485,474
5075,0,-2.940918,487,463,500,457
5076,2,0.537587,494,523,495,505
5077,3,1.739253,489,529,520,517
5078,4,1.897367,513,531,501,515
5079,1,-0.632456,500,496,481,503
5080,2,0.221359,499,511,483,514
5081,1,-0.505964,502,492,491,499
5082,1,-0.632456,496,504,481,499
5083,3,2.561445,536,543,504,498
5084,3,0.948683,495,508,517,510
5085,1,-0.537587,502,500,495,486
5086,2,0.727324,493,492,525,513
5087,1,-0.252982,496,491,495,510
5088,1,-1.517893,478,485,476,513
5089,0,-2.782804,483,475,482,472
5090,1,-1.517893,489,466,485,512
5091,3,1.928989,530,505,536,490
5092,4,0.822192,509,504,506,507
5093,3,0.822192,517,514,505,490
5094,0,-3.193900,470,483,465,481
5095,4,1.043552,523,503,501,506
5096,3,1.170043,520,512,506,499
5097,2,0.000000,517,506,484,493
5098,2,0.063246,494,508,505,495
5099,2,0.442719,508,516,497,493
5100,4,1.201666,507,516,502,513
5101,2,0.411096,502,489,523,499
5102,4,1.328157,515,516,504,507
5103,4,2.529822,505,521,518,536
5104,1,-1.423025,505,471,486,493
5105,3,0.917061,503,500,521,505
5106,0,-1.423025,485,487,485,498
5107,2,0.284605,491,488,518,512
5108,2,-0.505964,501,492,515,476
5109,3,0.664078,503,497,508,513
5110,1,-0.948683,507,495,484,484
5111,2,0.031623,486,511,499,505
5112,1,-1.897367,488,480,501,471
5113,1,-0.505964,489,494,507,494
5114,3,1.296534,526,495,515,505
5115,3,1.328157,516,498,511,517
5116,2,0.505964,488,489,525,514
5117,2,0.505964,520,495,505,496
5118,4,2.181972,513,520,516,520
5119,0,-1.043552,485,494,499,489
5120,4,3.257146,527,536,507,533
5121,2,0.347851,496,516,491,508
5122,1,-0.347851,492,499,490,508
5123,4,1.011929,507,510,502,513
5124,0,-3.921224,460,475,482,459
5125,2,0.094868,502,490,513,498
5126,2,0.094868,515,511,480,497
5127,1,-1.328157,493,509,476,480
5128,3,1.138420,503,521,498,514
5129,4,2.150349,508,526,523,511
5130,2,0.031623,492,504,508,497
5131,1,-0.632456,484,511,494,491
5132,1,-0.917061,473,483,497,518
5133,0,-2.118726,489,481,487,476
5134,2,-0.284605,492,516,504,479
5135,0,-3.604997,481,459,477,469
5136,3,0.790569,499,515,510,501
5137,0,-1.549516,481,487,486,497
5138,1,-0.442719,489,514,488,495
5139,4,2.150349,535,510,506,517
5140,1,-0.917061,486,485,497,503
5141,2,-0.569210,503,508,482,489
5142,2,-0.474342,485,503,482,515
5143,2,0.980306,513,524,494,500
5144,2,0.252982,506,516,497,489
5145,2,0.948683,496,520,500,514
5146,4,1.612762,506,508,516,521
5147,2,1.043552,494,482,539,518
5148,0,-1.264911,493,486,494,487
5149,3,0.474342,508,506,488,513
5150,4,3.067409,506,545,525,521
5151,3,1.676007,503,500,515,535
5152,2,-0.284605,504,494,501,492
5153,4,2.782804,538,511,515,524
5154,4,2.972541,528,511,528,527
5155,0,-2.561445,485,471,484,479
5156,1,-1.834121,479,482,501,480
5157,0,-1.106797,494,493,481,497
5158,0,-0.695701,495,495,489,499
5159,1,-0.252982,491,496,509,496
5160,2,-0.411096,472,496,507,512
5161,3,1.233288,513,523,490,513
5162,4,1.201666,507,515,501,515
5163,1,-0.126491,500,507,491,498
5164,3,1.201666,516,521,503,498
5165,0,-2.877673,473,491,478,467
5166,1,-0.126491,498,518,490,490
5167,3,1.897367,525,493,531,511
5168,1,-1.106797,501,486,487,491
5169,2,-0.917061,483,503,504,481
5170,3,1.011929,498,509,520,505
5171,2,-0.474342,511,485,508,481
5172,1,-0.063246,506,499,494,499
5173,3,0.885438,510,514,507,497
5174,3,1.486271,519,498,511,519
5175,0,-1.517893,487,490,491,484
5176,2,0.284605,519,496,507,487
5177,3,2.940918,518,499,543,533
5178,3,0.664078,497,506,505,513
5179,4,1.581139,535,506,502,507
5180,1,0.284605,497,537,476,499
5181,1,-1.043552,486,509,485,487
5182,2,0.158114,500,505,490,510
5183,0,-0.537587,491,497,497,498
5184,1,-0.347851,492,497,505,495
5185,1,0.094868,493,489,531,490
5186,4,1.549516,512,524,504,509
5187,3,1.296534,504,506,539,492
5188,2,0.126491,496,511,505,492
5189,3,0.158114,505,506,491,503
5190,3,0.758947,527,480,516,501
5191,2,0.411096,497,490,516,510
5192,3,0.853815,508,516,495,508
5193,3,0.126491,501,507,503,493
5194,3,0.664078,510,475,516,520
5195,4,2.719559,527,513,517,529
5196,1,-0.442719,509,497,495,485
5197,1,-0.664078,479,498,506,496
5198,3,1.423025,509,528,490,518
5199,3,0.158114,509,487,505,504
5200,1,-0.505964,499,483,492,510
5201,4,2.150349,507,530,509,522
5202,3,1.201666,510,524,508,496
5203,4,2.656313,521,524,520,519
5204,2,-0.031623,503,493,498,505
5205,2,-2.118726,464,463,502,504
5206,4,1.233288,506,514,505,514
5207,3,1.296534,498,508,527,508
5208,3,0.411096,500,502,501,510
5209,1,-1.075174,489,478,505,494
5210,3,1.106797,492,503,513,527
5211,4,1.928989,515,503,530,513
5212,3,0.822192,509,528,485,504
5213,2,0.442719,489,492,510,523
5214,2,0.031623,488,500,503,510
5215,2,-0.158114,509,514,482,490
5216,3,1.517893,501,519,530,498
5217,0,-3.130655,461,470,491,479
5218,1,-0.474342,505,480,500,500
5219,2,0.000000,512,513,495,480
5220,3,0.537587,518,492,503,504
5221,0,-1.517893,476,497,495,484
5222,0,-1.897367,473,480,487,500
5223,4,1.960612,520,506,529,507
5224,4,1.707630,523,512,508,511
5225,1,-1.075174,483,483,507,493
5226,4,3.035787,513,521,533,529
5227,0,-2.055480,477,485,480,493
5228,3,0.632456,505,520,507,488
5229,3,0.853815,490,519,513,505
5230,1,-0.505964,498,485,506,495
5231,0,-1.486271,487,488,480,498
5232,0,-0.948683,500,479,493,498
5233,1,-0.695701,504,480,496,498
5234,0,-2.118726,483,493,465,492
5235,1,-0.885438,498,490,503,481
5236,2,-0.063246,503,502,499,494
5237,4,0.917061,511,506,501,511
5238,2,-0.221359,517,481,503,492
5239,3,0.727324,516,501,507,499
5240,0,-0.980306,485,498,493,493
5241,3,0.379473,509,497,502,504
5242,1,-1.328157,493,501,467,497
5243,3,1.106797,516,516,495,508
5244,3,0.790569,523,508,485,509
5245,3,1.423025,493,512,531,509
5246,2,0.284605,483,515,494,517
5247,4,2.719559,515,518,524,529
5248,1,-0.727324,492,494,512,479
5249,4,1.707630,515,503,525,511
5250,1,-0.411096,493,495,511,488
5251,3,0.158114,512,510,478,505
5252,3,0.189737,507,494,504,501
5253,3,2.466577,522,521,496,539
5254,3,1.581139,517,519,489,525
5255,1,-1.201666,496,506,486,474
5256,0,-0.632456,496,497,495,492
5257,0,-2.340085,467,493,468,498
5258,3,1.043552,515,494,503,521
5259,1,-0.600833,477,516,489,499
5260,3,0.917061,507,513,519,490
5261,4,0.853815,502,516,505,504
5262,4,0.980306,503,503,519,506
5263,4,3.699865,535,518,534,530
5264,2,0.158114,508,499,502,496
5265,4,2.118726,504,513,521,529
5266,0,-1.106797,480,492,493,500
5267,3,1.802498,531,522,511,493
5268,1,-1.296534,502,491,492,474
5269,1,-0.632456,497,490,513,480
5270,3,0.885438,506,488,509,525
5271,2,1.233288,500,540,498,501
5272,3,1.897367,519,516,500,525
5273,2,-0.316228,493,502,494,501
5274,1,-1.612762,481,488,478,502
5275,2,0.474342,486,515,490,524
5276,0,-1.897367,487,474,494,485
5277,3,0.379473,501,500,507,504
5278,2,0.063246,514,503,497,488
5279,3,0.569210,509,507,494,508
5280,4,2.055480,518,520,507,520
5281,2,-0.569210,480,508,503,491
5282,3,0.411096,503,504,511,495
5283,2,0.000000,481,506,495,518
5284,0,-0.347851,499,496,494,500
5285,3,0.917061,509,510,499,511
5286,2,-1.043552,511,502,483,471
5287,2,0.474342,495,509,518,493
5288,2,-1.075174,503,465,492,506
5289,4,1.897367,501,530,520,509
5290,1,-1.328157,480,508,487,483
5291,3,0.600833,499,510,509,501
5292,3,0.948683,512,516,499,503
5293,1,-1.011929,485,503,488,492
5294,4,2.276840,528,505,526,513
5295,2,0.094868,499,520,483,501
5296,4,1.770875,510,515,526,505
5297,2,-0.727324,501,500,501,475
5298,0,-2.814427,476,489,479,467
5299,0,-1.834121,479,484,493,486
5300,3,1.423025,515,499,509,522
5301,1,-1.676007,491,476,506,474
5302,2,1.075174,496,499,520,519
5303,2,0.695701,505,498,520,499
5304,3,0.917061,508,506,520,495
5305,2,0.474342,497,498,508,512
5306,0,-2.118726,487,490,471,485
5307,3,1.581139,516,497,511,526
5308,2,-0.126491,505,509,487,495
5309,2,-0.948683,504,483,505,478
5310,1,-0.664078,491,512,482,494
5311,3,2.213594,514,532,500,524
5312,2,0.885438,493,514,524,497
5313,0,-1.928989,500,478,495,466
5314,0,-2.213594,487,478,482,483
5315,4,0.758947,505,507,505,507
5316,1,-1.865744,481,506,469,485
5317,3,1.011929,525,501,509,497
5318,1,-1.549516,495,503,479,474
5319,1,-0.442719,508,500,489,489
5320,2,-1.170043,483,464,515,501
5321,3,1.423025,502,521,495,527
5322,4,3.763110,544,526,508,541
5323,0,-1.106797,493,498,486,488
5324,3,0.347851,502,503,479,527
5325,4,2.940918,503,527,527,536
5326,1,-0.980306,508,496,476,489
5327,2,-0.695701,507,517,472,482
5328,4,1.549516,507,507,514,521
5329,3,2.023858,500,526,521,517
5330,3,0.569210,501,488,516,513
5331,0,-0.885438,493,495,497,487
5332,3,0.917061,503,499,517,510
5333,2,0.758947,495,523,511,495
5334,1,-1.486271,501,490,478,484
5335,1,-1.486271,478,483,490,502
5336,2,0.252982,502,488,522,496
5337,4,1.011929,502,503,512,515
5338,0,-2.308463,479,484,489,475
5339,0,-1.106797,498,470,498,499
5340,0,-1.264911,493,480,489,498
5341,0,-0.379473,494,497,499,498
5342,1,-1.897367,478,478,503,481
5343,1,-1.549516,505,484,477,485
5344,3,0.948683,506,504,525,495
5345,1,-0.695701,513,496,490,479
5346,3,0.758947,515,510,508,491
5347,2,-0.252982,501,490,513,488
5348,2,0.695701,494,519,487,522
5349,0,-1.423025,490,493,495,477
5350,0,-1.106797,491,487,493,494
5351,2,-0.980306,503,508,475,483
5352,4,1.581139,508,511,524,507
5353,2,0.347851,514,498,508,491
5354,2,-0.695701,507,506,477,488
5355,2,0.189737,500,501,496,509
5356,2,-0.126491,476,497,514,509
5357,3,1.138420,514,489,509,524
5358,4,1.802498,513,522,507,515
5359,1,-0.790569,494,492,484,505
5360,0,-1.423025,496,498,484,477
5361,2,-0.727324,481,488,504,504
5362,2,0.284605,502,493,500,514
5363,1,-0.664078,492,490,486,511
5364,1,-1.391402,486,502,480,488
5365,1,-0.600833,482,493,487,519
5366,3,0.474342,505,517,490,503
5367,3,1.011929,524,505,500,503
5368,3,0.727324,514,507,505,497
5369,4,1.296534,504,517,518,502
5370,1,-2.181972,475,483,503,470
5371,3,0.885438,526,512,484,506
5372,2,-1.075174,480,466,516,504
5373,1,-2.150349,483,457,517,475
5374,1,-2.150349,461,523,457,491
5375,1,-1.138420,474,501,492,497
5376,3,0.505964,513,510,505,488
5377,2,-0.094868,492,478,509,518
5378,0,-2.846050,467,485,473,485
5379,2,0.885438,519,522,488,499
5380,4,2.624690,529,505,521,528
5381,3,1.517893,509,531,496,512
5382,4,1.928989,512,522,507,520
5383,3,2.340085,519,497,539,519
5384,4,2.371708,522,502,516,535
5385,1,0.189737,499,516,494,497
5386,1,-0.758947,496,494,485,501
5387,4,1.233288,502,517,502,518
5388,3,1.739253,529,528,502,496
5389,4,1.960612,520,517,520,505
5390,3,0.727324,496,512,511,504
5391,0,-2.498199,492,485,475,469
5392,4,1.739253,513,527,509,506
5393,3,1.138420,500,501,511,524
5394,4,1.770875,515,504,527,510
5395,1,-0.442719,493,528,477,488
5396,1,-0.980306,485,494,488,502
5397,1,-1.928989,475,473,506,485
5398,4,2.245217,506,510,517,538
5399,1,-2.656313,467,456,502,491
5400,3,0.316228,506,509,485,510
5401,2,0.094868,514,490,521,478
5402,1,-1.581139,482,508,481,479
5403,2,0.537587,499,486,525,507
5404,3,1.359779,495,527,502,519
5405,2,-0.758947,482,510,483,501
5406,2,-0.632456,493,477,502,508
5407,4,1.992235,514,506,531,512
5408,2,-0.474342,504,511,493,477
5409,1,-0.632456,501,494,488,497
5410,0,-1.770875,465,492,490,497
5411,4,0.727324,503,510,504,506
5412,4,1.391402,512,519,503,510
5413,4,2.909295,531,518,521,522
5414,2,-0.347851,486,506,502,495
5415,1,-0.537587,489,489,500,505
5416,3,0.980306,516,515,496,504
5417,2,0.632456,494,508,518,500
5418,3,1.138420,515,515,499,507
5419,4,3.699865,535,525,521,536
5420,3,1.612762,515,518,498,520
5421,2,0.948683,495,525,495,515
5422,0,-1.549516,480,490,500,481
5423,4,4.110961,533,536,512,549
5424,3,0.917061,499,512,501,517
5425,3,0.917061,498,513,513,505
5426,1,-0.537587,499,483,508,493
5427,3,0.284605,509,476,512,512
5428,2,0.537587,520,503,497,497
5429,0,-1.264911,490,485,490,495
5430,4,3.446883,540,517,514,538
5431,4,1.865744,516,516,510,517
5432,1,-1.328157,477,482,496,503
5433,0,-0.695701,499,499,487,493
5434,2,-1.011929,487,502,501,478
5435,3,1.359779,520,483,519,521
5436,4,3.193900,530,538,521,512
5437,0,-2.782804,476,490,464,482
5438,4,2.340085,522,516,515,521
5439,0,-0.664078,493,495,491,500
5440,0,-2.687936,489,469,497,460
5441,1,-0.822192,490,479,505,500
5442,4,2.846050,520,516,522,532
5443,3,2.023858,529,521,499,515
5444,4,1.138420,505,514,507,510
5445,1,-0.790569,470,517,491,497
5446,1,-0.632456,493,485,504,498
5447,4,2.972541,523,535,519,517
5448,2,0.442719,497,511,510,496
5449,1,-0.000000,493,515,495,497
5450,1,-0.411096,491,502,497,497
5451,2,-0.917061,513,475,476,507
5452,1,-1.770875,484,509,467,484
5453,1,-0.284605,492,515,497,487
5454,2,0.948683,511,492,531,496
5455,2,-0.316228,488,513,481,508
5456,2,-0.063246,498,512,485,503
5457,3,1.201666,516,524,504,494
5458,0,-1.264911,495,489,498,478
5459,3,1.517893,517,527,508,496
5460,1,-0.474342,510,491,486,498
5461,0,-3.794733,473,459,477,471
5462,3,0.252982,502,506,492,508
5463,2,0.853815,520,511,497,499
5464,4,3.763110,525,545,537,512
5465,0,-0.442719,491,498,500,497
5466,4,1.960612,516,507,521,518
5467,0,-0.948683,487,496,487,500
5468,3,0.695701,507,510,494,511
5469,3,0.094868,505,510,483,505
5470,1,-1.834121,478,483,502,479
5471,4,1.770875,517,509,528,502
5472,2,-0.063246,511,495,490,502
5473,2,-0.158114,497,511,507,480
5474,4,3.794733,530,535,530,525
5475,0,-2.656313,496,448,495,477
5476,2,0.221359,499,490,514,504
5477,3,0.221359,508,510,488,501
5478,3,0.980306,498,519,505,509
5479,2,-0.284605,481,501,511,498
5480,1,-1.075174,489,502,490,485
5481,3,0.569210,509,518,484,507
5482,0,-1.865744,485,486,483,487
5483,0,-1.928989,486,492,488,473
5484,1,-0.505964,508,497,494,485
5485,4,3.478505,533,522,515,540
5486,3,1.423025,514,523,508,500
5487,1,-1.043552,497,507,466,497
5488,2,-0.379473,504,486,503,495
5489,4,1.075174,504,509,514,507
5490,2,0.158114,503,494,521,487
5491,0,-1.644384,480,496,489,483
5492,2,0.569210,520,495,508,495
5493,4,3.193900,519,517,535,530
5494,2,-0.031623,503,496,502,498
5495,0,-0.505964,486,499,499,500
5496,2,-0.126491,501,487,500,508
5497,3,0.063246,485,511,503,503
5498,3,0.600833,515,518,482,504
5499,4,2.403331,526,517,514,519
5500,3,0.758947,522,502,493,507
5501,1,-0.727324,491,510,494,482
5502,3,1.170043,523,505,500,509
5503,2,0.031623,502,508,496,495
5504,0,-3.099032,479,469,470,484
5505,3,0.284605,502,503,496,508
5506,4,3.257146,525,529,518,531
5507,4,3.541751,537,527,518,530
5508,1,-0.505964,494,483,518,489
5509,2,0.347851,514,497,501,499
5510,2,-0.158114,480,506,510,499
5511,0,-1.201666,493,497,486,486
5512,2,0.126491,497,516,485,506
5513,3,0.505964,513,485,501,517
5514,1,-0.347851,500,492,505,492
5515,0,-2.118726,473,485,478,497
5516,1,-1.549516,484,503,475,489
5517,4,1.707630,512,506,522,514
5518,3,0.474342,497,509,508,501
5519,1,0.031623,512,497,495,497
5520,2,0.063246,494,499,507,502
5521,1,0.347851,499,518,498,496
5522,1,-1.043552,477,497,511,482
5523,4,3.035787,520,512,532,532
5524,1,-0.790569,480,506,496,493
5525,1,-1.011929,487,499,504,478
5526,1,0.031623,494,495,515,497
5527,3,3.352014,534,526,500,546
5528,1,-0.632456,507,492,482,499
5529,0,-1.739253,491,489,482,483
5530,1,-1.170043,501,491,480,491
5531,1,-0.094868,497,495,493,512
5532,4,1.770875,514,502,512,528
5533,1,-2.371708,474,504,486,461
5534,2,0.632456,498,520,493,509
5535,2,0.505964,491,496,509,520
5536,1,-1.359779,485,523,467,482
5537,3,0.031623,509,489,501,502
5538,4,4.680171,546,546,521,535
5539,4,1.770875,504,522,506,524
5540,3,1.201666,506,523,496,513
5541,2,-0.758947,504,506,478,488
5542,3,0.790569,516,498,507,504
5543,1,0.000000,494,525,486,495
5544,4,1.454648,514,518,507,507
5545,2,-0.000000,487,500,508,505
5546,4,1.834121,509,503,518,528
5547,1,-1.865744,477,505,484,475
5548,3,1.897367,518,533,495,514
5549,3,0.189737,508,506,487,505
5550,4,1.106797,514,502,515,504
5551,3,0.758947,508,502,514,500
5552,1,-0.031623,500,489,515,495
5553,1,-1.391402,501,489,486,480
5554,0,-0.853815,488,500,486,499
5555,3,0.474342,517,489,505,504
5556,4,3.004164,523,519,518,535
5557,0,-1.865744,492,484,492,473
5558,1,-1.106797,486,477,502,500
5559,4,1.581139,508,526,502,514
5560,0,-2.213594,491,478,490,471
5561,3,2.909295,539,496,550,507
5562,1,0.126491,523,496,491,494
5563,1,-1.106797,482,501,489,493
5564,3,1.233288,510,493,516,520
5565,1,-1.391402,483,491,503,479
5566,2,-0.094868,493,495,502,507
5567,3,1.581139,510,534,497,509
5568,2,0.316228,496,501,497,516
5569,1,-1.043552,483,488,495,501
5570,4,0.917061,511,502,505,511
5571,1,-1.328157,478,483,507,490
5572,1,0.031623,492,495,519,495
5573,3,1.770875,525,493,511,527
5574,1,-1.296534,481,474,524,480
5575,1,-1.201666,496,483,506,477
5576,4,0.695701,501,513,503,505
5577,2,-0.031623,498,493,506,502
5578,2,-0.379473,501,505,488,494
5579,4,1.138420,512,514,504,506
5580,3,1.075174,498,512,503,521
5581,2,0.284605,493,498,511,507
5582,1,-0.189737,489,486,520,499
5583,0,-0.885438,490,499,495,488
5584,2,0.221359,489,495,511,512
5585,4,2.213594,517,521,521,511
5586,2,0.221359,513,478,516,500
5587,0,-0.727324,498,500,481,498
5588,4,0.790569,514,505,504,502
5589,4,2.403331,523,523,507,523
5590,3,1.043552,516,502,518,497
5591,1,-0.664078,491,510,484,494
5592,3,1.328157,522,489,528,503
5593,2,-0.347851,504,488,503,494
5594,2,-1.770875,510,519,464,451
5595,0,-3.510128,469,469,475,476
5596,1,-0.600833,506,493,488,494
5597,4,2.593068,524,519,518,521
5598,2,0.094868,484,484,508,527
5599,1,-0.600833,496,513,491,481
5600,1,-0.664078,490,502,493,494
5601,4,2.877673,521,507,534,529
5602,2,-0.189737,513,476,517,488
5603,3,0.189737,484,506,505,511
5604,1,-1.423025,498,463,502,492
5605,1,-0.442719,497,509,491,489
5606,2,0.727324,522,498,495,508
5607,2,0.189737,498,511,505,492
5608,4,1.644384,525,510,510,507
5609,3,0.252982,492,503,505,508
5610,3,0.790569,500,509,511,505
5611,3,0.885438,507,511,499,511
5612,0,-2.466577,477,473,491,481
5613,4,1.201666,506,504,503,525
5614,2,0.411096,497,514,500,502
5615,3,0.063246,481,515,503,503
5616,2,-0.189737,495,503,491,505
5617,1,-1.549516,481,503,478,489
5618,4,2.656313,521,532,505,526
5619,4,2.656313,502,548,501,533
5620,4,2.466577,540,523,511,504
5621,0,-2.846050,488,477,471,474
5622,0,-2.940918,488,472,457,490
5623,3,1.676007,516,536,496,505
5624,3,0.126491,495,501,501,507
5625,2,-0.063246,510,488,499,501
5626,4,0.948683,510,503,511,506
5627,3,0.758947,516,491,514,503
5628,3,0.474342,501,499,512,503
5629,4,3.636619,529,532,520,534
5630,2,-0.379473,507,507,481,493
5631,1,-1.170043,495,501,474,493
5632,2,-0.063246,504,512,484,498
5633,2,0.316228,508,513,498,491
5634,4,0.600833,508,505,503,503
5635,4,2.656313,517,526,525,516
5636,4,2.561445,527,514,514,526
5637,1,-0.411096,495,495,494,503
5638,4,1.707630,511,528,506,509
5639,4,2.782804,535,527,501,525
5640,2,0.505964,507,494,498,517
5641,0,-1.359779,499,487,488,483
5642,2,-0.505964,493,506,484,501
5643,3,1.043552,527,505,501,500
5644,1,-1.043552,497,479,507,484
5645,4,2.150349,511,514,519,524
5646,4,1.834121,525,503,508,522
5647,0,-1.486271,490,499,489,475
5648,0,-0.569210,497,497,496,492
5649,2,-0.411096,501,482,505,499
5650,0,-1.233288,491,488,492,490
5651,0,-2.656313,471,496,474,475
5652,0,-1.612762,490,497,478,484
5653,3,1.486271,514,493,521,519
5654,3,1.486271,527,501,522,497
5655,1,-2.466577,470,452,513,487
5656,4,2.498199,510,515,509,545
5657,3,1.486271,524,527,504,492
5658,3,1.739253,523,514,488,530
5659,1,-0.727324,496,486,488,507
5660,4,3.130655,537,528,532,502
5661,3,1.138420,498,502,508,528
5662,0,-1.802498,468,488,500,487
5663,3,2.181972,527,496,541,505
5664,2,0.632456,522,520,491,487
5665,3,2.245217,520,512,499,540
5666,2,-0.031623,492,513,492,502
5667,4,4.458812,547,524,533,537
5668,1,-0.126491,483,499,521,493
5669,3,0.822192,498,513,511,504
5670,0,-1.581139,488,486,477,499
5671,0,-1.486271,471,492,498,492
5672,2,0.505964,492,517,500,507
5673,1,-0.316228,499,513,491,487
5674,2,-0.094868,503,497,495,502
5675,4,0.980306,514,503,511,503
5676,1,-0.727324,478,533,469,497
5677,2,0.790569,534,493,495,503
5678,2,-0.316228,490,502,506,492
5679,2,0.252982,494,505,514,495
5680,4,1.517893,515,514,504,515
5681,1,-0.505964,494,500,501,489
5682,4,0.980306,509,502,510,510
5683,0,-1.423025,494,486,497,478
5684,1,-0.569210,513,494,493,482
5685,3,0.221359,502,494,507,504
5686,3,0.347851,513,490,507,501
5687,2,0.853815,489,492,529,517
5688,1,-1.075174,513,488,481,484
5689,1,-1.549516,493,480,504,474
5690,4,2.561445,519,520,510,532
5691,3,0.980306,521,499,506,505
5692,1,-0.252982,498,481,516,497
5693,1,-0.980306,483,507,481,498
5694,2,0.790569,494,497,514,520
5695,2,-0.031623,505,498,506,490
5696,1,-0.980306,491,486,507,485
5697,2,1.170043,496,524,493,524
5698,0,-2.371708,477,480,492,476
5699,1,-0.031623,520,495,500,484
5700,4,1.960612,508,521,514,519
5701,2,-0.411096,507,503,492,485
5702,4,1.391402,510,504,529,501
5703,4,2.150349,515,520,517,516
5704,2,0.252982,499,498,509,502
5705,0,-3.510128,471,493,466,459
5706,4,2.118726,507,506,524,530
5707,2,-1.296534,507,473,505,474
5708,3,0.727324,494,524,502,503
5709,2,0.284605,503,507,499,500
5710,2,-0.600833,501,506,490,484
5711,1,-0.442719,500,504,488,494
5712,4,3.984470,518,539,537,532
5713,2,-0.284605,512,478,514,487
5714,3,1.897367,518,534,509,499
5715,2,-0.537587,486,513,476,508
5716,4,3.383637,528,520,533,526
5717,3,0.221359,487,502,505,513
5718,4,1.770875,518,510,515,513
5719,2,-0.221359,501,503,500,489
5720,3,1.138420,529,478,514,515
5721,3,0.727324,512,505,507,499
5722,4,2.276840,515,514,526,517
5723,3,1.454648,534,492,516,504
5724,2,-0.094868,512,485,506,494
5725,3,0.474342,502,512,497,504
5726,2,0.094868,500,518,483,502
5727,2,-0.442719,496,513,476,501
5728,3,1.739253,510,488,531,526
5729,1,-0.980306,492,507,492,478
5730,1,0.189737,499,494,517,496
5731,0,-1.454648,482,491,486,495
5732,2,0.094868,494,509,496,504
5733,4,1.296534,508,516,504,513
5734,4,1.264911,501,524,503,512
5735,3,0.758947,508,494,510,512
5736,4,2.782804,526,507,532,523
5737,1,-0.000000,482,497,523,498
5738,2,-0.442719,503,490,491,502
5739,2,0.221359,504,511,492,500
5740,0,-3.130655,473,469,477,482
5741,2,-0.126491,498,489,502,507
5742,1,-0.316228,499,495,502,494
5743,4,0.948683,502,509,501,518
5744,4,3.320392,511,511,557,526
5745,4,1.454648,516,508,506,516
5746,1,-0.727324,487,491,496,503
5747,4,3.099032,525,532,525,516
5748,1,-0.917061,473,490,522,486
5749,0,-1.486271,488,486,495,484
5750,1,-0.063246,499,508,495,496
5751,3,0.063246,506,493,502,501
5752,0,-2.466577,485,486,467,484
5753,2,-0.822192,506,477,487,504
5754,2,1.170043,526,497,514,500
5755,4,2.529822,508,536,504,532
5756,1,-1.106797,485,501,490,489
5757,2,0.822192,497,526,497,506
5758,1,-0.632456,500,486,501,493
5759,3,1.106797,522,475,536,502
5760,0,-2.656313,471,470,484,491
5761,3,0.347851,486,506,509,510
5762,3,1.707630,511,493,527,523
5763,2,0.031623,483,503,525,490
5764,3,2.055480,517,500,529,519
5765,2,0.094868,484,499,502,518
5766,2,0.000000,496,518,502,484
5767,2,-0.063246,514,496,504,484
5768,3,0.347851,514,482,504,511
5769,2,0.917061,518,512,499,500
5770,0,-0.442719,499,497,500,490
5771,3,3.383637,550,542,499,516
5772,3,0.917061,507,513,485,524
5773,0,-1.233288,482,494,492,493
5774,1,-1.739253,490,451,518,486
5775,4,3.288769,529,507,550,518
5776,3,1.423025,514,494,533,504
5777,2,-0.632456,489,501,481,509
5778,3,0.221359,500,501,501,505
5779,2,0.126491,494,507,497,506
5780,4,2.055480,525,507,520,513
5781,0,-1.517893,490,489,487,486
5782,2,-0.505964,502,510,481,491
5783,0,-4.332320,469,464,453,477
5784,2,0.316228,500,514,490,506
5785,0,-1.075174,492,477,498,499
5786,0,-3.320392,474,484,480,457
5787,4,2.561445,535,521,521,504
5788,3,0.537587,503,507,509,498
5789,4,1.423025,521,515,504,505
5790,2,0.126491,517,507,491,489
5791,2,0.094868,501,499,499,504
5792,3,1.075174,506,499,507,522
5793,3,0.790569,512,512,490,511
5794,4,0.980306,524,502,501,504
5795,4,1.138420,505,509,516,506
5796,1,-0.758947,479,518,486,493
5797,1,-1.201666,481,502,489,490
5798,1,-0.885438,519,492,474,487
5799,0,-1.486271,488,489,486,490
5800,1,0.221359,497,525,488,497
5801,3,0.664078,505,488,519,509
5802,2,-0.411096,492,491,501,503
5803,3,0.189737,507,491,502,506
5804,4,3.352014,511,524,531,540
5805,4,2.371708,519,529,504,523
5806,4,1.897367,508,510,520,522
5807,3,2.593068,540,534,514,494
5808,4,2.940918,523,532,514,524
5809,1,-0.189737,498,509,493,494
5810,4,1.423025,511,503,515,516
5811,1,0.853815,498,491,538,500
5812,0,-2.087103,487,482,490,475
5813,1,-1.201666,497,458,514,493
5814,1,-0.980306,478,519,484,488
5815,1,-1.423025,482,503,476,494
5816,2,-0.442719,502,505,493,486
5817,2,0.474342,513,487,517,498
5818,1,-0.537587,495,486,507,495
5819,2,-0.474342,481,504,493,507
5820,3,1.581139,520,532,495,503
5821,2,0.284605,499,519,477,514
5822,1,-0.790569,502,480,500,493
5823,0,-1.865744,478,478,493,492
5824,3,1.960612,515,498,533,516
5825,1,-0.822192,499,497,501,477
5826,0,-2.181972,472,499,471,489
5827,4,1.391402,518,515,502,509
5828,2,0.063246,506,493,513,490
5829,0,-2.719559,492,466,482,474
5830,1,-0.442719,498,498,477,513
5831,2,-0.221359,504,503,496,490
5832,1,-0.126491,512,493,496,495
5833,1,-1.106797,482,504,484,495
5834,1,-0.885438,490,490,510,482
5835,3,0.727324,499,501,518,505
5836,1,-1.233288,492,509,463,497
5837,3,1.043552,525,505,506,497
5838,3,1.201666,502,514,496,526
5839,4,2.181972,513,523,505,528
5840,1,-1.106797,493,486,501,485
5841,3,0.126491,501,509,492,502
5842,1,-0.316228,499,520,480,491
5843,1,-0.569210,510,496,490,486
5844,1,-0.853815,481,499,503,490
5845,4,1.644384,510,514,518,510
5846,3,0.252982,508,509,484,507
5847,4,2.687936,514,510,548,513
5848,3,0.948683,519,509,503,499
5849,0,-2.529822,479,472,483,486
5850,4,3.257146,537,514,534,518
5851,2,-0.379473,502,489,494,503
5852,4,1.865744,514,510,505,530
5853,2,0.474342,500,492,521,502
5854,3,1.201666,518,496,514,510
5855,4,1.170043,515,505,514,503
5856,1,-1.138420,493,489,505,477
5857,2,0.031623,495,508,495,503
5858,2,0.442719,500,502,498,514
5859,0,-4.016093,461,468,489,455
5860,4,2.181972,526,529,501,513
5861,3,0.790569,516,504,500,505
5862,2,0.126491,501,522,496,485
5863,2,-0.094868,484,509,486,518
5864,0,-0.822192,482,497,499,496
5865,2,0.600833,508,518,495,498
5866,2,0.094868,500,509,503,491
5867,1,0.000000,499,488,497,516
5868,1,-0.727324,495,486,502,494
5869,3,0.695701,510,514,490,508
5870,0,-1.328157,482,497,487,492
5871,1,-1.011929,498,504,477,489
5872,2,-0.347851,508,503,488,490
5873,4,2.308463,526,508,514,525
5874,2,0.537587,497,482,531,507
5875,3,0.758947,507,514,499,504
5876,0,-1.865744,497,490,475,479
5877,4,0.632456,503,503,502,512
5878,4,1.770875,517,510,507,522
5879,1,-2.118726,465,510,478,480
5880,4,1.770875,519,521,501,515
5881,3,2.150349,524,499,526,519
5882,4,1.897367,511,506,523,520
5883,1,0.158114,494,498,514,499
5884,0,-1.201666,495,493,492,482
5885,4,2.023858,516,509,516,523
5886,2,0.252982,496,489,522,501
5887,4,1.928989,506,510,510,535
5888,4,1.865744,520,521,506,512
5889,2,-1.676007,462,509,467,509
5890,2,-0.063246,490,502,495,511
5891,3,1.423025,497,502,523,523
5892,3,1.581139,520,499,511,520
5893,4,0.948683,501,511,506,512
5894,3,0.537587,501,520,491,505
5895,1,-0.221359,511,483,500,499
5896,2,-0.284605,504,521,471,495
5897,1,-0.284605,476,482,500,533
5898,4,1.201666,514,513,503,508
5899,2,-0.252982,482,495,507,508
5900,3,-0.221359,503,508,501,481
5901,1,-0.094868,487,519,491,500
5902,0,-1.739253,486,484,498,477
5903,3,0.600833,512,507,504,496
5904,2,-0.853815,501,474,504,494
5905,2,0.537587,515,512,494,496
5906,1,-0.411096,497,509,486,495
5907,4,3.130655,517,528,521,533
5908,4,1.992235,519,508,519,517
5909,3,0.885438,500,514,512,502
5910,2,1.517893,496,535,495,522
5911,2,-0.980306,470,505,490,504
5912,3,1.359779,510,520,514,499
5913,2,1.612762,495,491,542,523
5914,0,-1.328157,479,489,498,492
5915,2,0.126491,507,494,516,487
5916,1,-1.170043,491,496,503,473
5917,3,0.537587,513,509,492,503
5918,2,0.063246,498,475,514,515
5919,3,0.316228,506,504,492,508
5920,1,-0.790569,500,489,506,480
5921,1,-0.189737,494,483,519,498
5922,3,1.612762,494,506,514,537
5923,3,1.960612,514,526,499,523
5924,0,-2.434954,486,481,475,481
5925,1,-0.474342,493,496,486,510
5926,3,1.011929,495,508,508,521
5927,3,1.359779,514,496,521,512
5928,4,1.960612,518,516,518,510
5929,1,-0.853815,491,479,512,491
5930,2,0.000000,505,507,489,499
5931,4,1.106797,503,502,518,512
5932,0,-2.150349,484,479,494,475
5933,1,-0.822192,515,494,490,475
5934,2,0.284605,490,496,514,509
5935,2,0.727324,521,512,493,497
5936,4,2.371708,529,516,509,521
5937,2,0.221359,500,501,500,506
5938,3,0.252982,517,484,505,502
5939,4,1.359779,518,516,506,503
5940,2,-0.379473,511,493,507,477
5941,0,-2.593068,470,479,475,494
5942,4,2.403331,522,525,503,526
5943,0,-3.099032,490,475,471,466
5944,3,1.043552,515,503,517,498
5945,3,0.505964,495,508,511,502
5946,0,-3.352014,482,462,487,463
5947,1,-1.296534,497,470,507,485
5948,1,-0.600833,485,507,489,500
5949,1,-0.252982,515,484,500,493
5950,2,-0.063246,502,527,473,496
5951,2,0.664078,513,492,517,499
5952,1,-1.359779,488,492,507,470
5953,3,1.264911,485,505,528,522
5954,4,1.707630,508,515,509,522
5955,3,1.834121,497,533,512,516
5956,3,0.316228,509,510,484,507
5957,2,-0.442719,496,484,504,502
5958,3,0.284605,511,508,489,501
5959,4,1.486271,504,504,518,521
5960,4,2.118726,527,514,505,521
5961,3,1.043552,504,516,493,520
5962,3,0.790569,523,509,490,503
5963,4,5.533986,540,553,543,539
5964,0,-1.612762,486,480,490,493
5965,1,-0.189737,517,488,490,499
5966,2,0.221359,500,510,496,501
5967,2,-0.758947,505,472,506,493
5968,0,-2.687936,475,462,487,491
5969,1,-1.739253,479,506,479,481
5970,4,2.782804,528,518,526,516
5971,4,1.201666,516,517,503,502
5972,1,-0.632456,486,487,512,495
5973,3,0.822192,504,512,511,499
5974,1,-0.758947,514,499,483,480
5975,2,0.189737,506,515,485,500
5976,0,-1.707630,479,493,482,492
5977,3,0.347851,499,501,509,502
5978,3,1.043552,506,520,500,507
5979,1,-0.442719,490,493,514,489
5980,1,-1.264911,478,502,490,490
5981,2,-1.201666,469,504,484,505
5982,2,1.960612,499,528,498,537
5983,3,0.632456,501,511,497,511
5984,1,-0.727324,480,495,503,499
5985,2,-0.158114,494,503,518,480
5986,0,-2.181972,483,475,477,496
5987,4,2.118726,522,520,506,519
5988,4,2.624690,526,525,523,509
5989,3,1.517893,511,496,510,531
5990,4,1.391402,515,504,521,504
5991,4,2.371708,516,531,502,526
5992,1,-0.727324,508,500,485,484
5993,4,2.403331,525,527,510,514
5994,1,-0.474342,496,504,496,489
5995,1,-1.928989,489,505,469,476
5996,2,1.138420,516,536,490,494
5997,4,0.980306,510,510,505,506
5998,1,-1.644384,471,492,477,508
5999,0,-1.644384,484,499,467,498
6000,3,0.221359,503,513,482,509
6001,0,-1.454648,478,497,496,483
6002,1,-1.201666,485,499,503,475
6003,0,-1.201666,489,494,488,491
6004,1,-1.897367,476,475,503,486
6005,2,0.126491,493,494,514,503
6006,2,-0.569210,494,476,505,507
6007,3,0.853815,521,502,490,514
6008,4,1.170043,506,510,513,508
6009,1,-0.379473,512,494,493,489
6010,1,-0.284605,514,499,492,486
6011,1,-1.138420,504,484,483,493
6012,4,2.466577,534,520,521,503
6013,0,-1.517893,476,499,486,491
6014,4,2.118726,501,506,546,514
6015,2,0.000000,493,506,488,513
6016,3,0.442719,492,505,516,501
6017,0,-1.201666,493,489,493,487
6018,3,0.853815,515,509,504,499
6019,3,1.676007,513,488,512,540
6020,0,-2.877673,468,487,466,488
6021,4,2.972541,540,524,520,510
6022,4,1.865744,528,506,509,516
6023,4,1.391402,515,510,506,513
6024,0,-1.834121,492,500,469,481
6025,4,2.276840,530,508,523,511
6026,2,-0.126491,502,513,494,487
6027,2,0.126491,504,501,500,499
6028,2,0.221359,491,496,514,506
6029,2,0.094868,483,491,508,521
6030,1,-0.189737,499,497,487,511
6031,3,1.423025,518,523,515,489
6032,0,-2.087103,483,488,477,486
6033,1,-0.347851,487,494,500,508
6034,3,1.928989,507,534,499,521
6035,2,0.505964,511,498,509,498
6036,2,0.316228,491,498,512,509
6037,2,0.316228,500,509,480,521
6038,4,2.624690,524,515,528,516
6039,3,1.802498,533,519,499,506
6040,3,0.758947,514,512,502,496
6041,0,-1.328157,489,480,496,493
6042,0,-2.087103,487,489,486,472
6043,4,1.865744,521,515,507,516
6044,2,-0.411096,491,482,507,507
6045,2,-0.379473,490,501,493,504
6046,4,1.391402,511,515,510,508
6047,4,3.099032,541,534,507,516
6048,4,1.486271,507,523,515,502
6049,3,2.150349,533,497,515,523
6050,1,-0.727324,488,491,504,494
6051,1,-1.296534,483,479,516,481
6052,1,-0.600833,501,493,490,497
6053,2,0.189737,482,520,513,491
6054,3,0.252982,511,508,484,505
6055,0,-3.193900,470,477,489,463
6056,2,-0.063246,490,499,503,506
6057,1,-1.138420,497,505,476,486
6058,3,1.296534,515,491,526,509
6059,2,-0.063246,509,514,497,478
6060,1,-0.537587,489,494,497,503
6061,2,-0.094868,491,492,510,504
6062,2,0.537587,491,489,519,518
6063,1,-0.853815,495,502,477,499
6064,3,0.822192,497,507,510,512
6065,2,0.221359,494,514,497,502
6066,0,-3.794733,467,476,468,469
6067,1,-0.379473,496,501,496,495
6068,1,-0.347851,512,498,480,499
6069,4,1.423025,505,502,526,512
6070,3,-0.031623,509,502,480,508
6071,3,1.170043,522,509,516,490
6072,2,-0.316228,498,512,503,477
6073,3,0.411096,507,506,494,506
6074,0,-2.055480,498,462,487,488
6075,4,2.371708,543,502,522,508
6076,2,0.664078,515,499,509,498
6077,4,2.308463,526,534,512,501
6078,1,-1.391402,504,493,484,475
6079,0,-2.656313,484,481,475,476
6080,2,-0.442719,506,477,517,486
6081,1,-0.474342,513,485,496,491
6082,2,-0.094868,506,489,494,508
6083,1,-1.201666,496,480,513,473
6084,0,-3.035787,470,484,472,478
6085,4,1.707630,515,501,526,512
6086,3,0.758947,510,514,496,504
6087,3,0.505964,506,499,505,506
6088,4,0.853815,504,510,509,504
6089,2,-0.347851,493,503,506,487
6090,1,-0.442719,511,492,484,499
6091,3,0.695701,512,496,511,503
6092,4,2.087103,501,520,507,538
6093,3,0.822192,512,511,491,512
6094,3,1.106797,510,498,508,519
6095,0,-2.751182,473,485,487,468
6096,1,-0.695701,495,482,492,509
6097,2,0.537587,498,502,496,521
6098,0,-2.403331,489,477,475,483
6099,3,1.011929,501,519,500,512
6100,2,-0.126491,506,511,495,484
6101,0,-1.770875,484,499,487,474
6102,1,-1.328157,484,472,497,505
6103,1,-0.853815,512,491,481,489
6104,3,0.917061,510,510,500,509
6105,4,1.865744,503,513,533,510
6106,4,1.612762,513,517,510,511
6107,3,0.758947,506,491,511,516
6108,3,0.664078,498,508,505,510
6109,4,2.909295,525,519,526,522
6110,0,-1.138420,497,494,498,475
6111,1,-0.158114,499,503,495,498
6112,4,2.340085,526,509,531,508
6113,2,0.569210,523,522,490,483
6114,1,-0.537587,502,493,494,494
6115,1,-0.853815,500,477,491,505
6116,1,-0.853815,499,488,484,502
6117,4,1.043552,502,509,503,519
6118,0,-2.213594,494,471,485,480
6119,2,0.031623,517,486,496,502
6120,3,0.600833,506,505,499,509
6121,3,0.189737,495,504,505,502
6122,1,-0.505964,495,507,489,493
6123,0,-2.593068,477,484,473,484
6124,2,0.474342,489,505,521,500
6125,2,0.126491,491,504,500,509
6126,1,-0.537587,497,492,489,505
6127,4,0.948683,515,508,506,501
6128,0,-1.359779,474,500,486,497
6129,4,2.055480,506,514,535,510
6130,3,0.569210,499,506,504,509
6131,4,1.264911,505,507,515,513
6132,3,0.948683,517,525,504,484
6133,2,0.885438,499,497,524,508
6134,1,-0.822192,476,492,486,520
6135,4,1.075174,506,520,502,506
6136,3,0.664078,514,492,514,501
6137,2,0.537587,519,487,511,500
6138,0,-1.359779,482,495,497,483
6139,1,-0.790569,496,486,504,489
6140,4,2.593068,523,527,501,531
6141,2,0.411096,499,506,509,499
6142,0,-2.498199,478,474,491,478
6143,3,0.442719,488,501,522,503
6144,4,5.913459,551,539,542,555
6145,4,1.581139,510,528,503,509
6146,4,3.889602,547,521,533,522
6147,2,0.505964,498,503,517,498
6148,2,-0.411096,511,472,510,494
6149,3,1.011929,509,513,496,514
6150,3,1.075174,519,519,493,503
6151,4,2.940918,525,507,529,532
6152,0,-1.802498,488,482,479,494
6153,4,1.011929,512,508,505,507
6154,0,-1.296534,485,493,492,489
6155,2,-0.569210,504,483,513,482
6156,2,0.284605,499,514,485,511
6157,1,-0.695701,483,501,500,494
6158,0,-0.948683,493,496,490,491
6159,4,0.917061,501,515,502,511
6160,3,0.379473,504,506,502,500
6161,2,-0.442719,490,487,502,507
6162,3,0.664078,506,483,525,507
6163,2,0.126491,504,498,499,503
6164,4,1.517893,525,502,507,514
6165,1,-2.118726,486,468,503,476
6166,3,0.885438,522,487,517,502
6167,4,1.549516,522,512,505,510
6168,0,-0.632456,496,500,489,495
6169,4,1.043552,504,509,506,514
6170,2,0.031623,486,491,505,519
6171,3,0.537587,511,501,508,497
6172,0,-2.434954,470,480,476,497
6173,3,2.276840,496,540,508,528
6174,2,-0.853815,469,490,506,508
6175,0,-4.332320,463,459,478,463
6176,1,-0.600833,505,492,485,499
6177,3,0.347851,509,502,489,511
6178,0,-2.782804,476,471,484,481
6179,2,0.474342,498,520,496,501
6180,0,-1.138420,491,488,491,494
6181,3,0.822192,488,503,508,527
6182,4,2.972541,526,532,525,511
6183,1,-0.695701,485,502,493,498
6184,2,-0.221359,488,489,504,512
6185,1,-1.011929,496,504,484,484
6186,4,2.245217,514,513,522,522
6187,3,0.158114,506,506,506,487
6188,3,0.664078,503,492,510,516
6189,3,0.758947,488,510,510,516
6190,0,-2.023858,481,493,480,482
6191,4,1.928989,509,527,513,512
6192,1,-1.106797,475,503,492,495
6193,3,1.138420,495,519,509,513
6194,3,1.011929,490,514,506,522
6195,4,1.549516,515,506,515,513
6196,3,1.770875,515,527,519,495
6197,1,-0.316228,494,487,514,495
6198,3,0.790569,519,515,484,507
6199,2,0.442719,524,494,516,480
6200,2,0.252982,504,485,496,523
6201,3,2.466577,520,497,535,526
6202,4,1.644384,524,514,509,505
6203,3,1.992235,510,529,500,524
6204,3,0.094868,506,512,475,510
6205,4,1.106797,517,505,501,512
6206,0,-1.770875,489,496,480,479
6207,1,-0.600833,498,505,488,490
6208,0,-1.170043,483,494,490,496
6209,4,1.834121,520,513,503,522
6210,2,0.347851,512,512,492,495
6211,3,1.011929,524,491,507,510
6212,3,0.569210,509,509,503,497
6213,1,-0.632456,490,496,501,493
6214,1,-0.505964,499,509,488,488
6215,2,-0.505964,491,489,503,501
6216,2,0.569210,518,487,500,513
6217,1,-0.505964,488,497,505,494
6218,2,0.379473,515,491,516,490
6219,2,-0.600833,516,475,503,487
6220,3,1.011929,496,515,507,514
6221,0,-2.656313,464,491,477,484
6222,2,-1.075174,475,501,506,484
6223,1,-0.980306,482,487,499,501
6224,3,1.423025,488,501,519,537
6225,0,-2.751182,476,476,471,490
6226,3,0.000000,490,502,502,506
6227,1,-0.442719,508,486,496,496
6228,1,-0.600833,493,488,505,495
6229,0,-2.909295,468,463,491,486
6230,2,-0.284605,503,494,481,513
6231,3,0.758947,506,514,510,494
6232,2,0.284605,513,485,493,518
6233,0,-1.928989,486,490,480,483
6234,4,1.486271,512,515,514,506
6235,1,-0.316228,496,496,490,508
6236,1,-0.790569,487,490,496,502
6237,3,2.023858,496,516,516,536
6238,2,0.569210,492,497,511,518
6239,0,-1.517893,500,475,491,486
6240,1,-1.676007,469,481,503,494
6241,3,0.158114,506,508,509,482
6242,2,0.221359,493,497,516,501
6243,3,0.980306,517,520,492,502
6244,4,2.909295,520,509,529,534
6245,1,-1.075174,488,487,489,502
6246,0,-0.695701,498,494,493,493
6247,2,-0.126491,501,499,507,489
6248,1,0.063246,494,514,499,495
6249,4,2.023858,513,517,520,514
6250,4,1.328157,516,502,517,507
6251,4,2.276840,521,529,510,512
6252,4,1.612762,508,523,504,516
6253,4,1.138420,505,509,503,519
6254,0,-0.569210,494,497,495,496
6255,2,-0.474342,501,496,487,501
6256,2,0.189737,495,527,470,514
6257,2,0.632456,497,535,473,515
6258,2,-1.043552,505,501,470,491
6259,4,2.940918,514,515,534,530
6260,3,0.158114,489,505,507,504
6261,0,-2.150349,488,479,493,472
6262,4,1.296534,503,524,513,501
6263,4,2.276840,511,507,524,530
6264,0,-2.213594,482,481,488,479
6265,4,2.245217,528,525,516,502
6266,2,0.252982,500,510,511,487
6267,4,2.276840,535,514,504,519
6268,1,-0.727324,510,486,494,487
6269,2,0.063246,513,476,515,498
6270,1,-0.980306,508,498,475,488
6271,1,-0.505964,465,497,522,500
6272,1,-2.087103,507,471,478,478
6273,0,-1.423025,497,485,488,485
6274,2,-0.158114,494,477,510,514
6275,1,-0.158114,513,491,491,500
6276,2,0.284605,507,494,497,511
6277,1,-0.189737,495,515,494,490
6278,4,2.181972,521,520,517,511
6279,2,-0.094868,499,486,505,507
6280,2,-0.822192,509,504,476,485
6281,2,0.442719,499,479,521,515
6282,3,0.411096,503,504,494,512
6283,2,-0.727324,486,475,511,505
6284,3,1.454648,500,510,516,520
6285,2,0.664078,512,521,495,493
6286,1,-0.537587,486,491,513,493
6287,2,0.221359,508,499,504,496
6288,2,0.158114,488,517,491,509
6289,3,0.126491,484,503,512,505
6290,2,0.790569,507,494,524,500
6291,1,-0.758947,495,487,473,521
6292,3,1.264911,521,518,504,497
6293,3,0.948683,510,511,509,500
6294,2,-0.695701,467,494,514,503
6295,4,1.770875,515,529,507,505
6296,4,1.296534,521,509,510,501
6297,2,0.031623,511,524,488,478
6298,3,0.980306,513,486,511,521
6299,2,0.980306,516,518,497,500
6300,0,-1.043552,491,498,495,483
6301,0,-2.276840,493,470,477,488
6302,1,-0.980306,496,485,484,504
6303,4,1.707630,518,505,508,523
6304,4,2.023858,519,528,507,510
6305,0,-1.011929,491,490,495,492
6306,3,2.308463,500,516,527,530
6307,2,0.221359,500,503,499,505
6308,3,1.328157,497,531,501,513
6309,1,-1.296534,484,471,505,499
6310,0,-1.201666,487,491,487,497
6311,4,1.359779,518,506,518,501
6312,2,0.221359,497,511,506,493
6313,2,0.252982,524,491,505,488
6314,0,-0.822192,493,499,491,491
6315,2,0.189737,510,494,512,490
6316,2,0.537587,517,485,516,499
6317,2,1.201666,520,521,500,497
6318,1,-0.252982,490,512,497,493
6319,1,-0.885438,504,497,494,477
6320,4,3.130655,526,528,538,507
6321,3,0.442719,505,511,489,509
6322,2,0.347851,494,515,503,499
6323,2,0.063246,500,488,512,502
6324,2,-0.284605,517,490,478,506
6325,1,-0.126491,493,494,522,487
6326,1,-0.664078,497,477,510,495
6327,2,0.063246,506,527,478,491
6328,2,0.980306,495,541,503,492
6329,3,-0.537587,504,476,501,502
6330,2,0.316228,497,514,503,496
6331,4,1.233288,513,522,503,501
6332,2,0.347851,509,500,486,516
6333,4,2.403331,513,512,532,519
6334,4,4.585303,534,526,541,544
6335,4,1.201666,505,501,525,507
6336,2,-0.094868,508,484,497,508
6337,2,-0.695701,503,512,469,494
6338,2,0.126491,505,501,499,499
6339,3,0.347851,503,506,496,506
6340,4,1.897367,507,510,521,522
6341,4,1.992235,507,510,526,520
6342,2,0.221359,516,503,490,498
6343,3,0.885438,506,516,494,512
6344,4,2.466577,521,504,528,525
6345,2,-0.284605,505,492,487,507
6346,2,-0.189737,488,507,493,506
6347,0,-1.233288,486,499,498,478
6348,0,-1.138420,496,489,489,490
6349,1,-0.600833,490,484,526,481
6350,1,0.031623,497,519,485,500
6351,4,2.087103,539,504,520,503
6352,3,1.644384,512,496,526,518
6353,2,0.284605,513,500,488,508
6354,3,1.865744,519,502,538,500
6355,0,-2.656313,468,493,464,491
6356,1,-0.505964,493,485,508,498
6357,4,1.328157,511,520,505,506
6358,2,0.158114,492,497,507,509
6359,2,-0.063246,505,494,514,485
6360,0,-3.352014,472,471,473,478
6361,2,-0.758947,501,493,474,508
6362,4,2.118726,506,507,530,524
6363,2,-0.822192,502,482,515,475
6364,0,-1.359779,482,490,488,497
6365,1,-0.284605,494,499,501,497
6366,3,0.474342,504,504,507,500
6367,4,2.118726,513,517,523,514
6368,2,0.379473,498,508,508,498
6369,3,0.284605,505,504,491,509
6370,0,-2.403331,485,500,467,472
6371,4,2.498199,511,512,537,519
6372,4,3.257146,538,531,518,516
6373,1,-0.442719,493,493,508,492
6374,0,-1.454648,481,495,493,485
6375,1,-2.023858,484,481,506,465
6376,4,0.853815,503,505,504,515
6377,2,0.632456,488,520,498,514
6378,3,1.486271,514,498,517,518
6379,1,-0.758947,498,506,488,484
6380,3,0.790569,494,507,518,506
6381,3,0.000000,502,504,506,488
6382,1,-1.707630,484,505,487,470
6383,4,0.822192,511,505,502,508
6384,0,-2.498199,486,462,498,475
6385,4,2.687936,513,529,530,513
6386,2,1.170043,498,498,516,525
6387,3,0.316228,506,505,492,507
6388,3,1.233288,520,515,480,524
6389,2,0.411096,512,511,493,497
6390,4,1.201666,513,506,516,503
6391,1,-0.790569,493,501,488,493
6392,2,-0.758947,471,498,506,501
6393,3,0.885438,519,507,496,506
6394,2,-0.632456,517,502,473,488
6395,4,2.308463,525,510,522,516
6396,2,0.189737,497,498,502,509
6397,4,1.739253,522,515,516,502
6398,0,-2.909295,474,464,492,478
6399,3,1.676007,529,510,499,515
6400,3,2.466577,532,498,519,529
6401,1,-0.411096,493,496,508,490
6402,0,-1.581139,483,497,487,483
6403,1,-0.822192,524,474,484,492
6404,4,3.193900,531,527,509,534
6405,4,1.043552,501,509,501,522
6406,3,1.359779,526,518,476,523
6407,1,-0.347851,492,498,495,504
6408,4,2.624690,522,503,530,528
6409,3,-0.063246,506,502,501,489
6410,3,0.379473,502,512,491,507
6411,2,0.126491,497,498,505,504
6412,1,-0.569210,498,489,492,503
6413,4,1.644384,510,519,508,515
6414,0,-1.043552,484,488,500,495
6415,3,1.676007,511,529,499,514
6416,3,1.644384,500,513,517,522
6417,0,-2.466577,471,491,488,472
6418,4,0.379473,502,503,503,504
6419,0,-0.917061,492,496,491,492
6420,2,0.695701,513,479,533,497
6421,2,-0.948683,486,504,476,504
6422,2,0.316228,503,538,477,492
6423,0,-1.486271,481,494,498,480
6424,3,0.664078,512,485,512,512
6425,1,-0.727324,490,499,502,486
6426,4,2.181972,510,514,521,524
6427,4,2.276840,501,514,526,531
6428,3,0.094868,505,503,507,488
6429,2,0.126491,506,497,503,498
6430,3,1.581139,509,496,523,522
6431,2,0.316228,496,511,499,504
6432,3,0.695701,517,512,512,481
6433,1,-1.486271,492,483,502,476
6434,4,1.992235,531,503,517,512
6435,2,0.569210,519,517,491,491
6436,2,1.739253,496,552,500,507
6437,0,-1.960612,473,490,486,489
6438,4,3.193900,525,520,526,530
6439,3,-0.094868,502,490,502,503
6440,3,0.758947,505,514,499,506
6441,2,0.632456,499,498,508,515
6442,4,0.948683,504,513,506,507
6443,2,0.158114,513,497,501,494
6444,2,0.664078,500,519,500,502
6445,1,-0.664078,497,508,482,492
6446,2,-0.600833,506,481,504,490
6447,3,-0.347851,508,477,503,501
6448,4,1.328157,504,505,517,516
6449,0,-0.980306,480,500,496,493
6450,4,2.245217,521,518,515,517
6451,2,0.980306,500,486,529,516
6452,4,1.517893,516,514,502,516
6453,4,3.004164,521,523,522,529
6454,1,-0.189737,497,486,520,491
6455,1,-0.664078,505,495,480,499
6456,2,1.170043,500,498,522,517
6457,1,-0.822192,495,505,499,475
6458,3,2.403331,533,535,500,508
6459,0,-2.055480,483,484,484,484
6460,2,0.537587,515,496,510,496
6461,2,0.347851,500,492,507,512
6462,1,-1.106797,487,495,482,501
6463,1,-1.264911,482,467,513,498
6464,4,2.624690,515,527,517,524
6465,0,-1.454648,498,488,471,497
6466,2,0.221359,516,514,486,491
6467,0,-0.727324,500,490,498,489
6468,3,0.569210,513,490,511,504
6469,4,2.751182,537,527,508,515
6470,1,-0.758947,496,490,501,489
6471,1,-1.233288,493,470,510,488
6472,2,0.221359,493,506,497,511
6473,1,-1.011929,501,488,485,494
6474,2,-0.063246,491,502,511,494
6475,0,-2.055480,487,477,490,481
6476,2,0.505964,498,512,497,509
6477,0,-3.510128,468,473,475,473
6478,2,0.189737,506,483,520,497
6479,4,2.055480,515,517,505,528
6480,3,0.632456,501,508,500,511
6481,2,0.379473,484,493,518,517
6482,0,-1.707630,472,497,480,497
6483,3,1.391402,501,496,534,513
6484,1,-1.075174,494,511,483,478
6485,2,-0.505964,490,501,502,491
6486,1,-0.600833,509,500,490,482
6487,2,0.569210,515,497,498,508
6488,4,1.043552,512,515,502,504
6489,3,1.581139,524,491,507,528
6490,2,0.063246,508,526,477,491
6491,2,-0.442719,492,503,475,516
6492,0,-1.802498,496,495,464,488
6493,0,-3.035787,467,476,479,482
6494,4,2.150349,523,501,515,529
6495,1,-2.877673,487,444,501,477
6496,2,-0.284605,508,501,495,487
6497,1,-0.853815,488,503,484,498
6498,3,-0.158114,479,503,501,512
6499,3,0.347851,491,507,501,512
6500,3,1.233288,513,536,501,489
6501,1,-0.284605,515,493,499,484
6502,3,1.296534,508,514,494,525
6503,0,-2.403331,487,485,480,472
6504,0,-2.213594,479,488,485,478
6505,3,1.676007,498,531,504,520
6506,3,0.252982,477,510,502,519
6507,1,-0.411096,488,516,485,498
6508,2,-0.094868,497,490,505,505
6509,4,3.257146,529,519,534,521
6510,3,0.474342,515,502,502,496
6511,3,0.758947,519,479,521,505
6512,4,3.193900,517,518,523,543
6513,0,-1.676007,486,490,499,472
6514,4,1.486271,516,516,511,504
6515,2,0.094868,487,492,509,515
6516,3,0.537587,507,482,526,502
6517,2,0.158114,496,506,490,513
6518,1,-0.790569,503,496,485,491
6519,3,1.423025,489,502,522,532
6520,3,1.517893,500,507,534,507
6521,3,-0.063246,510,479,504,505
6522,4,1.928989,513,522,514,512
6523,1,-1.770875,471,507,488,478
6524,3,0.569210,503,511,485,519
6525,2,-0.221359,500,483,504,506
6526,1,-0.980306,500,520,480,469
6527,3,0.790569,504,491,527,503
6528,4,1.802498,512,521,511,513
6529,3,-0.158114,510,510,464,511
6530,0,-2.940918,473,462,486,486
6531,3,1.264911,491,507,526,516
6532,0,-2.877673,463,485,478,483
6533,4,2.150349,520,529,508,511
6534,4,3.573374,524,531,539,519
6535,4,1.075174,504,507,514,509
6536,1,-1.423025,520,495,473,467
6537,3,0.758947,508,489,515,512
6538,4,1.328157,512,509,512,509
6539,1,-1.328157,494,480,509,475
6540,3,0.569210,495,503,505,515
6541,2,0.474342,520,493,515,487
6542,4,2.023858,502,530,514,518
6543,1,-0.600833,494,495,503,489
6544,3,0.758947,510,519,480,515
6545,4,1.423025,504,518,506,517
6546,1,-0.031623,497,530,480,492
6547,1,-1.707630,483,507,485,471
6548,1,-0.442719,497,486,507,496
6549,0,-3.921224,492,464,468,452
6550,2,-0.632456,479,481,513,507
6551,4,1.581139,509,506,514,521
6552,2,0.094868,495,479,526,503
6553,3,1.138420,516,512,510,498
6554,1,-0.347851,510,498,495,486
6555,3,0.695701,505,512,497,508
6556,4,1.739253,505,524,513,513
6557,4,1.296534,505,508,513,515
6558,3,0.853815,511,497,516,503
6559,3,0.790569,515,505,500,505
6560,1,0.284605,498,518,500,493
6561,2,0.126491,492,503,518,491
6562,4,2.023858,506,524,509,525
6563,1,-0.505964,494,500,503,487
6564,1,-1.454648,506,464,489,495
6565,2,1.233288,493,541,486,519
6566,3,1.138420,515,495,523,503
6567,4,0.758947,501,519,501,503
6568,2,1.391402,497,489,533,525
6569,4,1.612762,503,535,503,510
6570,0,-1.359779,487,482,499,489
6571,3,0.569210,503,495,508,512
6572,0,-2.213594,494,473,491,472
6573,0,-0.252982,496,500,499,497
6574,0,-1.296534,490,493,479,497
6575,2,-0.221359,499,503,490,501
6576,2,-0.664078,480,494,502,503
6577,1,-0.980306,497,488,480,504
6578,2,-0.031623,501,500,503,495
6579,3,1.486271,492,502,516,537
6580,1,-0.632456,484,485,514,497
6581,4,2.656313,515,512,528,529
6582,2,-0.094868,498,497,501,501
6583,0,-2.245217,477,479,486,487
6584,1,-0.221359,496,485,497,515
6585,1,-1.676007,502,478,488,479
6586,3,0.379473,523,508,501,480
6587,4,2.498199,524,534,509,512
6588,4,1.359779,501,506,524,512
6589,4,1.328157,517,502,502,521
6590,1,-1.739253,488,483,473,501
6591,3,1.359779,515,499,510,519
6592,4,1.296534,502,517,503,519
6593,2,0.031623,493,498,506,504
6594,1,-0.948683,478,490,492,510
6595,4,0.948683,505,509,503,513
6596,2,-0.316228,506,483,499,502
6597,1,-0.252982,488,496,509,499
6598,0,-2.340085,479,477,492,478
6599,3,0.917061,510,528,511,480
6600,2,-0.727324,501,490,502,484
6601,2,-0.031623,497,505,494,503
6602,1,-1.549516,483,506,484,478
6603,4,0.885438,504,512,511,501
6604,4,2.529822,530,517,528,505
6605,3,2.403331,540,529,496,511
6606,0,-0.664078,498,494,500,487
6607,3,1.043552,500,524,507,502
6608,4,2.118726,509,524,517,517
6609,1,-0.948683,502,494,480,494
6610,2,0.790569,500,515,497,513
6611,3,1.296534,522,510,498,511
6612,3,0.347851,505,507,496,503
6613,2,0.126491,489,513,504,498
6614,3,0.822192,513,499,504,510
6615,4,1.486271,508,525,508,506
6616,3,1.201666,505,499,514,520
6617,1,-1.170043,488,506,481,488
6618,3,0.221359,503,473,523,508
6619,2,-0.063246,508,507,484,499
6620,2,0.664078,530,510,489,492
6621,4,1.770875,517,502,520,517
6622,3,0.126491,504,507,487,506
6623,1,-2.181972,469,502,477,483
6624,1,-0.505964,509,493,493,489
6625,0,-1.644384,499,478,497,474
6626,1,-1.170043,481,495,485,502
6627,4,2.150349,520,527,503,518
6628,0,-1.865744,488,483,491,479
6629,2,0.031623,502,491,510,498
6630,3,0.537587,500,506,510,501
6631,3,0.600833,486,509,513,511
6632,0,-1.138420,478,498,488,500
6633,0,-2.340085,490,468,494,474
6634,2,0.158114,500,494,507,504
6635,1,-0.347851,487,487,525,490
6636,4,1.644384,506,506,517,523
6637,2,-0.221359,492,504,511,486
6638,1,-0.980306,495,484,501,489
6639,4,1.296534,526,505,509,501
6640,2,0.948683,485,538,496,511
6641,4,2.593068,520,523,510,529
6642,3,1.328157,532,490,513,507
6643,2,1.138420,521,521,495,499
6644,2,-0.758947,495,502,508,471
6645,0,-1.170043,497,497,484,485
6646,3,1.517893,527,491,514,516
6647,3,1.011929,521,506,507,498
6648,1,-1.201666,477,492,488,505
6649,3,0.252982,505,482,514,507
6650,2,1.170043,499,499,510,529
6651,4,2.972541,535,535,506,518
6652,1,-0.537587,499,480,512,492
6653,1,-0.252982,499,491,511,491
6654,2,-0.221359,488,478,501,526
6655,1,-1.423025,502,472,486,495
6656,3,-0.000000,504,488,506,502
6657,2,0.885438,518,494,517,499
6658,4,1.581139,512,502,522,514
6659,1,-0.980306,479,501,498,491
6660,1,-1.928989,503,479,482,475
6661,2,0.031623,507,482,522,490
6662,1,-0.252982,495,517,485,495
6663,2,0.379473,497,508,492,515
6664,1,-1.486271,471,488,493,501
6665,1,-0.252982,500,496,507,489
6666,4,1.517893,505,516,522,505
6667,3,1.454648,512,531,489,514
6668,3,0.758947,516,505,518,485
6669,3,0.031623,490,507,503,501
6670,3,1.391402,501,518,500,525
6671,3,1.549516,524,516,491,518
6672,3,0.885438,514,513,495,506
6673,2,0.126491,491,516,491,506
6674,1,-0.189737,510,497,493,494
6675,0,-2.276840,481,497,482,468
6676,4,2.276840,518,510,521,523
6677,3,1.264911,511,527,494,508
6678,1,-0.442719,496,484,512,494
6679,4,2.846050,515,513,533,529
6680,3,0.221359,501,504,505,497
6681,0,-1.549516,486,489,492,484
6682,0,-1.834121,485,475,491,491
6683,1,-0.063246,500,520,478,500
6684,3,1.138420,514,521,505,496
6685,2,0.189737,487,500,512,507
6686,0,-2.466577,484,477,480,481
6687,3,0.474342,488,502,511,514
6688,2,0.917061,506,497,528,498
6689,2,-0.189737,497,477,511,509
6690,0,-1.770875,498,495,476,475
6691,2,0.189737,507,511,496,492
6692,4,1.328157,518,504,506,514
6693,1,-0.094868,498,489,516,494
6694,3,0.632456,507,515,482,516
6695,0,-3.604997,482,470,461,473
6696,2,-0.126491,475,491,510,520
6697,2,0.252982,494,514,497,503
6698,3,2.624690,513,533,498,539
6699,4,0.727324,505,513,502,503
6700,1,-1.201666,495,484,513,470
6701,4,1.865744,528,520,506,505
6702,4,3.415260,510,520,541,537
6703,2,-0.600833,487,483,504,507
6704,3,-0.126491,503,502,489,502
6705,0,-1.928989,480,498,477,484
6706,1,-1.486271,481,493,477,502
6707,0,-1.770875,481,488,493,482
6708,2,0.158114,506,492,513,494
6709,1,-0.411096,495,507,490,495
6710,1,-0.885438,489,493,489,501
6711,1,-0.632456,479,492,500,509
6712,0,-1.644384,495,472,490,491
6713,2,-0.221359,480,511,496,506
6714,2,0.063246,506,489,507,500
6715,0,-1.423025,487,476,498,494
6716,2,0.284605,495,486,519,509
6717,2,-0.158114,496,506,505,488
6718,3,1.011929,515,511,494,512
6719,3,0.284605,504,514,486,505
6720,1,-2.466577,477,468,510,467
6721,1,-0.284605,499,489,509,494
6722,4,2.150349,517,517,511,523
6723,2,-0.411096,488,505,491,503
6724,0,-1.201666,485,489,497,491
6725,0,-2.814427,472,489,484,466
6726,3,0.379473,505,517,470,520
6727,0,-1.834121,488,478,497,479
6728,3,0.442719,516,501,494,503
6729,4,2.972541,530,527,518,519
6730,1,-1.739253,489,460,504,492
6731,1,-1.043552,490,488,501,488
6732,0,-1.296534,489,493,485,492
6733,1,-2.118726,501,473,492,467
6734,2,0.221359,496,507,495,509
6735,1,-0.505964,510,495,483,496
6736,1,-2.181972,488,506,459,478
6737,2,0.632456,489,510,500,521
6738,2,0.158114,509,493,496,507
6739,3,1.201666,521,497,515,505
6740,0,-2.055480,494,477,495,469
6741,1,-2.118726,472,501,481,479
6742,4,2.561445,521,531,511,518
6743,4,2.529822,517,509,536,518
6744,3,0.000000,507,489,501,503
6745,3,1.992235,529,496,522,516
6746,3,2.023858,517,498,515,534
6747,1,-1.075174,491,495,479,501
6748,0,-1.328157,488,499,488,483
6749,2,-0.221359,492,511,475,515
6750,1,-2.498199,474,508,459,480
6751,2,0.885438,494,530,494,510
6752,1,-0.917061,506,486,495,484
6753,2,0.727324,523,493,524,483
6754,2,-0.126491,488,516,491,501
6755,3,0.316228,504,503,505,498
6756,2,-0.063246,487,494,502,515
6757,4,0.411096,503,502,501,507
6758,4,2.023858,533,524,501,506
6759,1,-1.075174,490,469,508,499
6760,4,2.846050,539,507,521,523
6761,3,1.928989,515,517,532,497
6762,3,0.474342,507,506,486,516
6763,2,-0.948683,508,507,481,474
6764,0,-1.897367,497,468,483,492
6765,3,0.758947,511,485,518,510
6766,3,1.201666,515,506,517,500
6767,1,-1.264911,477,485,506,492
6768,2,0.411096,519,489,486,519
6769,0,-2.371708,490,475,486,474
6770,3,0.885438,501,473,534,520
6771,3,0.948683,503,513,492,522
6772,1,0.094868,499,514,492,498
6773,4,2.814427,520,529,513,527
6774,4,3.035787,515,529,532,520
6775,2,0.411096,490,513,499,511
6776,3,0.474342,518,501,493,503
6777,1,-1.011929,484,495,485,504
6778,3,0.505964,514,505,504,493
6779,2,-0.790569,505,496,504,470
6780,0,-3.352014,454,480,461,499
6781,3,2.055480,525,500,520,520
6782,4,3.446883,529,538,510,532
6783,2,-0.094868,504,496,505,492
6784,1,-1.834121,491,481,502,468
6785,4,0.758947,509,505,507,503
6786,3,1.359779,513,499,526,505
6787,4,1.834121,520,516,517,505
6788,2,0.411096,520,478,520,495
6789,4,1.612762,504,532,504,511
6790,3,0.379473,485,508,511,508
6791,2,0.411096,500,489,505,519
6792,0,-1.423025,492,495,472,496
6793,2,-0.664078,516,479,510,474
6794,2,-0.632456,488,476,513,503
6795,4,3.320392,532,533,523,517
6796,0,-1.454648,488,497,483,486
6797,4,1.644384,519,504,523,506
6798,3,1.233288,502,543,481,513
6799,2,0.664078,497,517,482,525
6800,1,-0.094868,495,496,493,513
6801,3,1.296534,510,494,533,504
6802,1,-2.181972,487,457,506,481
6803,3,0.442719,506,516,502,490
6804,2,-0.252982,505,510,489,488
6805,3,2.181972,493,517,532,527
6806,4,2.371708,516,503,536,520
6807,1,-0.158114,516,498,485,496
6808,4,1.170043,515,503,504,515
6809,4,4.427189,542,531,539,528
6810,4,1.644384,517,505,506,524
6811,0,-1.391402,492,484,486,494
6812,2,0.189737,500,506,494,506
6813,2,0.316228,511,524,479,496
6814,4,1.928989,515,508,530,508
6815,1,-0.569210,493,500,487,502
6816,2,0.790569,497,497,507,524
6817,4,1.233288,509,511,512,507
6818,2,-0.664078,499,473,504,503
6819,4,0.411096,502,501,506,504
6820,0,-1.075174,498,472,496,500
6821,0,-2.782804,487,471,473,481
6822,1,-1.170043,500,502,478,483
6823,4,1.011929,511,505,502,514
6824,4,1.960612,520,503,522,517
6825,0,-1.676007,491,480,498,478
6826,3,2.181972,519,495,547,508
6827,0,-1.011929,490,490,500,488
6828,0,-0.948683,499,494,488,489
6829,4,1.928989,514,520,501,526
6830,0,-0.474342,497,500,496,492
6831,4,3.510128,525,521,532,533
6832,2,-0.316228,508,490,479,513
6833,2,-0.411096,508,505,479,495
6834,1,-1.549516,492,483,504,472
6835,2,0.284605,511,500,507,491
6836,4,5.344249,550,521,568,530
6837,4,2.877673,516,527,523,525
6838,4,0.790569,502,506,509,508
6839,4,1.644384,503,517,509,523
6840,4,2.972541,534,513,518,529
6841,0,-0.664078,489,497,500,493
6842,3,0.600833,511,514,507,487
6843,3,1.676007,505,532,494,522
6844,0,-1.707630,476,493,487,490
6845,3,0.537587,505,505,515,492
6846,2,0.442719,507,492,500,515
6847,0,-2.181972,479,481,495,476
6848,1,-1.233288,500,514,461,486
6849,1,-1.043552,477,516,480,494
6850,1,-0.126491,498,499,497,502
6851,3,1.011929,511,516,489,516
6852,3,0.600833,516,487,511,505
6853,0,-1.960612,482,481,497,478
6854,1,-2.276840,470,508,463,487
6855,1,-1.043552,491,513,476,487
6856,0,-1.960612,486,472,495,485
6857,4,2.118726,511,532,510,514
6858,4,1.170043,514,508,503,512
6859,1,-1.486271,505,474,483,491
6860,2,0.252982,517,500,490,501
6861,1,-0.411096,502,497,496,492
6862,0,-3.668242,482,480,465,457
6863,3,2.087103,490,518,522,536
6864,1,-1.170043,476,505,486,496
6865,0,-1.992235,480,480,482,495
6866,1,-0.316228,483,516,495,496
6867,4,1.802498,520,517,512,508
6868,4,2.656313,528,512,514,530
6869,1,-0.094868,486,517,495,499
6870,4,1.612762,510,512,514,515
6871,0,-3.004164,476,462,493,474
6872,3,0.853815,513,496,514,504
6873,4,1.802498,517,516,508,516
6874,3,0.822192,510,500,505,511
6875,2,1.170043,489,526,498,524
6876,0,-2.466577,481,471,480,490
6877,1,-1.328157,485,481,490,502
6878,4,0.853815,509,503,511,504
6879,1,-0.411096,488,510,498,491
6880,1,-2.150349,482,503,475,472
6881,2,0.221359,492,514,505,496
6882,4,1.423025,506,501,524,514
6883,1,0.094868,496,497,498,512
6884,3,0.474342,506,506,508,495
6885,2,0.031623,495,507,497,502
6886,0,-2.719559,477,472,481,484
6887,2,-0.347851,522,472,494,501
6888,4,3.383637,528,534,526,519
6889,2,0.505964,512,506,498,500
6890,2,-1.359779,502,472,502,481
6891,4,1.770875,512,519,520,505
6892,4,1.834121,518,511,526,503
6893,1,-0.347851,493,517,486,493
6894,1,-0.474342,505,485,500,495
6895,1,-1.517893,489,471,489,503
6896,3,0.031623,487,503,505,506
6897,2,-0.347851,490,494,502,503
6898,3,1.802498,516,524,518,499
6899,0,-2.087103,483,489,485,477
6900,2,-0.600833,501,492,504,484
6901,2,-0.221359,505,488,506,494
6902,1,-1.043552,492,498,501,476
6903,4,2.245217,515,511,512,533
6904,3,0.600833,502,526,475,516
6905,4,1.075174,517,509,506,502
6906,2,1.043552,496,497,516,524
6907,1,-1.486271,485,505,476,487
6908,2,-0.948683,499,503,467,501
6909,2,-0.758947,473,504,504,495
6910,1,-1.517893,483,475,512,482
6911,2,-0.063246,479,511,494,514
6912,2,-0.411096,486,507,488,506
6913,0,-1.644384,481,486,490,491
6914,4,4.079338,518,523,537,551
6915,1,-2.498199,479,453,502,487
6916,1,-0.727324,480,500,502,495
6917,1,-0.316228,499,497,491,503
6918,2,-0.379473,483,495,502,508
6919,2,0.347851,499,505,498,509
6920,1,-0.632456,488,505,491,496
6921,4,1.233288,503,516,516,504
6922,3,0.917061,518,509,492,510
6923,2,0.189737,491,495,510,510
6924,4,2.118726,528,521,509,509
6925,3,0.379473,503,490,516,503
6926,3,1.264911,519,512,495,514
6927,3,1.201666,508,513,499,518
6928,3,0.600833,485,506,509,519
6929,2,0.126491,494,511,504,495
6930,3,0.537587,501,502,515,499
6931,2,0.569210,518,513,495,492
6932,2,-0.347851,493,508,505,483
6933,4,1.328157,518,509,505,510
6934,1,-0.126491,515,491,491,499
6935,4,1.770875,521,502,509,524
6936,0,-0.505964,500,498,493,493
6937,2,-0.031623,501,500,485,513
6938,3,0.980306,496,510,510,515
6939,1,-0.316228,501,496,494,499
6940,4,1.834121,505,503,528,522
6941,2,0.695701,516,498,491,517
6942,2,0.284605,498,502,509,500
6943,4,1.486271,509,515,507,516
6944,3,0.600833,493,507,504,515
6945,2,0.442719,499,510,497,508
6946,0,-2.087103,465,481,494,494
6947,1,-0.727324,491,490,495,501
6948,2,-0.411096,501,508,494,484
6949,1,0.063246,496,525,499,482
6950,4,1.960612,525,512,506,519
6951,2,0.758947,489,517,500,518
6952,2,-0.442719,502,492,488,504
6953,3,0.221359,478,518,508,503
6954,4,1.676007,514,517,506,516
6955,3,0.664078,505,478,522,516
6956,4,4.427189,541,546,522,531
6957,1,0.031623,498,515,500,488
6958,4,1.233288,518,509,506,506
6959,4,0.727324,506,502,513,502
6960,3,0.822192,511,515,501,499
6961,3,0.948683,511,498,507,514
6962,0,-4.110961,447,457,497,469
6963,3,0.822192,510,516,476,524
6964,2,-0.790569,508,490,503,474
6965,3,0.917061,500,506,505,518
6966,1,-0.917061,494,499,502,476
6967,2,0.758947,520,510,500,494
6968,3,0.411096,504,507,509,493
6969,4,3.668242,529,531,526,530
6970,4,1.138420,505,512,514,505
6971,3,1.296534,521,521,488,511
6972,1,0.094868,493,496,516,498
6973,1,-1.423025,467,488,497,503
6974,4,3.225523,538,514,521,529
6975,1,-0.853815,494,492,503,484
6976,0,-1.676007,476,492,496,483
6977,1,-1.170043,494,478,487,504
6978,1,-0.664078,495,503,488,493
6979,4,1.549516,502,512,510,525
6980,3,0.727324,501,499,513,510
6981,3,0.632456,508,505,521,486
6982,1,-0.284605,511,498,494,488
6983,4,1.138420,517,508,509,502
6984,3,0.853815,503,523,507,494
6985,3,1.391402,506,498,518,522
6986,0,-2.055480,481,491,483,480
6987,0,-1.075174,496,482,496,492
6988,0,-1.170043,488,486,494,495
6989,0,-2.498199,474,490,480,477
6990,4,2.213594,508,513,513,536
6991,2,0.379473,488,508,518,498
6992,2,-0.189737,498,505,481,510
6993,3,0.948683,516,513,504,497
6994,1,-0.822192,492,482,490,510
6995,2,-0.126491,494,504,489,509
6996,2,0.411096,496,516,515,486
6997,3,2.340085,495,519,522,538
6998,3,0.505964,491,512,511,502
6999,2,1.264911,492,527,495,526
7000,4,1.423025,508,501,525,511
7001,2,0.569210,496,509,494,519
7002,4,4.237452,511,532,538,553
7003,4,2.909295,529,531,510,522
7004,1,-0.189737,509,492,495,498
7005,4,1.865744,515,503,512,529
7006,2,-0.695701,479,482,510,507
7007,4,1.549516,520,511,516,502
7008,1,-1.201666,483,481,490,508
7009,1,-0.442719,475,494,525,492
7010,1,-0.632456,498,485,503,494
7011,4,1.106797,506,504,512,513
7012,4,1.454648,509,512,510,515
7013,4,1.296534,525,505,507,504
7014,0,-3.478505,469,481,471,469
7015,4,1.423025,521,504,503,517
7016,1,-0.126491,486,520,491,499
7017,1,-0.980306,474,495,491,509
7018,3,1.676007,498,519,523,513
7019,2,-0.284605,493,508,481,509
7020,3,1.233288,514,507,521,497
7021,3,0.379473,505,496,505,506
7022,4,2.150349,514,514,521,519
7023,0,-1.612762,500,485,496,468
7024,2,-0.347851,488,495,505,501
7025,2,0.537587,497,520,496,504
7026,1,-0.758947,518,493,498,467
7027,2,0.221359,520,484,500,503
7028,0,-0.853815,500,497,497,479
7029,4,1.644384,515,517,514,506
7030,3,0.853815,502,526,489,510
7031,2,0.347851,493,499,503,516
7032,3,1.011929,487,506,512,527
7033,2,-0.695701,496,504,472,506
7034,4,1.992235,521,510,515,517
7035,4,1.834121,520,507,508,523
7036,3,0.948683,504,497,509,520
7037,1,-1.075174,489,482,503,492
7038,1,-0.917061,510,489,493,479
7039,3,2.276840,522,528,524,498
7040,3,0.758947,512,501,500,511
7041,4,3.225523,522,547,512,521
7042,2,0.600833,519,518,485,497
7043,4,2.403331,528,511,517,520
7044,0,-1.897367,470,492,493,485
7045,3,0.411096,513,504,493,503
7046,0,-1.233288,488,478,499,496
7047,3,1.359779,512,528,492,511
7048,1,-0.980306,502,494,493,480
7049,2,-0.411096,493,480,512,502
7050,3,1.201666,507,520,500,511
7051,1,-0.252982,498,485,520,489
7052,1,-1.391402,483,491,474,508
7053,2,0.284605,490,493,519,507
7054,1,-0.031623,500,521,494,484
7055,4,2.529822,530,526,517,507
7056,4,2.245217,507,525,518,521
7057,0,-2.529822,469,488,496,467
7058,1,-0.316228,497,491,505,497
7059,3,0.347851,491,514,502,504
7060,1,-0.632456,485,507,490,498
7061,4,0.885438,512,506,506,504
7062,0,-2.276840,481,495,474,478
7063,0,-0.790569,493,498,498,486
7064,1,-2.023858,483,507,460,486
7065,2,-0.063246,480,491,507,520
7066,4,1.992235,524,516,508,515
7067,2,0.442719,500,501,498,515
7068,4,2.498199,525,509,516,529
7069,4,1.138420,516,503,502,515
7070,2,0.822192,497,490,523,516
7071,1,-1.138420,503,487,489,485
7072,3,1.170043,506,499,515,517
7073,0,-3.035787,475,483,470,476
7074,2,-0.664078,507,503,479,490
7075,4,2.245217,517,504,532,518
7076,3,1.359779,508,498,515,522
7077,0,-1.865744,479,492,483,487
7078,0,-2.150349,485,468,493,486
7079,3,1.043552,488,513,514,518
7080,4,1.581139,515,514,504,517
7081,3,0.695701,501,490,516,515
7082,3,0.569210,486,515,503,514
7083,0,-1.581139,498,485,489,478
7084,1,-0.885438,484,535,459,494
7085,3,0.379473,501,510,494,507
7086,0,-1.043552,494,494,486,493
7087,4,1.612762,510,508,517,516
7088,4,1.391402,506,515,515,508
7089,3,0.411096,503,503,499,508
7090,0,-1.486271,493,498,486,476
7091,0,-1.423025,492,481,499,483
7092,0,-1.770875,483,485,487,489
7093,2,-0.347851,488,515,484,502
7094,4,1.644384,508,509,508,527
7095,3,0.885438,518,509,498,503
7096,3,1.201666,521,498,510,509
7097,3,0.505964,491,502,507,516
7098,4,3.794733,531,515,557,517
7099,0,-1.644384,482,500,477,489
7100,1,-0.474342,492,503,494,496
7101,3,0.221359,470,507,514,516
7102,4,1.328157,509,510,505,518
7103,3,-0.316228,507,481,501,501
7104,3,0.885438,508,513,507,500
7105,3,0.347851,510,484,509,508
7106,2,0.505964,498,488,513,517
7107,2,-0.063246,506,503,495,494
7108,4,1.739253,505,529,507,514
7109,2,-0.031623,500,508,490,501
7110,4,2.150349,509,530,511,518
7111,4,2.403331,507,516,519,534
7112,0,-1.011929,496,487,498,487
7113,3,0.758947,503,495,508,518
7114,4,1.770875,520,521,505,510
7115,1,-1.612762,488,477,507,477
7116,2,0.094868,489,500,511,503
7117,1,-0.094868,509,498,493,497
7118,1,-0.600833,493,490,497,501
7119,2,0.126491,484,526,487,507
7120,4,2.593068,513,527,517,525
7121,1,-1.612762,489,471,508,481
7122,4,1.170043,515,503,515,504
7123,0,-1.043552,500,482,488,497
7124,2,0.379473,497,508,497,510
7125,4,1.644384,512,517,507,516
7126,3,1.106797,521,516,486,512
7127,4,1.454648,512,510,519,505
7128,4,1.201666,510,518,505,505
7129,4,1.011929,504,517,503,508
7130,2,-0.221359,514,503,476,500
7131,1,0.252982,521,490,498,499
7132,3,0.474342,503,502,511,499
7133,4,1.644384,527,509,509,507
7134,4,1.739253,507,522,518,508
7135,2,0.632456,528,484,518,490
7136,4,2.687936,518,523,518,526
7137,0,-1.834121,483,475,494,490
7138,3,0.790569,486,508,513,518
7139,2,-0.094868,501,506,490,500
7140,1,0.442719,497,500,530,487
7141,0,-2.846050,472,468,488,482
7142,3,0.664078,509,515,505,492
7143,2,0.126491,509,514,487,494
7144,2,0.474342,506,499,510,500
7145,4,1.992235,506,531,511,515
7146,3,0.664078,509,497,502,513
7147,4,1.612762,514,533,501,503
7148,2,0.000000,503,500,504,493
7149,3,1.454648,500,521,512,513
7150,3,1.233288,501,518,520,500
7151,3,1.233288,511,501,498,529
7152,4,2.656313,509,531,516,528
7153,1,-0.885438,477,490,498,507
7154,3,0.252982,505,515,486,502
7155,4,2.340085,509,530,505,530
7156,1,-0.917061,505,484,491,491
7157,2,-0.411096,521,482,501,483
7158,2,0.695701,523,522,485,492
7159,1,-1.043552,492,486,518,471
7160,3,1.549516,527,516,497,509
7161,3,1.454648,506,520,500,520
7162,0,-2.814427,476,452,492,491
7163,4,2.308463,523,520,519,511
7164,0,-2.687936,492,473,472,478
7165,2,0.379473,500,508,504,500
7166,4,2.719559,529,506,522,529
7167,1,-1.486271,479,512,475,487
7168,2,-0.442719,501,494,502,489
7169,1,-0.853815,506,484,492,491
7170,2,-0.094868,487,503,499,508
7171,0,-5.217758,447,458,463,467
7172,1,-0.316228,479,496,496,519
7173,2,0.569210,507,494,518,499
7174,1,-0.948683,500,481,502,487
7175,0,-1.391402,493,478,494,491
7176,1,-0.094868,498,508,495,496
7177,4,3.826356,536,532,530,523
7178,0,-1.423025,490,474,500,491
7179,1,-0.790569,483,491,491,510
7180,0,-2.118726,470,479,494,490
7181,1,-1.043552,488,476,510,493
7182,1,-0.537587,511,493,497,482
7183,3,0.537587,508,492,512,505
7184,2,-0.000000,500,504,502,494
7185,4,1.834121,521,524,507,506
7186,2,-0.031623,510,493,488,508
7187,3,0.632456,510,504,517,489
7188,1,-1.043552,499,490,508,470
7189,1,-1.043552,491,488,484,504
7190,0,-0.537587,500,496,490,497
7191,3,0.600833,506,502,512,499
7192,1,-1.770875,504,496,482,462
7193,1,-0.221359,490,500,506,497
7194,2,-0.347851,484,500,503,502
7195,3,1.834121,519,521,519,499
7196,0,-1.391402,475,490,494,497
7197,3,1.043552,511,490,512,520
7198,4,2.561445,514,515,529,523
7199,1,-0.252982,493,485,516,498
7200,2,0.853815,530,503,500,494
7201,4,3.573374,530,536,512,535
7202,1,-0.158114,512,491,495,497
7203,1,-0.189737,492,505,497,500
7204,0,-1.328157,500,471,495,492
7205,3,0.917061,511,499,501,518
7206,2,0.252982,495,492,507,514
7207,4,2.624690,538,521,509,515
7208,2,-0.094868,499,502,494,502
7209,0,-1.928989,486,485,482,486
7210,3,0.695701,505,508,500,509
7211,0,-1.296534,484,499,496,480
7212,2,-0.600833,485,501,504,491
7213,3,0.537587,502,508,493,514
7214,1,-0.727324,487,520,477,493
7215,2,0.664078,514,522,497,488
7216,0,-1.454648,494,496,475,489
7217,0,-1.581139,496,495,474,485
7218,2,0.094868,491,510,499,503
7219,2,1.549516,494,527,500,528
7220,2,0.031623,498,501,496,506
7221,4,2.308463,522,514,513,524
7222,0,-0.758947,498,496,493,489
7223,0,-0.695701,489,500,489,500
7224,4,1.676007,513,511,505,524
7225,2,0.094868,487,503,514,499
7226,1,-0.980306,478,492,497,502
7227,0,-1.517893,500,469,496,487
7228,1,-1.707630,493,468,502,483
7229,1,-1.201666,483,506,482,491
7230,4,1.644384,516,509,504,523
7231,0,-2.656313,469,486,471,490
7232,2,-0.316228,482,495,501,512
7233,2,0.284605,508,496,511,494
7234,1,-0.316228,496,525,483,486
7235,3,2.466577,538,513,527,500
7236,1,-0.316228,494,495,502,499
7237,3,1.138420,499,509,505,523
7238,1,-1.359779,467,490,508,492
7239,3,0.758947,501,513,515,495
7240,2,0.695701,510,526,490,496
7241,3,2.972541,524,532,499,539
7242,2,0.252982,507,495,516,490
7243,1,-0.221359,496,494,516,487
7244,2,-0.379473,506,504,478,500
7245,3,0.948683,509,515,492,514
7246,2,1.328157,499,538,498,507
7247,0,-1.770875,475,489,497,483
7248,1,0.284605,498,497,497,517
7249,1,-0.727324,497,493,501,486
7250,4,1.802498,522,522,502,511
7251,2,-1.011929,503,507,479,479
7252,2,-0.442719,492,504,502,488
7253,1,-2.529822,471,467,509,473
7254,4,1.170043,504,501,509,523
7255,2,-0.000000,503,491,507,499
7256,3,0.980306,522,512,504,493
7257,1,-2.656313,477,502,477,460
7258,4,2.371708,532,502,520,521
7259,2,0.094868,508,496,493,506
7260,1,-0.505964,489,497,491,507
7261,1,-0.948683,482,487,503,498
7262,2,0.221359,507,483,517,500
7263,0,-2.782804,480,465,497,470
7264,2,-0.664078,482,481,505,511
7265,4,3.573374,525,515,541,532
7266,4,1.011929,511,507,502,512
7267,3,0.411096,505,487,512,509
7268,2,0.948683,520,493,519,498
7269,3,1.043552,510,496,513,514
7270,1,-1.517893,479,504,481,488
7271,4,2.909295,526,509,531,526
7272,4,2.434954,529,513,530,505
7273,3,0.442719,495,504,510,505
7274,3,0.600833,503,496,513,507
7275,3,0.727324,494,506,517,506
7276,0,-0.948683,491,500,489,490
7277,1,0.094868,517,489,500,497
7278,1,-0.284605,494,505,495,497
7279,3,0.727324,504,531,484,504
7280,0,-0.822192,498,484,499,493
7281,0,-1.233288,499,476,498,488
7282,0,-2.403331,488,470,471,495
7283,1,-0.221359,496,508,494,495
7284,3,2.403331,495,528,525,528
7285,3,1.549516,511,500,516,522
7286,1,-0.695701,499,507,498,474
7287,3,0.000000,502,486,506,506
7288,2,0.411096,499,514,498,502
7289,1,-0.790569,485,490,504,496
7290,2,-0.600833,511,505,484,481
7291,4,0.790569,502,514,501,508
7292,1,-0.442719,504,488,499,495
7293,0,-2.181972,469,485,489,488
7294,1,-0.316228,500,504,486,500
7295,3,0.885438,510,517,497,504
7296,4,1.865744,511,530,517,501
7297,3,0.822192,514,505,509,498
7298,1,-0.980306,480,501,489,499
7299,4,1.770875,504,511,522,519
7300,3,0.727324,513,512,487,511
7301,4,2.466577,538,518,512,510
7302,2,0.094868,499,509,484,511
7303,3,1.264911,522,499,505,514
7304,0,-1.644384,495,499,473,481
7305,1,-1.201666,500,510,473,479
7306,2,0.347851,496,497,512,506
7307,2,0.094868,475,499,517,512
7308,2,0.221359,504,515,490,498
7309,4,2.687936,521,518,524,522
7310,0,-1.423025,486,486,500,483
7311,1,-1.106797,494,476,505,490
7312,3,0.442719,500,507,502,505
7313,4,2.055480,518,509,517,521
7314,2,0.316228,506,498,510,496
7315,1,-0.442719,487,497,495,507
7316,0,-1.644384,484,486,493,485
7317,4,1.676007,529,520,503,501
7318,1,-0.221359,495,488,516,494
7319,1,-0.600833,496,501,498,486
7320,3,0.252982,486,509,501,512
7321,2,0.000000,506,507,499,488
7322,3,-0.221359,503,476,504,510
7323,2,-0.063246,496,489,502,511
7324,2,-0.031623,491,489,508,511
7325,2,-0.094868,514,487,484,512
7326,2,0.221359,502,497,510,498
7327,3,0.600833,502,508,512,497
7328,3,0.031623,509,488,502,502
7329,3,1.043552,514,493,519,507
7330,2,0.695701,503,527,498,494
7331,3,0.347851,509,503,498,501
7332,4,1.802498,520,506,508,523
7333,1,-0.948683,491,490,503,486
7334,0,-2.529822,475,475,473,497
7335,0,-1.581139,494,484,493,479
7336,4,3.035787,542,507,515,532
7337,2,0.189737,490,496,509,511
7338,2,-0.948683,494,502,507,467
7339,0,-1.612762,500,490,466,493
7340,3,1.233288,490,506,523,520
7341,3,0.505964,486,505,514,511
7342,3,1.359779,522,499,514,508
7343,3,0.980306,518,517,492,504
7344,1,-0.537587,512,493,497,481
7345,3,1.802498,528,507,489,533
7346,4,3.257146,522,523,524,534
7347,0,-2.340085,484,485,479,478
7348,3,0.347851,510,489,511,501
7349,2,0.411096,500,503,500,510
7350,3,0.822192,485,507,527,507
7351,0,-0.758947,491,497,489,499
7352,1,-0.948683,485,483,504,498
7353,0,-1.454648,483,489,498,484
7354,0,-1.264911,496,478,494,492
7355,3,2.118726,497,517,519,534
7356,0,-1.296534,494,494,492,479
7357,4,2.466577,534,501,541,502
7358,0,-3.035787,471,467,478,488
7359,0,-1.328157,496,472,496,494
7360,0,-2.719559,478,475,485,476
7361,0,-1.423025,492,491,499,473
7362,1,-0.474342,498,491,515,481
7363,2,0.790569,499,519,497,510
7364,1,-0.917061,482,496,490,503
7365,2,0.505964,494,511,513,498
7366,3,2.719559,520,542,500,524
7367,2,-0.221359,503,506,497,487
7368,4,0.948683,513,502,505,510
7369,1,-0.980306,493,500,473,503
7370,4,2.118726,509,517,519,522
7371,1,-0.664078,496,484,497,502
7372,2,-0.221359,504,497,503,489
7373,3,0.126491,480,510,507,507
7374,4,0.790569,507,503,505,510
7375,4,1.423025,517,505,513,510
7376,4,2.624690,528,521,515,519
7377,3,-0.126491,501,479,510,506
7378,3,0.094868,501,503,495,504
7379,2,-0.126491,505,495,506,490
7380,1,-0.600833,490,490,516,485
7381,3,0.632456,512,503,516,489
7382,1,-1.233288,474,498,481,508
7383,4,2.624690,510,535,521,517
7384,2,0.442719,494,507,496,517
7385,1,-0.284605,488,508,500,495
7386,2,0.063246,513,489,501,499
7387,3,-0.189737,508,478,503,505
7388,3,0.442719,504,490,510,510
7389,1,-2.087103,506,476,465,487
7390,1,-1.138420,485,508,475,496
7391,1,-0.758947,494,485,511,486
7392,2,-0.252982,504,503,499,486
7393,4,0.569210,502,504,507,505
7394,1,-0.411096,500,492,502,493
7395,1,-0.411096,489,506,496,496
7396,3,-0.031623,511,504,502,482
7397,2,-0.316228,501,504,486,499
7398,3,1.391402,525,509,519,491
7399,2,0.569210,496,497,511,514
7400,1,-0.031623,489,519,498,493
7401,2,0.189737,513,504,494,495
7402,3,0.411096,501,489,516,507
7403,1,0.221359,500,512,498,497
7404,2,-0.063246,488,495,514,501
7405,4,2.087103,516,526,515,509
7406,3,0.980306,498,525,503,505
7407,4,1.201666,512,507,513,506
7408,0,-4.079338,452,446,488,485
7409,1,-0.094868,496,499,506,496
7410,4,1.992235,534,504,512,513
7411,1,-0.948683,492,503,484,491
7412,2,0.758947,510,500,518,496
7413,3,1.391402,515,504,528,497
7414,4,2.118726,522,503,511,531
7415,4,1.865744,504,515,522,518
7416,1,-1.106797,499,468,491,507
7417,2,-0.505964,480,497,501,506
7418,1,-0.505964,506,489,497,492
7419,4,1.391402,501,503,507,533
7420,2,-0.316228,504,504,492,490
7421,1,-0.758947,485,496,493,502
7422,4,1.486271,501,514,530,502
7423,4,1.517893,517,514,508,509
7424,3,0.442719,503,503,511,497
7425,1,-0.695701,506,494,484,494
7426,3,0.379473,510,473,522,507
7427,4,2.245217,512,517,520,522
7428,3,0.885438,500,519,504,505
7429,0,-1.612762,487,493,484,485
7430,2,0.474342,512,499,510,494
7431,2,-0.063246,511,490,511,486
7432,2,0.316228,513,509,495,493
7433,4,0.917061,502,512,508,507
7434,1,-0.790569,489,488,508,490
7435,1,-1.517893,473,504,476,499
7436,4,3.004164,522,515,528,530
7437,3,1.138420,527,510,504,495
7438,4,2.846050,520,534,517,519
7439,1,-1.233288,488,482,486,505
7440,0,-3.035787,467,497,476,464
7441,0,-1.581139,476,486,488,500
7442,0,-0.885438,488,500,487,497
7443,3,0.664078,511,513,495,502
7444,0,-1.011929,491,496,488,493
7445,2,-0.158114,487,493,508,507
7446,1,-0.379473,502,500,499,487
7447,0,-3.004164,462,456,499,488
7448,2,-0.063246,515,466,519,498
7449,2,0.063246,497,502,494,509
7450,4,2.529822,525,512,530,513
7451,3,0.221359,495,504,507,501
7452,4,1.454648,509,508,519,510
7453,0,-2.687936,482,475,486,472
7454,1,-1.707630,487,478,501,480
7455,2,0.442719,528,491,515,480
7456,3,0.632456,500,514,505,501
7457,1,-0.379473,494,497,506,491
7458,3,0.600833,507,502,514,496
7459,1,-0.094868,497,518,482,500
7460,2,-0.252982,493,509,503,487
7461,4,1.549516,505,512,510,522
7462,1,-0.600833,498,488,505,490
7463,4,2.529822,525,516,521,518
7464,0,-1.486271,487,488,483,495
7465,3,0.094868,481,503,504,515
7466,4,3.478505,517,518,531,544
7467,3,0.474342,504,503,508,500
7468,4,2.561445,512,528,508,533
7469,4,1.454648,515,504,511,516
7470,3,1.170043,519,518,504,496
7471,0,-1.517893,487,479,494,492
7472,1,-0.505964,480,515,498,491
7473,1,-0.917061,479,478,514,500
7474,1,-1.075174,488,482,510,486
7475,1,-1.391402,483,485,487,501
7476,0,-2.276840,482,484,492,470
7477,3,0.885438,506,514,492,516
7478,2,0.316228,491,495,514,510
7479,3,1.011929,503,503,500,526
7480,3,1.581139,519,523,499,509
7481,3,0.316228,508,488,505,509
7482,1,-1.707630,477,487,472,510
7483,1,-1.075174,491,505,482,488
7484,4,3.478505,526,530,526,528
7485,4,0.980306,504,504,516,507
7486,3,0.727324,508,490,518,507
7487,3,0.189737,508,509,478,511
7488,2,-0.537587,501,502,499,481
7489,2,-0.917061,473,519,471,508
7490,3,0.505964,524,502,508,482
7491,1,-0.632456,499,503,485,493
7492,0,-1.328157,488,500,478,492
7493,2,-0.158114,491,501,509,494
7494,1,-0.094868,500,492,507,498
7495,2,1.264911,500,486,530,524
7496,3,1.106797,497,507,506,525
7497,1,-1.138420,487,506,491,480
7498,3,0.252982,503,501,506,498
7499,0,-1.011929,499,494,493,482
7500,2,0.189737,500,507,491,508
7501,3,0.695701,519,493,501,509
7502,4,2.087103,514,508,529,515
7503,1,-0.221359,494,524,482,493
7504,0,-1.328157,493,482,498,485
7505,3,1.011929,512,519,490,511
7506,1,-1.296534,489,471,512,487
7507,1,-0.853815,486,490,505,492
7508,3,0.252982,502,506,501,499
7509,2,-0.822192,478,520,472,504
7510,3,1.928989,515,500,521,525
7511,0,-1.517893,492,476,495,489
7512,2,0.316228,505,487,525,493
7513,3,0.569210,503,484,530,501
7514,1,-1.423025,480,493,480,502
7515,4,2.213594,523,520,511,516
7516,4,2.434954,516,526,501,534
7517,4,0.917061,513,511,504,501
7518,3,1.138420,522,507,499,508
7519,4,2.087103,511,512,532,511
7520,1,-0.505964,498,501,490,495
7521,3,0.569210,516,496,502,504
7522,1,-1.960612,471,480,506,481
7523,3,1.581139,508,523,522,497
7524,2,0.284605,486,521,504,498
7525,3,0.537587,494,502,512,509
7526,3,0.727324,508,486,516,513
7527,4,0.980306,514,512,503,502
7528,2,0.379473,516,489,498,509
7529,1,-0.980306,483,507,488,491
7530,2,0.853815,494,498,516,519
7531,0,-1.486271,499,477,492,485
7532,3,0.727324,509,513,501,500
7533,4,1.739253,513,509,519,514
7534,4,2.751182,524,512,529,522
7535,2,0.094868,489,506,494,514
7536,2,0.126491,495,509,490,510
7537,2,0.569210,495,512,519,492
7538,3,0.885438,500,512,505,511
7539,0,-2.055480,480,493,495,467
7540,2,-0.031623,499,507,481,512
7541,3,0.505964,494,516,501,505
7542,1,-0.505964,522,484,491,487
7543,0,-2.371708,496,482,483,464
7544,1,-1.328157,491,517,484,466
7545,0,-1.391402,483,481,495,497
7546,2,0.442719,519,493,510,492
7547,4,1.138420,509,515,509,503
7548,0,-0.948683,495,485,492,498
7549,4,0.790569,505,508,503,509
7550,4,1.865744,506,511,526,516
7551,1,-1.170043,483,510,490,480
7552,3,0.189737,504,506,504,492
7553,4,1.739253,520,516,509,510
7554,4,3.573374,550,518,530,515
7555,2,0.790569,529,488,489,519
7556,0,-2.340085,484,491,456,495
7557,4,1.992235,524,508,517,514
7558,4,2.403331,536,515,509,516
7559,1,-2.371708,463,504,480,478
7560,3,0.822192,508,520,493,505
7561,0,-1.707630,477,486,495,488
7562,1,-0.664078,497,511,488,483
7563,0,-2.529822,482,478,483,477
7564,1,-0.569210,496,478,513,495
7565,4,2.118726,526,527,507,507
7566,3,1.170043,504,486,545,502
7567,2,-0.126491,484,500,511,501
7568,1,-0.252982,500,497,490,505
7569,2,-0.094868,499,489,503,506
7570,2,-0.031623,486,489,513,511
7571,2,0.000000,494,505,485,516
7572,4,1.106797,505,506,516,508
7573,1,-1.011929,483,490,505,490
7574,1,-0.347851,496,515,481,497
7575,4,1.328157,505,506,517,514
7576,4,0.632456,507,509,501,503
7577,0,-2.118726,482,480,478,493
7578,0,-2.782804,467,474,496,475
7579,1,-0.917061,489,506,492,484
7580,4,2.213594,510,527,503,530
7581,0,-1.296534,484,488,488,499
7582,0,-1.928989,483,467,496,493
7583,0,-0.917061,499,498,496,478
7584,4,2.814427,514,513,548,514
7585,3,1.138420,520,511,510,495
7586,4,2.719559,527,523,505,531
7587,3,0.980306,506,511,495,519
7588,2,0.316228,498,488,520,504
7589,2,0.031623,497,513,483,508
7590,4,2.340085,519,510,525,520
7591,2,0.727324,523,487,514,499
7592,3,0.189737,503,501,490,512
7593,4,2.687936,515,524,522,524
7594,4,5.439118,561,535,530,546
7595,4,1.612762,517,503,512,519
7596,2,-0.442719,512,516,466,492
7597,1,-0.537587,489,496,507,491
7598,1,-0.474342,499,501,491,494
7599,1,-0.727324,488,502,494,493
7600,0,-1.992235,500,490,484,463
7601,2,0.632456,516,495,516,493
7602,0,-2.529822,471,489,478,482
7603,2,-0.126491,501,496,506,493
7604,4,2.656313,509,522,521,532
7605,4,2.877673,531,531,518,511
7606,3,1.296534,504,498,503,536
7607,2,-0.442719,503,484,496,503
7608,4,1.106797,507,504,512,512
7609,4,2.181972,512,511,524,522
7610,3,0.664078,528,504,504,485
7611,2,-0.158114,488,488,517,502
7612,4,2.846050,521,536,522,511
7613,1,-0.505964,495,494,515,480
7614,4,2.118726,506,517,519,525
7615,1,-1.233288,492,468,500,501
7616,3,1.233288,504,500,522,513
7617,4,1.328157,508,512,507,515
7618,2,0.569210,505,497,497,519
7619,4,1.296534,511,501,507,522
7620,3,0.632456,518,509,491,502
7621,2,-0.094868,484,512,500,501
7622,2,-0.316228,504,489,492,505
7623,1,-0.790569,498,469,510,498
7624,4,1.138420,506,501,516,513
7625,0,-1.992235,486,488,479,484
7626,2,0.537587,489,517,488,523
7627,1,-1.011929,487,497,482,502
7628,1,-0.948683,493,476,505,496
7629,0,-0.917061,491,488,493,499
7630,3,1.644384,520,530,502,500
7631,4,0.790569,503,507,511,504
7632,2,1.486271,528,488,534,497
7633,3,0.537587,507,504,500,506
7634,4,2.308463,506,518,523,526
7635,2,-0.569210,485,504,490,503
7636,4,1.928989,518,520,509,514
7637,2,0.000000,484,495,506,515
7638,3,0.600833,514,485,508,512
7639,3,1.739253,516,494,515,530
7640,1,-0.284605,512,488,496,495
7641,0,-2.593068,472,484,474,488
7642,4,1.043552,511,508,508,506
7643,4,2.877673,531,528,501,531
7644,2,-0.474342,489,502,492,502
7645,2,-0.189737,506,509,486,493
7646,2,0.537587,508,526,494,489
7647,2,0.031623,496,508,493,504
7648,2,0.411096,498,507,520,488
7649,4,2.276840,520,503,532,517
7650,4,1.612762,510,516,515,510
7651,1,-1.328157,499,502,482,475
7652,4,2.719559,524,517,522,523
7653,3,1.138420,492,514,516,514
7654,1,-0.980306,500,501,472,496
7655,2,0.853815,492,495,528,512
7656,0,-3.225523,482,472,463,481
7657,1,-0.411096,504,496,495,492
7658,0,-2.087103,492,483,475,484
7659,3,1.075174,493,503,526,512
7660,2,0.569210,517,509,499,493
7661,0,-2.624690,484,486,481,466
7662,0,-0.411096,498,495,500,494
7663,2,0.632456,522,494,509,495
7664,4,1.486271,507,511,516,513
7665,2,0.347851,506,520,495,490
7666,4,2.719559,520,511,532,523
7667,3,-0.347851,502,501,501,485
7668,2,0.158114,508,502,496,499
7669,2,0.758947,514,491,493,526
7670,0,-2.181972,496,482,481,472
7671,1,-0.347851,493,494,502,500
7672,3,0.505964,506,496,503,511
7673,3,0.347851,510,508,490,503
7674,4,2.150349,520,514,520,514
7675,2,0.189737,495,520,488,503
7676,2,0.347851,499,487,510,515
7677,0,-1.897367,486,479,495,480
7678,3,0.853815,483,511,514,519
7679,2,0.537587,511,526,480,500
7680,2,0.316228,505,485,523,497
7681,3,0.885438,515,502,498,513
7682,1,-0.980306,493,501,492,483
7683,2,-0.063246,491,501,510,496
7684,1,-0.316228,503,494,496,497
7685,0,-1.391402,484,500,493,479
7686,4,1.928989,526,502,519,514
7687,3,1.612762,500,509,529,513
7688,3,1.865744,520,494,519,526
7689,1,-0.347851,494,521,478,496
7690,3,1.454648,499,504,506,537
7691,4,2.466577,529,501,515,533
7692,3,0.948683,505,503,534,488
7693,1,-1.296534,489,486,502,482
7694,3,0.411096,522,501,489,501
7695,1,-0.917061,494,488,486,503
7696,0,-1.960612,483,482,482,491
7697,0,-2.181972,482,500,467,482
7698,1,0.221359,497,500,510,500
7699,4,2.656313,518,527,525,514
7700,1,-0.980306,491,510,484,484
7701,4,1.739253,505,512,517,521
7702,3,1.011929,495,513,514,510
7703,4,1.106797,507,510,503,515
7704,4,1.106797,512,509,502,512
7705,3,0.316228,518,518,470,504
7706,4,1.612762,513,506,516,516
7707,1,-0.379473,496,495,501,496
7708,2,-0.379473,503,509,498,478
7709,3,1.454648,519,483,528,516
7710,4,2.466577,524,514,507,533
7711,1,-0.252982,483,498,495,516
7712,0,-1.201666,489,487,490,496
7713,4,2.466577,528,515,518,517
7714,2,0.126491,500,502,504,498
7715,0,-2.150349,469,477,489,497
7716,1,-0.284605,491,487,485,528
7717,1,-0.411096,498,509,490,490
7718,3,0.790569,505,502,520,498
7719,4,0.664078,501,506,507,507
7720,2,-0.474342,494,480,509,502
7721,0,-1.676007,496,488,500,463
7722,1,0.189737,497,490,525,494
7723,1,-1.612762,489,468,506,486
7724,2,0.252982,497,517,488,506
7725,2,-0.537587,479,498,503,503
7726,2,1.233288,500,488,528,523
7727,2,1.454648,497,526,525,498
7728,4,2.308463,512,512,519,530
7729,4,1.992235,516,504,525,518
7730,1,-1.770875,477,506,471,490
7731,3,0.569210,512,505,502,499
7732,4,1.612762,515,511,505,520
7733,4,1.075174,517,507,501,509
7734,4,2.656313,521,516,521,526
7735,2,-0.221359,505,501,500,487
7736,4,5.059644,551,529,550,530
7737,2,-0.600833,502,503,476,500
7738,0,-1.486271,494,479,493,487
7739,3,0.758947,503,497,509,515
7740,3,1.739253,495,508,525,527
7741,1,-0.822192,492,492,501,489
7742,2,-0.126491,500,485,503,508
7743,3,0.569210,515,505,520,478
7744,0,-1.043552,476,495,496,500
7745,4,2.624690,532,524,513,514
7746,1,-1.391402,501,489,481,485
7747,3,0.411096,477,521,501,514
7748,3,1.043552,500,508,510,515
7749,3,0.632456,501,516,504,499
7750,3,0.790569,510,500,509,506
7751,1,-0.221359,504,496,496,497
7752,4,1.549516,509,519,510,511
7753,1,-1.770875,487,477,475,505
7754,1,-0.790569,487,507,488,493
7755,3,0.822192,505,519,504,498
7756,4,1.992235,516,521,507,519
7757,1,-1.707630,466,506,475,499
7758,2,0.885438,530,497,507,494
7759,2,-1.391402,482,464,504,506
7760,0,-1.043552,488,500,494,485
7761,0,-1.075174,488,495,490,493
7762,4,1.676007,526,519,506,502
7763,2,0.000000,519,484,516,481
7764,3,-0.158114,504,503,479,509
7765,2,0.411096,489,488,519,517
7766,3,1.549516,529,511,518,491
7767,4,2.340085,513,508,527,526
7768,0,-1.960612,495,471,499,473
7769,1,-0.252982,497,489,510,496
7770,2,-0.094868,490,505,488,514
7771,2,0.189737,512,488,510,496
7772,2,-0.695701,480,506,506,486
7773,1,-0.442719,496,499,502,489
7774,0,-2.023858,490,491,485,470
7775,0,-1.391402,488,482,492,494
7776,2,0.632456,495,486,529,510
7777,2,-0.411096,502,509,489,487
7778,0,-1.897367,500,466,486,488
7779,4,1.454648,506,510,508,522
7780,0,-1.138420,499,490,478,497
7781,4,1.581139,512,522,508,508
7782,1,-0.284605,493,520,487,491
7783,3,0.664078,512,509,488,512
7784,3,1.549516,512,522,488,527
7785,4,1.454648,510,503,519,514
7786,1,-0.537587,488,497,503,495
7787,4,1.897367,519,525,507,509
7788,2,0.537587,493,496,514,514
7789,3,1.423025,515,493,519,518
7790,2,-0.063246,491,474,532,501
7791,2,-0.379473,517,510,474,487
7792,0,-1.486271,486,492,480,495
7793,2,-0.411096,501,501,493,492
7794,1,-0.727324,488,503,495,491
7795,0,-2.023858,492,468,481,495
7796,1,-0.347851,498,498,483,510
7797,1,-0.126491,491,489,521,495
7798,2,-0.442719,488,493,504,501
7799,4,1.644384,517,501,511,523
7800,1,-0.537587,508,488,500,487
7801,3,0.727324,521,521,502,479
7802,1,-0.664078,487,509,498,485
7803,2,0.695701,497,520,496,509
7804,1,-0.031623,487,534,482,496
7805,4,2.434954,523,519,504,531
7806,3,0.822192,506,499,512,509
7807,4,1.770875,513,511,523,509
7808,3,0.758947,511,503,510,500
7809,4,1.644384,512,522,507,511
7810,0,-1.454648,496,492,486,480
7811,3,0.822192,515,507,506,498
7812,3,0.126491,493,501,509,501
7813,4,2.308463,514,525,509,525
7814,1,0.158114,497,494,521,493
7815,1,-1.106797,505,490,483,487
7816,1,-1.517893,478,484,503,487
7817,3,0.347851,496,505,504,506
7818,0,-1.201666,492,487,500,483
7819,3,0.379473,514,501,501,496
7820,2,1.011929,517,493,527,495
7821,1,-0.632456,507,489,498,486
7822,3,1.486271,505,492,521,529
7823,3,1.802498,522,497,514,524
7824,0,-1.138420,495,491,483,495
7825,0,-2.150349,484,485,476,487
7826,0,-0.822192,486,499,492,497
7827,0,-2.972541,467,480,488,471
7828,3,2.340085,494,530,517,533
7829,4,2.593068,517,506,522,537
7830,0,-1.201666,482,494,489,497
7831,0,-1.770875,487,485,479,493
7832,4,1.612762,505,516,503,527
7833,0,-2.593068,489,480,469,480
7834,4,2.308463,533,526,507,507
7835,1,-1.233288,490,490,505,476
7836,4,1.486271,513,502,525,507
7837,0,-1.897367,488,478,485,489
7838,1,-1.359779,476,485,509,487
7839,1,-0.379473,488,495,518,487
7840,1,-0.284605,486,476,531,498
7841,0,-1.897367,487,475,485,493
7842,0,-1.960612,479,496,479,484
7843,0,-3.510128,470,471,490,458
7844,1,-0.727324,514,486,496,481
7845,2,0.126491,497,502,506,499
7846,2,0.158114,515,502,495,493
7847,0,-0.537587,499,498,492,494
7848,2,0.537587,499,508,493,517
7849,3,0.537587,515,505,508,489
7850,0,-2.181972,493,490,483,465
7851,1,-0.664078,502,497,489,491
7852,1,0.000000,499,489,512,500
7853,1,-0.853815,485,509,490,489
7854,2,0.189737,521,487,493,505
7855,4,2.498199,520,534,508,517
7856,2,-0.094868,505,508,495,489
7857,0,-2.308463,482,470,482,493
7858,4,2.529822,538,518,521,503
7859,3,0.664078,512,497,510,502
7860,1,-0.917061,482,484,513,492
7861,3,0.252982,487,505,508,508
7862,4,2.434954,517,530,504,526
7863,1,-1.138420,503,488,483,490
7864,4,2.023858,515,518,510,521
7865,0,-1.517893,492,498,487,475
7866,1,0.063246,489,518,497,498
7867,4,1.423025,510,507,501,527
7868,0,-1.707630,477,490,487,492
7869,2,0.695701,497,510,516,499
7870,4,3.763110,531,521,517,550
7871,3,-0.252982,510,477,502,503
7872,2,0.000000,485,489,525,501
7873,0,-2.371708,487,472,490,476
7874,0,-1.423025,494,481,492,488
7875,0,-2.940918,497,487,446,477
7876,1,-0.126491,500,503,497,496
7877,3,1.644384,517,523,490,522
7878,4,2.719559,517,517,529,523
7879,3,1.264911,520,495,512,513
7880,2,0.221359,517,504,488,498
7881,4,1.739253,518,511,525,501
7882,3,1.201666,497,505,514,522
7883,4,2.972541,519,527,507,541
7884,4,2.276840,502,521,524,525
7885,3,1.644384,528,494,528,502
7886,0,-1.865744,486,487,489,479
7887,0,-2.719559,467,491,481,475
7888,0,-3.035787,480,480,471,473
7889,4,2.213594,522,513,521,514
7890,3,0.126491,503,503,490,508
7891,1,-0.632456,481,503,499,497
7892,3,0.537587,492,516,503,506
7893,2,-0.252982,507,476,497,512
7894,1,-0.252982,497,491,510,494
7895,3,1.359779,489,519,515,520
7896,1,-2.245217,467,511,479,472
7897,1,-0.758947,506,493,481,496
7898,2,0.189737,509,504,499,494
7899,4,4.237452,530,526,541,537
7900,3,0.758947,509,505,519,491
7901,3,-0.284605,503,483,504,501
7902,3,0.758947,507,492,520,505
7903,3,0.537587,502,492,515,508
7904,0,-1.549516,498,497,483,473
7905,1,-0.569210,482,508,493,499
7906,3,0.031623,501,495,502,503
7907,4,2.308463,507,536,508,522
7908,0,-1.011929,491,482,498,497
7909,0,-1.454648,493,485,492,484
7910,1,-0.569210,495,497,485,505
7911,4,2.055480,508,515,521,521
7912,3,1.454648,503,508,499,536
7913,3,0.442719,515,519,475,505
7914,2,1.075174,496,518,494,526
7915,2,0.379473,511,500,503,498
7916,0,-3.415260,470,472,479,471
7917,4,2.940918,529,513,517,534
7918,4,2.118726,524,509,524,510
7919,3,0.505964,503,495,503,515
7920,4,0.885438,510,507,502,509
7921,0,-1.423025,488,485,489,493
7922,4,1.802498,512,527,512,506
7923,4,2.814427,531,542,513,503
7924,2,0.063246,498,506,505,493
7925,2,-0.158114,502,501,497,495
7926,2,-0.822192,501,492,502,479
7927,3,1.423025,517,498,507,523
7928,4,1.391402,512,517,501,514
7929,4,1.296534,506,510,520,505
7930,3,0.980306,502,481,520,528
7931,2,-0.505964,501,516,475,492
7932,0,-1.359779,500,483,495,479
7933,2,0.126491,516,515,490,483
7934,2,-0.853815,509,507,483,474
7935,4,1.170043,504,514,504,515
7936,3,1.676007,534,518,515,486
7937,1,-1.897367,490,504,482,464
7938,4,2.087103,525,502,522,517
7939,3,1.233288,521,517,503,498
7940,0,-2.529822,477,489,467,487
7941,1,-0.758947,492,498,485,501
7942,3,1.170043,518,513,499,507
7943,4,1.391402,504,512,512,516
7944,2,-0.284605,490,505,506,490
7945,3,0.917061,504,527,501,497
7946,1,-0.758947,503,484,497,492
7947,1,-1.486271,483,528,473,469
7948,1,-0.316228,499,493,502,496
7949,1,-2.529822,485,501,468,466
7950,2,-0.189737,493,503,502,496
7951,4,1.075174,503,504,501,526
7952,0,-3.668242,474,477,466,467
7953,3,1.328157,505,527,495,515
7954,0,-1.897367,486,483,492,479
7955,1,-1.359779,476,509,490,482
7956,2,0.569210,496,501,496,525
7957,2,0.347851,496,508,497,510
7958,1,-0.031623,500,513,496,490
7959,1,-0.094868,497,510,490,500
7960,3,0.505964,507,483,518,508
7961,1,0.442719,491,500,524,499
7962,3,0.474342,499,502,504,510
7963,2,0.000000,513,475,520,492
7964,0,-2.656313,494,477,487,458
7965,4,1.359779,502,509,518,514
7966,0,-0.948683,482,500,496,492
7967,2,-0.063246,508,515,492,483
7968,3,0.632456,506,501,494,519
7969,4,1.296534,511,501,509,520
7970,4,2.498199,533,526,511,509
7971,3,0.537587,508,511,489,509
7972,2,-0.063246,507,496,503,492
7973,2,0.189737,497,506,498,505
7974,4,2.561445,520,534,513,514
7975,1,-1.517893,473,489,505,485
7976,2,-0.252982,517,501,489,485
7977,4,1.676007,510,505,515,523
7978,3,1.043552,514,507,497,515
7979,3,0.600833,517,499,502,501
7980,0,-0.917061,489,497,490,495
7981,1,0.063246,493,496,517,496
7982,0,-0.727324,497,496,493,491
7983,3,1.233288,525,510,496,508
7984,3,0.885438,513,501,515,499
7985,1,-0.758947,497,513,479,487
7986,4,1.834121,517,520,512,509
7987,3,0.537587,501,513,493,510
7988,0,-1.960612,481,478,487,492
7989,1,-0.284605,497,492,505,497
7990,1,-1.201666,471,507,485,499
7991,3,1.739253,521,518,495,521
7992,4,2.118726,538,517,502,510
7993,3,1.043552,501,523,499,510
7994,4,1.644384,526,512,511,503
7995,3,0.822192,525,502,503,496
7996,3,0.474342,520,491,503,501
7997,0,-1.264911,487,489,495,489
7998,2,0.537587,491,500,517,509
7999,4,1.644384,503,509,526,514
8000,0,-1.960612,475,487,482,494
8001,2,-0.600833,511,484,481,505
8002,4,1.328157,515,507,516,504
8003,1,-0.284605,517,488,499,487
8004,4,3.383637,515,543,514,535
8005,2,0.758947,510,495,521,498
8006,1,-0.632456,481,500,494,505
8007,4,2.118726,524,515,509,519
8008,3,2.023858,526,530,508,500
8009,3,1.612762,519,503,499,530
8010,2,0.632456,522,523,479,496
8011,3,-0.158114,503,471,516,505
8012,4,1.296534,514,511,504,512
8013,2,-1.106797,468,502,508,487
8014,4,1.328157,522,505,513,502
8015,2,-0.316228,503,488,494,505
8016,0,-2.213594,479,476,500,475
8017,3,1.264911,491,522,505,522
8018,3,1.043552,512,512,493,516
8019,2,0.442719,514,500,495,505
8020,2,0.000000,487,504,509,500
8021,0,-1.264911,496,485,492,487
8022,3,1.296534,504,525,483,529
8023,4,3.604997,531,512,528,543
8024,0,-2.245217,488,487,481,473
8025,3,1.201666,524,514,503,497
8026,1,0.031623,499,511,496,495
8027,3,1.802498,510,497,523,527
8028,3,0.948683,515,517,491,507
8029,4,1.834121,522,502,514,520
8030,1,-0.411096,491,495,498,503
8031,1,-0.126491,492,493,500,511
8032,0,-2.498199,471,479,482,489
8033,0,-2.276840,471,489,473,495
8034,2,-0.664078,505,515,475,484
8035,4,1.581139,517,511,509,513
8036,2,-0.347851,506,490,506,487
8037,2,-0.474342,504,507,484,490
8038,4,3.225523,538,522,524,518
8039,4,2.909295,511,532,526,523
8040,1,-0.505964,490,525,482,487
8041,0,-2.023858,483,469,492,492
8042,3,1.359779,513,514,491,525
8043,2,0.031623,513,517,492,479
8044,2,0.316228,500,506,489,515
8045,4,3.541751,517,546,521,528
8046,3,0.853815,507,498,507,515
8047,0,-2.751182,484,476,480,473
8048,0,-3.573374,483,471,471,462
8049,4,2.403331,522,525,521,508
8050,3,0.822192,517,513,504,492
8051,2,0.031623,493,499,501,508
8052,3,1.106797,498,518,511,508
8053,4,1.486271,514,507,503,523
8054,4,2.624690,517,502,528,536
8055,1,-0.822192,485,487,499,503
8056,4,1.296534,515,509,503,514
8057,2,0.221359,502,493,517,495
8058,4,1.739253,515,522,503,515
8059,0,-0.632456,498,489,500,493
8060,2,0.537587,514,499,511,493
8061,3,0.600833,506,499,507,507
8062,4,3.510128,538,525,529,519
8063,1,-2.023858,477,483,502,474
8064,2,0.411096,508,499,506,500
8065,3,1.106797,505,528,494,508
8066,3,1.644384,517,491,509,535
8067,4,0.790569,503,506,506,510
8068,1,-1.170043,504,491,492,476
8069,1,-0.790569,491,501,500,483
8070,2,-0.126491,509,493,506,488
8071,3,1.992235,502,496,529,536
8072,1,-1.201666,483,506,478,495
8073,1,-0.094868,495,497,496,509
8074,2,-0.094868,505,511,492,489
8075,4,0.600833,501,501,516,501
8076,3,1.296534,494,502,530,515
8077,2,-0.126491,480,519,496,501
8078,0,-2.213594,488,479,490,473
8079,1,-0.537587,503,491,493,496
8080,4,1.865744,511,520,504,524
8081,2,0.031623,505,530,476,490
8082,2,0.094868,480,515,509,499
8083,4,2.023858,511,520,516,517
8084,3,0.600833,496,504,517,502
8085,1,-1.075174,489,479,501,497
8086,1,-1.170043,482,502,496,483
8087,2,0.126491,486,517,491,510
8088,2,-0.379473,464,508,492,524
8089,4,1.549516,522,501,519,507
8090,2,0.442719,511,492,499,512
8091,0,-2.434954,494,487,477,465
8092,0,-2.561445,476,471,488,484
8093,4,1.834121,505,520,524,509
8094,3,2.213594,530,529,499,512
8095,2,0.189737,503,492,512,499
8096,0,-1.138420,482,492,492,498
8097,3,0.790569,511,512,508,494
8098,0,-0.980306,491,494,487,497
8099,3,1.106797,508,498,517,512
8100,3,1.802498,500,535,513,509
8101,3,1.138420,510,519,495,512
8102,2,0.000000,512,491,496,501
8103,3,1.043552,502,489,527,515
8104,2,0.000000,507,479,520,494
8105,1,-0.126491,498,512,500,486
8106,2,0.569210,503,530,486,499
8107,3,1.296534,523,519,503,496
8108,1,-1.011929,483,482,499,504
8109,2,-0.284605,494,478,512,507
8110,3,0.600833,501,496,516,506
8111,4,2.181972,533,502,516,518
8112,4,1.676007,505,509,524,515
8113,1,-0.094868,499,492,520,486
8114,0,-2.023858,485,484,471,496
8115,0,-0.980306,493,491,497,488
8116,1,-1.328157,487,478,501,492
8117,2,0.221359,520,486,505,496
8118,0,-1.992235,475,488,486,488
8119,1,-1.770875,508,477,474,485
8120,1,-1.391402,505,488,484,479
8121,4,1.138420,512,515,501,508
8122,4,0.948683,503,510,511,506
8123,1,-0.379473,510,493,490,495
8124,0,-3.067409,479,484,464,476
8125,2,0.252982,515,498,494,501
8126,2,0.474342,500,507,508,500
8127,4,1.423025,510,509,516,510
8128,3,1.075174,514,496,510,514
8129,4,1.928989,512,506,519,524
8130,3,0.917061,508,506,499,516
8131,3,2.877673,543,492,545,511
8132,2,0.758947,529,487,497,511
8133,0,-2.276840,484,472,489,483
8134,1,-0.252982,491,511,495,495
8135,0,-1.043552,491,493,483,500
8136,3,0.822192,513,511,511,491
8137,3,0.727324,506,507,517,493
8138,4,2.308463,508,515,513,537
8139,0,-1.707630,478,483,499,486
8140,0,-2.340085,477,475,497,477
8141,2,0.442719,500,500,506,508
8142,0,-1.296534,486,488,497,488
8143,2,0.284605,511,497,492,509
8144,2,-1.011929,502,502,483,481
8145,2,0.031623,505,495,503,498
8146,2,-0.569210,506,489,485,502
8147,3,1.423025,517,511,499,518
8148,4,2.434954,518,518,520,521
8149,4,1.549516,515,525,501,508
8150,4,3.099032,527,537,516,518
8151,3,1.454648,527,516,496,507
8152,0,-1.359779,482,497,488,490
8153,0,-2.150349,472,492,496,472
8154,4,1.676007,509,524,504,516
8155,1,-1.676007,504,473,491,479
8156,1,-1.106797,483,488,487,507
8157,2,0.031623,492,510,497,502
8158,3,0.537587,501,499,507,510
8159,2,-0.442719,504,502,490,490
8160,3,2.087103,518,497,516,535
8161,2,-0.600833,513,474,505,489
8162,4,2.846050,539,524,523,504
8163,4,2.118726,522,504,535,506
8164,3,1.264911,524,502,516,498
8165,4,1.549516,506,508,524,511
8166,0,-2.276840,471,495,476,486
8167,3,1.359779,513,509,537,484
8168,3,1.739253,492,518,526,519
8169,0,-1.043552,491,497,492,487
8170,3,0.505964,515,489,508,504
8171,1,-1.106797,504,485,483,493
8172,4,1.486271,515,513,506,513
8173,0,-1.992235,486,495,472,484
8174,0,-1.423025,482,495,496,482
8175,1,-0.189737,497,493,514,490
8176,3,0.600833,504,495,505,515
8177,2,0.000000,503,514,489,494
8178,4,2.245217,522,521,503,525
8179,2,0.664078,498,497,513,513
8180,1,-0.853815,492,491,504,486
8181,2,1.106797,499,500,525,511
8182,2,0.474342,519,500,494,502
8183,4,1.834121,521,507,516,514
8184,1,-0.822192,500,503,482,489
8185,1,-0.885438,478,493,504,497
8186,1,-0.917061,482,490,482,517
8187,1,-0.664078,492,497,489,501
8188,2,0.600833,492,507,500,520
8189,3,1.549516,499,515,504,531
8190,2,-0.252982,487,509,501,495
8191,3,0.094868,503,501,510,489
8192,3,1.454648,496,506,524,520
8193,3,0.980306,493,505,509,524
8194,2,0.442719,507,494,516,497
8195,3,1.201666,521,511,485,521
8196,0,-3.352014,494,448,490,462
8197,1,-0.094868,495,508,494,500
8198,3,1.138420,500,524,502,510
8199,0,-3.794733,459,462,493,466
8200,3,1.106797,505,520,498,512
8201,3,1.359779,509,536,504,494
8202,0,-2.055480,488,485,492,470
8203,3,2.529822,526,535,498,521
8204,0,-0.411096,500,492,500,495
8205,2,0.695701,514,527,492,489
8206,1,-0.917061,490,488,505,488
8207,2,0.505964,477,498,532,509
8208,0,-1.676007,490,463,500,494
8209,0,-1.264911,486,483,495,496
8210,1,-1.676007,483,507,479,478
8211,2,-0.600833,482,495,503,501
8212,4,1.201666,514,504,514,506
8213,0,-1.391402,478,496,487,495
8214,3,1.897367,533,497,526,504
8215,1,-0.758947,497,487,505,487
8216,2,-0.442719,505,487,505,489
8217,4,1.328157,512,514,509,507
8218,4,2.118726,527,510,525,505
8219,4,0.758947,508,503,505,508
8220,4,1.170043,508,507,508,514
8221,3,0.505964,513,519,483,501
8222,2,0.411096,499,486,515,513
8223,2,0.031623,504,493,496,508
8224,2,-0.411096,504,479,505,499
8225,2,-0.347851,496,478,503,512
8226,0,-0.758947,497,495,488,496
8227,1,-1.106797,469,513,490,493
8228,4,1.676007,510,513,524,506
8229,1,-0.505964,483,496,498,507
8230,1,-0.442719,499,487,516,484
8231,4,1.770875,510,509,521,516
8232,1,-0.695701,494,484,509,491
8233,2,1.612762,498,487,532,534
8234,4,1.960612,523,524,507,508
8235,3,0.347851,511,470,528,502
8236,4,3.035787,525,537,513,521
8237,3,1.612762,514,525,491,521
8238,1,-1.106797,477,506,484,498
8239,4,1.075174,514,507,502,511
8240,0,-2.371708,473,482,477,493
8241,3,0.885438,508,515,488,517
8242,1,-1.011929,482,474,515,497
8243,3,0.632456,515,485,519,501
8244,4,1.581139,507,515,514,514
8245,3,2.751182,540,500,531,516
8246,3,0.727324,496,507,507,513
8247,2,0.379473,517,496,507,492
8248,3,1.359779,493,514,505,531
8249,2,-0.284605,498,487,504,502
8250,1,0.505964,500,498,526,492
8251,1,-0.221359,493,495,507,498
8252,2,0.442719,496,511,498,509
8253,3,0.379473,502,499,508,503
8254,4,1.928989,524,511,504,522
8255,2,-0.411096,512,489,504,482
8256,4,3.193900,518,536,510,537
8257,2,-0.094868,512,483,503,499
8258,3,1.170043,526,518,492,501
8259,2,1.075174,503,542,490,499
8260,2,-0.537587,487,474,512,510
8261,1,-1.170043,482,501,489,491
8262,2,0.379473,492,511,509,500
8263,4,1.960612,512,502,519,529
8264,2,-0.474342,483,524,477,501
8265,2,0.126491,506,499,504,495
8266,3,2.434954,500,516,526,535
8267,0,-1.106797,487,484,495,499
8268,3,1.170043,517,499,512,509
8269,1,-0.379473,495,500,487,506
8270,1,-0.000000,499,516,491,494
8271,2,-2.150349,507,456,505,464
8272,3,0.252982,497,503,503,505
8273,4,2.023858,523,521,501,519
8274,0,-0.885438,499,490,484,499
8275,2,0.822192,497,509,497,523
8276,4,3.035787,523,541,507,525
8277,4,1.486271,510,514,521,502
8278,4,2.403331,508,525,527,516
8279,0,-2.055480,494,474,488,479
8280,0,-1.486271,481,477,495,500
8281,4,1.612762,509,507,510,525
8282,1,-0.980306,495,513,477,484
8283,4,3.826356,529,517,541,534
8284,3,1.802498,524,513,531,489
8285,3,1.391402,495,503,525,521
8286,0,-1.138420,494,500,487,483
8287,2,0.347851,511,492,513,495
8288,2,-0.189737,494,503,486,511
8289,3,-0.000000,491,505,503,501
8290,1,0.126491,523,496,488,497
8291,4,2.529822,522,521,514,523
8292,4,2.877673,518,523,527,523
8293,2,-0.063246,504,517,491,486
8294,2,0.031623,502,495,509,495
8295,3,1.264911,512,519,509,500
8296,3,0.158114,503,502,499,501
8297,1,-1.043552,491,478,506,492
8298,2,-0.252982,490,505,488,509
8299,0,-2.340085,483,479,480,484
8300,0,-2.909295,482,494,449,483
8301,3,0.885438,516,522,502,488
8302,4,1.517893,503,503,513,529
8303,2,0.189737,500,515,465,526
8304,4,2.972541,539,513,531,511
8305,4,2.909295,520,516,528,528
8306,3,1.106797,507,514,514,500
8307,4,2.751182,536,501,540,510
8308,3,1.201666,505,505,540,488
8309,3,1.138420,517,500,509,510
8310,0,-1.011929,484,492,493,499
8311,4,1.644384,518,519,503,512
8312,3,0.664078,515,502,498,506
8313,0,-0.790569,490,493,495,497
8314,0,-1.296534,494,489,483,493
8315,4,1.865744,527,522,508,502
8316,3,0.442719,506,498,505,505
8317,3,1.423025,514,482,531,518
8318,1,-1.011929,503,491,494,480
8319,2,0.474342,513,491,495,516
8320,0,-2.751182,480,491,474,468
8321,4,1.106797,507,518,504,506
8322,2,-0.094868,501,490,514,492
8323,1,-1.043552,483,482,510,492
8324,4,1.802498,518,509,512,518
8325,3,-0.063246,489,503,503,503
8326,2,-0.790569,489,505,501,480
8327,2,0.632456,498,483,513,526
8328,3,0.252982,505,507,504,492
8329,1,-0.980306,489,508,481,491
8330,0,-2.782804,466,470,491,485
8331,0,-0.822192,496,482,497,499
8332,3,0.664078,511,488,515,507
8333,4,2.087103,523,502,537,504
8334,1,-0.063246,519,496,493,490
8335,4,3.004164,539,503,537,516
8336,4,1.739253,515,501,531,508
8337,0,-2.308463,471,487,484,485
8338,3,0.727324,512,497,502,512
8339,3,1.106797,500,525,503,507
8340,0,-1.359779,481,478,498,500
8341,3,0.537587,504,492,519,502
8342,0,-1.676007,478,490,486,493
8343,4,1.960612,512,520,504,526
8344,1,-0.822192,501,495,496,482
8345,1,-0.664078,492,470,519,498
8346,4,3.952847,534,534,524,533
8347,4,1.770875,520,517,503,516
8348,0,-1.834121,483,480,494,485
8349,0,-3.067409,472,488,482,461
8350,3,0.758947,512,506,506,500
8351,0,-2.087103,483,493,485,473
8352,1,-0.790569,500,505,492,478
8353,4,1.739253,509,530,504,512
8354,0,-0.948683,498,483,498,491
8355,3,1.264911,517,488,515,520
8356,4,1.201666,513,512,503,510
8357,4,2.909295,532,517,527,516
8358,2,-0.031623,503,507,494,495
8359,3,0.790569,508,488,519,510
8360,3,0.695701,507,512,514,489
8361,2,-0.063246,500,486,503,509
8362,4,1.739253,514,512,514,515
8363,3,0.980306,522,489,505,515
8364,2,-0.474342,503,516,473,493
8365,2,0.189737,523,514,477,492
8366,2,-1.075174,481,505,502,478
8367,2,0.695701,490,523,511,498
8368,4,0.537587,501,506,507,503
8369,2,1.359779,532,518,498,495
8370,2,-0.284605,514,486,502,489
8371,3,1.011929,502,524,512,494
8372,1,-0.917061,498,491,509,473
8373,2,0.316228,525,484,519,482
8374,1,-1.865744,475,464,503,499
8375,0,-1.897367,481,488,495,476
8376,4,1.075174,511,506,511,506
8377,3,1.043552,510,521,512,490
8378,1,-0.537587,491,505,496,491
8379,1,-0.790569,498,504,484,489
8380,3,1.549516,515,491,519,524
8381,1,0.000000,507,500,493,500
8382,1,-1.328157,484,475,498,501
8383,1,-1.612762,487,493,467,502
8384,3,0.505964,519,502,490,505
8385,4,2.023858,520,520,512,512
8386,1,-0.980306,502,477,495,495
8387,0,-1.897367,481,498,482,479
8388,3,1.359779,532,514,505,492
8389,1,-0.031623,496,518,489,496
8390,2,0.474342,500,498,503,514
8391,1,-0.727324,486,500,504,487
8392,4,2.466577,517,505,523,533
8393,1,-1.676007,483,478,502,484
8394,2,0.600833,517,498,513,491
8395,2,0.505964,495,522,496,503
8396,4,3.541751,535,521,522,534
8397,3,0.442719,491,505,509,509
8398,1,0.094868,515,494,496,498
8399,1,-0.758947,486,510,480,500
8400,2,1.106797,500,491,521,523
8401,4,1.549516,509,509,512,519
8402,2,0.031623,514,510,496,481
8403,1,0.189737,500,497,499,510
8404,1,-0.917061,474,494,509,494
8405,4,2.023858,509,511,516,528
8406,3,0.822192,517,511,492,506
8407,0,-1.739253,473,492,498,482
8408,2,0.537587,513,496,510,498
8409,1,-1.201666,476,486,498,502
8410,2,0.537587,510,512,495,500
8411,4,1.486271,515,514,509,509
8412,4,2.466577,509,534,523,512
8413,1,-1.138420,480,487,505,492
8414,0,-2.972541,483,472,478,473
8415,4,2.403331,510,509,521,536
8416,4,2.814427,525,512,526,526
8417,1,-1.992235,473,512,463,489
8418,2,0.442719,507,489,527,491
8419,3,1.960612,512,538,516,496
8420,3,0.758947,499,511,508,506
8421,0,-0.632456,500,497,490,493
8422,4,2.150349,517,536,505,510
8423,1,-2.877673,455,501,470,483
8424,4,2.055480,511,522,508,524
8425,1,-1.486271,490,478,504,481
8426,1,-0.885438,496,478,490,508
8427,2,-0.411096,471,510,507,499
8428,0,-1.517893,487,486,480,499
8429,0,-0.980306,493,489,499,488
8430,4,2.403331,524,516,524,512
8431,3,1.517893,497,511,516,524
8432,3,1.264911,483,523,513,521
8433,3,0.790569,512,497,515,501
8434,3,2.055480,525,499,521,520
8435,3,0.063246,503,505,490,504
8436,4,2.687936,528,518,528,511
8437,2,-0.505964,499,507,470,508
8438,1,-1.233288,489,470,513,489
8439,4,2.751182,523,509,527,528
8440,1,-1.138420,502,479,500,483
8441,1,-0.537587,496,496,505,486
8442,1,-0.600833,508,499,491,483
8443,1,-0.980306,496,480,504,489
8444,2,0.885438,511,496,529,492
8445,3,2.055480,520,528,496,521
8446,2,1.233288,521,519,500,499
8447,4,2.403331,518,507,512,539
8448,4,1.264911,502,516,507,515
8449,1,-1.011929,471,495,496,506
8450,0,-1.517893,484,493,483,492
8451,3,0.569210,512,507,494,505
8452,2,1.201666,529,522,492,495
8453,0,-1.834121,483,480,493,486
8454,3,2.561445,528,535,490,528
8455,2,0.252982,523,504,485,496
8456,3,2.150349,539,485,515,529
8457,1,-1.043552,494,474,510,489
8458,4,2.181972,518,534,506,511
8459,0,-2.593068,487,494,465,472
8460,3,0.980306,505,531,501,494
8461,0,-1.233288,490,489,496,486
8462,0,-1.897367,482,489,469,500
8463,3,1.391402,499,512,520,513
8464,2,0.474342,492,520,496,507
8465,3,1.992235,519,527,496,521
8466,1,-0.442719,490,511,489,496
8467,3,0.885438,508,498,507,515
8468,1,-2.308463,471,492,460,504
8469,3,0.664078,494,510,505,512
8470,3,0.980306,517,504,512,498
8471,3,1.992235,527,526,521,489
8472,2,0.442719,497,515,485,517
8473,1,-0.980306,514,482,494,479
8474,3,0.094868,505,506,522,470
8475,3,0.569210,509,497,506,506
8476,2,-0.347851,494,503,504,488
8477,4,2.308463,503,522,524,524
8478,1,-0.537587,484,500,494,505
8479,3,1.834121,497,512,527,522
8480,1,-2.055480,475,510,483,467
8481,0,-1.138420,488,484,497,495
8482,2,-0.442719,492,503,511,480
8483,3,0.600833,502,510,511,496
8484,1,-0.189737,519,495,499,481
8485,3,0.126491,505,490,504,505
8486,2,-0.031623,507,499,502,491
8487,0,-0.695701,487,499,497,495
8488,1,-0.063246,499,499,507,493
8489,3,1.233288,490,504,516,529
8490,3,1.170043,512,522,510,493
8491,4,1.612762,509,508,504,530
8492,0,-1.264911,497,489,496,478
8493,0,-1.897367,499,488,471,482
8494,4,1.359779,502,517,506,518
8495,4,2.023858,517,517,515,515
8496,0,-1.549516,482,500,475,494
8497,4,2.940918,518,518,537,520
8498,1,-0.758947,479,497,496,504
8499,2,0.474342,495,497,513,510
8500,2,-0.000000,515,480,511,494
8501,1,-0.031623,492,499,490,518
8502,2,-0.442719,494,484,501,507
8503,2,0.284605,496,500,507,506
8504,3,1.201666,493,503,530,512
8505,4,2.308463,514,533,501,525
8506,2,0.126491,513,479,524,488
8507,4,1.549516,501,511,517,520
8508,1,-0.126491,492,499,508,497
8509,1,-1.201666,502,477,493,490
8510,4,0.695701,501,512,507,502
8511,4,0.885438,511,503,504,510
8512,4,1.770875,519,508,515,514
8513,1,-0.822192,470,499,491,514
8514,4,1.612762,506,515,515,515
8515,0,-3.130655,469,469,492,471
8516,3,0.885438,494,520,504,510
8517,2,0.189737,510,499,507,490
8518,1,-0.474342,494,492,489,510
8519,0,-1.391402,480,491,487,498
8520,3,0.727324,497,510,505,511
8521,2,0.474342,490,513,516,496
8522,1,-1.106797,478,488,507,492
8523,1,-1.423025,515,481,486,473
8524,3,1.707630,533,499,513,509
8525,4,2.719559,520,504,540,522
8526,4,3.952847,536,511,543,535
8527,4,2.782804,522,527,515,524
8528,3,1.739253,522,496,509,528
8529,3,0.411096,503,504,495,511
8530,3,0.853815,506,508,519,494
8531,2,1.423025,535,497,517,496
8532,0,-1.423025,488,483,497,487
8533,3,0.917061,502,519,495,513
8534,2,0.316228,521,517,481,491
8535,2,0.063246,512,517,483,490
8536,2,-0.031623,503,519,491,486
8537,1,-2.308463,474,475,501,477
8538,3,0.632456,510,491,511,508
8539,3,1.170043,497,509,519,512
8540,3,1.770875,527,505,500,524
8541,3,0.853815,512,512,510,493
8542,4,1.739253,501,515,533,506
8543,1,-0.347851,498,510,499,482
8544,4,5.913459,543,549,537,558
8545,0,-2.087103,483,477,489,485
8546,2,-0.664078,472,501,485,521
8547,1,-0.189737,503,496,496,499
8548,4,0.727324,512,507,502,502
8549,2,-0.031623,505,505,490,499
8550,4,1.644384,507,528,506,511
8551,2,-0.316228,501,494,508,487
8552,2,-0.411096,495,510,471,511
8553,0,-1.644384,489,476,493,490
8554,4,0.790569,501,505,508,511
8555,3,0.980306,516,486,512,517
8556,1,-0.221359,494,504,495,500
8557,2,-0.221359,516,502,478,497
8558,2,0.221359,511,511,489,496
8559,3,1.454648,524,490,515,517
8560,2,0.189737,482,516,493,515
8561,2,0.158114,500,502,512,491
8562,1,-0.189737,488,499,513,494
8563,4,1.834121,514,514,513,517
8564,2,1.170043,526,492,494,525
8565,2,1.296534,521,530,498,492
8566,4,2.087103,506,505,529,526
8567,1,-1.707630,485,507,457,497
8568,1,0.347851,513,500,499,499
8569,2,-0.822192,501,476,504,493
8570,3,1.328157,488,508,527,519
8571,1,-0.917061,482,500,502,487
8572,1,-0.600833,517,494,484,486
8573,3,1.423025,510,499,524,512
8574,2,0.411096,493,502,518,500
8575,4,2.466577,522,523,518,515
8576,3,0.505964,506,513,494,503
8577,0,-2.529822,465,478,497,480
8578,1,-0.632456,500,489,490,501
8579,1,-0.411096,481,488,492,526
8580,3,0.980306,495,503,517,516
8581,4,1.201666,506,501,515,516
8582,4,1.517893,514,518,505,511
8583,0,-1.770875,491,486,482,485
8584,4,2.276840,528,506,520,518
8585,3,1.391402,518,509,520,497
8586,2,-0.094868,500,501,486,510
8587,2,0.695701,498,536,487,501
8588,4,1.802498,526,511,508,512
8589,1,-2.023858,476,476,502,482
8590,2,0.727324,498,517,498,510
8591,2,-0.917061,506,509,477,479
8592,2,0.126491,477,510,497,520
8593,2,0.094868,503,498,497,505
8594,2,-0.885438,474,484,512,502
8595,2,1.043552,530,498,510,495
8596,3,1.233288,499,510,509,521
8597,1,-2.055480,474,480,509,472
8598,3,-0.031623,507,502,507,483
8599,2,-0.094868,481,498,507,511
8600,1,-0.000000,516,496,497,491
8601,3,0.664078,518,509,510,484
8602,3,0.948683,520,518,489,503
8603,4,1.011929,515,501,510,506
8604,3,-0.063246,502,486,506,504
8605,2,0.284605,495,496,504,514
8606,3,0.885438,497,503,515,513
8607,1,-1.359779,475,504,488,490
8608,2,-0.189737,504,498,491,501
8609,3,-0.284605,485,503,502,501
8610,2,0.505964,494,490,506,526
8611,3,1.328157,531,513,510,488
8612,3,0.664078,504,511,493,513
8613,0,-2.308463,484,496,484,463
8614,1,-0.347851,498,507,487,497
8615,2,0.664078,507,500,498,516
8616,2,0.221359,496,512,510,489
8617,2,-0.063246,475,514,499,510
8618,3,0.885438,499,506,508,515
8619,4,1.739253,517,515,514,509
8620,3,0.158114,503,510,502,490
8621,1,-0.347851,488,524,486,491
8622,2,0.948683,521,495,520,494
8623,2,1.011929,523,493,520,496
8624,4,1.201666,509,508,505,516
8625,3,0.442719,499,504,508,503
8626,4,1.549516,517,518,502,512
8627,4,1.517893,515,508,511,514
8628,2,0.853815,494,513,500,520
8629,3,1.106797,499,502,518,516
8630,2,-0.221359,503,472,523,495
8631,1,-0.221359,494,497,498,504
8632,4,2.213594,507,515,514,534
8633,3,1.233288,506,517,516,500
8634,3,0.664078,502,516,499,504
8635,3,0.853815,495,514,506,512
8636,1,-0.569210,492,507,498,485
8637,1,-0.885438,490,513,482,487
8638,4,1.802498,508,533,502,514
8639,4,2.751182,530,520,518,519
8640,4,3.478505,518,516,539,537
8641,3,0.885438,515,501,515,497
8642,0,-1.644384,485,487,481,495
8643,0,-0.664078,496,496,500,487
8644,3,1.233288,503,520,497,519
8645,1,-0.822192,493,474,521,486
8646,4,1.454648,516,510,511,509
8647,0,-5.470740,465,459,445,458
8648,4,1.992235,523,522,509,509
8649,4,3.699865,536,547,527,507
8650,2,-0.252982,501,487,504,500
8651,1,-1.486271,487,475,503,488
8652,2,-0.252982,492,504,501,495
8653,3,1.328157,520,516,517,489
8654,4,1.834121,501,521,514,522
8655,3,1.201666,526,510,511,491
8656,3,0.853815,501,501,529,496
8657,2,0.094868,502,512,491,498
8658,3,0.822192,483,522,506,515
8659,2,-0.094868,492,502,508,495
8660,2,0.284605,494,506,511,498
8661,0,-1.739253,495,493,473,484
8662,3,-0.189737,501,519,471,503
8663,4,2.371708,510,531,505,529
8664,3,0.948683,505,499,506,520
8665,0,-1.517893,476,499,499,478
8666,4,2.150349,543,509,504,512
8667,0,-1.612762,493,494,494,468
8668,4,1.549516,511,517,502,519
8669,1,-3.763110,441,465,472,503
8670,0,-0.948683,496,496,492,486
8671,2,0.853815,520,500,499,508
8672,4,1.138420,505,502,517,512
8673,1,0.063246,500,496,515,491
8674,4,1.011929,508,505,508,511
8675,0,-2.434954,491,467,485,480
8676,3,1.170043,523,496,504,514
8677,2,-0.031623,516,513,478,492
8678,4,1.834121,512,509,527,510
8679,2,-0.600833,492,480,505,504
8680,2,-0.474342,502,502,482,499
8681,1,-0.727324,486,489,496,506
8682,4,4.174207,529,512,543,548
8683,4,0.411096,508,501,502,502
8684,2,0.474342,494,499,508,514
8685,3,0.284605,505,508,503,493
8686,3,1.707630,517,521,497,519
8687,4,2.150349,526,501,524,517
8688,2,0.379473,510,496,498,508
8689,4,1.264911,507,509,503,521
8690,2,1.201666,497,496,526,519
8691,4,1.834121,517,514,519,508
8692,4,2.498199,511,518,525,525
8693,0,-2.150349,474,500,481,477
8694,0,-2.466577,482,459,491,490
8695,3,0.664078,503,516,499,503
8696,3,0.948683,510,509,514,497
8697,1,-0.442719,507,497,489,493
8698,2,-0.126491,482,487,520,507
8699,0,-2.118726,472,493,475,493
8700,0,-1.517893,487,500,476,489
8701,0,-1.201666,484,489,497,492
8702,4,2.466577,511,507,531,529
8703,0,-1.992235,489,498,469,481
8704,0,-2.403331,481,495,491,457
8705,3,1.296534,521,504,525,491
8706,3,1.075174,514,517,497,506
8707,0,-2.719559,478,471,481,484
8708,4,2.593068,536,516,501,529
8709,2,-0.695701,508,502,473,495
8710,3,0.758947,508,519,492,505
8711,2,0.031623,500,502,506,493
8712,0,-3.541751,474,475,466,473
8713,0,-2.276840,491,484,478,475
8714,4,2.561445,522,517,517,525
8715,0,-2.466577,491,473,490,468
8716,0,-2.023858,477,485,499,475
8717,3,0.948683,503,510,495,522
8718,2,-0.031623,497,486,512,504
8719,1,-0.442719,508,498,486,494
8720,1,-0.252982,487,513,493,499
8721,0,-2.340085,488,487,457,494
8722,1,-1.138420,478,490,489,507
8723,3,0.379473,502,479,524,507
8724,4,2.498199,526,528,509,516
8725,3,0.822192,504,521,484,517
8726,2,-0.126491,517,501,496,482
8727,3,1.770875,515,500,512,529
8728,1,-0.063246,498,514,487,499
8729,4,2.972541,520,532,502,540
8730,3,0.632456,519,509,505,487
8731,0,-1.897367,487,496,469,488
8732,3,0.284605,499,506,503,501
8733,4,0.917061,513,501,509,506
8734,2,-0.189737,501,502,498,493
8735,3,0.347851,501,509,510,491
8736,2,0.316228,499,505,511,495
8737,3,1.201666,521,493,514,510
8738,0,-0.917061,494,498,483,496
8739,0,-2.719559,478,495,475,466
8740,1,-0.695701,510,499,492,477
8741,0,-0.980306,492,493,488,496
8742,1,-1.359779,486,482,513,476
8743,2,0.442719,496,515,483,520
8744,3,1.170043,512,508,493,524
8745,4,2.213594,532,523,513,502
8746,1,-0.600833,500,481,503,497
8747,1,-0.980306,501,499,478,491
8748,2,0.727324,492,515,499,517
8749,2,-0.347851,507,506,477,499
8750,2,1.106797,517,497,521,500
8751,1,-1.043552,486,502,485,494
8752,0,-2.529822,477,489,482,472
8753,2,-0.758947,487,503,484,502
8754,1,-0.695701,482,498,509,489
8755,3,0.505964,504,500,510,502
8756,3,1.106797,515,485,519,516
8757,4,2.593068,514,519,521,528
8758,3,0.600833,493,508,509,509
8759,2,-0.063246,511,496,489,502
8760,4,1.233288,507,505,517,510
8761,4,3.288769,543,517,524,520
8762,2,-0.316228,512,495,501,482
8763,0,-1.201666,496,486,490,490
8764,1,-0.758947,495,477,516,488
8765,4,1.549516,508,522,502,517
8766,3,0.790569,501,500,502,522
8767,1,-0.094868,500,482,517,498
8768,4,2.719559,516,531,513,526
8769,2,0.189737,495,486,510,515
8770,1,-0.189737,490,508,500,496
8771,0,-0.948683,494,489,491,496
8772,1,-1.106797,468,489,510,498
8773,1,-0.822192,494,504,493,483
8774,1,-1.359779,481,515,473,488
8775,2,-0.980306,482,506,479,502
8776,4,1.296534,504,519,508,510
8777,2,-0.569210,514,519,471,478
8778,0,-2.909295,492,485,462,469
8779,1,-0.474342,494,483,512,496
8780,0,-2.466577,485,474,481,482
8781,3,0.505964,505,496,505,510
8782,3,0.094868,507,480,505,511
8783,3,1.106797,518,501,531,485
8784,3,0.411096,486,507,516,504
8785,2,0.569210,491,500,519,508
8786,0,-3.510128,470,457,485,477
8787,3,1.644384,519,515,522,496
8788,4,3.383637,510,529,535,533
8789,4,1.296534,509,503,503,526
8790,2,0.031623,487,513,498,503
8791,2,-0.158114,507,488,505,495
8792,4,3.257146,526,518,546,513
8793,0,-4.110961,453,493,466,458
8794,4,1.423025,526,511,504,504
8795,1,-0.158114,500,499,495,501
8796,4,1.264911,519,512,503,506
8797,3,0.632456,495,501,508,516
8798,1,0.316228,496,499,500,515
8799,4,1.391402,513,504,514,513
8800,1,-1.328157,501,489,489,479
8801,4,2.276840,519,510,519,524
8802,1,-0.727324,493,487,506,491
8803,4,3.320392,541,521,511,532
8804,3,1.581139,525,512,498,515
8805,1,-0.379473,497,496,491,504
8806,2,-0.695701,487,506,502,483
8807,4,2.118726,517,502,529,519
8808,2,0.252982,499,495,507,507
8809,0,-1.897367,467,486,492,495
8810,2,-0.379473,495,504,503,486
8811,1,-0.853815,486,490,505,492
8812,0,-1.391402,496,478,498,484
8813,4,1.612762,518,513,503,517
8814,3,1.264911,510,492,507,531
8815,4,3.857979,536,521,540,525
8816,3,0.252982,501,502,498,507
8817,0,-3.130655,485,476,462,478
8818,1,-1.296534,486,491,505,477
8819,2,-0.853815,504,513,473,483
8820,1,-1.454648,487,478,501,488
8821,4,0.980306,505,508,508,510
8822,3,2.150349,523,495,527,523
8823,2,-0.822192,501,505,473,495
8824,2,0.284605,492,507,500,510
8825,2,-0.189737,494,490,505,505
8826,1,-1.359779,500,472,502,483
8827,3,0.442719,507,491,505,511
8828,0,-1.201666,497,485,500,480
8829,3,1.581139,503,488,533,526
8830,1,-0.347851,506,485,500,498
8831,3,1.011929,505,494,515,518
8832,3,0.790569,499,507,511,508
8833,3,0.790569,508,506,496,515
8834,4,0.727324,508,501,512,502
8835,2,0.379473,519,488,517,488
8836,3,0.189737,507,503,504,492
8837,2,0.569210,499,515,505,499
8838,1,-1.043552,486,490,489,502
8839,3,-0.189737,504,507,480,503
8840,3,0.853815,521,488,508,510
8841,4,2.150349,514,520,516,518
8842,3,0.031623,503,503,501,494
8843,2,-0.442719,502,507,485,492
8844,2,-0.189737,489,506,494,505
8845,0,-2.529822,468,495,479,478
8846,1,0.284605,493,530,493,493
8847,1,-0.790569,503,495,499,478
8848,4,1.011929,504,505,512,511
8849,0,-1.549516,477,491,498,485
8850,3,1.359779,492,501,526,524
8851,4,3.067409,519,535,520,523
8852,3,0.885438,516,498,503,511
8853,0,-1.423025,493,488,492,482
8854,3,1.992235,526,515,493,529
8855,1,-0.316228,507,490,496,497
8856,0,-2.687936,481,476,485,473
8857,0,-1.201666,497,483,498,484
8858,4,1.897367,512,521,512,515
8859,2,-0.442719,488,509,486,503
8860,0,-1.739253,487,486,482,490
8861,3,1.296534,509,496,525,511
8862,2,-0.126491,508,509,491,488
8863,0,-2.118726,498,482,473,480
8864,3,0.980306,511,513,491,516
8865,3,0.790569,509,511,506,499
8866,0,-0.569210,493,496,494,499
8867,4,1.264911,509,514,501,516
8868,2,0.411096,504,515,498,496
8869,1,-0.980306,488,485,506,490
8870,0,-1.834121,484,479,490,489
8871,2,0.600833,493,499,521,506
8872,4,1.486271,512,509,521,505
8873,0,-0.569210,498,497,497,490
8874,1,-1.264911,480,490,503,487
8875,2,-0.000000,491,487,516,506
8876,3,0.980306,514,503,523,491
8877,0,-1.770875,495,491,470,488
8878,4,2.340085,530,527,515,502
8879,2,-0.189737,486,494,503,511
8880,4,1.359779,517,512,507,507
8881,0,-1.834121,498,466,496,482
8882,1,-0.664078,491,513,490,485
8883,4,2.687936,511,535,512,527
8884,4,1.423025,506,512,515,512
8885,0,-2.814427,481,486,481,463
8886,1,-0.885438,496,487,484,505
8887,3,0.189737,505,502,501,498
8888,0,-1.928989,491,491,494,463
8889,1,-0.537587,495,499,507,482
8890,1,-1.011929,487,510,487,484
8891,3,2.023858,501,490,538,535
8892,0,-3.478505,446,485,485,474
8893,2,-0.000000,488,505,499,508
8894,3,0.221359,494,502,510,501
8895,1,-1.391402,505,490,488,473
8896,1,-1.644384,473,495,501,479
8897,2,1.011929,526,497,489,520
8898,1,-0.727324,497,505,490,485
8899,1,-0.284605,498,492,504,497
8900,1,-0.822192,492,479,505,498
8901,4,2.023858,506,522,501,535
8902,0,-1.549516,491,500,469,491
8903,4,1.770875,509,517,506,524
8904,2,0.094868,501,506,496,500
8905,0,-1.486271,479,490,492,492
8906,1,-1.992235,487,473,502,475
8907,3,0.600833,505,508,508,498
8908,4,2.087103,513,519,506,528
8909,2,-0.252982,502,516,496,478
8910,1,-1.359779,492,506,476,483
8911,1,-1.423025,497,476,477,505
8912,1,-0.252982,499,496,494,503
8913,1,0.063246,497,491,500,514
8914,3,0.442719,508,493,510,503
8915,2,-0.158114,505,506,489,495
8916,0,-2.276840,482,487,482,477
8917,1,-0.347851,488,514,491,496
8918,4,1.612762,520,516,509,506
8919,0,-1.486271,487,483,496,487
8920,0,-2.624690,479,480,471,487
8921,1,-1.106797,506,478,499,482
8922,0,-1.201666,472,498,498,494
8923,0,-1.739253,483,483,496,483
8924,2,-0.316228,501,501,495,493
8925,0,-1.264911,491,493,482,494
8926,0,-2.371708,471,470,497,487
8927,1,-1.612762,478,501,487,483
8928,2,-0.063246,495,494,503,506
8929,3,1.264911,518,500,501,521
8930,3,1.423025,520,513,499,513
8931,2,-0.442719,496,486,503,501
8932,4,1.802498,530,508,509,510
8933,3,1.865744,500,530,513,516
8934,2,-0.474342,502,504,481,498
8935,4,1.011929,522,504,502,504
8936,3,0.474342,506,496,501,512
8937,2,1.201666,498,498,526,516
8938,2,0.000000,499,501,493,507
8939,2,0.284605,488,511,496,514
8940,3,1.359779,513,511,522,497
8941,2,-0.158114,492,500,502,501
8942,2,0.948683,514,500,520,496
8943,3,0.031623,504,490,501,506
8944,2,0.221359,496,522,487,502
8945,2,0.189737,496,499,510,501
8946,3,0.790569,529,508,505,483
8947,3,0.221359,512,511,482,502
8948,1,-0.980306,498,485,501,485
8949,2,-0.221359,496,511,482,504
8950,3,1.992235,503,500,503,557
8951,1,-0.632456,486,491,489,514
8952,2,0.316228,508,499,508,495
8953,0,-1.676007,485,487,494,481
8954,4,3.952847,535,533,516,541
8955,1,-0.347851,500,518,485,486
8956,0,-3.035787,474,492,461,477
8957,3,1.454648,522,527,477,520
8958,3,1.612762,507,524,522,498
8959,0,-2.087103,478,474,497,485
8960,2,0.158114,485,517,482,521
8961,0,-2.371708,477,488,491,469
8962,1,-0.316228,516,494,492,488
8963,4,3.352014,512,520,536,538
8964,1,-1.328157,492,477,488,501
8965,0,-1.707630,490,499,484,473
8966,3,0.094868,501,512,503,487
8967,2,-0.853815,477,475,511,510
8968,0,-0.758947,489,492,498,497
8969,1,-0.664078,496,505,490,488
8970,1,-1.612762,490,504,483,472
8971,3,1.770875,536,516,494,510
8972,0,-1.960612,482,479,482,495
8973,3,1.581139,512,531,512,495
8974,2,-0.189737,497,509,476,512
8975,4,2.213594,506,535,504,525
8976,3,0.822192,505,488,510,523
8977,0,-2.181972,491,478,482,480
8978,3,0.379473,509,480,513,510
8979,0,-1.517893,482,483,499,488
8980,2,0.442719,491,520,497,506
8981,4,1.802498,522,520,510,505
8982,4,0.885438,514,502,508,504
8983,3,2.276840,518,519,500,535
8984,1,-1.359779,466,502,497,492
8985,1,-0.632456,498,505,481,496
8986,1,-0.379473,494,498,486,510
8987,2,-0.158114,501,481,525,488
8988,0,-1.486271,482,487,485,499
8989,2,0.316228,491,521,484,514
8990,4,2.498199,532,511,518,518
8991,4,1.391402,514,510,512,508
8992,2,0.885438,498,499,507,524
8993,0,-1.644384,496,500,481,471
8994,0,-2.814427,474,498,469,470
8995,4,1.549516,510,515,520,504
8996,2,0.094868,476,524,472,531
8997,0,-1.264911,483,493,497,487
8998,1,-0.347851,497,499,488,505
8999,2,0.537587,497,498,515,507
9000,1,-0.221359,489,492,492,520
9001,2,0.442719,498,510,507,499
9002,1,-0.948683,498,473,507,492
9003,2,-0.917061,484,504,502,481
9004,0,-2.055480,487,469,499,480
9005,0,-0.695701,495,493,497,493
9006,2,0.094868,489,508,496,510
9007,1,-0.758947,496,486,502,492
9008,2,0.758947,494,492,533,505
9009,2,1.170043,498,491,510,538
9010,2,1.011929,495,512,495,530
9011,1,-0.727324,504,491,500,482
9012,4,1.106797,504,515,512,504
9013,0,-1.517893,492,492,493,475
9014,1,-2.118726,470,463,504,496
9015,0,-1.960612,497,463,497,481
9016,3,1.739253,507,498,518,532
9017,1,-0.917061,491,503,484,493
9018,1,-1.138420,470,499,491,504
9019,0,-2.181972,482,484,472,493
9020,1,0.158114,520,491,494,500
9021,3,1.549516,499,519,504,527
9022,4,1.928989,516,525,501,519
9023,0,-2.181972,485,484,477,485
9024,0,-2.087103,493,476,483,482
9025,0,-1.549516,481,500,491,479
9026,0,-1.581139,477,494,490,489
9027,0,-1.138420,496,488,491,489
9028,4,1.201666,507,511,508,512
9029,4,1.454648,510,515,509,512
9030,2,-0.379473,482,494,502,510
9031,1,-1.138420,503,495,479,487
9032,1,-1.170043,493,504,483,483
9033,3,0.474342,509,515,502,489
9034,3,1.612762,508,525,500,518
9035,3,1.423025,503,498,520,524
9036,1,-0.189737,506,499,489,500
9037,4,2.656313,524,522,533,505
9038,1,-1.644384,484,507,480,477
9039,3,1.486271,511,483,513,540
9040,3,0.094868,482,502,504,515
9041,1,-0.727324,489,509,488,491
9042,3,-0.189737,508,476,502,508
9043,0,-2.972541,476,483,470,477
9044,1,-0.790569,488,510,482,495
9045,0,-1.423025,480,498,488,489
9046,2,0.221359,497,491,503,516
9047,0,-0.600833,486,498,497,500
9048,4,2.593068,522,512,511,537
9049,3,2.434954,524,524,490,539
9050,0,-1.138420,491,487,499,487
9051,2,0.189737,500,506,493,507
9052,2,-0.031623,503,498,497,501
9053,3,0.664078,505,510,499,507
9054,2,-0.379473,480,494,511,503
9055,1,-0.948683,503,483,498,486
9056,2,-0.917061,505,472,501,493
9057,4,2.593068,537,527,501,517
9058,1,-0.727324,502,494,498,483
9059,2,0.189737,505,491,522,488
9060,4,2.055480,517,517,518,513
9061,4,1.517893,516,509,513,510
9062,1,-0.474342,493,496,509,487
9063,3,0.063246,503,495,503,501
9064,1,-0.917061,493,487,504,487
9065,0,-2.529822,475,492,494,459
9066,4,1.170043,505,511,511,510
9067,3,0.948683,517,489,515,509
9068,2,0.727324,506,487,530,500
9069,0,-2.087103,487,477,499,471
9070,2,1.138420,490,521,496,529
9071,1,-0.790569,492,484,497,502
9072,0,-1.328157,482,483,494,499
9073,1,-0.284605,497,509,498,487
9074,0,-3.604997,460,463,482,481
9075,0,-0.727324,495,498,494,490
9076,4,3.193900,545,514,521,521
9077,0,-1.391402,475,500,497,484
9078,2,0.347851,514,499,490,508
9079,0,-3.004164,480,474,473,478
9080,3,0.917061,487,509,525,508
9081,1,-0.664078,494,514,499,472
9082,4,1.233288,505,514,507,513
9083,1,-0.537587,505,492,499,487
9084,0,-2.087103,482,480,479,493
9085,0,-3.731488,468,472,496,446
9086,3,0.695701,516,507,502,497
9087,3,1.391402,513,492,518,521
9088,4,0.980306,514,502,509,506
9089,0,-1.676007,492,482,484,489
9090,2,0.158114,504,515,487,499
9091,3,1.170043,502,521,496,518
9092,4,2.055480,523,511,522,509
9093,1,-0.758947,489,482,492,513
9094,0,-1.581139,496,488,478,488
9095,0,-1.423025,482,489,490,494
9096,4,1.960612,521,511,517,513
9097,1,-0.948683,493,484,502,491
9098,1,-0.632456,498,481,512,489
9099,3,0.252982,506,491,509,502
9100,1,-1.486271,479,506,478,490
9101,1,-1.739253,471,483,508,483
9102,3,1.897367,525,532,507,496
9103,4,1.802498,508,514,513,522
9104,3,0.411096,505,503,507,498
9105,4,2.593068,506,508,527,541
9106,1,-0.790569,499,476,501,499
9107,1,-0.727324,498,489,504,486
9108,4,2.308463,523,505,523,522
9109,0,-0.822192,497,493,496,488
9110,3,0.632456,507,502,497,514
9111,2,-0.980306,473,502,501,493
9112,3,1.043552,521,523,479,510
9113,2,0.411096,519,496,491,507
9114,0,-1.201666,497,489,499,477
9115,0,-2.118726,484,487,479,483
9116,3,2.751182,517,493,547,530
9117,1,-0.252982,521,494,495,482
9118,0,-1.517893,499,479,491,483
9119,1,-2.561445,474,516,463,466
9120,3,1.264911,512,516,500,512
9121,0,-1.138420,495,496,487,486
9122,4,1.707630,505,511,516,522
9123,3,1.391402,511,495,523,515
9124,4,1.992235,522,523,512,506
9125,1,-1.391402,483,475,514,484
9126,1,-0.505964,492,495,507,490
9127,3,1.676007,508,491,551,503
9128,3,0.600833,502,496,516,505
9129,4,0.727324,504,509,508,502
9130,1,-1.486271,497,474,505,477
9131,2,-0.284605,501,504,495,491
9132,4,2.023858,521,526,514,503
9133,2,-0.000000,483,512,506,499
9134,1,-0.790569,489,503,483,500
9135,0,-4.300698,449,474,470,471
9136,3,0.758947,510,522,506,486
9137,1,-0.758947,494,491,490,501
9138,1,-0.822192,486,500,482,506
9139,1,0.158114,498,515,499,493
9140,3,0.853815,504,515,494,514
9141,4,0.790569,506,510,504,505
9142,1,-1.834121,483,502,485,472
9143,1,-0.885438,498,473,509,492
9144,4,1.865744,512,511,530,506
9145,0,-3.257146,471,457,486,483
9146,2,0.853815,504,499,524,500
9147,0,-1.264911,489,491,494,486
9148,4,3.636619,524,525,522,544
9149,1,-0.948683,501,476,494,499
9150,3,0.695701,495,513,501,513
9151,3,1.011929,509,523,492,508
9152,1,-0.126491,486,516,499,495
9153,1,-1.391402,484,474,507,491
9154,3,1.960612,529,491,522,520
9155,3,0.474342,503,515,508,489
9156,1,-1.075174,491,488,486,501
9157,4,0.885438,506,515,501,506
9158,4,2.687936,529,524,519,513
9159,2,-0.189737,482,510,483,519
9160,0,-1.549516,482,484,498,487
9161,4,1.138420,511,511,509,505
9162,4,1.644384,505,502,532,513
9163,3,1.707630,522,510,523,499
9164,3,1.897367,522,522,518,498
9165,2,0.885438,482,529,489,528
9166,3,1.454648,513,498,510,525
9167,3,0.316228,514,503,506,487
9168,0,-1.423025,495,482,499,479
9169,4,4.174207,533,511,542,546
9170,3,0.411096,500,508,501,504
9171,2,0.569210,479,530,497,512
9172,1,-2.181972,478,503,481,469
9173,0,-3.668242,463,488,450,483
9174,1,-0.411096,499,512,488,488
9175,3,0.917061,527,501,496,505
9176,4,3.162278,529,533,518,520
9177,2,0.189737,489,505,496,516
9178,0,-3.573374,463,498,458,468
9179,4,1.707630,527,514,508,505
9180,3,1.011929,511,491,505,525
9181,4,0.948683,516,504,509,501
9182,3,0.474342,513,498,503,501
9183,2,0.284605,490,493,506,520
9184,3,0.474342,518,504,508,485
9185,2,0.094868,512,485,514,492
9186,4,1.897367,532,511,512,505
9187,4,1.612762,502,514,515,520
9188,2,0.094868,491,503,499,510
9189,4,2.276840,515,525,518,514
9190,2,0.758947,509,524,493,498
9191,2,0.189737,503,494,514,495
9192,4,4.079338,537,540,526,526
9193,1,-0.031623,489,497,518,495
9194,0,-2.055480,486,478,478,493
9195,1,-1.043552,492,485,482,508
9196,0,-2.498199,493,480,471,477
9197,2,0.252982,487,487,507,527
9198,3,1.581139,518,524,494,514
9199,1,-2.308463,476,461,509,481
9200,1,-1.391402,477,511,492,476
9201,1,-0.126491,487,512,498,499
9202,1,-1.138420,498,502,477,487
9203,4,1.834121,504,526,527,501
9204,2,0.094868,480,511,498,514
9205,1,-1.486271,484,503,468,498
9206,4,1.359779,510,510,505,518
9207,3,0.316228,490,503,507,510
9208,2,0.284605,503,510,499,497
9209,1,-1.960612,465,491,476,506
9210,1,-1.106797,496,504,479,486
9211,3,1.359779,507,536,497,503
9212,1,-0.474342,488,498,497,502
9213,0,-1.707630,482,486,482,496
9214,3,1.359779,525,496,511,511
9215,0,-1.517893,484,488,487,493
9216,4,3.067409,534,506,526,531
9217,1,-0.442719,488,502,500,496
9218,3,1.264911,516,495,511,518
9219,2,-0.063246,491,500,505,502
9220,4,3.510128,529,511,551,520
9221,4,2.371708,516,528,516,515
9222,4,2.150349,515,528,515,510
9223,2,0.411096,495,495,520,503
9224,2,-0.284605,484,512,488,507
9225,2,0.316228,502,513,498,497
9226,1,-1.170043,495,486,503,479
9227,3,0.221359,473,520,508,506
9228,1,-0.158114,521,491,498,485
9229,4,1.581139,511,517,503,519
9230,2,-0.094868,504,491,503,499
9231,1,0.379473,493,490,529,500
9232,0,-3.288769,468,459,496,473
9233,1,-0.158114,499,508,500,488
9234,3,0.917061,521,508,499,501
9235,2,-0.094868,486,520,487,504
9236,1,-1.423025,481,491,480,503
9237,1,-0.600833,497,478,506,500
9238,4,2.529822,528,527,521,504
9239,1,-2.340085,476,469,506,475
9240,4,0.790569,501,516,507,501
9241,4,2.814427,512,522,530,525
9242,4,2.181972,516,508,523,522
9243,4,2.118726,516,511,522,518
9244,3,0.094868,505,503,507,488
9245,3,0.980306,517,513,496,505
9246,3,0.917061,490,504,510,525
9247,0,-1.075174,497,482,499,488
9248,4,2.529822,517,520,507,536
9249,3,0.790569,523,507,487,508
9250,1,-2.118726,469,507,472,485
9251,0,-2.308463,480,497,463,487
9252,3,1.233288,523,518,493,505
9253,3,2.023858,538,496,513,517
9254,3,0.664078,502,505,515,499
9255,1,-0.600833,487,494,491,509
9256,2,0.000000,488,512,487,513
9257,3,0.347851,505,497,503,506
9258,4,2.371708,534,519,516,506
9259,2,-0.790569,514,484,503,474
9260,0,-2.213594,479,485,471,495
9261,2,-0.126491,494,502,504,496
9262,0,-2.023858,475,482,495,484
9263,2,-1.359779,474,470,505,508
9264,3,0.853815,508,492,513,514
9265,4,3.162278,521,544,515,520
9266,3,1.201666,511,522,505,500
9267,0,-2.593068,483,480,479,476
9268,2,-1.075174,468,490,504,504
9269,1,0.000000,492,499,492,517
9270,1,-0.505964,501,496,497,490
9271,4,3.099032,542,523,522,511
9272,0,-2.403331,480,489,472,483
9273,4,1.170043,502,508,526,501
9274,1,-1.138420,512,489,482,481
9275,4,1.106797,514,510,509,502
9276,2,0.853815,496,521,500,510
9277,4,4.616925,536,542,528,540
9278,1,-1.992235,466,505,488,478
9279,1,-0.031623,509,497,497,496
9280,0,-1.233288,496,480,500,485
9281,3,0.221359,509,488,506,504
9282,2,1.454648,493,527,499,527
9283,3,0.727324,505,506,499,513
9284,3,1.391402,525,522,496,501
9285,4,1.106797,506,513,501,515
9286,3,0.379473,490,506,503,513
9287,0,-1.201666,492,500,493,477
9288,0,-1.707630,483,487,489,487
9289,4,2.340085,532,507,520,515
9290,2,2.023858,530,498,536,500
9291,3,0.126491,507,475,507,515
9292,3,1.138420,521,514,489,512
9293,2,-0.094868,495,494,501,507
9294,0,-2.846050,475,490,478,467
9295,3,1.928989,491,505,533,532
9296,2,0.189737,518,490,505,493
9297,4,1.517893,511,520,505,512
9298,4,1.423025,508,506,522,509
9299,3,0.411096,485,507,506,515
9300,0,-2.213594,496,489,476,469
9301,0,-1.423025,476,500,489,490
9302,3,2.118726,519,522,500,526
9303,3,0.316228,515,504,501,490
9304,0,-1.106797,492,490,490,493
9305,4,2.656313,516,525,513,530
9306,4,1.328157,518,516,505,503
9307,4,1.233288,505,514,511,509
9308,3,0.316228,506,481,516,507
9309,3,1.359779,513,515,489,526
9310,2,0.031623,506,498,496,501
9311,4,1.612762,521,514,508,508
9312,2,-0.126491,494,509,487,506
9313,4,2.371708,519,524,523,509
9314,2,0.695701,487,522,495,518
9315,3,0.885438,505,527,491,505
9316,2,-0.063246,488,526,481,503
9317,4,1.739253,519,508,510,518
9318,2,-0.822192,506,477,504,487
9319,1,-0.695701,497,506,480,495
9320,0,-1.581139,475,495,490,490
9321,0,-2.118726,477,497,480,479
9322,2,-0.063246,491,494,506,507
9323,2,-0.790569,510,511,471,483
9324,3,0.790569,518,485,509,513
9325,4,3.035787,534,520,516,526
9326,4,2.782804,527,531,513,517
9327,3,0.284605,505,496,503,505
9328,1,-0.727324,482,483,516,496
9329,1,-0.917061,499,474,505,493
9330,2,-0.347851,486,482,503,518
9331,1,-0.917061,479,489,511,492
9332,0,-1.549516,496,487,487,481
9333,0,-1.359779,497,482,488,490
9334,1,-0.505964,497,490,492,505
9335,3,1.676007,496,534,502,521
9336,4,2.087103,517,535,506,508
9337,2,1.138420,517,531,491,497
9338,2,-0.347851,495,505,480,509
9339,2,1.011929,517,494,530,491
9340,3,0.252982,501,498,506,503
9341,4,1.834121,530,507,519,502
9342,2,-0.094868,503,504,500,490
9343,4,2.687936,507,507,540,531
9344,4,1.928989,528,517,505,511
9345,4,1.676007,514,508,514,517
9346,3,0.822192,509,519,504,494
9347,1,-0.632456,495,482,495,508
9348,0,-0.664078,491,493,496,499
9349,2,-0.284605,503,487,495,506
9350,3,1.549516,514,521,497,517
9351,1,-0.885438,497,514,480,481
9352,1,-0.664078,491,490,503,495
9353,4,2.434954,524,531,509,513
9354,4,2.371708,510,512,522,531
9355,4,1.928989,530,502,513,516
9356,0,-2.434954,477,483,475,488
9357,4,3.541751,518,552,512,530
9358,1,-1.834121,485,479,502,476
9359,0,-1.201666,492,486,499,485
9360,3,0.600833,491,506,504,518
9361,2,-0.221359,486,484,509,514
9362,4,1.106797,505,512,504,514
9363,2,-0.158114,506,499,502,488
9364,0,-2.055480,487,496,472,480
9365,0,-0.600833,500,489,493,499
9366,4,1.865744,503,504,524,528
9367,0,-1.233288,497,483,497,484
9368,2,0.252982,506,497,527,478
9369,4,1.075174,507,501,512,514
9370,0,-1.739253,481,500,482,482
9371,2,-0.411096,508,503,496,480
9372,4,1.960612,508,523,509,522
9373,2,0.189737,498,500,501,507
9374,3,0.980306,515,489,514,513
9375,2,0.316228,513,512,491,494
9376,2,-0.094868,493,515,478,511
9377,1,-0.664078,507,487,492,493
9378,1,-0.980306,481,501,491,496
9379,0,-1.233288,485,490,493,493
9380,4,4.585303,534,531,549,531
9381,2,1.328157,528,521,494,499
9382,2,-0.284605,502,496,508,485
9383,2,0.000000,494,520,505,481
9384,3,2.213594,533,495,517,525
9385,2,0.505964,514,498,497,507
9386,2,1.391402,510,490,548,496
9387,1,-0.695701,485,489,494,510
9388,3,1.138420,496,526,501,513
9389,0,-1.581139,490,479,491,490
9390,2,0.885438,521,491,531,485
9391,2,-0.063246,487,485,512,514
9392,3,0.252982,501,509,496,502
9393,1,-0.885438,481,493,486,512
9394,2,0.505964,499,509,510,498
9395,3,1.296534,521,509,498,513
9396,2,-0.822192,473,502,490,509
9397,2,0.790569,508,491,526,500
9398,1,-0.379473,498,524,470,496
9399,4,2.340085,506,502,526,540
9400,1,-1.233288,480,490,483,508
9401,4,2.308463,535,517,507,514
9402,4,2.466577,530,513,513,522
9403,0,-2.529822,491,477,485,467
9404,1,-0.347851,500,495,492,502
9405,0,-1.928989,488,476,488,487
9406,1,-1.106797,490,491,503,481
9407,2,-0.600833,503,503,498,477
9408,0,-2.308463,482,494,472,479
9409,3,0.948683,512,512,494,512
9410,1,-1.075174,480,515,473,498
9411,4,2.213594,522,523,512,513
9412,3,1.770875,524,520,496,516
9413,0,-3.004164,470,479,482,474
9414,3,-0.189737,503,484,501,506
9415,1,0.252982,498,517,498,495
9416,1,-0.126491,508,497,500,491
9417,3,0.221359,513,479,513,502
9418,2,-0.442719,486,506,488,506
9419,1,-1.170043,484,477,502,500
9420,0,-2.687936,478,480,481,476
9421,3,1.960612,512,531,496,523
9422,1,-1.328157,478,485,492,503
9423,1,-0.442719,507,498,493,488
9424,0,-0.664078,495,500,493,491
9425,3,0.474342,499,501,501,514
9426,3,1.011929,510,520,490,512
9427,0,-1.992235,484,495,487,471
9428,2,-0.063246,504,508,498,488
9429,0,-2.909295,470,471,481,486
9430,1,-0.284605,509,494,499,489
9431,0,-0.727324,496,492,498,491
9432,4,2.181972,514,523,508,524
9433,4,2.782804,520,503,541,524
9434,3,1.011929,516,493,521,502
9435,2,-0.537587,506,484,508,485
9436,4,0.316228,502,502,505,501
9437,4,2.087103,510,527,512,517
9438,2,0.347851,510,496,493,512
9439,4,2.466577,504,521,531,522
9440,3,0.980306,502,497,508,524
9441,1,-0.347851,483,518,494,494
9442,1,-0.411096,493,495,498,501
9443,4,1.517893,501,505,511,531
9444,2,0.000000,495,501,490,514
9445,3,1.296534,527,488,518,508
9446,1,-1.328157,490,507,472,489
9447,0,-1.043552,488,498,499,482
9448,3,0.790569,501,516,488,520
9449,0,-1.928989,484,496,473,486
9450,4,2.118726,531,524,511,501
9451,1,-1.359779,479,506,480,492
9452,0,-2.245217,475,490,490,474
9453,0,-1.770875,488,489,482,485
9454,3,1.581139,513,518,519,500
9455,2,-0.347851,481,501,497,510
9456,0,-2.118726,474,489,488,482
9457,4,2.656313,531,512,520,521
9458,1,-0.379473,499,486,515,488
9459,4,2.466577,515,535,519,509
9460,3,1.928989,492,517,525,527
9461,4,1.897367,527,504,517,512
9462,3,0.917061,516,494,511,508
9463,2,0.189737,513,513,497,483
9464,3,1.170043,505,500,526,506
9465,3,0.917061,511,489,507,522
9466,1,-1.423025,470,488,507,490
9467,3,1.328157,507,525,491,519
9468,0,-2.087103,477,472,498,487
9469,4,1.928989,518,509,515,519
9470,4,2.656313,526,520,513,525
9471,3,2.087103,500,508,528,530
9472,1,-0.885438,496,471,511,494
9473,4,1.517893,522,512,511,503
9474,2,-0.411096,489,490,503,505
9475,3,0.885438,480,504,517,527
9476,2,0.379473,521,503,497,491
9477,3,0.442719,501,490,517,506
9478,2,0.727324,504,497,498,524
9479,3,0.505964,504,509,499,504
9480,3,0.474342,497,510,504,504
9481,1,-1.676007,505,491,478,473
9482,2,0.379473,500,525,474,513
9483,0,-1.138420,484,497,491,492
9484,0,-2.593068,466,492,471,489
9485,1,-1.423025,484,499,502,470
9486,1,-1.423025,505,482,487,481
9487,4,1.770875,512,516,516,512
9488,4,3.826356,520,541,518,542
9489,0,-1.992235,480,488,487,482
9490,4,0.758947,506,507,505,506
9491,2,-0.094868,497,501,490,509
9492,3,1.644384,527,518,491,516
9493,2,-0.442719,503,499,509,475
9494,4,1.391402,514,506,518,506
9495,1,-0.379473,496,519,482,491
9496,0,-1.707630,468,499,486,493
9497,3,1.549516,502,527,499,521
9498,0,-2.687936,486,484,474,471
9499,4,1.676007,504,512,519,518
9500,1,-1.359779,490,486,479,502
9501,4,0.822192,501,507,509,509
9502,2,0.126491,502,515,497,490
9503,2,-0.221359,497,501,485,510
9504,3,1.865744,533,509,500,517
9505,2,0.695701,498,496,518,510
9506,0,-1.581139,495,482,487,486
9507,3,0.758947,511,504,500,509
9508,1,-0.126491,500,497,505,494
9509,1,-0.316228,499,491,514,486
9510,4,1.423025,501,510,514,520
9511,1,-0.411096,515,491,496,485
9512,2,-0.031623,489,512,484,514
9513,0,-0.853815,485,500,494,494
9514,3,0.758947,513,513,484,514
9515,2,0.126491,521,482,499,502
9516,3,1.233288,517,503,520,499
9517,0,-3.162278,486,463,476,475
9518,3,1.264911,517,499,514,510
9519,1,-0.411096,497,490,508,492
9520,2,0.063246,504,500,501,497
9521,3,0.664078,511,493,514,503
9522,4,1.834121,525,515,505,513
9523,4,1.359779,517,519,501,506
9524,4,2.656313,535,527,514,508
9525,2,-0.442719,481,496,507,502
9526,1,-1.106797,494,498,467,506
9527,4,1.201666,503,509,520,506
9528,1,-0.853815,493,501,491,488
9529,3,0.189737,516,509,473,508
9530,2,-0.094868,515,503,496,483
9531,4,3.731488,528,529,527,534
9532,0,-2.403331,487,495,459,483
9533,0,-1.834121,474,495,493,480
9534,4,2.245217,505,521,518,527
9535,3,1.106797,503,528,499,505
9536,2,-0.158114,503,495,505,492
9537,1,-2.087103,476,501,480,477
9538,2,0.727324,502,500,530,491
9539,3,0.063246,508,508,503,483
9540,3,0.284605,513,492,501,503
9541,2,-0.094868,505,485,494,513
9542,3,0.727324,504,502,520,497
9543,3,1.676007,518,497,525,513
9544,4,1.897367,518,513,528,501
9545,3,1.391402,501,496,521,526
9546,0,-1.359779,489,488,496,484
9547,0,-1.423025,484,496,487,488
9548,0,-2.213594,472,483,495,480
9549,0,-2.245217,479,474,489,487
9550,2,0.664078,492,493,518,518
9551,0,-1.170043,488,499,483,493
9552,3,-0.031623,503,504,486,506
9553,4,1.264911,509,510,512,509
9554,0,-0.885438,493,487,493,499
9555,4,2.118726,530,524,504,509
9556,0,-3.004164,480,482,471,472
9557,3,1.549516,514,541,477,517
9558,2,0.063246,499,505,496,502
9559,4,2.561445,520,507,527,527
9560,1,-0.347851,493,496,504,496
9561,3,1.170043,491,528,512,506
9562,2,0.474342,496,503,497,519
9563,4,2.909295,524,523,516,529
9564,1,-1.770875,480,505,474,485
9565,3,1.296534,532,491,515,503
9566,1,-0.031623,517,496,486,500
9567,4,2.434954,511,512,537,517
9568,4,2.846050,520,509,536,525
9569,0,-1.296534,488,481,496,494
9570,1,-1.391402,476,486,493,501
9571,1,-2.181972,464,505,476,486
9572,1,-0.917061,479,504,497,491
9573,1,-0.758947,499,493,501,483
9574,1,-1.328157,476,488,516,478
9575,1,-1.043552,503,480,498,486
9576,3,1.043552,499,508,515,511
9577,0,-1.201666,498,496,496,472
9578,0,-1.391402,481,490,494,491
9579,4,3.573374,546,535,515,517
9580,4,2.498199,521,518,525,515
9581,3,0.442719,511,510,480,513
9582,2,0.158114,513,519,492,481
9583,1,-0.822192,489,489,505,491
9584,2,0.126491,497,508,501,498
9585,3,0.600833,509,506,495,509
9586,2,-0.031623,505,493,514,487
9587,4,1.517893,523,514,506,505
9588,0,-2.466577,480,485,469,488
9589,4,2.687936,526,522,504,533
9590,3,1.454648,504,495,530,517
9591,2,-0.790569,484,476,505,510
9592,2,-0.063246,511,482,496,509
9593,4,2.498199,518,506,527,528
9594,3,1.043552,525,508,501,499
9595,1,-1.264911,495,507,478,480
9596,4,1.423025,506,510,512,517
9597,1,-0.600833,491,488,489,513
9598,2,-0.221359,501,510,482,500
9599,3,1.328157,520,493,521,508
9600,2,-0.316228,516,492,507,475
9601,4,1.992235,529,508,512,514
9602,1,-0.252982,499,491,494,508
9603,0,-2.814427,467,479,472,493
9604,2,-0.063246,510,491,484,513
9605,3,1.549516,504,482,531,532
9606,0,-2.276840,480,466,490,492
9607,2,-0.411096,511,496,477,503
9608,4,1.201666,522,504,508,504
9609,0,-1.359779,483,497,494,483
9610,2,-0.031623,496,494,503,506
9611,2,-0.063246,507,494,495,502
9612,2,0.063246,483,496,518,505
9613,3,0.980306,521,499,502,509
9614,1,-0.822192,492,509,487,486
9615,0,-2.972541,477,464,485,480
9616,4,1.423025,516,510,512,507
9617,2,0.664078,531,496,487,507
9618,1,-1.264911,487,483,486,504
9619,1,-0.442719,492,506,499,489
9620,1,0.600833,494,531,500,494
9621,1,-0.885438,487,487,488,510
9622,2,-0.063246,504,496,482,516
9623,3,1.928989,500,526,508,527
9624,0,-1.106797,493,489,492,491
9625,1,-0.284605,511,497,492,491
9626,3,0.822192,512,507,487,520
9627,4,1.264911,513,518,507,502
9628,1,-0.948683,478,492,487,513
9629,2,0.221359,501,512,498,496
9630,4,3.130655,519,532,515,533
9631,4,3.604997,527,530,537,520
9632,1,-0.094868,497,497,507,496
9633,1,-0.411096,485,496,516,490
9634,1,-1.043552,491,467,513,496
9635,4,1.549516,509,503,522,515
9636,4,1.517893,505,504,521,518
9637,4,2.466577,506,527,514,531
9638,0,-0.790569,497,487,499,492
9639,2,-0.569210,493,502,486,501
9640,3,-0.158114,504,503,506,482
9641,2,1.233288,496,498,536,509
9642,4,0.948683,509,510,502,509
9643,2,-0.664078,492,475,507,505
9644,3,0.885438,512,493,516,507
9645,3,0.664078,509,492,516,504
9646,3,1.391402,505,500,523,516
9647,2,0.189737,493,497,510,506
9648,0,-0.917061,495,499,484,493
9649,4,1.992235,514,511,534,504
9650,0,-1.992235,493,486,488,470
9651,3,1.106797,517,494,504,520
9652,0,-1.676007,487,485,491,484
9653,1,-0.885438,492,479,516,485
9654,1,-0.600833,494,478,517,492
9655,2,0.094868,495,501,493,514
9656,0,-0.885438,499,495,495,483
9657,1,-0.822192,484,507,485,498
9658,1,-0.505964,508,495,487,494
9659,2,-0.189737,492,511,487,504
9660,4,1.423025,502,504,516,523
9661,4,2.340085,523,518,512,521
9662,3,0.442719,512,507,488,507
9663,2,-0.284605,518,505,477,491
9664,4,3.383637,521,530,521,535
9665,2,-0.094868,483,484,519,511
9666,1,-0.411096,498,512,485,492
9667,4,1.644384,520,510,513,509
9668,4,2.561445,530,519,514,518
9669,2,1.170043,497,495,520,525
9670,4,2.023858,508,517,505,534
9671,1,-0.411096,493,496,503,495
9672,4,2.909295,516,510,539,527
9673,1,-0.537587,494,496,516,477
9674,1,-1.043552,495,478,504,490
9675,3,0.347851,507,506,501,497
9676,4,1.075174,510,501,517,506
9677,1,-0.442719,496,499,487,504
9678,2,-0.031623,496,505,502,496
9679,3,1.581139,524,512,494,520
9680,2,0.537587,515,495,497,510
9681,1,-0.885438,495,503,476,498
9682,2,0.347851,515,510,488,498
9683,2,-0.758947,514,493,502,467
9684,3,1.391402,494,501,526,523
9685,4,1.928989,503,511,528,519
9686,4,2.719559,538,527,503,518
9687,3,1.233288,514,497,515,513
9688,3,0.569210,495,505,506,512
9689,0,-0.948683,491,496,488,495
9690,0,-3.067409,479,464,476,484
9691,3,0.000000,492,502,504,502
9692,1,-0.411096,495,489,518,485
9693,3,0.917061,502,493,529,505
9694,2,0.474342,503,519,498,495
9695,2,0.316228,495,514,499,502
9696,0,-1.676007,487,499,471,490
9697,3,1.770875,530,498,506,522
9698,2,0.347851,497,514,504,496
9699,3,1.454648,504,519,524,499
9700,4,2.972541,531,523,520,520
9701,3,1.296534,510,522,510,499
9702,1,-0.695701,500,483,493,502
9703,0,-1.264911,497,489,483,491
9704,4,1.549516,516,508,521,504
9705,1,-1.992235,474,483,504,476
9706,3,0.822192,521,499,502,504
9707,2,0.031623,499,487,506,509
9708,4,3.794733,537,511,549,523
9709,2,0.411096,510,486,520,497
9710,3,0.885438,517,517,482,512
9711,2,-0.316228,502,508,492,488
9712,2,0.948683,510,497,496,527
9713,2,0.126491,498,506,509,491
9714,3,0.664078,504,500,516,501
9715,3,1.011929,519,512,495,506
9716,1,-0.885438,496,504,498,474
9717,2,-0.505964,491,503,489,501
9718,0,-1.106797,491,495,493,486
9719,1,-1.138420,493,501,486,484
9720,1,-0.980306,486,504,484,495
9721,4,3.731488,517,526,528,547
9722,1,-0.126491,500,494,503,499
9723,0,-1.423025,491,489,493,482
9724,1,-0.221359,491,495,510,497
9725,4,2.087103,523,514,510,519
9726,4,1.865744,523,522,505,509
9727,0,-2.940918,480,469,477,481
9728,3,0.758947,514,484,520,506
9729,3,1.359779,514,498,526,505
9730,0,-2.023858,485,478,485,488
9731,1,-0.411096,494,497,494,502
9732,0,-1.296534,494,486,492,487
9733,0,-0.885438,496,498,496,482
9734,2,-0.221359,508,484,489,512
9735,0,-1.264911,477,495,489,499
9736,4,3.288769,524,518,542,520
9737,1,-1.897367,499,501,469,471
9738,0,-1.075174,489,489,498,490
9739,0,-0.853815,500,497,491,485
9740,0,-1.138420,494,496,497,477
9741,0,-0.727324,495,500,489,493
9742,1,-1.043552,487,510,483,487
9743,3,1.264911,530,502,508,500
9744,1,-1.170043,492,505,474,492
9745,4,1.581139,524,507,513,506
9746,1,-0.505964,485,493,497,509
9747,2,0.569210,499,516,499,504
9748,0,-2.498199,464,472,498,487
9749,0,-2.466577,496,476,500,450
9750,3,1.233288,503,527,511,498
9751,2,0.632456,498,521,492,509
9752,3,0.379473,507,493,511,501
9753,4,1.897367,512,519,503,526
9754,1,-0.505964,488,497,503,496
9755,1,-0.917061,501,478,495,497
9756,1,-0.948683,495,482,502,491
9757,1,-1.296534,499,505,476,479
9758,4,1.739253,509,517,502,527
9759,3,1.106797,507,496,514,518
9760,3,0.727324,511,510,494,508
9761,0,-1.644384,487,487,480,494
9762,3,0.505964,510,506,511,489
9763,0,-1.517893,497,478,498,479
9764,2,-0.094868,497,504,503,493
9765,2,0.632456,496,524,507,493
9766,1,-1.043552,483,530,457,497
9767,4,2.751182,520,505,518,544
9768,3,2.371708,521,499,515,540
9769,2,0.094868,498,517,473,515
9770,2,-0.094868,510,486,490,511
9771,3,0.822192,504,520,489,513
9772,1,-0.347851,500,511,483,495
9773,4,2.213594,515,525,508,522
9774,0,-2.087103,482,470,499,483
9775,0,-1.296534,482,500,489,488
9776,3,1.201666,502,521,490,525
9777,4,2.877673,531,510,530,520
9778,2,0.411096,508,516,498,491
9779,3,1.391402,505,529,514,496
9780,2,0.442719,519,505,493,497
9781,0,-2.909295,484,468,479,477
9782,0,-2.529822,479,488,474,479
9783,3,1.707630,500,509,538,507
9784,2,0.252982,513,490,507,498
9785,3,1.011929,518,490,523,501
9786,4,1.676007,509,513,504,527
9787,0,-1.865744,483,475,492,491
9788,2,0.411096,497,504,498,514
9789,1,-1.454648,494,472,510,478
9790,2,0.569210,499,513,512,494
9791,4,3.099032,515,524,534,525
9792,1,-0.063246,496,494,510,498
9793,3,1.770875,510,529,499,518
9794,4,2.023858,512,525,512,515
9795,0,-1.960612,491,491,473,483
9796,1,-0.126491,483,521,493,499
9797,0,-1.739253,490,490,479,486
9798,2,0.442719,498,508,499,509
9799,4,0.790569,506,504,505,510
9800,3,0.695701,509,509,506,498
9801,0,-0.885438,495,497,483,497
9802,4,1.486271,510,526,505,506
9803,2,-0.600833,482,486,511,502
9804,0,-3.193900,488,482,468,461
9805,2,0.980306,497,520,492,522
9806,3,1.359779,521,476,525,521
9807,1,-0.600833,484,489,498,510
9808,1,-0.442719,479,491,522,494
9809,0,-1.391402,489,489,493,485
9810,0,-1.581139,481,491,493,485
9811,3,1.296534,526,502,518,495
9812,2,-0.284605,508,491,483,509
9813,0,-2.466577,474,486,478,484
9814,1,-0.664078,490,494,502,493
9815,4,1.296534,513,505,508,515
9816,2,-0.031623,486,498,504,511
9817,2,-0.695701,487,511,477,503
9818,1,-0.158114,488,508,500,499
9819,2,0.695701,497,496,521,508
9820,4,1.581139,515,512,501,522
9821,4,2.656313,527,532,515,510
9822,4,2.181972,514,512,524,519
9823,1,-0.695701,503,496,483,496
9824,2,0.252982,509,499,505,495
9825,0,-1.960612,490,488,470,490
9826,1,-0.347851,486,495,510,498
9827,2,-0.474342,506,487,485,507
9828,2,0.126491,505,494,492,513
9829,1,-0.284605,500,507,495,489
9830,2,-0.379473,505,506,477,500
9831,2,0.822192,499,499,513,515
9832,3,0.063246,490,506,503,503
9833,4,2.055480,523,501,518,523
9834,3,0.474342,508,519,485,503
9835,0,-1.423025,488,491,489,487
9836,2,0.094868,491,511,499,502
9837,4,3.541751,538,519,523,532
9838,3,0.505964,510,502,500,504
9839,2,-0.316228,490,503,506,491
9840,1,-0.632456,512,500,481,487
9841,2,-0.664078,486,486,502,505
9842,1,-1.011929,471,491,507,499
9843,3,0.316228,502,501,500,507
9844,2,0.632456,501,530,489,500
9845,2,0.600833,500,496,508,515
9846,4,2.118726,530,508,521,508
9847,2,0.126491,510,517,480,497
9848,1,-1.011929,477,502,493,496
9849,3,0.158114,494,501,506,504
9850,3,0.126491,503,473,514,514
9851,1,-0.727324,511,493,488,485
9852,4,1.170043,506,509,508,514
9853,2,0.063246,503,493,512,494
9854,1,-0.252982,498,516,499,479
9855,2,0.000000,498,506,501,495
9856,4,3.035787,514,537,526,519
9857,3,0.442719,506,512,483,513
9858,3,0.569210,493,501,514,510
9859,3,0.948683,497,501,512,520
9860,2,-0.569210,498,502,501,481
9861,0,-2.245217,479,472,479,499
9862,3,0.537587,494,502,516,505
9863,2,-0.063246,497,491,508,502
9864,3,-0.221359,507,478,506,502
9865,1,-0.379473,502,490,499,497
9866,1,-1.517893,505,485,500,462
9867,4,2.466577,516,535,512,515
9868,4,1.707630,520,511,521,502
9869,2,-0.158114,507,500,480,508
9870,3,1.486271,522,519,518,488
9871,0,-2.687936,474,491,469,481
9872,3,1.011929,497,506,517,512
9873,3,2.150349,525,541,493,509
9874,4,3.035787,533,518,520,525
9875,2,0.442719,495,514,489,516
9876,1,-1.075174,486,506,474,500
9877,4,2.245217,521,523,524,503
9878,1,-0.031623,498,515,500,486
9879,3,1.739253,516,520,500,519
9880,4,0.600833,506,503,506,504
9881,0,-1.138420,480,489,496,499
9882,1,-0.948683,511,485,479,495
9883,3,1.075174,511,511,496,516
9884,3,-0.221359,477,504,505,507
9885,4,2.972541,527,514,545,508
9886,3,0.758947,521,524,504,475
9887,3,0.569210,512,522,471,513
9888,2,-0.379473,486,508,501,493
9889,3,1.612762,518,500,528,505
9890,2,-0.189737,499,514,479,502
9891,2,-0.284605,486,507,484,514
9892,0,-2.624690,474,476,477,490
9893,3,1.612762,518,493,520,520
9894,0,-1.391402,495,497,490,474
9895,1,-0.948683,490,497,502,481
9896,0,-0.885438,494,498,491,489
9897,2,-0.537587,503,507,493,480
9898,3,1.454648,520,518,488,520
9899,2,-0.695701,485,506,508,479
9900,3,0.316228,503,511,486,510
9901,2,-0.948683,468,502,497,503
9902,3,0.790569,513,506,508,498
9903,1,-1.992235,480,508,480,469
9904,1,-0.379473,492,500,493,503
9905,3,1.359779,531,506,518,488
9906,4,2.118726,510,535,511,511
9907,3,-0.063246,507,504,486,501
9908,0,-1.296534,489,495,496,479
9909,0,-3.478505,472,446,491,481
9910,0,-1.138420,481,492,496,495
9911,1,-0.664078,490,490,497,502
9912,2,-0.189737,504,506,489,495
9913,1,-1.328157,485,483,488,502
9914,4,2.782804,512,521,519,536
9915,3,1.138420,497,519,519,501
9916,1,-0.189737,498,514,486,496
9917,2,1.138420,499,498,511,528
9918,0,-2.466577,471,494,476,481
9919,3,1.233288,512,523,499,505
9920,2,0.379473,500,509,498,505
9921,2,0.189737,497,499,505,505
9922,2,0.221359,503,513,496,495
9923,3,0.917061,503,518,495,513
9924,0,-0.664078,499,491,494,495
9925,3,0.379473,508,508,495,501
9926,2,0.316228,501,490,500,519
9927,4,1.264911,503,513,516,508
9928,1,-1.264911,506,491,479,484
9929,4,4.047715,538,526,540,524
9930,2,0.885438,499,483,539,507
9931,2,0.031623,490,524,474,513
9932,4,2.498199,515,514,526,524
9933,3,1.138420,510,509,500,517
9934,0,-1.454648,495,493,487,479
9935,2,1.138420,496,520,499,521
9936,3,2.529822,520,531,531,498
9937,3,1.581139,517,525,499,509
9938,2,0.094868,521,483,514,485
9939,1,-0.379473,506,494,495,493
9940,1,-1.486271,505,483,483,482
9941,3,0.442719,514,483,516,501
9942,2,0.221359,487,499,510,511
9943,0,-2.308463,476,482,481,488
9944,2,0.537587,516,493,508,500
9945,2,-0.158114,495,482,510,508
9946,4,1.106797,510,505,513,507
9947,0,-2.719559,477,488,478,471
9948,2,0.442719,511,495,500,508
9949,2,0.094868,508,487,511,497
9950,1,-1.454648,487,505,464,498
9951,3,0.600833,489,511,503,516
9952,4,1.549516,506,510,515,518
9953,0,-1.296534,499,483,481,496
9954,1,-0.695701,492,511,480,495
9955,1,-1.391402,472,512,487,485
9956,0,-1.770875,471,485,491,497
9957,4,1.707630,502,524,515,513
9958,3,0.695701,502,482,517,521
9959,1,-2.434954,463,476,501,483
9960,1,-0.695701,490,510,492,486
9961,1,-1.170043,483,508,488,484
9962,0,-2.466577,468,485,482,487
9963,2,0.442719,507,495,513,499
9964,0,-2.308463,481,484,480,482
9965,2,-0.853815,513,504,470,486
9966,0,-1.517893,488,500,482,482
9967,1,-0.790569,494,481,508,492
9968,0,-1.296534,497,490,483,489
9969,1,0.379473,490,524,499,499
9970,3,0.379473,497,502,506,507
9971,3,1.106797,509,524,491,511
9972,4,1.770875,506,519,513,518
9973,4,2.245217,525,502,518,526
9974,4,2.498199,526,514,537,502
9975,4,0.948683,501,513,512,504
9976,0,-1.644384,481,500,498,469
9977,3,0.379473,507,495,503,507
9978,2,-0.316228,506,510,494,480
9979,3,2.498199,533,533,521,492
9980,3,1.328157,514,500,507,521
9981,4,1.201666,510,515,511,502
9982,3,1.517893,535,514,504,495
9983,1,-0.600833,512,497,489,483
9984,3,1.201666,497,515,507,519
9985,4,1.486271,515,520,508,504
9986,4,1.834121,529,504,519,506
9987,3,0.000000,492,503,504,501
9988,3,0.063246,501,485,506,510
9989,1,-0.063246,500,491,518,489
9990,2,0.094868,521,485,504,493
9991,3,0.980306,507,514,495,515
9992,4,1.201666,505,504,506,523
9993,4,4.458812,546,543,539,513
9994,3,0.885438,505,486,523,514
9995,2,-0.189737,503,516,493,482
9996,3,0.822192,506,509,500,511
9997,2,-0.284605,490,507,490,504
9998,4,0.917061,521,503,503,502
9999,2,0.316228,518,491,503,498
