type,n,D_at_n,D_at_n_plus_1
onset,43,93,95
onset,89,224,227
onset,137,374,378
onset,165,467,470
onset,239,721,724
onset,259,792,795
onset,347,1112,1116
onset,421,1391,1395
onset,527,1801,1804
onset,611,2133,2137
onset,673,2382,2386
onset,715,2553,2557
onset,767,2765,2769
onset,821,2988,2992
onset,843,3079,3083
onset,887,3262,3267
onset,1095,4142,4147
onset,1181,4512,4517
onset,1223,4694,4699
onset,1235,4746,4751
onset,1291,4990,4994
onset,1349,5244,5248
onset,1365,5314,5318
onset,1383,5393,5397
onset,1519,5994,5998
onset,1581,6270,6274
onset,1601,6359,6363
onset,1681,6717,6722
onset,1747,7014,7019
onset,1767,7105,7109
onset,1787,7195,7200
onset,1837,7421,7426
onset,1881,7621,7626
onset,1913,7767,7771
onset,1959,7976,7981
onset,2003,8177,8182
onset,2067,8471,8475
onset,2391,9970,9975
onset,3121,13423,13428
onset,3171,13663,13668
onset,3197,13788,13793
onset,3257,14076,14081
onset,3417,14848,14853
onset,3471,15109,15114
onset,3491,15206,15211
onset,3625,15857,15862
onset,3661,16032,16037
onset,3683,16139,16144
onset,3755,16490,16495
onset,3813,16774,16778
onset,3893,17165,17170
onset,3993,17655,17660
onset,4079,18078,18083
onset,4099,18176,18181
onset,4125,18305,18309
onset,4171,18531,18536
onset,4199,18669,18674
onset,4365,19490,19495
onset,4409,19708,19713
onset,4429,19807,19812
boundary_dD3,18,31,34
boundary_dD3,22,40,43
boundary_dD3,25,47,50
boundary_dD3,27,52,55
boundary_dD3,30,59,62
boundary_dD3,32,64,67
boundary_dD3,34,69,72
boundary_dD3,36,74,77
boundary_dD3,38,79,82
boundary_dD3,39,82,85
boundary_dD3,41,87,90
boundary_dD3,42,90,93
boundary_dD3,44,95,98
boundary_dD3,45,98,101
boundary_dD3,47,103,106
boundary_dD3,48,106,109
boundary_dD3,50,111,114
boundary_dD3,51,114,117
boundary_dD3,52,117,120
boundary_dD3,54,122,125
boundary_dD3,55,125,128
boundary_dD3,56,128,131
boundary_dD3,58,133,136
boundary_dD3,59,136,139
boundary_dD3,60,139,142
boundary_dD3,61,142,145
boundary_dD3,62,145,148
boundary_dD3,64,150,153
boundary_dD3,65,153,156
boundary_dD3,66,156,159
boundary_dD3,67,159,162
boundary_dD3,68,162,165
boundary_dD3,69,165,168
boundary_dD3,70,168,171
boundary_dD3,72,173,176
boundary_dD3,73,176,179
boundary_dD3,74,179,182
boundary_dD3,75,182,185
boundary_dD3,76,185,188
boundary_dD3,77,188,191
boundary_dD3,78,191,194
boundary_dD3,79,194,197
boundary_dD3,80,197,200
boundary_dD3,81,200,203
boundary_dD3,82,203,206
boundary_dD3,83,206,209
boundary_dD3,84,209,212
boundary_dD3,85,212,215
boundary_dD3,86,215,218
boundary_dD3,87,218,221
boundary_dD3,88,221,224
boundary_dD3,89,224,227
boundary_dD3,90,227,230
boundary_dD3,91,230,233
boundary_dD3,92,233,236
boundary_dD3,93,236,239
boundary_dD3,94,239,242
boundary_dD3,95,242,245
boundary_dD3,96,245,248
boundary_dD3,97,248,251
boundary_dD3,98,251,254
boundary_dD3,99,254,257
boundary_dD3,100,257,261
boundary_dD3,101,261,264
boundary_dD3,102,264,267
boundary_dD3,103,267,270
boundary_dD3,104,270,273
boundary_dD3,105,273,276
boundary_dD3,106,276,279
boundary_dD3,107,279,282
boundary_dD3,108,282,285
boundary_dD3,109,285,288
boundary_dD3,110,288,292
boundary_dD3,111,292,295
boundary_dD3,112,295,298
boundary_dD3,113,298,301
boundary_dD3,114,301,304
boundary_dD3,115,304,307
boundary_dD3,116,307,310
boundary_dD3,117,310,314
boundary_dD3,118,314,317
boundary_dD3,119,317,320
boundary_dD3,120,320,323
boundary_dD3,121,323,326
boundary_dD3,122,326,330
boundary_dD3,123,330,333
boundary_dD3,124,333,336
boundary_dD3,125,336,339
boundary_dD3,126,339,342
boundary_dD3,127,342,345
boundary_dD3,128,345,349
boundary_dD3,129,349,352
boundary_dD3,130,352,355
boundary_dD3,131,355,358
boundary_dD3,132,358,362
boundary_dD3,133,362,365
boundary_dD3,134,365,368
boundary_dD3,135,368,371
boundary_dD3,136,371,374
boundary_dD3,137,374,378
boundary_dD3,138,378,381
boundary_dD3,139,381,384
boundary_dD3,140,384,387
boundary_dD3,141,387,391
boundary_dD3,142,391,394
boundary_dD3,143,394,397
boundary_dD3,144,397,401
boundary_dD3,145,401,404
boundary_dD3,146,404,407
boundary_dD3,147,407,410
boundary_dD3,148,410,414
boundary_dD3,149,414,417
boundary_dD3,150,417,420
boundary_dD3,151,420,424
boundary_dD3,152,424,427
boundary_dD3,153,427,430
boundary_dD3,154,430,433
boundary_dD3,155,433,437
boundary_dD3,156,437,440
boundary_dD3,157,440,443
boundary_dD3,158,443,447
boundary_dD3,159,447,450
boundary_dD3,160,450,453
boundary_dD3,161,453,457
boundary_dD3,162,457,460
boundary_dD3,163,460,463
boundary_dD3,164,463,467
boundary_dD3,165,467,470
boundary_dD3,166,470,473
boundary_dD3,167,473,477
boundary_dD3,168,477,480
boundary_dD3,169,480,483
boundary_dD3,170,483,487
boundary_dD3,171,487,490
boundary_dD3,172,490,494
boundary_dD3,173,494,497
boundary_dD3,174,497,500
boundary_dD3,175,500,504
boundary_dD3,176,504,507
boundary_dD3,177,507,510
boundary_dD3,178,510,514
boundary_dD3,179,514,517
boundary_dD3,180,517,521
boundary_dD3,181,521,524
boundary_dD3,182,524,527
boundary_dD3,183,527,531
boundary_dD3,184,531,534
boundary_dD3,185,534,537
boundary_dD3,186,537,541
boundary_dD3,187,541,544
boundary_dD3,188,544,548
boundary_dD3,189,548,551
boundary_dD3,190,551,554
boundary_dD3,191,554,558
boundary_dD3,192,558,561
boundary_dD3,193,561,565
boundary_dD3,194,565,568
boundary_dD3,195,568,572
boundary_dD3,196,572,575
boundary_dD3,197,575,578
boundary_dD3,198,578,582
boundary_dD3,199,582,585
boundary_dD3,200,585,589
boundary_dD3,201,589,592
boundary_dD3,202,592,596
boundary_dD3,203,596,599
boundary_dD3,204,599,602
boundary_dD3,205,602,606
boundary_dD3,206,606,609
boundary_dD3,207,609,613
boundary_dD3,208,613,616
boundary_dD3,209,616,620
boundary_dD3,210,620,623
boundary_dD3,211,623,627
boundary_dD3,212,627,630
boundary_dD3,213,630,634
boundary_dD3,214,634,637
boundary_dD3,215,637,640
boundary_dD3,216,640,644
boundary_dD3,217,644,647
boundary_dD3,218,647,651
boundary_dD3,219,651,654
boundary_dD3,220,654,658
boundary_dD3,221,658,661
boundary_dD3,222,661,665
boundary_dD3,223,665,668
boundary_dD3,224,668,672
boundary_dD3,225,672,675
boundary_dD3,226,675,679
boundary_dD3,227,679,682
boundary_dD3,228,682,686
boundary_dD3,229,686,689
boundary_dD3,230,689,693
boundary_dD3,231,693,696
boundary_dD3,232,696,700
boundary_dD3,233,700,703
boundary_dD3,234,703,707
boundary_dD3,235,707,710
boundary_dD3,236,710,714
boundary_dD3,237,714,717
boundary_dD3,238,717,721
boundary_dD3,239,721,724
boundary_dD3,240,724,728
boundary_dD3,241,728,731
boundary_dD3,242,731,735
boundary_dD3,243,735,739
boundary_dD3,244,739,742
boundary_dD3,245,742,746
boundary_dD3,246,746,749
boundary_dD3,247,749,753
boundary_dD3,248,753,756
boundary_dD3,249,756,760
boundary_dD3,250,760,763
boundary_dD3,251,763,767
boundary_dD3,252,767,770
boundary_dD3,253,770,774
boundary_dD3,254,774,778
boundary_dD3,255,778,781
boundary_dD3,256,781,785
boundary_dD3,257,785,788
boundary_dD3,258,788,792
boundary_dD3,259,792,795
boundary_dD3,260,795,799
boundary_dD3,261,799,803
boundary_dD3,262,803,806
boundary_dD3,263,806,810
boundary_dD3,264,810,813
boundary_dD3,265,813,817
boundary_dD3,266,817,820
boundary_dD3,267,820,824
boundary_dD3,268,824,828
boundary_dD3,269,828,831
boundary_dD3,270,831,835
boundary_dD3,271,835,838
boundary_dD3,272,838,842
boundary_dD3,273,842,846
boundary_dD3,274,846,849
boundary_dD3,275,849,853
boundary_dD3,276,853,856
boundary_dD3,277,856,860
boundary_dD3,278,860,864
boundary_dD3,279,864,867
boundary_dD3,280,867,871
boundary_dD3,281,871,874
boundary_dD3,282,874,878
boundary_dD3,283,878,882
boundary_dD3,284,882,885
boundary_dD3,285,885,889
boundary_dD3,286,889,892
boundary_dD3,287,892,896
boundary_dD3,288,896,900
boundary_dD3,289,900,903
boundary_dD3,290,903,907
boundary_dD3,291,907,911
boundary_dD3,292,911,914
boundary_dD3,293,914,918
boundary_dD3,294,918,921
boundary_dD3,295,921,925
boundary_dD3,296,925,929
boundary_dD3,297,929,932
boundary_dD3,298,932,936
boundary_dD3,299,936,940
boundary_dD3,300,940,943
boundary_dD3,301,943,947
boundary_dD3,302,947,951
boundary_dD3,303,951,954
boundary_dD3,304,954,958
boundary_dD3,305,958,961
boundary_dD3,306,961,965
boundary_dD3,307,965,969
boundary_dD3,308,969,972
boundary_dD3,309,972,976
boundary_dD3,310,976,980
boundary_dD3,311,980,983
boundary_dD3,312,983,987
boundary_dD3,313,987,991
boundary_dD3,314,991,994
boundary_dD3,315,994,998
boundary_dD3,316,998,1002
boundary_dD3,317,1002,1005
boundary_dD3,318,1005,1009
boundary_dD3,319,1009,1013
boundary_dD3,320,1013,1016
boundary_dD3,321,1016,1020
boundary_dD3,322,1020,1024
boundary_dD3,323,1024,1027
boundary_dD3,324,1027,1031
boundary_dD3,325,1031,1035
boundary_dD3,326,1035,1038
boundary_dD3,327,1038,1042
boundary_dD3,328,1042,1046
boundary_dD3,329,1046,1050
boundary_dD3,330,1050,1053
boundary_dD3,331,1053,1057
boundary_dD3,332,1057,1061
boundary_dD3,333,1061,1064
boundary_dD3,334,1064,1068
boundary_dD3,335,1068,1072
boundary_dD3,336,1072,1075
boundary_dD3,337,1075,1079
boundary_dD3,338,1079,1083
boundary_dD3,339,1083,1086
boundary_dD3,340,1086,1090
boundary_dD3,341,1090,1094
boundary_dD3,342,1094,1098
boundary_dD3,343,1098,1101
boundary_dD3,344,1101,1105
boundary_dD3,345,1105,1109
boundary_dD3,346,1109,1112
boundary_dD3,347,1112,1116
boundary_dD3,348,1116,1120
boundary_dD3,349,1120,1124
boundary_dD3,350,1124,1127
boundary_dD3,351,1127,1131
boundary_dD3,352,1131,1135
boundary_dD3,353,1135,1138
boundary_dD3,354,1138,1142
boundary_dD3,355,1142,1146
boundary_dD3,356,1146,1150
boundary_dD3,357,1150,1153
boundary_dD3,358,1153,1157
boundary_dD3,359,1157,1161
boundary_dD3,360,1161,1165
boundary_dD3,361,1165,1168
boundary_dD3,362,1168,1172
boundary_dD3,363,1172,1176
boundary_dD3,364,1176,1179
boundary_dD3,365,1179,1183
boundary_dD3,366,1183,1187
boundary_dD3,367,1187,1191
boundary_dD3,368,1191,1194
boundary_dD3,369,1194,1198
boundary_dD3,370,1198,1202
boundary_dD3,371,1202,1206
boundary_dD3,372,1206,1209
boundary_dD3,373,1209,1213
boundary_dD3,374,1213,1217
boundary_dD3,375,1217,1221
boundary_dD3,376,1221,1224
boundary_dD3,377,1224,1228
boundary_dD3,378,1228,1232
boundary_dD3,379,1232,1236
boundary_dD3,380,1236,1239
boundary_dD3,381,1239,1243
boundary_dD3,382,1243,1247
boundary_dD3,383,1247,1251
boundary_dD3,384,1251,1254
boundary_dD3,385,1254,1258
boundary_dD3,386,1258,1262
boundary_dD3,387,1262,1266
boundary_dD3,388,1266,1270
boundary_dD3,389,1270,1273
boundary_dD3,390,1273,1277
boundary_dD3,391,1277,1281
boundary_dD3,392,1281,1285
boundary_dD3,393,1285,1288
boundary_dD3,394,1288,1292
boundary_dD3,395,1292,1296
boundary_dD3,396,1296,1300
boundary_dD3,397,1300,1303
boundary_dD3,398,1303,1307
boundary_dD3,399,1307,1311
boundary_dD3,400,1311,1315
boundary_dD3,401,1315,1319
boundary_dD3,402,1319,1322
boundary_dD3,403,1322,1326
boundary_dD3,404,1326,1330
boundary_dD3,405,1330,1334
boundary_dD3,406,1334,1338
boundary_dD3,407,1338,1341
boundary_dD3,408,1341,1345
boundary_dD3,409,1345,1349
boundary_dD3,410,1349,1353
boundary_dD3,411,1353,1357
boundary_dD3,412,1357,1360
boundary_dD3,413,1360,1364
boundary_dD3,414,1364,1368
boundary_dD3,415,1368,1372
boundary_dD3,416,1372,1376
boundary_dD3,417,1376,1379
boundary_dD3,418,1379,1383
boundary_dD3,419,1383,1387
boundary_dD3,420,1387,1391
boundary_dD3,421,1391,1395
boundary_dD3,422,1395,1398
boundary_dD3,423,1398,1402
boundary_dD3,424,1402,1406
boundary_dD3,425,1406,1410
boundary_dD3,426,1410,1414
boundary_dD3,427,1414,1417
boundary_dD3,428,1417,1421
boundary_dD3,429,1421,1425
boundary_dD3,430,1425,1429
boundary_dD3,431,1429,1433
boundary_dD3,432,1433,1437
boundary_dD3,433,1437,1440
boundary_dD3,434,1440,1444
boundary_dD3,435,1444,1448
boundary_dD3,436,1448,1452
boundary_dD3,437,1452,1456
boundary_dD3,438,1456,1459
boundary_dD3,439,1459,1463
boundary_dD3,440,1463,1467
boundary_dD3,441,1467,1471
boundary_dD3,442,1471,1475
boundary_dD3,443,1475,1479
boundary_dD3,444,1479,1482
boundary_dD3,445,1482,1486
boundary_dD3,446,1486,1490
boundary_dD3,447,1490,1494
boundary_dD3,448,1494,1498
boundary_dD3,449,1498,1502
boundary_dD3,450,1502,1506
boundary_dD3,451,1506,1509
boundary_dD3,452,1509,1513
boundary_dD3,453,1513,1517
boundary_dD3,454,1517,1521
boundary_dD3,455,1521,1525
boundary_dD3,456,1525,1529
boundary_dD3,457,1529,1532
boundary_dD3,458,1532,1536
boundary_dD3,459,1536,1540
boundary_dD3,460,1540,1544
boundary_dD3,461,1544,1548
boundary_dD3,462,1548,1552
boundary_dD3,463,1552,1556
boundary_dD3,464,1556,1559
boundary_dD3,465,1559,1563
boundary_dD3,466,1563,1567
boundary_dD3,467,1567,1571
boundary_dD3,468,1571,1575
boundary_dD3,469,1575,1579
boundary_dD3,470,1579,1583
boundary_dD3,471,1583,1586
boundary_dD3,472,1586,1590
boundary_dD3,473,1590,1594
boundary_dD3,474,1594,1598
boundary_dD3,475,1598,1602
boundary_dD3,476,1602,1606
boundary_dD3,477,1606,1610
boundary_dD3,478,1610,1614
boundary_dD3,479,1614,1617
boundary_dD3,480,1617,1621
boundary_dD3,481,1621,1625
boundary_dD3,482,1625,1629
boundary_dD3,483,1629,1633
boundary_dD3,484,1633,1637
boundary_dD3,485,1637,1641
boundary_dD3,486,1641,1645
boundary_dD3,487,1645,1648
boundary_dD3,488,1648,1652
boundary_dD3,489,1652,1656
boundary_dD3,490,1656,1660
boundary_dD3,491,1660,1664
boundary_dD3,492,1664,1668
boundary_dD3,493,1668,1672
boundary_dD3,494,1672,1676
boundary_dD3,495,1676,1680
boundary_dD3,496,1680,1683
boundary_dD3,497,1683,1687
boundary_dD3,498,1687,1691
boundary_dD3,499,1691,1695
boundary_dD3,500,1695,1699
boundary_dD3,501,1699,1703
boundary_dD3,502,1703,1707
boundary_dD3,503,1707,1711
boundary_dD3,504,1711,1715
boundary_dD3,505,1715,1718
boundary_dD3,506,1718,1722
boundary_dD3,507,1722,1726
boundary_dD3,508,1726,1730
boundary_dD3,509,1730,1734
boundary_dD3,510,1734,1738
boundary_dD3,511,1738,1742
boundary_dD3,512,1742,1746
boundary_dD3,513,1746,1750
boundary_dD3,514,1750,1754
boundary_dD3,515,1754,1757
boundary_dD3,516,1757,1761
boundary_dD3,517,1761,1765
boundary_dD3,518,1765,1769
boundary_dD3,519,1769,1773
boundary_dD3,520,1773,1777
boundary_dD3,521,1777,1781
boundary_dD3,522,1781,1785
boundary_dD3,523,1785,1789
boundary_dD3,524,1789,1793
boundary_dD3,525,1793,1797
boundary_dD3,526,1797,1801
boundary_dD3,527,1801,1804
boundary_dD3,528,1804,1808
boundary_dD3,529,1808,1812
boundary_dD3,530,1812,1816
boundary_dD3,531,1816,1820
boundary_dD3,532,1820,1824
boundary_dD3,533,1824,1828
boundary_dD3,534,1828,1832
boundary_dD3,535,1832,1836
boundary_dD3,536,1836,1840
boundary_dD3,537,1840,1844
boundary_dD3,538,1844,1848
boundary_dD3,539,1848,1852
boundary_dD3,540,1852,1856
boundary_dD3,541,1856,1859
boundary_dD3,542,1859,1863
boundary_dD3,543,1863,1867
boundary_dD3,544,1867,1871
boundary_dD3,545,1871,1875
boundary_dD3,546,1875,1879
boundary_dD3,547,1879,1883
boundary_dD3,548,1883,1887
boundary_dD3,549,1887,1891
boundary_dD3,550,1891,1895
boundary_dD3,551,1895,1899
boundary_dD3,552,1899,1903
boundary_dD3,553,1903,1907
boundary_dD3,554,1907,1911
boundary_dD3,555,1911,1915
boundary_dD3,556,1915,1919
boundary_dD3,557,1919,1923
boundary_dD3,558,1923,1926
boundary_dD3,559,1926,1930
boundary_dD3,560,1930,1934
boundary_dD3,561,1934,1938
boundary_dD3,562,1938,1942
boundary_dD3,563,1942,1946
boundary_dD3,564,1946,1950
boundary_dD3,565,1950,1954
boundary_dD3,566,1954,1958
boundary_dD3,567,1958,1962
boundary_dD3,568,1962,1966
boundary_dD3,569,1966,1970
boundary_dD3,570,1970,1974
boundary_dD3,571,1974,1978
boundary_dD3,572,1978,1982
boundary_dD3,573,1982,1986
boundary_dD3,574,1986,1990
boundary_dD3,575,1990,1994
boundary_dD3,576,1994,1998
boundary_dD3,577,1998,2002
boundary_dD3,578,2002,2006
boundary_dD3,579,2006,2010
boundary_dD3,580,2010,2014
boundary_dD3,581,2014,2018
boundary_dD3,582,2018,2022
boundary_dD3,583,2022,2026
boundary_dD3,584,2026,2030
boundary_dD3,585,2030,2034
boundary_dD3,586,2034,2037
boundary_dD3,587,2037,2041
boundary_dD3,588,2041,2045
boundary_dD3,589,2045,2049
boundary_dD3,590,2049,2053
boundary_dD3,591,2053,2057
boundary_dD3,592,2057,2061
boundary_dD3,593,2061,2065
boundary_dD3,594,2065,2069
boundary_dD3,595,2069,2073
boundary_dD3,596,2073,2077
boundary_dD3,597,2077,2081
boundary_dD3,598,2081,2085
boundary_dD3,599,2085,2089
boundary_dD3,600,2089,2093
boundary_dD3,601,2093,2097
boundary_dD3,602,2097,2101
boundary_dD3,603,2101,2105
boundary_dD3,604,2105,2109
boundary_dD3,605,2109,2113
boundary_dD3,606,2113,2117
boundary_dD3,607,2117,2121
boundary_dD3,608,2121,2125
boundary_dD3,609,2125,2129
boundary_dD3,610,2129,2133
boundary_dD3,611,2133,2137
boundary_dD3,612,2137,2141
boundary_dD3,613,2141,2145
boundary_dD3,614,2145,2149
boundary_dD3,615,2149,2153
boundary_dD3,616,2153,2157
boundary_dD3,617,2157,2161
boundary_dD3,618,2161,2165
boundary_dD3,619,2165,2169
boundary_dD3,620,2169,2173
boundary_dD3,621,2173,2177
boundary_dD3,622,2177,2181
boundary_dD3,623,2181,2185
boundary_dD3,624,2185,2189
boundary_dD3,625,2189,2193
boundary_dD3,626,2193,2197
boundary_dD3,627,2197,2201
boundary_dD3,628,2201,2205
boundary_dD3,629,2205,2209
boundary_dD3,630,2209,2213
boundary_dD3,631,2213,2217
boundary_dD3,632,2217,2221
boundary_dD3,633,2221,2225
boundary_dD3,634,2225,2229
boundary_dD3,635,2229,2233
boundary_dD3,636,2233,2237
boundary_dD3,637,2237,2241
boundary_dD3,638,2241,2245
boundary_dD3,639,2245,2249
boundary_dD3,640,2249,2253
boundary_dD3,641,2253,2257
boundary_dD3,642,2257,2261
boundary_dD3,643,2261,2265
boundary_dD3,644,2265,2269
boundary_dD3,645,2269,2273
boundary_dD3,646,2273,2277
boundary_dD3,647,2277,2281
boundary_dD3,648,2281,2285
boundary_dD3,649,2285,2289
boundary_dD3,650,2289,2293
boundary_dD3,651,2293,2298
boundary_dD3,652,2298,2302
boundary_dD3,653,2302,2306
boundary_dD3,654,2306,2310
boundary_dD3,655,2310,2314
boundary_dD3,656,2314,2318
boundary_dD3,657,2318,2322
boundary_dD3,658,2322,2326
boundary_dD3,659,2326,2330
boundary_dD3,660,2330,2334
boundary_dD3,661,2334,2338
boundary_dD3,662,2338,2342
boundary_dD3,663,2342,2346
boundary_dD3,664,2346,2350
boundary_dD3,665,2350,2354
boundary_dD3,666,2354,2358
boundary_dD3,667,2358,2362
boundary_dD3,668,2362,2366
boundary_dD3,669,2366,2370
boundary_dD3,670,2370,2374
boundary_dD3,671,2374,2378
boundary_dD3,672,2378,2382
boundary_dD3,673,2382,2386
boundary_dD3,674,2386,2390
boundary_dD3,675,2390,2394
boundary_dD3,676,2394,2398
boundary_dD3,677,2398,2402
boundary_dD3,678,2402,2406
boundary_dD3,679,2406,2411
boundary_dD3,680,2411,2415
boundary_dD3,681,2415,2419
boundary_dD3,682,2419,2423
boundary_dD3,683,2423,2427
boundary_dD3,684,2427,2431
boundary_dD3,685,2431,2435
boundary_dD3,686,2435,2439
boundary_dD3,687,2439,2443
boundary_dD3,688,2443,2447
boundary_dD3,689,2447,2451
boundary_dD3,690,2451,2455
boundary_dD3,691,2455,2459
boundary_dD3,692,2459,2463
boundary_dD3,693,2463,2467
boundary_dD3,694,2467,2471
boundary_dD3,695,2471,2475
boundary_dD3,696,2475,2479
boundary_dD3,697,2479,2484
boundary_dD3,698,2484,2488
boundary_dD3,699,2488,2492
boundary_dD3,700,2492,2496
boundary_dD3,701,2496,2500
boundary_dD3,702,2500,2504
boundary_dD3,703,2504,2508
boundary_dD3,704,2508,2512
boundary_dD3,705,2512,2516
boundary_dD3,706,2516,2520
boundary_dD3,707,2520,2524
boundary_dD3,708,2524,2528
boundary_dD3,709,2528,2532
boundary_dD3,710,2532,2536
boundary_dD3,711,2536,2540
boundary_dD3,712,2540,2545
boundary_dD3,713,2545,2549
boundary_dD3,714,2549,2553
boundary_dD3,715,2553,2557
boundary_dD3,716,2557,2561
boundary_dD3,717,2561,2565
boundary_dD3,718,2565,2569
boundary_dD3,719,2569,2573
boundary_dD3,720,2573,2577
boundary_dD3,721,2577,2581
boundary_dD3,722,2581,2585
boundary_dD3,723,2585,2589
boundary_dD3,724,2589,2593
boundary_dD3,725,2593,2598
boundary_dD3,726,2598,2602
boundary_dD3,727,2602,2606
boundary_dD3,728,2606,2610
boundary_dD3,729,2610,2614
boundary_dD3,730,2614,2618
boundary_dD3,731,2618,2622
boundary_dD3,732,2622,2626
boundary_dD3,733,2626,2630
boundary_dD3,734,2630,2634
boundary_dD3,735,2634,2638
boundary_dD3,736,2638,2642
boundary_dD3,737,2642,2647
boundary_dD3,738,2647,2651
boundary_dD3,739,2651,2655
boundary_dD3,740,2655,2659
boundary_dD3,741,2659,2663
boundary_dD3,742,2663,2667
boundary_dD3,743,2667,2671
boundary_dD3,744,2671,2675
boundary_dD3,745,2675,2679
boundary_dD3,746,2679,2683
boundary_dD3,747,2683,2687
boundary_dD3,748,2687,2692
boundary_dD3,749,2692,2696
boundary_dD3,750,2696,2700
boundary_dD3,751,2700,2704
boundary_dD3,752,2704,2708
boundary_dD3,753,2708,2712
boundary_dD3,754,2712,2716
boundary_dD3,755,2716,2720
boundary_dD3,756,2720,2724
boundary_dD3,757,2724,2728
boundary_dD3,758,2728,2732
boundary_dD3,759,2732,2737
boundary_dD3,760,2737,2741
boundary_dD3,761,2741,2745
boundary_dD3,762,2745,2749
boundary_dD3,763,2749,2753
boundary_dD3,764,2753,2757
boundary_dD3,765,2757,2761
boundary_dD3,766,2761,2765
boundary_dD3,767,2765,2769
boundary_dD3,768,2769,2774
boundary_dD3,769,2774,2778
boundary_dD3,770,2778,2782
boundary_dD3,771,2782,2786
boundary_dD3,772,2786,2790
boundary_dD3,773,2790,2794
boundary_dD3,774,2794,2798
boundary_dD3,775,2798,2802
boundary_dD3,776,2802,2806
boundary_dD3,777,2806,2811
boundary_dD3,778,2811,2815
boundary_dD3,779,2815,2819
boundary_dD3,780,2819,2823
boundary_dD3,781,2823,2827
boundary_dD3,782,2827,2831
boundary_dD3,783,2831,2835
boundary_dD3,784,2835,2839
boundary_dD3,785,2839,2843
boundary_dD3,786,2843,2848
boundary_dD3,787,2848,2852
boundary_dD3,788,2852,2856
boundary_dD3,789,2856,2860
boundary_dD3,790,2860,2864
boundary_dD3,791,2864,2868
boundary_dD3,792,2868,2872
boundary_dD3,793,2872,2876
boundary_dD3,794,2876,2881
boundary_dD3,795,2881,2885
boundary_dD3,796,2885,2889
boundary_dD3,797,2889,2893
boundary_dD3,798,2893,2897
boundary_dD3,799,2897,2901
boundary_dD3,800,2901,2905
boundary_dD3,801,2905,2909
boundary_dD3,802,2909,2914
boundary_dD3,803,2914,2918
boundary_dD3,804,2918,2922
boundary_dD3,805,2922,2926
boundary_dD3,806,2926,2930
boundary_dD3,807,2930,2934
boundary_dD3,808,2934,2938
boundary_dD3,809,2938,2942
boundary_dD3,810,2942,2947
boundary_dD3,811,2947,2951
boundary_dD3,812,2951,2955
boundary_dD3,813,2955,2959
boundary_dD3,814,2959,2963
boundary_dD3,815,2963,2967
boundary_dD3,816,2967,2971
boundary_dD3,817,2971,2976
boundary_dD3,818,2976,2980
boundary_dD3,819,2980,2984
boundary_dD3,820,2984,2988
boundary_dD3,821,2988,2992
boundary_dD3,822,2992,2996
boundary_dD3,823,2996,3000
boundary_dD3,824,3000,3005
boundary_dD3,825,3005,3009
boundary_dD3,826,3009,3013
boundary_dD3,827,3013,3017
boundary_dD3,828,3017,3021
boundary_dD3,829,3021,3025
boundary_dD3,830,3025,3029
boundary_dD3,831,3029,3034
boundary_dD3,832,3034,3038
boundary_dD3,833,3038,3042
boundary_dD3,834,3042,3046
boundary_dD3,835,3046,3050
boundary_dD3,836,3050,3054
boundary_dD3,837,3054,3058
boundary_dD3,838,3058,3063
boundary_dD3,839,3063,3067
boundary_dD3,840,3067,3071
boundary_dD3,841,3071,3075
boundary_dD3,842,3075,3079
boundary_dD3,843,3079,3083
boundary_dD3,844,3083,3087
boundary_dD3,845,3087,3092
boundary_dD3,846,3092,3096
boundary_dD3,847,3096,3100
boundary_dD3,848,3100,3104
boundary_dD3,849,3104,3108
boundary_dD3,850,3108,3112
boundary_dD3,851,3112,3117
boundary_dD3,852,3117,3121
boundary_dD3,853,3121,3125
boundary_dD3,854,3125,3129
boundary_dD3,855,3129,3133
boundary_dD3,856,3133,3137
boundary_dD3,857,3137,3142
boundary_dD3,858,3142,3146
boundary_dD3,859,3146,3150
boundary_dD3,860,3150,3154
boundary_dD3,861,3154,3158
boundary_dD3,862,3158,3162
boundary_dD3,863,3162,3167
boundary_dD3,864,3167,3171
boundary_dD3,865,3171,3175
boundary_dD3,866,3175,3179
boundary_dD3,867,3179,3183
boundary_dD3,868,3183,3187
boundary_dD3,869,3187,3192
boundary_dD3,870,3192,3196
boundary_dD3,871,3196,3200
boundary_dD3,872,3200,3204
boundary_dD3,873,3204,3208
boundary_dD3,874,3208,3212
boundary_dD3,875,3212,3217
boundary_dD3,876,3217,3221
boundary_dD3,877,3221,3225
boundary_dD3,878,3225,3229
boundary_dD3,879,3229,3233
boundary_dD3,880,3233,3237
boundary_dD3,881,3237,3242
boundary_dD3,882,3242,3246
boundary_dD3,883,3246,3250
boundary_dD3,884,3250,3254
boundary_dD3,885,3254,3258
boundary_dD3,886,3258,3262
boundary_dD3,887,3262,3267
boundary_dD3,888,3267,3271
boundary_dD3,889,3271,3275
boundary_dD3,890,3275,3279
boundary_dD3,891,3279,3283
boundary_dD3,892,3283,3287
boundary_dD3,893,3287,3292
boundary_dD3,894,3292,3296
boundary_dD3,895,3296,3300
boundary_dD3,896,3300,3304
boundary_dD3,897,3304,3308
boundary_dD3,898,3308,3313
boundary_dD3,899,3313,3317
boundary_dD3,900,3317,3321
boundary_dD3,901,3321,3325
boundary_dD3,902,3325,3329
boundary_dD3,903,3329,3333
boundary_dD3,904,3333,3338
boundary_dD3,905,3338,3342
boundary_dD3,906,3342,3346
boundary_dD3,907,3346,3350
boundary_dD3,908,3350,3354
boundary_dD3,909,3354,3359
boundary_dD3,910,3359,3363
boundary_dD3,911,3363,3367
boundary_dD3,912,3367,3371
boundary_dD3,913,3371,3375
boundary_dD3,914,3375,3380
boundary_dD3,915,3380,3384
boundary_dD3,916,3384,3388
boundary_dD3,917,3388,3392
boundary_dD3,918,3392,3396
boundary_dD3,919,3396,3401
boundary_dD3,920,3401,3405
boundary_dD3,921,3405,3409
boundary_dD3,922,3409,3413
boundary_dD3,923,3413,3417
boundary_dD3,924,3417,3421
boundary_dD3,925,3421,3426
boundary_dD3,926,3426,3430
boundary_dD3,927,3430,3434
boundary_dD3,928,3434,3438
boundary_dD3,929,3438,3442
boundary_dD3,930,3442,3447
boundary_dD3,931,3447,3451
boundary_dD3,932,3451,3455
boundary_dD3,933,3455,3459
boundary_dD3,934,3459,3463
boundary_dD3,935,3463,3468
boundary_dD3,936,3468,3472
boundary_dD3,937,3472,3476
boundary_dD3,938,3476,3480
boundary_dD3,939,3480,3484
boundary_dD3,940,3484,3489
boundary_dD3,941,3489,3493
boundary_dD3,942,3493,3497
boundary_dD3,943,3497,3501
boundary_dD3,944,3501,3506
boundary_dD3,945,3506,3510
boundary_dD3,946,3510,3514
boundary_dD3,947,3514,3518
boundary_dD3,948,3518,3522
boundary_dD3,949,3522,3527
boundary_dD3,950,3527,3531
boundary_dD3,951,3531,3535
boundary_dD3,952,3535,3539
boundary_dD3,953,3539,3543
boundary_dD3,954,3543,3548
boundary_dD3,955,3548,3552
boundary_dD3,956,3552,3556
boundary_dD3,957,3556,3560
boundary_dD3,958,3560,3564
boundary_dD3,959,3564,3569
boundary_dD3,960,3569,3573
boundary_dD3,961,3573,3577
boundary_dD3,962,3577,3581
boundary_dD3,963,3581,3586
boundary_dD3,964,3586,3590
boundary_dD3,965,3590,3594
boundary_dD3,966,3594,3598
boundary_dD3,967,3598,3602
boundary_dD3,968,3602,3607
boundary_dD3,969,3607,3611
boundary_dD3,970,3611,3615
boundary_dD3,971,3615,3619
boundary_dD3,972,3619,3624
boundary_dD3,973,3624,3628
boundary_dD3,974,3628,3632
boundary_dD3,975,3632,3636
boundary_dD3,976,3636,3640
boundary_dD3,977,3640,3645
boundary_dD3,978,3645,3649
boundary_dD3,979,3649,3653
boundary_dD3,980,3653,3657
boundary_dD3,981,3657,3662
boundary_dD3,982,3662,3666
boundary_dD3,983,3666,3670
boundary_dD3,984,3670,3674
boundary_dD3,985,3674,3678
boundary_dD3,986,3678,3683
boundary_dD3,987,3683,3687
boundary_dD3,988,3687,3691
boundary_dD3,989,3691,3695
boundary_dD3,990,3695,3700
boundary_dD3,991,3700,3704
boundary_dD3,992,3704,3708
boundary_dD3,993,3708,3712
boundary_dD3,994,3712,3717
boundary_dD3,995,3717,3721
boundary_dD3,996,3721,3725
boundary_dD3,997,3725,3729
boundary_dD3,998,3729,3733
boundary_dD3,999,3733,3738
boundary_dD3,1000,3738,3742
boundary_dD3,1001,3742,3746
boundary_dD3,1002,3746,3750
boundary_dD3,1003,3750,3755
boundary_dD3,1004,3755,3759
boundary_dD3,1005,3759,3763
boundary_dD3,1006,3763,3767
boundary_dD3,1007,3767,3772
boundary_dD3,1008,3772,3776
boundary_dD3,1009,3776,3780
boundary_dD3,1010,3780,3784
boundary_dD3,1011,3784,3789
boundary_dD3,1012,3789,3793
boundary_dD3,1013,3793,3797
boundary_dD3,1014,3797,3801
boundary_dD3,1015,3801,3806
boundary_dD3,1016,3806,3810
boundary_dD3,1017,3810,3814
boundary_dD3,1018,3814,3818
boundary_dD3,1019,3818,3823
boundary_dD3,1020,3823,3827
boundary_dD3,1021,3827,3831
boundary_dD3,1022,3831,3835
boundary_dD3,1023,3835,3840
boundary_dD3,1024,3840,3844
boundary_dD3,1025,3844,3848
boundary_dD3,1026,3848,3852
boundary_dD3,1027,3852,3857
boundary_dD3,1028,3857,3861
boundary_dD3,1029,3861,3865
boundary_dD3,1030,3865,3869
boundary_dD3,1031,3869,3874
boundary_dD3,1032,3874,3878
boundary_dD3,1033,3878,3882
boundary_dD3,1034,3882,3886
boundary_dD3,1035,3886,3891
boundary_dD3,1036,3891,3895
boundary_dD3,1037,3895,3899
boundary_dD3,1038,3899,3903
boundary_dD3,1039,3903,3908
boundary_dD3,1040,3908,3912
boundary_dD3,1041,3912,3916
boundary_dD3,1042,3916,3920
boundary_dD3,1043,3920,3925
boundary_dD3,1044,3925,3929
boundary_dD3,1045,3929,3933
boundary_dD3,1046,3933,3937
boundary_dD3,1047,3937,3942
boundary_dD3,1048,3942,3946
boundary_dD3,1049,3946,3950
boundary_dD3,1050,3950,3954
boundary_dD3,1051,3954,3959
boundary_dD3,1052,3959,3963
boundary_dD3,1053,3963,3967
boundary_dD3,1054,3967,3971
boundary_dD3,1055,3971,3976
boundary_dD3,1056,3976,3980
boundary_dD3,1057,3980,3984
boundary_dD3,1058,3984,3989
boundary_dD3,1059,3989,3993
boundary_dD3,1060,3993,3997
boundary_dD3,1061,3997,4001
boundary_dD3,1062,4001,4006
boundary_dD3,1063,4006,4010
boundary_dD3,1064,4010,4014
boundary_dD3,1065,4014,4018
boundary_dD3,1066,4018,4023
boundary_dD3,1067,4023,4027
boundary_dD3,1068,4027,4031
boundary_dD3,1069,4031,4035
boundary_dD3,1070,4035,4040
boundary_dD3,1071,4040,4044
boundary_dD3,1072,4044,4048
boundary_dD3,1073,4048,4053
boundary_dD3,1074,4053,4057
boundary_dD3,1075,4057,4061
boundary_dD3,1076,4061,4065
boundary_dD3,1077,4065,4070
boundary_dD3,1078,4070,4074
boundary_dD3,1079,4074,4078
boundary_dD3,1080,4078,4082
boundary_dD3,1081,4082,4087
boundary_dD3,1082,4087,4091
boundary_dD3,1083,4091,4095
boundary_dD3,1084,4095,4100
boundary_dD3,1085,4100,4104
boundary_dD3,1086,4104,4108
boundary_dD3,1087,4108,4112
boundary_dD3,1088,4112,4117
boundary_dD3,1089,4117,4121
boundary_dD3,1090,4121,4125
boundary_dD3,1091,4125,4130
boundary_dD3,1092,4130,4134
boundary_dD3,1093,4134,4138
boundary_dD3,1094,4138,4142
boundary_dD3,1095,4142,4147
boundary_dD3,1096,4147,4151
boundary_dD3,1097,4151,4155
boundary_dD3,1098,4155,4160
boundary_dD3,1099,4160,4164
boundary_dD3,1100,4164,4168
boundary_dD3,1101,4168,4172
boundary_dD3,1102,4172,4177
boundary_dD3,1103,4177,4181
boundary_dD3,1104,4181,4185
boundary_dD3,1105,4185,4190
boundary_dD3,1106,4190,4194
boundary_dD3,1107,4194,4198
boundary_dD3,1108,4198,4202
boundary_dD3,1109,4202,4207
boundary_dD3,1110,4207,4211
boundary_dD3,1111,4211,4215
boundary_dD3,1112,4215,4220
boundary_dD3,1113,4220,4224
boundary_dD3,1114,4224,4228
boundary_dD3,1115,4228,4232
boundary_dD3,1116,4232,4237
boundary_dD3,1117,4237,4241
boundary_dD3,1118,4241,4245
boundary_dD3,1119,4245,4250
boundary_dD3,1120,4250,4254
boundary_dD3,1121,4254,4258
boundary_dD3,1122,4258,4263
boundary_dD3,1123,4263,4267
boundary_dD3,1124,4267,4271
boundary_dD3,1125,4271,4275
boundary_dD3,1126,4275,4280
boundary_dD3,1127,4280,4284
boundary_dD3,1128,4284,4288
boundary_dD3,1129,4288,4293
boundary_dD3,1130,4293,4297
boundary_dD3,1131,4297,4301
boundary_dD3,1132,4301,4306
boundary_dD3,1133,4306,4310
boundary_dD3,1134,4310,4314
boundary_dD3,1135,4314,4318
boundary_dD3,1136,4318,4323
boundary_dD3,1137,4323,4327
boundary_dD3,1138,4327,4331
boundary_dD3,1139,4331,4336
boundary_dD3,1140,4336,4340
boundary_dD3,1141,4340,4344
boundary_dD3,1142,4344,4349
boundary_dD3,1143,4349,4353
boundary_dD3,1144,4353,4357
boundary_dD3,1145,4357,4361
boundary_dD3,1146,4361,4366
boundary_dD3,1147,4366,4370
boundary_dD3,1148,4370,4374
boundary_dD3,1149,4374,4379
boundary_dD3,1150,4379,4383
boundary_dD3,1151,4383,4387
boundary_dD3,1152,4387,4392
boundary_dD3,1153,4392,4396
boundary_dD3,1154,4396,4400
boundary_dD3,1155,4400,4405
boundary_dD3,1156,4405,4409
boundary_dD3,1157,4409,4413
boundary_dD3,1158,4413,4417
boundary_dD3,1159,4417,4422
boundary_dD3,1160,4422,4426
boundary_dD3,1161,4426,4430
boundary_dD3,1162,4430,4435
boundary_dD3,1163,4435,4439
boundary_dD3,1164,4439,4443
boundary_dD3,1165,4443,4448
boundary_dD3,1166,4448,4452
boundary_dD3,1167,4452,4456
boundary_dD3,1168,4456,4461
boundary_dD3,1169,4461,4465
boundary_dD3,1170,4465,4469
boundary_dD3,1171,4469,4474
boundary_dD3,1172,4474,4478
boundary_dD3,1173,4478,4482
boundary_dD3,1174,4482,4487
boundary_dD3,1175,4487,4491
boundary_dD3,1176,4491,4495
boundary_dD3,1177,4495,4499
boundary_dD3,1178,4499,4504
boundary_dD3,1179,4504,4508
boundary_dD3,1180,4508,4512
boundary_dD3,1181,4512,4517
boundary_dD3,1182,4517,4521
boundary_dD3,1183,4521,4525
boundary_dD3,1184,4525,4530
boundary_dD3,1185,4530,4534
boundary_dD3,1186,4534,4538
boundary_dD3,1187,4538,4543
boundary_dD3,1188,4543,4547
boundary_dD3,1189,4547,4551
boundary_dD3,1190,4551,4556
boundary_dD3,1191,4556,4560
boundary_dD3,1192,4560,4564
boundary_dD3,1193,4564,4569
boundary_dD3,1194,4569,4573
boundary_dD3,1195,4573,4577
boundary_dD3,1196,4577,4582
boundary_dD3,1197,4582,4586
boundary_dD3,1198,4586,4590
boundary_dD3,1199,4590,4595
boundary_dD3,1200,4595,4599
boundary_dD3,1201,4599,4603
boundary_dD3,1202,4603,4608
boundary_dD3,1203,4608,4612
boundary_dD3,1204,4612,4616
boundary_dD3,1205,4616,4621
boundary_dD3,1206,4621,4625
boundary_dD3,1207,4625,4629
boundary_dD3,1208,4629,4634
boundary_dD3,1209,4634,4638
boundary_dD3,1210,4638,4642
boundary_dD3,1211,4642,4647
boundary_dD3,1212,4647,4651
boundary_dD3,1213,4651,4655
boundary_dD3,1214,4655,4660
boundary_dD3,1215,4660,4664
boundary_dD3,1216,4664,4668
boundary_dD3,1217,4668,4673
boundary_dD3,1218,4673,4677
boundary_dD3,1219,4677,4681
boundary_dD3,1220,4681,4686
boundary_dD3,1221,4686,4690
boundary_dD3,1222,4690,4694
boundary_dD3,1223,4694,4699
boundary_dD3,1224,4699,4703
boundary_dD3,1225,4703,4707
boundary_dD3,1226,4707,4712
boundary_dD3,1227,4712,4716
boundary_dD3,1228,4716,4720
boundary_dD3,1229,4720,4725
boundary_dD3,1230,4725,4729
boundary_dD3,1231,4729,4733
boundary_dD3,1232,4733,4738
boundary_dD3,1233,4738,4742
boundary_dD3,1234,4742,4746
boundary_dD3,1235,4746,4751
boundary_dD3,1236,4751,4755
boundary_dD3,1237,4755,4759
boundary_dD3,1238,4759,4764
boundary_dD3,1239,4764,4768
boundary_dD3,1240,4768,4772
boundary_dD3,1241,4772,4777
boundary_dD3,1242,4777,4781
boundary_dD3,1243,4781,4785
boundary_dD3,1244,4785,4790
boundary_dD3,1245,4790,4794
boundary_dD3,1246,4794,4798
boundary_dD3,1247,4798,4803
boundary_dD3,1248,4803,4807
boundary_dD3,1249,4807,4811
boundary_dD3,1250,4811,4816
boundary_dD3,1251,4816,4820
boundary_dD3,1252,4820,4825
boundary_dD3,1253,4825,4829
boundary_dD3,1254,4829,4833
boundary_dD3,1255,4833,4838
boundary_dD3,1256,4838,4842
boundary_dD3,1257,4842,4846
boundary_dD3,1258,4846,4851
boundary_dD3,1259,4851,4855
boundary_dD3,1260,4855,4859
boundary_dD3,1261,4859,4864
boundary_dD3,1262,4864,4868
boundary_dD3,1263,4868,4872
boundary_dD3,1264,4872,4877
boundary_dD3,1265,4877,4881
boundary_dD3,1266,4881,4885
boundary_dD3,1267,4885,4890
boundary_dD3,1268,4890,4894
boundary_dD3,1269,4894,4899
boundary_dD3,1270,4899,4903
boundary_dD3,1271,4903,4907
boundary_dD3,1272,4907,4912
boundary_dD3,1273,4912,4916
boundary_dD3,1274,4916,4920
boundary_dD3,1275,4920,4925
boundary_dD3,1276,4925,4929
boundary_dD3,1277,4929,4933
boundary_dD3,1278,4933,4938
boundary_dD3,1279,4938,4942
boundary_dD3,1280,4942,4946
boundary_dD3,1281,4946,4951
boundary_dD3,1282,4951,4955
boundary_dD3,1283,4955,4960
boundary_dD3,1284,4960,4964
boundary_dD3,1285,4964,4968
boundary_dD3,1286,4968,4973
boundary_dD3,1287,4973,4977
boundary_dD3,1288,4977,4981
boundary_dD3,1289,4981,4986
boundary_dD3,1290,4986,4990
boundary_dD3,1291,4990,4994
boundary_dD3,1292,4994,4999
boundary_dD3,1293,4999,5003
boundary_dD3,1294,5003,5007
boundary_dD3,1295,5007,5012
boundary_dD3,1296,5012,5016
boundary_dD3,1297,5016,5021
boundary_dD3,1298,5021,5025
boundary_dD3,1299,5025,5029
boundary_dD3,1300,5029,5034
boundary_dD3,1301,5034,5038
boundary_dD3,1302,5038,5042
boundary_dD3,1303,5042,5047
boundary_dD3,1304,5047,5051
boundary_dD3,1305,5051,5055
boundary_dD3,1306,5055,5060
boundary_dD3,1307,5060,5064
boundary_dD3,1308,5064,5069
boundary_dD3,1309,5069,5073
boundary_dD3,1310,5073,5077
boundary_dD3,1311,5077,5082
boundary_dD3,1312,5082,5086
boundary_dD3,1313,5086,5090
boundary_dD3,1314,5090,5095
boundary_dD3,1315,5095,5099
boundary_dD3,1316,5099,5104
boundary_dD3,1317,5104,5108
boundary_dD3,1318,5108,5112
boundary_dD3,1319,5112,5117
boundary_dD3,1320,5117,5121
boundary_dD3,1321,5121,5125
boundary_dD3,1322,5125,5130
boundary_dD3,1323,5130,5134
boundary_dD3,1324,5134,5139
boundary_dD3,1325,5139,5143
boundary_dD3,1326,5143,5147
boundary_dD3,1327,5147,5152
boundary_dD3,1328,5152,5156
boundary_dD3,1329,5156,5160
boundary_dD3,1330,5160,5165
boundary_dD3,1331,5165,5169
boundary_dD3,1332,5169,5174
boundary_dD3,1333,5174,5178
boundary_dD3,1334,5178,5182
boundary_dD3,1335,5182,5187
boundary_dD3,1336,5187,5191
boundary_dD3,1337,5191,5195
boundary_dD3,1338,5195,5200
boundary_dD3,1339,5200,5204
boundary_dD3,1340,5204,5209
boundary_dD3,1341,5209,5213
boundary_dD3,1342,5213,5217
boundary_dD3,1343,5217,5222
boundary_dD3,1344,5222,5226
boundary_dD3,1345,5226,5230
boundary_dD3,1346,5230,5235
boundary_dD3,1347,5235,5239
boundary_dD3,1348,5239,5244
boundary_dD3,1349,5244,5248
boundary_dD3,1350,5248,5252
boundary_dD3,1351,5252,5257
boundary_dD3,1352,5257,5261
boundary_dD3,1353,5261,5265
boundary_dD3,1354,5265,5270
boundary_dD3,1355,5270,5274
boundary_dD3,1356,5274,5279
boundary_dD3,1357,5279,5283
boundary_dD3,1358,5283,5287
boundary_dD3,1359,5287,5292
boundary_dD3,1360,5292,5296
boundary_dD3,1361,5296,5301
boundary_dD3,1362,5301,5305
boundary_dD3,1363,5305,5309
boundary_dD3,1364,5309,5314
boundary_dD3,1365,5314,5318
boundary_dD3,1366,5318,5323
boundary_dD3,1367,5323,5327
boundary_dD3,1368,5327,5331
boundary_dD3,1369,5331,5336
boundary_dD3,1370,5336,5340
boundary_dD3,1371,5340,5344
boundary_dD3,1372,5344,5349
boundary_dD3,1373,5349,5353
boundary_dD3,1374,5353,5358
boundary_dD3,1375,5358,5362
boundary_dD3,1376,5362,5366
boundary_dD3,1377,5366,5371
boundary_dD3,1378,5371,5375
boundary_dD3,1379,5375,5380
boundary_dD3,1380,5380,5384
boundary_dD3,1381,5384,5388
boundary_dD3,1382,5388,5393
boundary_dD3,1383,5393,5397
boundary_dD3,1384,5397,5402
boundary_dD3,1385,5402,5406
boundary_dD3,1386,5406,5410
boundary_dD3,1387,5410,5415
boundary_dD3,1388,5415,5419
boundary_dD3,1389,5419,5424
boundary_dD3,1390,5424,5428
boundary_dD3,1391,5428,5432
boundary_dD3,1392,5432,5437
boundary_dD3,1393,5437,5441
boundary_dD3,1394,5441,5446
boundary_dD3,1395,5446,5450
boundary_dD3,1396,5450,5454
boundary_dD3,1397,5454,5459
boundary_dD3,1398,5459,5463
boundary_dD3,1399,5463,5468
boundary_dD3,1400,5468,5472
boundary_dD3,1401,5472,5476
boundary_dD3,1402,5476,5481
boundary_dD3,1403,5481,5485
boundary_dD3,1404,5485,5490
boundary_dD3,1405,5490,5494
boundary_dD3,1406,5494,5498
boundary_dD3,1407,5498,5503
boundary_dD3,1408,5503,5507
boundary_dD3,1409,5507,5512
boundary_dD3,1410,5512,5516
boundary_dD3,1411,5516,5520
boundary_dD3,1412,5520,5525
boundary_dD3,1413,5525,5529
boundary_dD3,1414,5529,5534
boundary_dD3,1415,5534,5538
boundary_dD3,1416,5538,5542
boundary_dD3,1417,5542,5547
boundary_dD3,1418,5547,5551
boundary_dD3,1419,5551,5556
boundary_dD3,1420,5556,5560
boundary_dD3,1421,5560,5564
boundary_dD3,1422,5564,5569
boundary_dD3,1423,5569,5573
boundary_dD3,1424,5573,5578
boundary_dD3,1425,5578,5582
boundary_dD3,1426,5582,5587
boundary_dD3,1427,5587,5591
boundary_dD3,1428,5591,5595
boundary_dD3,1429,5595,5600
boundary_dD3,1430,5600,5604
boundary_dD3,1431,5604,5609
boundary_dD3,1432,5609,5613
boundary_dD3,1433,5613,5617
boundary_dD3,1434,5617,5622
boundary_dD3,1435,5622,5626
boundary_dD3,1436,5626,5631
boundary_dD3,1437,5631,5635
boundary_dD3,1438,5635,5640
boundary_dD3,1439,5640,5644
boundary_dD3,1440,5644,5648
boundary_dD3,1441,5648,5653
boundary_dD3,1442,5653,5657
boundary_dD3,1443,5657,5662
boundary_dD3,1444,5662,5666
boundary_dD3,1445,5666,5670
boundary_dD3,1446,5670,5675
boundary_dD3,1447,5675,5679
boundary_dD3,1448,5679,5684
boundary_dD3,1449,5684,5688
boundary_dD3,1450,5688,5693
boundary_dD3,1451,5693,5697
boundary_dD3,1452,5697,5701
boundary_dD3,1453,5701,5706
boundary_dD3,1454,5706,5710
boundary_dD3,1455,5710,5715
boundary_dD3,1456,5715,5719
boundary_dD3,1457,5719,5723
boundary_dD3,1458,5723,5728
boundary_dD3,1459,5728,5732
boundary_dD3,1460,5732,5737
boundary_dD3,1461,5737,5741
boundary_dD3,1462,5741,5746
boundary_dD3,1463,5746,5750
boundary_dD3,1464,5750,5754
boundary_dD3,1465,5754,5759
boundary_dD3,1466,5759,5763
boundary_dD3,1467,5763,5768
boundary_dD3,1468,5768,5772
boundary_dD3,1469,5772,5777
boundary_dD3,1470,5777,5781
boundary_dD3,1471,5781,5785
boundary_dD3,1472,5785,5790
boundary_dD3,1473,5790,5794
boundary_dD3,1474,5794,5799
boundary_dD3,1475,5799,5803
boundary_dD3,1476,5803,5808
boundary_dD3,1477,5808,5812
boundary_dD3,1478,5812,5816
boundary_dD3,1479,5816,5821
boundary_dD3,1480,5821,5825
boundary_dD3,1481,5825,5830
boundary_dD3,1482,5830,5834
boundary_dD3,1483,5834,5839
boundary_dD3,1484,5839,5843
boundary_dD3,1485,5843,5847
boundary_dD3,1486,5847,5852
boundary_dD3,1487,5852,5856
boundary_dD3,1488,5856,5861
boundary_dD3,1489,5861,5865
boundary_dD3,1490,5865,5870
boundary_dD3,1491,5870,5874
boundary_dD3,1492,5874,5878
boundary_dD3,1493,5878,5883
boundary_dD3,1494,5883,5887
boundary_dD3,1495,5887,5892
boundary_dD3,1496,5892,5896
boundary_dD3,1497,5896,5901
boundary_dD3,1498,5901,5905
boundary_dD3,1499,5905,5909
boundary_dD3,1500,5909,5914
boundary_dD3,1501,5914,5918
boundary_dD3,1502,5918,5923
boundary_dD3,1503,5923,5927
boundary_dD3,1504,5927,5932
boundary_dD3,1505,5932,5936
boundary_dD3,1506,5936,5940
boundary_dD3,1507,5940,5945
boundary_dD3,1508,5945,5949
boundary_dD3,1509,5949,5954
boundary_dD3,1510,5954,5958
boundary_dD3,1511,5958,5963
boundary_dD3,1512,5963,5967
boundary_dD3,1513,5967,5972
boundary_dD3,1514,5972,5976
boundary_dD3,1515,5976,5980
boundary_dD3,1516,5980,5985
boundary_dD3,1517,5985,5989
boundary_dD3,1518,5989,5994
boundary_dD3,1519,5994,5998
boundary_dD3,1520,5998,6003
boundary_dD3,1521,6003,6007
boundary_dD3,1522,6007,6012
boundary_dD3,1523,6012,6016
boundary_dD3,1524,6016,6020
boundary_dD3,1525,6020,6025
boundary_dD3,1526,6025,6029
boundary_dD3,1527,6029,6034
boundary_dD3,1528,6034,6038
boundary_dD3,1529,6038,6043
boundary_dD3,1530,6043,6047
boundary_dD3,1531,6047,6052
boundary_dD3,1532,6052,6056
boundary_dD3,1533,6056,6060
boundary_dD3,1534,6060,6065
boundary_dD3,1535,6065,6069
boundary_dD3,1536,6069,6074
boundary_dD3,1537,6074,6078
boundary_dD3,1538,6078,6083
boundary_dD3,1539,6083,6087
boundary_dD3,1540,6087,6092
boundary_dD3,1541,6092,6096
boundary_dD3,1542,6096,6100
boundary_dD3,1543,6100,6105
boundary_dD3,1544,6105,6109
boundary_dD3,1545,6109,6114
boundary_dD3,1546,6114,6118
boundary_dD3,1547,6118,6123
boundary_dD3,1548,6123,6127
boundary_dD3,1549,6127,6132
boundary_dD3,1550,6132,6136
boundary_dD3,1551,6136,6140
boundary_dD3,1552,6140,6145
boundary_dD3,1553,6145,6149
boundary_dD3,1554,6149,6154
boundary_dD3,1555,6154,6158
boundary_dD3,1556,6158,6163
boundary_dD3,1557,6163,6167
boundary_dD3,1558,6167,6172
boundary_dD3,1559,6172,6176
boundary_dD3,1560,6176,6181
boundary_dD3,1561,6181,6185
boundary_dD3,1562,6185,6189
boundary_dD3,1563,6189,6194
boundary_dD3,1564,6194,6198
boundary_dD3,1565,6198,6203
boundary_dD3,1566,6203,6207
boundary_dD3,1567,6207,6212
boundary_dD3,1568,6212,6216
boundary_dD3,1569,6216,6221
boundary_dD3,1570,6221,6225
boundary_dD3,1571,6225,6230
boundary_dD3,1572,6230,6234
boundary_dD3,1573,6234,6238
boundary_dD3,1574,6238,6243
boundary_dD3,1575,6243,6247
boundary_dD3,1576,6247,6252
boundary_dD3,1577,6252,6256
boundary_dD3,1578,6256,6261
boundary_dD3,1579,6261,6265
boundary_dD3,1580,6265,6270
boundary_dD3,1581,6270,6274
boundary_dD3,1582,6274,6279
boundary_dD3,1583,6279,6283
boundary_dD3,1584,6283,6288
boundary_dD3,1585,6288,6292
boundary_dD3,1586,6292,6296
boundary_dD3,1587,6296,6301
boundary_dD3,1588,6301,6305
boundary_dD3,1589,6305,6310
boundary_dD3,1590,6310,6314
boundary_dD3,1591,6314,6319
boundary_dD3,1592,6319,6323
boundary_dD3,1593,6323,6328
boundary_dD3,1594,6328,6332
boundary_dD3,1595,6332,6337
boundary_dD3,1596,6337,6341
boundary_dD3,1597,6341,6346
boundary_dD3,1598,6346,6350
boundary_dD3,1599,6350,6354
boundary_dD3,1600,6354,6359
boundary_dD3,1601,6359,6363
boundary_dD3,1602,6363,6368
boundary_dD3,1603,6368,6372
boundary_dD3,1604,6372,6377
boundary_dD3,1605,6377,6381
boundary_dD3,1606,6381,6386
boundary_dD3,1607,6386,6390
boundary_dD3,1608,6390,6395
boundary_dD3,1609,6395,6399
boundary_dD3,1610,6399,6404
boundary_dD3,1611,6404,6408
boundary_dD3,1612,6408,6413
boundary_dD3,1613,6413,6417
boundary_dD3,1614,6417,6422
boundary_dD3,1615,6422,6426
boundary_dD3,1616,6426,6430
boundary_dD3,1617,6430,6435
boundary_dD3,1618,6435,6439
boundary_dD3,1619,6439,6444
boundary_dD3,1620,6444,6448
boundary_dD3,1621,6448,6453
boundary_dD3,1622,6453,6457
boundary_dD3,1623,6457,6462
boundary_dD3,1624,6462,6466
boundary_dD3,1625,6466,6471
boundary_dD3,1626,6471,6475
boundary_dD3,1627,6475,6480
boundary_dD3,1628,6480,6484
boundary_dD3,1629,6484,6489
boundary_dD3,1630,6489,6493
boundary_dD3,1631,6493,6498
boundary_dD3,1632,6498,6502
boundary_dD3,1633,6502,6507
boundary_dD3,1634,6507,6511
boundary_dD3,1635,6511,6515
boundary_dD3,1636,6515,6520
boundary_dD3,1637,6520,6524
boundary_dD3,1638,6524,6529
boundary_dD3,1639,6529,6533
boundary_dD3,1640,6533,6538
boundary_dD3,1641,6538,6542
boundary_dD3,1642,6542,6547
boundary_dD3,1643,6547,6551
boundary_dD3,1644,6551,6556
boundary_dD3,1645,6556,6560
boundary_dD3,1646,6560,6565
boundary_dD3,1647,6565,6569
boundary_dD3,1648,6569,6574
boundary_dD3,1649,6574,6578
boundary_dD3,1650,6578,6583
boundary_dD3,1651,6583,6587
boundary_dD3,1652,6587,6592
boundary_dD3,1653,6592,6596
boundary_dD3,1654,6596,6601
boundary_dD3,1655,6601,6605
boundary_dD3,1656,6605,6610
boundary_dD3,1657,6610,6614
boundary_dD3,1658,6614,6619
boundary_dD3,1659,6619,6623
boundary_dD3,1660,6623,6628
boundary_dD3,1661,6628,6632
boundary_dD3,1662,6632,6636
boundary_dD3,1663,6636,6641
boundary_dD3,1664,6641,6645
boundary_dD3,1665,6645,6650
boundary_dD3,1666,6650,6654
boundary_dD3,1667,6654,6659
boundary_dD3,1668,6659,6663
boundary_dD3,1669,6663,6668
boundary_dD3,1670,6668,6672
boundary_dD3,1671,6672,6677
boundary_dD3,1672,6677,6681
boundary_dD3,1673,6681,6686
boundary_dD3,1674,6686,6690
boundary_dD3,1675,6690,6695
boundary_dD3,1676,6695,6699
boundary_dD3,1677,6699,6704
boundary_dD3,1678,6704,6708
boundary_dD3,1679,6708,6713
boundary_dD3,1680,6713,6717
boundary_dD3,1681,6717,6722
boundary_dD3,1682,6722,6726
boundary_dD3,1683,6726,6731
boundary_dD3,1684,6731,6735
boundary_dD3,1685,6735,6740
boundary_dD3,1686,6740,6744
boundary_dD3,1687,6744,6749
boundary_dD3,1688,6749,6753
boundary_dD3,1689,6753,6758
boundary_dD3,1690,6758,6762
boundary_dD3,1691,6762,6767
boundary_dD3,1692,6767,6771
boundary_dD3,1693,6771,6776
boundary_dD3,1694,6776,6780
boundary_dD3,1695,6780,6785
boundary_dD3,1696,6785,6789
boundary_dD3,1697,6789,6794
boundary_dD3,1698,6794,6798
boundary_dD3,1699,6798,6803
boundary_dD3,1700,6803,6807
boundary_dD3,1701,6807,6812
boundary_dD3,1702,6812,6816
boundary_dD3,1703,6816,6821
boundary_dD3,1704,6821,6825
boundary_dD3,1705,6825,6830
boundary_dD3,1706,6830,6834
boundary_dD3,1707,6834,6839
boundary_dD3,1708,6839,6843
boundary_dD3,1709,6843,6848
boundary_dD3,1710,6848,6852
boundary_dD3,1711,6852,6857
boundary_dD3,1712,6857,6861
boundary_dD3,1713,6861,6866
boundary_dD3,1714,6866,6870
boundary_dD3,1715,6870,6875
boundary_dD3,1716,6875,6879
boundary_dD3,1717,6879,6884
boundary_dD3,1718,6884,6888
boundary_dD3,1719,6888,6893
boundary_dD3,1720,6893,6897
boundary_dD3,1721,6897,6902
boundary_dD3,1722,6902,6906
boundary_dD3,1723,6906,6911
boundary_dD3,1724,6911,6915
boundary_dD3,1725,6915,6920
boundary_dD3,1726,6920,6924
boundary_dD3,1727,6924,6929
boundary_dD3,1728,6929,6933
boundary_dD3,1729,6933,6938
boundary_dD3,1730,6938,6942
boundary_dD3,1731,6942,6947
boundary_dD3,1732,6947,6951
boundary_dD3,1733,6951,6956
boundary_dD3,1734,6956,6960
boundary_dD3,1735,6960,6965
boundary_dD3,1736,6965,6969
boundary_dD3,1737,6969,6974
boundary_dD3,1738,6974,6978
boundary_dD3,1739,6978,6983
boundary_dD3,1740,6983,6987
boundary_dD3,1741,6987,6992
boundary_dD3,1742,6992,6996
boundary_dD3,1743,6996,7001
boundary_dD3,1744,7001,7005
boundary_dD3,1745,7005,7010
boundary_dD3,1746,7010,7014
boundary_dD3,1747,7014,7019
boundary_dD3,1748,7019,7023
boundary_dD3,1749,7023,7028
boundary_dD3,1750,7028,7032
boundary_dD3,1751,7032,7037
boundary_dD3,1752,7037,7041
boundary_dD3,1753,7041,7046
boundary_dD3,1754,7046,7051
boundary_dD3,1755,7051,7055
boundary_dD3,1756,7055,7060
boundary_dD3,1757,7060,7064
boundary_dD3,1758,7064,7069
boundary_dD3,1759,7069,7073
boundary_dD3,1760,7073,7078
boundary_dD3,1761,7078,7082
boundary_dD3,1762,7082,7087
boundary_dD3,1763,7087,7091
boundary_dD3,1764,7091,7096
boundary_dD3,1765,7096,7100
boundary_dD3,1766,7100,7105
boundary_dD3,1767,7105,7109
boundary_dD3,1768,7109,7114
boundary_dD3,1769,7114,7118
boundary_dD3,1770,7118,7123
boundary_dD3,1771,7123,7127
boundary_dD3,1772,7127,7132
boundary_dD3,1773,7132,7136
boundary_dD3,1774,7136,7141
boundary_dD3,1775,7141,7145
boundary_dD3,1776,7145,7150
boundary_dD3,1777,7150,7154
boundary_dD3,1778,7154,7159
boundary_dD3,1779,7159,7163
boundary_dD3,1780,7163,7168
boundary_dD3,1781,7168,7172
boundary_dD3,1782,7172,7177
boundary_dD3,1783,7177,7181
boundary_dD3,1784,7181,7186
boundary_dD3,1785,7186,7191
boundary_dD3,1786,7191,7195
boundary_dD3,1787,7195,7200
boundary_dD3,1788,7200,7204
boundary_dD3,1789,7204,7209
boundary_dD3,1790,7209,7213
boundary_dD3,1791,7213,7218
boundary_dD3,1792,7218,7222
boundary_dD3,1793,7222,7227
boundary_dD3,1794,7227,7231
boundary_dD3,1795,7231,7236
boundary_dD3,1796,7236,7240
boundary_dD3,1797,7240,7245
boundary_dD3,1798,7245,7249
boundary_dD3,1799,7249,7254
boundary_dD3,1800,7254,7258
boundary_dD3,1801,7258,7263
boundary_dD3,1802,7263,7267
boundary_dD3,1803,7267,7272
boundary_dD3,1804,7272,7276
boundary_dD3,1805,7276,7281
boundary_dD3,1806,7281,7285
boundary_dD3,1807,7285,7290
boundary_dD3,1808,7290,7295
boundary_dD3,1809,7295,7299
boundary_dD3,1810,7299,7304
boundary_dD3,1811,7304,7308
boundary_dD3,1812,7308,7313
boundary_dD3,1813,7313,7317
boundary_dD3,1814,7317,7322
boundary_dD3,1815,7322,7326
boundary_dD3,1816,7326,7331
boundary_dD3,1817,7331,7335
boundary_dD3,1818,7335,7340
boundary_dD3,1819,7340,7344
boundary_dD3,1820,7344,7349
boundary_dD3,1821,7349,7353
boundary_dD3,1822,7353,7358
boundary_dD3,1823,7358,7362
boundary_dD3,1824,7362,7367
boundary_dD3,1825,7367,7372
boundary_dD3,1826,7372,7376
boundary_dD3,1827,7376,7381
boundary_dD3,1828,7381,7385
boundary_dD3,1829,7385,7390
boundary_dD3,1830,7390,7394
boundary_dD3,1831,7394,7399
boundary_dD3,1832,7399,7403
boundary_dD3,1833,7403,7408
boundary_dD3,1834,7408,7412
boundary_dD3,1835,7412,7417
boundary_dD3,1836,7417,7421
boundary_dD3,1837,7421,7426
boundary_dD3,1838,7426,7430
boundary_dD3,1839,7430,7435
boundary_dD3,1840,7435,7440
boundary_dD3,1841,7440,7444
boundary_dD3,1842,7444,7449
boundary_dD3,1843,7449,7453
boundary_dD3,1844,7453,7458
boundary_dD3,1845,7458,7462
boundary_dD3,1846,7462,7467
boundary_dD3,1847,7467,7471
boundary_dD3,1848,7471,7476
boundary_dD3,1849,7476,7480
boundary_dD3,1850,7480,7485
boundary_dD3,1851,7485,7489
boundary_dD3,1852,7489,7494
boundary_dD3,1853,7494,7498
boundary_dD3,1854,7498,7503
boundary_dD3,1855,7503,7508
boundary_dD3,1856,7508,7512
boundary_dD3,1857,7512,7517
boundary_dD3,1858,7517,7521
boundary_dD3,1859,7521,7526
boundary_dD3,1860,7526,7530
boundary_dD3,1861,7530,7535
boundary_dD3,1862,7535,7539
boundary_dD3,1863,7539,7544
boundary_dD3,1864,7544,7548
boundary_dD3,1865,7548,7553
boundary_dD3,1866,7553,7558
boundary_dD3,1867,7558,7562
boundary_dD3,1868,7562,7567
boundary_dD3,1869,7567,7571
boundary_dD3,1870,7571,7576
boundary_dD3,1871,7576,7580
boundary_dD3,1872,7580,7585
boundary_dD3,1873,7585,7589
boundary_dD3,1874,7589,7594
boundary_dD3,1875,7594,7598
boundary_dD3,1876,7598,7603
boundary_dD3,1877,7603,7607
boundary_dD3,1878,7607,7612
boundary_dD3,1879,7612,7617
boundary_dD3,1880,7617,7621
boundary_dD3,1881,7621,7626
boundary_dD3,1882,7626,7630
boundary_dD3,1883,7630,7635
boundary_dD3,1884,7635,7639
boundary_dD3,1885,7639,7644
boundary_dD3,1886,7644,7648
boundary_dD3,1887,7648,7653
boundary_dD3,1888,7653,7657
boundary_dD3,1889,7657,7662
boundary_dD3,1890,7662,7667
boundary_dD3,1891,7667,7671
boundary_dD3,1892,7671,7676
boundary_dD3,1893,7676,7680
boundary_dD3,1894,7680,7685
boundary_dD3,1895,7685,7689
boundary_dD3,1896,7689,7694
boundary_dD3,1897,7694,7698
boundary_dD3,1898,7698,7703
boundary_dD3,1899,7703,7707
boundary_dD3,1900,7707,7712
boundary_dD3,1901,7712,7717
boundary_dD3,1902,7717,7721
boundary_dD3,1903,7721,7726
boundary_dD3,1904,7726,7730
boundary_dD3,1905,7730,7735
boundary_dD3,1906,7735,7739
boundary_dD3,1907,7739,7744
boundary_dD3,1908,7744,7748
boundary_dD3,1909,7748,7753
boundary_dD3,1910,7753,7758
boundary_dD3,1911,7758,7762
boundary_dD3,1912,7762,7767
boundary_dD3,1913,7767,7771
boundary_dD3,1914,7771,7776
boundary_dD3,1915,7776,7780
boundary_dD3,1916,7780,7785
boundary_dD3,1917,7785,7789
boundary_dD3,1918,7789,7794
boundary_dD3,1919,7794,7799
boundary_dD3,1920,7799,7803
boundary_dD3,1921,7803,7808
boundary_dD3,1922,7808,7812
boundary_dD3,1923,7812,7817
boundary_dD3,1924,7817,7821
boundary_dD3,1925,7821,7826
boundary_dD3,1926,7826,7830
boundary_dD3,1927,7830,7835
boundary_dD3,1928,7835,7840
boundary_dD3,1929,7840,7844
boundary_dD3,1930,7844,7849
boundary_dD3,1931,7849,7853
boundary_dD3,1932,7853,7858
boundary_dD3,1933,7858,7862
boundary_dD3,1934,7862,7867
boundary_dD3,1935,7867,7871
boundary_dD3,1936,7871,7876
boundary_dD3,1937,7876,7881
boundary_dD3,1938,7881,7885
boundary_dD3,1939,7885,7890
boundary_dD3,1940,7890,7894
boundary_dD3,1941,7894,7899
boundary_dD3,1942,7899,7903
boundary_dD3,1943,7903,7908
boundary_dD3,1944,7908,7912
boundary_dD3,1945,7912,7917
boundary_dD3,1946,7917,7922
boundary_dD3,1947,7922,7926
boundary_dD3,1948,7926,7931
boundary_dD3,1949,7931,7935
boundary_dD3,1950,7935,7940
boundary_dD3,1951,7940,7944
boundary_dD3,1952,7944,7949
boundary_dD3,1953,7949,7954
boundary_dD3,1954,7954,7958
boundary_dD3,1955,7958,7963
boundary_dD3,1956,7963,7967
boundary_dD3,1957,7967,7972
boundary_dD3,1958,7972,7976
boundary_dD3,1959,7976,7981
boundary_dD3,1960,7981,7986
boundary_dD3,1961,7986,7990
boundary_dD3,1962,7990,7995
boundary_dD3,1963,7995,7999
boundary_dD3,1964,7999,8004
boundary_dD3,1965,8004,8008
boundary_dD3,1966,8008,8013
boundary_dD3,1967,8013,8017
boundary_dD3,1968,8017,8022
boundary_dD3,1969,8022,8027
boundary_dD3,1970,8027,8031
boundary_dD3,1971,8031,8036
boundary_dD3,1972,8036,8040
boundary_dD3,1973,8040,8045
boundary_dD3,1974,8045,8049
boundary_dD3,1975,8049,8054
boundary_dD3,1976,8054,8059
boundary_dD3,1977,8059,8063
boundary_dD3,1978,8063,8068
boundary_dD3,1979,8068,8072
boundary_dD3,1980,8072,8077
boundary_dD3,1981,8077,8081
boundary_dD3,1982,8081,8086
boundary_dD3,1983,8086,8091
boundary_dD3,1984,8091,8095
boundary_dD3,1985,8095,8100
boundary_dD3,1986,8100,8104
boundary_dD3,1987,8104,8109
boundary_dD3,1988,8109,8113
boundary_dD3,1989,8113,8118
boundary_dD3,1990,8118,8123
boundary_dD3,1991,8123,8127
boundary_dD3,1992,8127,8132
boundary_dD3,1993,8132,8136
boundary_dD3,1994,8136,8141
boundary_dD3,1995,8141,8145
boundary_dD3,1996,8145,8150
boundary_dD3,1997,8150,8155
boundary_dD3,1998,8155,8159
boundary_dD3,1999,8159,8164
boundary_dD3,2000,8164,8168
boundary_dD3,2001,8168,8173
boundary_dD3,2002,8173,8177
boundary_dD3,2003,8177,8182
boundary_dD3,2004,8182,8187
boundary_dD3,2005,8187,8191
boundary_dD3,2006,8191,8196
boundary_dD3,2007,8196,8200
boundary_dD3,2008,8200,8205
boundary_dD3,2009,8205,8210
boundary_dD3,2010,8210,8214
boundary_dD3,2011,8214,8219
boundary_dD3,2012,8219,8223
boundary_dD3,2013,8223,8228
boundary_dD3,2014,8228,8232
boundary_dD3,2015,8232,8237
boundary_dD3,2016,8237,8242
boundary_dD3,2017,8242,8246
boundary_dD3,2018,8246,8251
boundary_dD3,2019,8251,8255
boundary_dD3,2020,8255,8260
boundary_dD3,2021,8260,8264
boundary_dD3,2022,8264,8269
boundary_dD3,2023,8269,8274
boundary_dD3,2024,8274,8278
boundary_dD3,2025,8278,8283
boundary_dD3,2026,8283,8287
boundary_dD3,2027,8287,8292
boundary_dD3,2028,8292,8297
boundary_dD3,2029,8297,8301
boundary_dD3,2030,8301,8306
boundary_dD3,2031,8306,8310
boundary_dD3,2032,8310,8315
boundary_dD3,2033,8315,8319
boundary_dD3,2034,8319,8324
boundary_dD3,2035,8324,8329
boundary_dD3,2036,8329,8333
boundary_dD3,2037,8333,8338
boundary_dD3,2038,8338,8342
boundary_dD3,2039,8342,8347
boundary_dD3,2040,8347,8352
boundary_dD3,2041,8352,8356
boundary_dD3,2042,8356,8361
boundary_dD3,2043,8361,8365
boundary_dD3,2044,8365,8370
boundary_dD3,2045,8370,8375
boundary_dD3,2046,8375,8379
boundary_dD3,2047,8379,8384
boundary_dD3,2048,8384,8388
boundary_dD3,2049,8388,8393
boundary_dD3,2050,8393,8397
boundary_dD3,2051,8397,8402
boundary_dD3,2052,8402,8407
boundary_dD3,2053,8407,8411
boundary_dD3,2054,8411,8416
boundary_dD3,2055,8416,8420
boundary_dD3,2056,8420,8425
boundary_dD3,2057,8425,8430
boundary_dD3,2058,8430,8434
boundary_dD3,2059,8434,8439
boundary_dD3,2060,8439,8443
boundary_dD3,2061,8443,8448
boundary_dD3,2062,8448,8453
boundary_dD3,2063,8453,8457
boundary_dD3,2064,8457,8462
boundary_dD3,2065,8462,8466
boundary_dD3,2066,8466,8471
boundary_dD3,2067,8471,8475
boundary_dD3,2068,8475,8480
boundary_dD3,2069,8480,8485
boundary_dD3,2070,8485,8489
boundary_dD3,2071,8489,8494
boundary_dD3,2072,8494,8498
boundary_dD3,2073,8498,8503
boundary_dD3,2074,8503,8508
boundary_dD3,2075,8508,8512
boundary_dD3,2076,8512,8517
boundary_dD3,2077,8517,8521
boundary_dD3,2078,8521,8526
boundary_dD3,2079,8526,8531
boundary_dD3,2080,8531,8535
boundary_dD3,2081,8535,8540
boundary_dD3,2082,8540,8544
boundary_dD3,2083,8544,8549
boundary_dD3,2084,8549,8554
boundary_dD3,2085,8554,8558
boundary_dD3,2086,8558,8563
boundary_dD3,2087,8563,8567
boundary_dD3,2088,8567,8572
boundary_dD3,2089,8572,8577
boundary_dD3,2090,8577,8581
boundary_dD3,2091,8581,8586
boundary_dD3,2092,8586,8590
boundary_dD3,2093,8590,8595
boundary_dD3,2094,8595,8600
boundary_dD3,2095,8600,8604
boundary_dD3,2096,8604,8609
boundary_dD3,2097,8609,8613
boundary_dD3,2098,8613,8618
boundary_dD3,2099,8618,8623
boundary_dD3,2100,8623,8627
boundary_dD3,2101,8627,8632
boundary_dD3,2102,8632,8636
boundary_dD3,2103,8636,8641
boundary_dD3,2104,8641,8646
boundary_dD3,2105,8646,8650
boundary_dD3,2106,8650,8655
boundary_dD3,2107,8655,8659
boundary_dD3,2108,8659,8664
boundary_dD3,2109,8664,8669
boundary_dD3,2110,8669,8673
boundary_dD3,2111,8673,8678
boundary_dD3,2112,8678,8682
boundary_dD3,2113,8682,8687
boundary_dD3,2114,8687,8692
boundary_dD3,2115,8692,8696
boundary_dD3,2116,8696,8701
boundary_dD3,2117,8701,8705
boundary_dD3,2118,8705,8710
boundary_dD3,2119,8710,8715
boundary_dD3,2120,8715,8719
boundary_dD3,2121,8719,8724
boundary_dD3,2122,8724,8728
boundary_dD3,2123,8728,8733
boundary_dD3,2124,8733,8738
boundary_dD3,2125,8738,8742
boundary_dD3,2126,8742,8747
boundary_dD3,2127,8747,8751
boundary_dD3,2128,8751,8756
boundary_dD3,2129,8756,8761
boundary_dD3,2130,8761,8765
boundary_dD3,2131,8765,8770
boundary_dD3,2132,8770,8774
boundary_dD3,2133,8774,8779
boundary_dD3,2134,8779,8784
boundary_dD3,2135,8784,8788
boundary_dD3,2136,8788,8793
boundary_dD3,2137,8793,8798
boundary_dD3,2138,8798,8802
boundary_dD3,2139,8802,8807
boundary_dD3,2140,8807,8811
boundary_dD3,2141,8811,8816
boundary_dD3,2142,8816,8821
boundary_dD3,2143,8821,8825
boundary_dD3,2144,8825,8830
boundary_dD3,2145,8830,8834
boundary_dD3,2146,8834,8839
boundary_dD3,2147,8839,8844
boundary_dD3,2148,8844,8848
boundary_dD3,2149,8848,8853
boundary_dD3,2150,8853,8857
boundary_dD3,2151,8857,8862
boundary_dD3,2152,8862,8867
boundary_dD3,2153,8867,8871
boundary_dD3,2154,8871,8876
boundary_dD3,2155,8876,8881
boundary_dD3,2156,8881,8885
boundary_dD3,2157,8885,8890
boundary_dD3,2158,8890,8894
boundary_dD3,2159,8894,8899
boundary_dD3,2160,8899,8904
boundary_dD3,2161,8904,8908
boundary_dD3,2162,8908,8913
boundary_dD3,2163,8913,8917
boundary_dD3,2164,8917,8922
boundary_dD3,2165,8922,8927
boundary_dD3,2166,8927,8931
boundary_dD3,2167,8931,8936
boundary_dD3,2168,8936,8941
boundary_dD3,2169,8941,8945
boundary_dD3,2170,8945,8950
boundary_dD3,2171,8950,8954
boundary_dD3,2172,8954,8959
boundary_dD3,2173,8959,8964
boundary_dD3,2174,8964,8968
boundary_dD3,2175,8968,8973
boundary_dD3,2176,8973,8977
boundary_dD3,2177,8977,8982
boundary_dD3,2178,8982,8987
boundary_dD3,2179,8987,8991
boundary_dD3,2180,8991,8996
boundary_dD3,2181,8996,9001
boundary_dD3,2182,9001,9005
boundary_dD3,2183,9005,9010
boundary_dD3,2184,9010,9014
boundary_dD3,2185,9014,9019
boundary_dD3,2186,9019,9024
boundary_dD3,2187,9024,9028
boundary_dD3,2188,9028,9033
boundary_dD3,2189,9033,9038
boundary_dD3,2190,9038,9042
boundary_dD3,2191,9042,9047
boundary_dD3,2192,9047,9051
boundary_dD3,2193,9051,9056
boundary_dD3,2194,9056,9061
boundary_dD3,2195,9061,9065
boundary_dD3,2196,9065,9070
boundary_dD3,2197,9070,9074
boundary_dD3,2198,9074,9079
boundary_dD3,2199,9079,9084
boundary_dD3,2200,9084,9088
boundary_dD3,2201,9088,9093
boundary_dD3,2202,9093,9098
boundary_dD3,2203,9098,9102
boundary_dD3,2204,9102,9107
boundary_dD3,2205,9107,9111
boundary_dD3,2206,9111,9116
boundary_dD3,2207,9116,9121
boundary_dD3,2208,9121,9125
boundary_dD3,2209,9125,9130
boundary_dD3,2210,9130,9135
boundary_dD3,2211,9135,9139
boundary_dD3,2212,9139,9144
boundary_dD3,2213,9144,9148
boundary_dD3,2214,9148,9153
boundary_dD3,2215,9153,9158
boundary_dD3,2216,9158,9162
boundary_dD3,2217,9162,9167
boundary_dD3,2218,9167,9172
boundary_dD3,2219,9172,9176
boundary_dD3,2220,9176,9181
boundary_dD3,2221,9181,9185
boundary_dD3,2222,9185,9190
boundary_dD3,2223,9190,9195
boundary_dD3,2224,9195,9199
boundary_dD3,2225,9199,9204
boundary_dD3,2226,9204,9209
boundary_dD3,2227,9209,9213
boundary_dD3,2228,9213,9218
boundary_dD3,2229,9218,9223
boundary_dD3,2230,9223,9227
boundary_dD3,2231,9227,9232
boundary_dD3,2232,9232,9236
boundary_dD3,2233,9236,9241
boundary_dD3,2234,9241,9246
boundary_dD3,2235,9246,9250
boundary_dD3,2236,9250,9255
boundary_dD3,2237,9255,9260
boundary_dD3,2238,9260,9264
boundary_dD3,2239,9264,9269
boundary_dD3,2240,9269,9273
boundary_dD3,2241,9273,9278
boundary_dD3,2242,9278,9283
boundary_dD3,2243,9283,9287
boundary_dD3,2244,9287,9292
boundary_dD3,2245,9292,9297
boundary_dD3,2246,9297,9301
boundary_dD3,2247,9301,9306
boundary_dD3,2248,9306,9310
boundary_dD3,2249,9310,9315
boundary_dD3,2250,9315,9320
boundary_dD3,2251,9320,9324
boundary_dD3,2252,9324,9329
boundary_dD3,2253,9329,9334
boundary_dD3,2254,9334,9338
boundary_dD3,2255,9338,9343
boundary_dD3,2256,9343,9348
boundary_dD3,2257,9348,9352
boundary_dD3,2258,9352,9357
boundary_dD3,2259,9357,9361
boundary_dD3,2260,9361,9366
boundary_dD3,2261,9366,9371
boundary_dD3,2262,9371,9375
boundary_dD3,2263,9375,9380
boundary_dD3,2264,9380,9385
boundary_dD3,2265,9385,9389
boundary_dD3,2266,9389,9394
boundary_dD3,2267,9394,9399
boundary_dD3,2268,9399,9403
boundary_dD3,2269,9403,9408
boundary_dD3,2270,9408,9412
boundary_dD3,2271,9412,9417
boundary_dD3,2272,9417,9422
boundary_dD3,2273,9422,9426
boundary_dD3,2274,9426,9431
boundary_dD3,2275,9431,9436
boundary_dD3,2276,9436,9440
boundary_dD3,2277,9440,9445
boundary_dD3,2278,9445,9450
boundary_dD3,2279,9450,9454
boundary_dD3,2280,9454,9459
boundary_dD3,2281,9459,9463
boundary_dD3,2282,9463,9468
boundary_dD3,2283,9468,9473
boundary_dD3,2284,9473,9477
boundary_dD3,2285,9477,9482
boundary_dD3,2286,9482,9487
boundary_dD3,2287,9487,9491
boundary_dD3,2288,9491,9496
boundary_dD3,2289,9496,9501
boundary_dD3,2290,9501,9505
boundary_dD3,2291,9505,9510
boundary_dD3,2292,9510,9515
boundary_dD3,2293,9515,9519
boundary_dD3,2294,9519,9524
boundary_dD3,2295,9524,9528
boundary_dD3,2296,9528,9533
boundary_dD3,2297,9533,9538
boundary_dD3,2298,9538,9542
boundary_dD3,2299,9542,9547
boundary_dD3,2300,9547,9552
boundary_dD3,2301,9552,9556
boundary_dD3,2302,9556,9561
boundary_dD3,2303,9561,9566
boundary_dD3,2304,9566,9570
boundary_dD3,2305,9570,9575
boundary_dD3,2306,9575,9580
boundary_dD3,2307,9580,9584
boundary_dD3,2308,9584,9589
boundary_dD3,2309,9589,9593
boundary_dD3,2310,9593,9598
boundary_dD3,2311,9598,9603
boundary_dD3,2312,9603,9607
boundary_dD3,2313,9607,9612
boundary_dD3,2314,9612,9617
boundary_dD3,2315,9617,9621
boundary_dD3,2316,9621,9626
boundary_dD3,2317,9626,9631
boundary_dD3,2318,9631,9635
boundary_dD3,2319,9635,9640
boundary_dD3,2320,9640,9645
boundary_dD3,2321,9645,9649
boundary_dD3,2322,9649,9654
boundary_dD3,2323,9654,9659
boundary_dD3,2324,9659,9663
boundary_dD3,2325,9663,9668
boundary_dD3,2326,9668,9673
boundary_dD3,2327,9673,9677
boundary_dD3,2328,9677,9682
boundary_dD3,2329,9682,9686
boundary_dD3,2330,9686,9691
boundary_dD3,2331,9691,9696
boundary_dD3,2332,9696,9700
boundary_dD3,2333,9700,9705
boundary_dD3,2334,9705,9710
boundary_dD3,2335,9710,9714
boundary_dD3,2336,9714,9719
boundary_dD3,2337,9719,9724
boundary_dD3,2338,9724,9728
boundary_dD3,2339,9728,9733
boundary_dD3,2340,9733,9738
boundary_dD3,2341,9738,9742
boundary_dD3,2342,9742,9747
boundary_dD3,2343,9747,9752
boundary_dD3,2344,9752,9756
boundary_dD3,2345,9756,9761
boundary_dD3,2346,9761,9766
boundary_dD3,2347,9766,9770
boundary_dD3,2348,9770,9775
boundary_dD3,2349,9775,9779
boundary_dD3,2350,9779,9784
boundary_dD3,2351,9784,9789
boundary_dD3,2352,9789,9793
boundary_dD3,2353,9793,9798
boundary_dD3,2354,9798,9803
boundary_dD3,2355,9803,9807
boundary_dD3,2356,9807,9812
boundary_dD3,2357,9812,9817
boundary_dD3,2358,9817,9821
boundary_dD3,2359,9821,9826
boundary_dD3,2360,9826,9831
boundary_dD3,2361,9831,9835
boundary_dD3,2362,9835,9840
boundary_dD3,2363,9840,9845
boundary_dD3,2364,9845,9849
boundary_dD3,2365,9849,9854
boundary_dD3,2366,9854,9859
boundary_dD3,2367,9859,9863
boundary_dD3,2368,9863,9868
boundary_dD3,2369,9868,9873
boundary_dD3,2370,9873,9877
boundary_dD3,2371,9877,9882
boundary_dD3,2372,9882,9887
boundary_dD3,2373,9887,9891
boundary_dD3,2374,9891,9896
boundary_dD3,2375,9896,9901
boundary_dD3,2376,9901,9905
boundary_dD3,2377,9905,9910
boundary_dD3,2378,9910,9915
boundary_dD3,2379,9915,9919
boundary_dD3,2380,9919,9924
boundary_dD3,2381,9924,9929
boundary_dD3,2382,9929,9933
boundary_dD3,2383,9933,9938
boundary_dD3,2384,9938,9943
boundary_dD3,2385,9943,9947
boundary_dD3,2386,9947,9952
boundary_dD3,2387,9952,9956
boundary_dD3,2388,9956,9961
boundary_dD3,2389,9961,9966
boundary_dD3,2390,9966,9970
boundary_dD3,2391,9970,9975
boundary_dD3,2392,9975,9980
boundary_dD3,2393,9980,9984
boundary_dD3,2394,9984,9989
boundary_dD3,2395,9989,9994
boundary_dD3,2396,9994,9998
boundary_dD3,2397,9998,10003
boundary_dD3,2398,10003,10008
boundary_dD3,2399,10008,10012
boundary_dD3,2400,10012,10017
boundary_dD3,2401,10017,10022
boundary_dD3,2402,10022,10026
boundary_dD3,2403,10026,10031
boundary_dD3,2404,10031,10036
boundary_dD3,2405,10036,10040
boundary_dD3,2406,10040,10045
boundary_dD3,2407,10045,10050
boundary_dD3,2408,10050,10054
boundary_dD3,2409,10054,10059
boundary_dD3,2410,10059,10064
boundary_dD3,2411,10064,10068
boundary_dD3,2412,10068,10073
boundary_dD3,2413,10073,10078
boundary_dD3,2414,10078,10082
boundary_dD3,2415,10082,10087
boundary_dD3,2416,10087,10092
boundary_dD3,2417,10092,10096
boundary_dD3,2418,10096,10101
boundary_dD3,2419,10101,10106
boundary_dD3,2420,10106,10110
boundary_dD3,2421,10110,10115
boundary_dD3,2422,10115,10120
boundary_dD3,2423,10120,10124
boundary_dD3,2424,10124,10129
boundary_dD3,2425,10129,10134
boundary_dD3,2426,10134,10138
boundary_dD3,2427,10138,10143
boundary_dD3,2428,10143,10148
boundary_dD3,2429,10148,10152
boundary_dD3,2430,10152,10157
boundary_dD3,2431,10157,10162
boundary_dD3,2432,10162,10166
boundary_dD3,2433,10166,10171
boundary_dD3,2434,10171,10176
boundary_dD3,2435,10176,10180
boundary_dD3,2436,10180,10185
boundary_dD3,2437,10185,10190
boundary_dD3,2438,10190,10195
boundary_dD3,2439,10195,10199
boundary_dD3,2440,10199,10204
boundary_dD3,2441,10204,10209
boundary_dD3,2442,10209,10213
boundary_dD3,2443,10213,10218
boundary_dD3,2444,10218,10223
boundary_dD3,2445,10223,10227
boundary_dD3,2446,10227,10232
boundary_dD3,2447,10232,10237
boundary_dD3,2448,10237,10241
boundary_dD3,2449,10241,10246
boundary_dD3,2450,10246,10251
boundary_dD3,2451,10251,10255
boundary_dD3,2452,10255,10260
boundary_dD3,2453,10260,10265
boundary_dD3,2454,10265,10269
boundary_dD3,2455,10269,10274
boundary_dD3,2456,10274,10279
boundary_dD3,2457,10279,10283
boundary_dD3,2458,10283,10288
boundary_dD3,2459,10288,10293
boundary_dD3,2460,10293,10297
boundary_dD3,2461,10297,10302
boundary_dD3,2462,10302,10307
boundary_dD3,2463,10307,10311
boundary_dD3,2464,10311,10316
boundary_dD3,2465,10316,10321
boundary_dD3,2466,10321,10325
boundary_dD3,2467,10325,10330
boundary_dD3,2468,10330,10335
boundary_dD3,2469,10335,10339
boundary_dD3,2470,10339,10344
boundary_dD3,2471,10344,10349
boundary_dD3,2472,10349,10353
boundary_dD3,2473,10353,10358
boundary_dD3,2474,10358,10363
boundary_dD3,2475,10363,10368
boundary_dD3,2476,10368,10372
boundary_dD3,2477,10372,10377
boundary_dD3,2478,10377,10382
boundary_dD3,2479,10382,10386
boundary_dD3,2480,10386,10391
boundary_dD3,2481,10391,10396
boundary_dD3,2482,10396,10400
boundary_dD3,2483,10400,10405
boundary_dD3,2484,10405,10410
boundary_dD3,2485,10410,10414
boundary_dD3,2486,10414,10419
boundary_dD3,2487,10419,10424
boundary_dD3,2488,10424,10428
boundary_dD3,2489,10428,10433
boundary_dD3,2490,10433,10438
boundary_dD3,2491,10438,10442
boundary_dD3,2492,10442,10447
boundary_dD3,2493,10447,10452
boundary_dD3,2494,10452,10456
boundary_dD3,2495,10456,10461
boundary_dD3,2496,10461,10466
boundary_dD3,2497,10466,10471
boundary_dD3,2498,10471,10475
boundary_dD3,2499,10475,10480
boundary_dD3,2500,10480,10485
boundary_dD3,2501,10485,10489
boundary_dD3,2502,10489,10494
boundary_dD3,2503,10494,10499
boundary_dD3,2504,10499,10503
boundary_dD3,2505,10503,10508
boundary_dD3,2506,10508,10513
boundary_dD3,2507,10513,10517
boundary_dD3,2508,10517,10522
boundary_dD3,2509,10522,10527
boundary_dD3,2510,10527,10531
boundary_dD3,2511,10531,10536
boundary_dD3,2512,10536,10541
boundary_dD3,2513,10541,10546
boundary_dD3,2514,10546,10550
boundary_dD3,2515,10550,10555
boundary_dD3,2516,10555,10560
boundary_dD3,2517,10560,10564
boundary_dD3,2518,10564,10569
boundary_dD3,2519,10569,10574
boundary_dD3,2520,10574,10578
boundary_dD3,2521,10578,10583
boundary_dD3,2522,10583,10588
boundary_dD3,2523,10588,10592
boundary_dD3,2524,10592,10597
boundary_dD3,2525,10597,10602
boundary_dD3,2526,10602,10606
boundary_dD3,2527,10606,10611
boundary_dD3,2528,10611,10616
boundary_dD3,2529,10616,10621
boundary_dD3,2530,10621,10625
boundary_dD3,2531,10625,10630
boundary_dD3,2532,10630,10635
boundary_dD3,2533,10635,10639
boundary_dD3,2534,10639,10644
boundary_dD3,2535,10644,10649
boundary_dD3,2536,10649,10653
boundary_dD3,2537,10653,10658
boundary_dD3,2538,10658,10663
boundary_dD3,2539,10663,10667
boundary_dD3,2540,10667,10672
boundary_dD3,2541,10672,10677
boundary_dD3,2542,10677,10682
boundary_dD3,2543,10682,10686
boundary_dD3,2544,10686,10691
boundary_dD3,2545,10691,10696
boundary_dD3,2546,10696,10700
boundary_dD3,2547,10700,10705
boundary_dD3,2548,10705,10710
boundary_dD3,2549,10710,10714
boundary_dD3,2550,10714,10719
boundary_dD3,2551,10719,10724
boundary_dD3,2552,10724,10728
boundary_dD3,2553,10728,10733
boundary_dD3,2554,10733,10738
boundary_dD3,2555,10738,10743
boundary_dD3,2556,10743,10747
boundary_dD3,2557,10747,10752
boundary_dD3,2558,10752,10757
boundary_dD3,2559,10757,10761
boundary_dD3,2560,10761,10766
boundary_dD3,2561,10766,10771
boundary_dD3,2562,10771,10775
boundary_dD3,2563,10775,10780
boundary_dD3,2564,10780,10785
boundary_dD3,2565,10785,10789
boundary_dD3,2566,10789,10794
boundary_dD3,2567,10794,10799
boundary_dD3,2568,10799,10804
boundary_dD3,2569,10804,10808
boundary_dD3,2570,10808,10813
boundary_dD3,2571,10813,10818
boundary_dD3,2572,10818,10822
boundary_dD3,2573,10822,10827
boundary_dD3,2574,10827,10832
boundary_dD3,2575,10832,10836
boundary_dD3,2576,10836,10841
boundary_dD3,2577,10841,10846
boundary_dD3,2578,10846,10851
boundary_dD3,2579,10851,10855
boundary_dD3,2580,10855,10860
boundary_dD3,2581,10860,10865
boundary_dD3,2582,10865,10869
boundary_dD3,2583,10869,10874
boundary_dD3,2584,10874,10879
boundary_dD3,2585,10879,10883
boundary_dD3,2586,10883,10888
boundary_dD3,2587,10888,10893
boundary_dD3,2588,10893,10898
boundary_dD3,2589,10898,10902
boundary_dD3,2590,10902,10907
boundary_dD3,2591,10907,10912
boundary_dD3,2592,10912,10916
boundary_dD3,2593,10916,10921
boundary_dD3,2594,10921,10926
boundary_dD3,2595,10926,10930
boundary_dD3,2596,10930,10935
boundary_dD3,2597,10935,10940
boundary_dD3,2598,10940,10945
boundary_dD3,2599,10945,10949
boundary_dD3,2600,10949,10954
boundary_dD3,2601,10954,10959
boundary_dD3,2602,10959,10963
boundary_dD3,2603,10963,10968
boundary_dD3,2604,10968,10973
boundary_dD3,2605,10973,10978
boundary_dD3,2606,10978,10982
boundary_dD3,2607,10982,10987
boundary_dD3,2608,10987,10992
boundary_dD3,2609,10992,10996
boundary_dD3,2610,10996,11001
boundary_dD3,2611,11001,11006
boundary_dD3,2612,11006,11010
boundary_dD3,2613,11010,11015
boundary_dD3,2614,11015,11020
boundary_dD3,2615,11020,11025
boundary_dD3,2616,11025,11029
boundary_dD3,2617,11029,11034
boundary_dD3,2618,11034,11039
boundary_dD3,2619,11039,11043
boundary_dD3,2620,11043,11048
boundary_dD3,2621,11048,11053
boundary_dD3,2622,11053,11058
boundary_dD3,2623,11058,11062
boundary_dD3,2624,11062,11067
boundary_dD3,2625,11067,11072
boundary_dD3,2626,11072,11076
boundary_dD3,2627,11076,11081
boundary_dD3,2628,11081,11086
boundary_dD3,2629,11086,11090
boundary_dD3,2630,11090,11095
boundary_dD3,2631,11095,11100
boundary_dD3,2632,11100,11105
boundary_dD3,2633,11105,11109
boundary_dD3,2634,11109,11114
boundary_dD3,2635,11114,11119
boundary_dD3,2636,11119,11123
boundary_dD3,2637,11123,11128
boundary_dD3,2638,11128,11133
boundary_dD3,2639,11133,11138
boundary_dD3,2640,11138,11142
boundary_dD3,2641,11142,11147
boundary_dD3,2642,11147,11152
boundary_dD3,2643,11152,11156
boundary_dD3,2644,11156,11161
boundary_dD3,2645,11161,11166
boundary_dD3,2646,11166,11171
boundary_dD3,2647,11171,11175
boundary_dD3,2648,11175,11180
boundary_dD3,2649,11180,11185
boundary_dD3,2650,11185,11189
boundary_dD3,2651,11189,11194
boundary_dD3,2652,11194,11199
boundary_dD3,2653,11199,11204
boundary_dD3,2654,11204,11208
boundary_dD3,2655,11208,11213
boundary_dD3,2656,11213,11218
boundary_dD3,2657,11218,11222
boundary_dD3,2658,11222,11227
boundary_dD3,2659,11227,11232
boundary_dD3,2660,11232,11237
boundary_dD3,2661,11237,11241
boundary_dD3,2662,11241,11246
boundary_dD3,2663,11246,11251
boundary_dD3,2664,11251,11255
boundary_dD3,2665,11255,11260
boundary_dD3,2666,11260,11265
boundary_dD3,2667,11265,11270
boundary_dD3,2668,11270,11274
boundary_dD3,2669,11274,11279
boundary_dD3,2670,11279,11284
boundary_dD3,2671,11284,11288
boundary_dD3,2672,11288,11293
boundary_dD3,2673,11293,11298
boundary_dD3,2674,11298,11303
boundary_dD3,2675,11303,11307
boundary_dD3,2676,11307,11312
boundary_dD3,2677,11312,11317
boundary_dD3,2678,11317,11321
boundary_dD3,2679,11321,11326
boundary_dD3,2680,11326,11331
boundary_dD3,2681,11331,11336
boundary_dD3,2682,11336,11340
boundary_dD3,2683,11340,11345
boundary_dD3,2684,11345,11350
boundary_dD3,2685,11350,11354
boundary_dD3,2686,11354,11359
boundary_dD3,2687,11359,11364
boundary_dD3,2688,11364,11369
boundary_dD3,2689,11369,11373
boundary_dD3,2690,11373,11378
boundary_dD3,2691,11378,11383
boundary_dD3,2692,11383,11387
boundary_dD3,2693,11387,11392
boundary_dD3,2694,11392,11397
boundary_dD3,2695,11397,11402
boundary_dD3,2696,11402,11406
boundary_dD3,2697,11406,11411
boundary_dD3,2698,11411,11416
boundary_dD3,2699,11416,11421
boundary_dD3,2700,11421,11425
boundary_dD3,2701,11425,11430
boundary_dD3,2702,11430,11435
boundary_dD3,2703,11435,11439
boundary_dD3,2704,11439,11444
boundary_dD3,2705,11444,11449
boundary_dD3,2706,11449,11454
boundary_dD3,2707,11454,11458
boundary_dD3,2708,11458,11463
boundary_dD3,2709,11463,11468
boundary_dD3,2710,11468,11472
boundary_dD3,2711,11472,11477
boundary_dD3,2712,11477,11482
boundary_dD3,2713,11482,11487
boundary_dD3,2714,11487,11491
boundary_dD3,2715,11491,11496
boundary_dD3,2716,11496,11501
boundary_dD3,2717,11501,11506
boundary_dD3,2718,11506,11510
boundary_dD3,2719,11510,11515
boundary_dD3,2720,11515,11520
boundary_dD3,2721,11520,11524
boundary_dD3,2722,11524,11529
boundary_dD3,2723,11529,11534
boundary_dD3,2724,11534,11539
boundary_dD3,2725,11539,11543
boundary_dD3,2726,11543,11548
boundary_dD3,2727,11548,11553
boundary_dD3,2728,11553,11558
boundary_dD3,2729,11558,11562
boundary_dD3,2730,11562,11567
boundary_dD3,2731,11567,11572
boundary_dD3,2732,11572,11576
boundary_dD3,2733,11576,11581
boundary_dD3,2734,11581,11586
boundary_dD3,2735,11586,11591
boundary_dD3,2736,11591,11595
boundary_dD3,2737,11595,11600
boundary_dD3,2738,11600,11605
boundary_dD3,2739,11605,11610
boundary_dD3,2740,11610,11614
boundary_dD3,2741,11614,11619
boundary_dD3,2742,11619,11624
boundary_dD3,2743,11624,11628
boundary_dD3,2744,11628,11633
boundary_dD3,2745,11633,11638
boundary_dD3,2746,11638,11643
boundary_dD3,2747,11643,11647
boundary_dD3,2748,11647,11652
boundary_dD3,2749,11652,11657
boundary_dD3,2750,11657,11662
boundary_dD3,2751,11662,11666
boundary_dD3,2752,11666,11671
boundary_dD3,2753,11671,11676
boundary_dD3,2754,11676,11680
boundary_dD3,2755,11680,11685
boundary_dD3,2756,11685,11690
boundary_dD3,2757,11690,11695
boundary_dD3,2758,11695,11699
boundary_dD3,2759,11699,11704
boundary_dD3,2760,11704,11709
boundary_dD3,2761,11709,11714
boundary_dD3,2762,11714,11718
boundary_dD3,2763,11718,11723
boundary_dD3,2764,11723,11728
boundary_dD3,2765,11728,11733
boundary_dD3,2766,11733,11737
boundary_dD3,2767,11737,11742
boundary_dD3,2768,11742,11747
boundary_dD3,2769,11747,11751
boundary_dD3,2770,11751,11756
boundary_dD3,2771,11756,11761
boundary_dD3,2772,11761,11766
boundary_dD3,2773,11766,11770
boundary_dD3,2774,11770,11775
boundary_dD3,2775,11775,11780
boundary_dD3,2776,11780,11785
boundary_dD3,2777,11785,11789
boundary_dD3,2778,11789,11794
boundary_dD3,2779,11794,11799
boundary_dD3,2780,11799,11804
boundary_dD3,2781,11804,11808
boundary_dD3,2782,11808,11813
boundary_dD3,2783,11813,11818
boundary_dD3,2784,11818,11823
boundary_dD3,2785,11823,11827
boundary_dD3,2786,11827,11832
boundary_dD3,2787,11832,11837
boundary_dD3,2788,11837,11841
boundary_dD3,2789,11841,11846
boundary_dD3,2790,11846,11851
boundary_dD3,2791,11851,11856
boundary_dD3,2792,11856,11860
boundary_dD3,2793,11860,11865
boundary_dD3,2794,11865,11870
boundary_dD3,2795,11870,11875
boundary_dD3,2796,11875,11879
boundary_dD3,2797,11879,11884
boundary_dD3,2798,11884,11889
boundary_dD3,2799,11889,11894
boundary_dD3,2800,11894,11898
boundary_dD3,2801,11898,11903
boundary_dD3,2802,11903,11908
boundary_dD3,2803,11908,11913
boundary_dD3,2804,11913,11917
boundary_dD3,2805,11917,11922
boundary_dD3,2806,11922,11927
boundary_dD3,2807,11927,11932
boundary_dD3,2808,11932,11936
boundary_dD3,2809,11936,11941
boundary_dD3,2810,11941,11946
boundary_dD3,2811,11946,11950
boundary_dD3,2812,11950,11955
boundary_dD3,2813,11955,11960
boundary_dD3,2814,11960,11965
boundary_dD3,2815,11965,11969
boundary_dD3,2816,11969,11974
boundary_dD3,2817,11974,11979
boundary_dD3,2818,11979,11984
boundary_dD3,2819,11984,11988
boundary_dD3,2820,11988,11993
boundary_dD3,2821,11993,11998
boundary_dD3,2822,11998,12003
boundary_dD3,2823,12003,12007
boundary_dD3,2824,12007,12012
boundary_dD3,2825,12012,12017
boundary_dD3,2826,12017,12022
boundary_dD3,2827,12022,12026
boundary_dD3,2828,12026,12031
boundary_dD3,2829,12031,12036
boundary_dD3,2830,12036,12041
boundary_dD3,2831,12041,12045
boundary_dD3,2832,12045,12050
boundary_dD3,2833,12050,12055
boundary_dD3,2834,12055,12060
boundary_dD3,2835,12060,12064
boundary_dD3,2836,12064,12069
boundary_dD3,2837,12069,12074
boundary_dD3,2838,12074,12079
boundary_dD3,2839,12079,12083
boundary_dD3,2840,12083,12088
boundary_dD3,2841,12088,12093
boundary_dD3,2842,12093,12098
boundary_dD3,2843,12098,12102
boundary_dD3,2844,12102,12107
boundary_dD3,2845,12107,12112
boundary_dD3,2846,12112,12117
boundary_dD3,2847,12117,12121
boundary_dD3,2848,12121,12126
boundary_dD3,2849,12126,12131
boundary_dD3,2850,12131,12136
boundary_dD3,2851,12136,12140
boundary_dD3,2852,12140,12145
boundary_dD3,2853,12145,12150
boundary_dD3,2854,12150,12155
boundary_dD3,2855,12155,12159
boundary_dD3,2856,12159,12164
boundary_dD3,2857,12164,12169
boundary_dD3,2858,12169,12174
boundary_dD3,2859,12174,12178
boundary_dD3,2860,12178,12183
boundary_dD3,2861,12183,12188
boundary_dD3,2862,12188,12193
boundary_dD3,2863,12193,12197
boundary_dD3,2864,12197,12202
boundary_dD3,2865,12202,12207
boundary_dD3,2866,12207,12212
boundary_dD3,2867,12212,12216
boundary_dD3,2868,12216,12221
boundary_dD3,2869,12221,12226
boundary_dD3,2870,12226,12231
boundary_dD3,2871,12231,12235
boundary_dD3,2872,12235,12240
boundary_dD3,2873,12240,12245
boundary_dD3,2874,12245,12250
boundary_dD3,2875,12250,12254
boundary_dD3,2876,12254,12259
boundary_dD3,2877,12259,12264
boundary_dD3,2878,12264,12269
boundary_dD3,2879,12269,12273
boundary_dD3,2880,12273,12278
boundary_dD3,2881,12278,12283
boundary_dD3,2882,12283,12288
boundary_dD3,2883,12288,12292
boundary_dD3,2884,12292,12297
boundary_dD3,2885,12297,12302
boundary_dD3,2886,12302,12307
boundary_dD3,2887,12307,12311
boundary_dD3,2888,12311,12316
boundary_dD3,2889,12316,12321
boundary_dD3,2890,12321,12326
boundary_dD3,2891,12326,12330
boundary_dD3,2892,12330,12335
boundary_dD3,2893,12335,12340
boundary_dD3,2894,12340,12345
boundary_dD3,2895,12345,12349
boundary_dD3,2896,12349,12354
boundary_dD3,2897,12354,12359
boundary_dD3,2898,12359,12364
boundary_dD3,2899,12364,12368
boundary_dD3,2900,12368,12373
boundary_dD3,2901,12373,12378
boundary_dD3,2902,12378,12383
boundary_dD3,2903,12383,12387
boundary_dD3,2904,12387,12392
boundary_dD3,2905,12392,12397
boundary_dD3,2906,12397,12402
boundary_dD3,2907,12402,12406
boundary_dD3,2908,12406,12411
boundary_dD3,2909,12411,12416
boundary_dD3,2910,12416,12421
boundary_dD3,2911,12421,12425
boundary_dD3,2912,12425,12430
boundary_dD3,2913,12430,12435
boundary_dD3,2914,12435,12440
boundary_dD3,2915,12440,12444
boundary_dD3,2916,12444,12449
boundary_dD3,2917,12449,12454
boundary_dD3,2918,12454,12459
boundary_dD3,2919,12459,12464
boundary_dD3,2920,12464,12468
boundary_dD3,2921,12468,12473
boundary_dD3,2922,12473,12478
boundary_dD3,2923,12478,12483
boundary_dD3,2924,12483,12487
boundary_dD3,2925,12487,12492
boundary_dD3,2926,12492,12497
boundary_dD3,2927,12497,12502
boundary_dD3,2928,12502,12506
boundary_dD3,2929,12506,12511
boundary_dD3,2930,12511,12516
boundary_dD3,2931,12516,12521
boundary_dD3,2932,12521,12525
boundary_dD3,2933,12525,12530
boundary_dD3,2934,12530,12535
boundary_dD3,2935,12535,12540
boundary_dD3,2936,12540,12544
boundary_dD3,2937,12544,12549
boundary_dD3,2938,12549,12554
boundary_dD3,2939,12554,12559
boundary_dD3,2940,12559,12563
boundary_dD3,2941,12563,12568
boundary_dD3,2942,12568,12573
boundary_dD3,2943,12573,12578
boundary_dD3,2944,12578,12583
boundary_dD3,2945,12583,12587
boundary_dD3,2946,12587,12592
boundary_dD3,2947,12592,12597
boundary_dD3,2948,12597,12602
boundary_dD3,2949,12602,12606
boundary_dD3,2950,12606,12611
boundary_dD3,2951,12611,12616
boundary_dD3,2952,12616,12621
boundary_dD3,2953,12621,12625
boundary_dD3,2954,12625,12630
boundary_dD3,2955,12630,12635
boundary_dD3,2956,12635,12640
boundary_dD3,2957,12640,12644
boundary_dD3,2958,12644,12649
boundary_dD3,2959,12649,12654
boundary_dD3,2960,12654,12659
boundary_dD3,2961,12659,12664
boundary_dD3,2962,12664,12668
boundary_dD3,2963,12668,12673
boundary_dD3,2964,12673,12678
boundary_dD3,2965,12678,12683
boundary_dD3,2966,12683,12687
boundary_dD3,2967,12687,12692
boundary_dD3,2968,12692,12697
boundary_dD3,2969,12697,12702
boundary_dD3,2970,12702,12706
boundary_dD3,2971,12706,12711
boundary_dD3,2972,12711,12716
boundary_dD3,2973,12716,12721
boundary_dD3,2974,12721,12726
boundary_dD3,2975,12726,12730
boundary_dD3,2976,12730,12735
boundary_dD3,2977,12735,12740
boundary_dD3,2978,12740,12745
boundary_dD3,2979,12745,12749
boundary_dD3,2980,12749,12754
boundary_dD3,2981,12754,12759
boundary_dD3,2982,12759,12764
boundary_dD3,2983,12764,12768
boundary_dD3,2984,12768,12773
boundary_dD3,2985,12773,12778
boundary_dD3,2986,12778,12783
boundary_dD3,2987,12783,12787
boundary_dD3,2988,12787,12792
boundary_dD3,2989,12792,12797
boundary_dD3,2990,12797,12802
boundary_dD3,2991,12802,12807
boundary_dD3,2992,12807,12811
boundary_dD3,2993,12811,12816
boundary_dD3,2994,12816,12821
boundary_dD3,2995,12821,12826
boundary_dD3,2996,12826,12830
boundary_dD3,2997,12830,12835
boundary_dD3,2998,12835,12840
boundary_dD3,2999,12840,12845
boundary_dD3,3000,12845,12850
boundary_dD3,3001,12850,12854
boundary_dD3,3002,12854,12859
boundary_dD3,3003,12859,12864
boundary_dD3,3004,12864,12869
boundary_dD3,3005,12869,12873
boundary_dD3,3006,12873,12878
boundary_dD3,3007,12878,12883
boundary_dD3,3008,12883,12888
boundary_dD3,3009,12888,12892
boundary_dD3,3010,12892,12897
boundary_dD3,3011,12897,12902
boundary_dD3,3012,12902,12907
boundary_dD3,3013,12907,12912
boundary_dD3,3014,12912,12916
boundary_dD3,3015,12916,12921
boundary_dD3,3016,12921,12926
boundary_dD3,3017,12926,12931
boundary_dD3,3018,12931,12935
boundary_dD3,3019,12935,12940
boundary_dD3,3020,12940,12945
boundary_dD3,3021,12945,12950
boundary_dD3,3022,12950,12955
boundary_dD3,3023,12955,12959
boundary_dD3,3024,12959,12964
boundary_dD3,3025,12964,12969
boundary_dD3,3026,12969,12974
boundary_dD3,3027,12974,12978
boundary_dD3,3028,12978,12983
boundary_dD3,3029,12983,12988
boundary_dD3,3030,12988,12993
boundary_dD3,3031,12993,12998
boundary_dD3,3032,12998,13002
boundary_dD3,3033,13002,13007
boundary_dD3,3034,13007,13012
boundary_dD3,3035,13012,13017
boundary_dD3,3036,13017,13021
boundary_dD3,3037,13021,13026
boundary_dD3,3038,13026,13031
boundary_dD3,3039,13031,13036
boundary_dD3,3040,13036,13041
boundary_dD3,3041,13041,13045
boundary_dD3,3042,13045,13050
boundary_dD3,3043,13050,13055
boundary_dD3,3044,13055,13060
boundary_dD3,3045,13060,13064
boundary_dD3,3046,13064,13069
boundary_dD3,3047,13069,13074
boundary_dD3,3048,13074,13079
boundary_dD3,3049,13079,13084
boundary_dD3,3050,13084,13088
boundary_dD3,3051,13088,13093
boundary_dD3,3052,13093,13098
boundary_dD3,3053,13098,13103
boundary_dD3,3054,13103,13107
boundary_dD3,3055,13107,13112
boundary_dD3,3056,13112,13117
boundary_dD3,3057,13117,13122
boundary_dD3,3058,13122,13127
boundary_dD3,3059,13127,13131
boundary_dD3,3060,13131,13136
boundary_dD3,3061,13136,13141
boundary_dD3,3062,13141,13146
boundary_dD3,3063,13146,13150
boundary_dD3,3064,13150,13155
boundary_dD3,3065,13155,13160
boundary_dD3,3066,13160,13165
boundary_dD3,3067,13165,13170
boundary_dD3,3068,13170,13174
boundary_dD3,3069,13174,13179
boundary_dD3,3070,13179,13184
boundary_dD3,3071,13184,13189
boundary_dD3,3072,13189,13193
boundary_dD3,3073,13193,13198
boundary_dD3,3074,13198,13203
boundary_dD3,3075,13203,13208
boundary_dD3,3076,13208,13213
boundary_dD3,3077,13213,13217
boundary_dD3,3078,13217,13222
boundary_dD3,3079,13222,13227
boundary_dD3,3080,13227,13232
boundary_dD3,3081,13232,13237
boundary_dD3,3082,13237,13241
boundary_dD3,3083,13241,13246
boundary_dD3,3084,13246,13251
boundary_dD3,3085,13251,13256
boundary_dD3,3086,13256,13260
boundary_dD3,3087,13260,13265
boundary_dD3,3088,13265,13270
boundary_dD3,3089,13270,13275
boundary_dD3,3090,13275,13280
boundary_dD3,3091,13280,13284
boundary_dD3,3092,13284,13289
boundary_dD3,3093,13289,13294
boundary_dD3,3094,13294,13299
boundary_dD3,3095,13299,13304
boundary_dD3,3096,13304,13308
boundary_dD3,3097,13308,13313
boundary_dD3,3098,13313,13318
boundary_dD3,3099,13318,13323
boundary_dD3,3100,13323,13327
boundary_dD3,3101,13327,13332
boundary_dD3,3102,13332,13337
boundary_dD3,3103,13337,13342
boundary_dD3,3104,13342,13347
boundary_dD3,3105,13347,13351
boundary_dD3,3106,13351,13356
boundary_dD3,3107,13356,13361
boundary_dD3,3108,13361,13366
boundary_dD3,3109,13366,13371
boundary_dD3,3110,13371,13375
boundary_dD3,3111,13375,13380
boundary_dD3,3112,13380,13385
boundary_dD3,3113,13385,13390
boundary_dD3,3114,13390,13395
boundary_dD3,3115,13395,13399
boundary_dD3,3116,13399,13404
boundary_dD3,3117,13404,13409
boundary_dD3,3118,13409,13414
boundary_dD3,3119,13414,13418
boundary_dD3,3120,13418,13423
boundary_dD3,3121,13423,13428
boundary_dD3,3122,13428,13433
boundary_dD3,3123,13433,13438
boundary_dD3,3124,13438,13442
boundary_dD3,3125,13442,13447
boundary_dD3,3126,13447,13452
boundary_dD3,3127,13452,13457
boundary_dD3,3128,13457,13462
boundary_dD3,3129,13462,13466
boundary_dD3,3130,13466,13471
boundary_dD3,3131,13471,13476
boundary_dD3,3132,13476,13481
boundary_dD3,3133,13481,13486
boundary_dD3,3134,13486,13490
boundary_dD3,3135,13490,13495
boundary_dD3,3136,13495,13500
boundary_dD3,3137,13500,13505
boundary_dD3,3138,13505,13510
boundary_dD3,3139,13510,13514
boundary_dD3,3140,13514,13519
boundary_dD3,3141,13519,13524
boundary_dD3,3142,13524,13529
boundary_dD3,3143,13529,13534
boundary_dD3,3144,13534,13538
boundary_dD3,3145,13538,13543
boundary_dD3,3146,13543,13548
boundary_dD3,3147,13548,13553
boundary_dD3,3148,13553,13558
boundary_dD3,3149,13558,13562
boundary_dD3,3150,13562,13567
boundary_dD3,3151,13567,13572
boundary_dD3,3152,13572,13577
boundary_dD3,3153,13577,13581
boundary_dD3,3154,13581,13586
boundary_dD3,3155,13586,13591
boundary_dD3,3156,13591,13596
boundary_dD3,3157,13596,13601
boundary_dD3,3158,13601,13605
boundary_dD3,3159,13605,13610
boundary_dD3,3160,13610,13615
boundary_dD3,3161,13615,13620
boundary_dD3,3162,13620,13625
boundary_dD3,3163,13625,13629
boundary_dD3,3164,13629,13634
boundary_dD3,3165,13634,13639
boundary_dD3,3166,13639,13644
boundary_dD3,3167,13644,13649
boundary_dD3,3168,13649,13653
boundary_dD3,3169,13653,13658
boundary_dD3,3170,13658,13663
boundary_dD3,3171,13663,13668
boundary_dD3,3172,13668,13673
boundary_dD3,3173,13673,13677
boundary_dD3,3174,13677,13682
boundary_dD3,3175,13682,13687
boundary_dD3,3176,13687,13692
boundary_dD3,3177,13692,13697
boundary_dD3,3178,13697,13701
boundary_dD3,3179,13701,13706
boundary_dD3,3180,13706,13711
boundary_dD3,3181,13711,13716
boundary_dD3,3182,13716,13721
boundary_dD3,3183,13721,13725
boundary_dD3,3184,13725,13730
boundary_dD3,3185,13730,13735
boundary_dD3,3186,13735,13740
boundary_dD3,3187,13740,13745
boundary_dD3,3188,13745,13749
boundary_dD3,3189,13749,13754
boundary_dD3,3190,13754,13759
boundary_dD3,3191,13759,13764
boundary_dD3,3192,13764,13769
boundary_dD3,3193,13769,13773
boundary_dD3,3194,13773,13778
boundary_dD3,3195,13778,13783
boundary_dD3,3196,13783,13788
boundary_dD3,3197,13788,13793
boundary_dD3,3198,13793,13797
boundary_dD3,3199,13797,13802
boundary_dD3,3200,13802,13807
boundary_dD3,3201,13807,13812
boundary_dD3,3202,13812,13817
boundary_dD3,3203,13817,13822
boundary_dD3,3204,13822,13826
boundary_dD3,3205,13826,13831
boundary_dD3,3206,13831,13836
boundary_dD3,3207,13836,13841
boundary_dD3,3208,13841,13846
boundary_dD3,3209,13846,13850
boundary_dD3,3210,13850,13855
boundary_dD3,3211,13855,13860
boundary_dD3,3212,13860,13865
boundary_dD3,3213,13865,13870
boundary_dD3,3214,13870,13874
boundary_dD3,3215,13874,13879
boundary_dD3,3216,13879,13884
boundary_dD3,3217,13884,13889
boundary_dD3,3218,13889,13894
boundary_dD3,3219,13894,13898
boundary_dD3,3220,13898,13903
boundary_dD3,3221,13903,13908
boundary_dD3,3222,13908,13913
boundary_dD3,3223,13913,13918
boundary_dD3,3224,13918,13922
boundary_dD3,3225,13922,13927
boundary_dD3,3226,13927,13932
boundary_dD3,3227,13932,13937
boundary_dD3,3228,13937,13942
boundary_dD3,3229,13942,13946
boundary_dD3,3230,13946,13951
boundary_dD3,3231,13951,13956
boundary_dD3,3232,13956,13961
boundary_dD3,3233,13961,13966
boundary_dD3,3234,13966,13971
boundary_dD3,3235,13971,13975
boundary_dD3,3236,13975,13980
boundary_dD3,3237,13980,13985
boundary_dD3,3238,13985,13990
boundary_dD3,3239,13990,13995
boundary_dD3,3240,13995,13999
boundary_dD3,3241,13999,14004
boundary_dD3,3242,14004,14009
boundary_dD3,3243,14009,14014
boundary_dD3,3244,14014,14019
boundary_dD3,3245,14019,14023
boundary_dD3,3246,14023,14028
boundary_dD3,3247,14028,14033
boundary_dD3,3248,14033,14038
boundary_dD3,3249,14038,14043
boundary_dD3,3250,14043,14047
boundary_dD3,3251,14047,14052
boundary_dD3,3252,14052,14057
boundary_dD3,3253,14057,14062
boundary_dD3,3254,14062,14067
boundary_dD3,3255,14067,14072
boundary_dD3,3256,14072,14076
boundary_dD3,3257,14076,14081
boundary_dD3,3258,14081,14086
boundary_dD3,3259,14086,14091
boundary_dD3,3260,14091,14096
boundary_dD3,3261,14096,14100
boundary_dD3,3262,14100,14105
boundary_dD3,3263,14105,14110
boundary_dD3,3264,14110,14115
boundary_dD3,3265,14115,14120
boundary_dD3,3266,14120,14124
boundary_dD3,3267,14124,14129
boundary_dD3,3268,14129,14134
boundary_dD3,3269,14134,14139
boundary_dD3,3270,14139,14144
boundary_dD3,3271,14144,14149
boundary_dD3,3272,14149,14153
boundary_dD3,3273,14153,14158
boundary_dD3,3274,14158,14163
boundary_dD3,3275,14163,14168
boundary_dD3,3276,14168,14173
boundary_dD3,3277,14173,14177
boundary_dD3,3278,14177,14182
boundary_dD3,3279,14182,14187
boundary_dD3,3280,14187,14192
boundary_dD3,3281,14192,14197
boundary_dD3,3282,14197,14202
boundary_dD3,3283,14202,14206
boundary_dD3,3284,14206,14211
boundary_dD3,3285,14211,14216
boundary_dD3,3286,14216,14221
boundary_dD3,3287,14221,14226
boundary_dD3,3288,14226,14230
boundary_dD3,3289,14230,14235
boundary_dD3,3290,14235,14240
boundary_dD3,3291,14240,14245
boundary_dD3,3292,14245,14250
boundary_dD3,3293,14250,14255
boundary_dD3,3294,14255,14259
boundary_dD3,3295,14259,14264
boundary_dD3,3296,14264,14269
boundary_dD3,3297,14269,14274
boundary_dD3,3298,14274,14279
boundary_dD3,3299,14279,14283
boundary_dD3,3300,14283,14288
boundary_dD3,3301,14288,14293
boundary_dD3,3302,14293,14298
boundary_dD3,3303,14298,14303
boundary_dD3,3304,14303,14308
boundary_dD3,3305,14308,14312
boundary_dD3,3306,14312,14317
boundary_dD3,3307,14317,14322
boundary_dD3,3308,14322,14327
boundary_dD3,3309,14327,14332
boundary_dD3,3310,14332,14336
boundary_dD3,3311,14336,14341
boundary_dD3,3312,14341,14346
boundary_dD3,3313,14346,14351
boundary_dD3,3314,14351,14356
boundary_dD3,3315,14356,14361
boundary_dD3,3316,14361,14365
boundary_dD3,3317,14365,14370
boundary_dD3,3318,14370,14375
boundary_dD3,3319,14375,14380
boundary_dD3,3320,14380,14385
boundary_dD3,3321,14385,14389
boundary_dD3,3322,14389,14394
boundary_dD3,3323,14394,14399
boundary_dD3,3324,14399,14404
boundary_dD3,3325,14404,14409
boundary_dD3,3326,14409,14414
boundary_dD3,3327,14414,14418
boundary_dD3,3328,14418,14423
boundary_dD3,3329,14423,14428
boundary_dD3,3330,14428,14433
boundary_dD3,3331,14433,14438
boundary_dD3,3332,14438,14443
boundary_dD3,3333,14443,14447
boundary_dD3,3334,14447,14452
boundary_dD3,3335,14452,14457
boundary_dD3,3336,14457,14462
boundary_dD3,3337,14462,14467
boundary_dD3,3338,14467,14471
boundary_dD3,3339,14471,14476
boundary_dD3,3340,14476,14481
boundary_dD3,3341,14481,14486
boundary_dD3,3342,14486,14491
boundary_dD3,3343,14491,14496
boundary_dD3,3344,14496,14500
boundary_dD3,3345,14500,14505
boundary_dD3,3346,14505,14510
boundary_dD3,3347,14510,14515
boundary_dD3,3348,14515,14520
boundary_dD3,3349,14520,14525
boundary_dD3,3350,14525,14529
boundary_dD3,3351,14529,14534
boundary_dD3,3352,14534,14539
boundary_dD3,3353,14539,14544
boundary_dD3,3354,14544,14549
boundary_dD3,3355,14549,14553
boundary_dD3,3356,14553,14558
boundary_dD3,3357,14558,14563
boundary_dD3,3358,14563,14568
boundary_dD3,3359,14568,14573
boundary_dD3,3360,14573,14578
boundary_dD3,3361,14578,14582
boundary_dD3,3362,14582,14587
boundary_dD3,3363,14587,14592
boundary_dD3,3364,14592,14597
boundary_dD3,3365,14597,14602
boundary_dD3,3366,14602,14607
boundary_dD3,3367,14607,14611
boundary_dD3,3368,14611,14616
boundary_dD3,3369,14616,14621
boundary_dD3,3370,14621,14626
boundary_dD3,3371,14626,14631
boundary_dD3,3372,14631,14636
boundary_dD3,3373,14636,14640
boundary_dD3,3374,14640,14645
boundary_dD3,3375,14645,14650
boundary_dD3,3376,14650,14655
boundary_dD3,3377,14655,14660
boundary_dD3,3378,14660,14665
boundary_dD3,3379,14665,14669
boundary_dD3,3380,14669,14674
boundary_dD3,3381,14674,14679
boundary_dD3,3382,14679,14684
boundary_dD3,3383,14684,14689
boundary_dD3,3384,14689,14694
boundary_dD3,3385,14694,14698
boundary_dD3,3386,14698,14703
boundary_dD3,3387,14703,14708
boundary_dD3,3388,14708,14713
boundary_dD3,3389,14713,14718
boundary_dD3,3390,14718,14722
boundary_dD3,3391,14722,14727
boundary_dD3,3392,14727,14732
boundary_dD3,3393,14732,14737
boundary_dD3,3394,14737,14742
boundary_dD3,3395,14742,14747
boundary_dD3,3396,14747,14751
boundary_dD3,3397,14751,14756
boundary_dD3,3398,14756,14761
boundary_dD3,3399,14761,14766
boundary_dD3,3400,14766,14771
boundary_dD3,3401,14771,14776
boundary_dD3,3402,14776,14780
boundary_dD3,3403,14780,14785
boundary_dD3,3404,14785,14790
boundary_dD3,3405,14790,14795
boundary_dD3,3406,14795,14800
boundary_dD3,3407,14800,14805
boundary_dD3,3408,14805,14809
boundary_dD3,3409,14809,14814
boundary_dD3,3410,14814,14819
boundary_dD3,3411,14819,14824
boundary_dD3,3412,14824,14829
boundary_dD3,3413,14829,14834
boundary_dD3,3414,14834,14838
boundary_dD3,3415,14838,14843
boundary_dD3,3416,14843,14848
boundary_dD3,3417,14848,14853
boundary_dD3,3418,14853,14858
boundary_dD3,3419,14858,14863
boundary_dD3,3420,14863,14867
boundary_dD3,3421,14867,14872
boundary_dD3,3422,14872,14877
boundary_dD3,3423,14877,14882
boundary_dD3,3424,14882,14887
boundary_dD3,3425,14887,14892
boundary_dD3,3426,14892,14897
boundary_dD3,3427,14897,14901
boundary_dD3,3428,14901,14906
boundary_dD3,3429,14906,14911
boundary_dD3,3430,14911,14916
boundary_dD3,3431,14916,14921
boundary_dD3,3432,14921,14926
boundary_dD3,3433,14926,14930
boundary_dD3,3434,14930,14935
boundary_dD3,3435,14935,14940
boundary_dD3,3436,14940,14945
boundary_dD3,3437,14945,14950
boundary_dD3,3438,14950,14955
boundary_dD3,3439,14955,14959
boundary_dD3,3440,14959,14964
boundary_dD3,3441,14964,14969
boundary_dD3,3442,14969,14974
boundary_dD3,3443,14974,14979
boundary_dD3,3444,14979,14984
boundary_dD3,3445,14984,14988
boundary_dD3,3446,14988,14993
boundary_dD3,3447,14993,14998
boundary_dD3,3448,14998,15003
boundary_dD3,3449,15003,15008
boundary_dD3,3450,15008,15013
boundary_dD3,3451,15013,15017
boundary_dD3,3452,15017,15022
boundary_dD3,3453,15022,15027
boundary_dD3,3454,15027,15032
boundary_dD3,3455,15032,15037
boundary_dD3,3456,15037,15042
boundary_dD3,3457,15042,15046
boundary_dD3,3458,15046,15051
boundary_dD3,3459,15051,15056
boundary_dD3,3460,15056,15061
boundary_dD3,3461,15061,15066
boundary_dD3,3462,15066,15071
boundary_dD3,3463,15071,15076
boundary_dD3,3464,15076,15080
boundary_dD3,3465,15080,15085
boundary_dD3,3466,15085,15090
boundary_dD3,3467,15090,15095
boundary_dD3,3468,15095,15100
boundary_dD3,3469,15100,15105
boundary_dD3,3470,15105,15109
boundary_dD3,3471,15109,15114
boundary_dD3,3472,15114,15119
boundary_dD3,3473,15119,15124
boundary_dD3,3474,15124,15129
boundary_dD3,3475,15129,15134
boundary_dD3,3476,15134,15138
boundary_dD3,3477,15138,15143
boundary_dD3,3478,15143,15148
boundary_dD3,3479,15148,15153
boundary_dD3,3480,15153,15158
boundary_dD3,3481,15158,15163
boundary_dD3,3482,15163,15168
boundary_dD3,3483,15168,15172
boundary_dD3,3484,15172,15177
boundary_dD3,3485,15177,15182
boundary_dD3,3486,15182,15187
boundary_dD3,3487,15187,15192
boundary_dD3,3488,15192,15197
boundary_dD3,3489,15197,15201
boundary_dD3,3490,15201,15206
boundary_dD3,3491,15206,15211
boundary_dD3,3492,15211,15216
boundary_dD3,3493,15216,15221
boundary_dD3,3494,15221,15226
boundary_dD3,3495,15226,15231
boundary_dD3,3496,15231,15235
boundary_dD3,3497,15235,15240
boundary_dD3,3498,15240,15245
boundary_dD3,3499,15245,15250
boundary_dD3,3500,15250,15255
boundary_dD3,3501,15255,15260
boundary_dD3,3502,15260,15264
boundary_dD3,3503,15264,15269
boundary_dD3,3504,15269,15274
boundary_dD3,3505,15274,15279
boundary_dD3,3506,15279,15284
boundary_dD3,3507,15284,15289
boundary_dD3,3508,15289,15294
boundary_dD3,3509,15294,15298
boundary_dD3,3510,15298,15303
boundary_dD3,3511,15303,15308
boundary_dD3,3512,15308,15313
boundary_dD3,3513,15313,15318
boundary_dD3,3514,15318,15323
boundary_dD3,3515,15323,15327
boundary_dD3,3516,15327,15332
boundary_dD3,3517,15332,15337
boundary_dD3,3518,15337,15342
boundary_dD3,3519,15342,15347
boundary_dD3,3520,15347,15352
boundary_dD3,3521,15352,15357
boundary_dD3,3522,15357,15361
boundary_dD3,3523,15361,15366
boundary_dD3,3524,15366,15371
boundary_dD3,3525,15371,15376
boundary_dD3,3526,15376,15381
boundary_dD3,3527,15381,15386
boundary_dD3,3528,15386,15391
boundary_dD3,3529,15391,15395
boundary_dD3,3530,15395,15400
boundary_dD3,3531,15400,15405
boundary_dD3,3532,15405,15410
boundary_dD3,3533,15410,15415
boundary_dD3,3534,15415,15420
boundary_dD3,3535,15420,15424
boundary_dD3,3536,15424,15429
boundary_dD3,3537,15429,15434
boundary_dD3,3538,15434,15439
boundary_dD3,3539,15439,15444
boundary_dD3,3540,15444,15449
boundary_dD3,3541,15449,15454
boundary_dD3,3542,15454,15458
boundary_dD3,3543,15458,15463
boundary_dD3,3544,15463,15468
boundary_dD3,3545,15468,15473
boundary_dD3,3546,15473,15478
boundary_dD3,3547,15478,15483
boundary_dD3,3548,15483,15488
boundary_dD3,3549,15488,15492
boundary_dD3,3550,15492,15497
boundary_dD3,3551,15497,15502
boundary_dD3,3552,15502,15507
boundary_dD3,3553,15507,15512
boundary_dD3,3554,15512,15517
boundary_dD3,3555,15517,15522
boundary_dD3,3556,15522,15526
boundary_dD3,3557,15526,15531
boundary_dD3,3558,15531,15536
boundary_dD3,3559,15536,15541
boundary_dD3,3560,15541,15546
boundary_dD3,3561,15546,15551
boundary_dD3,3562,15551,15556
boundary_dD3,3563,15556,15560
boundary_dD3,3564,15560,15565
boundary_dD3,3565,15565,15570
boundary_dD3,3566,15570,15575
boundary_dD3,3567,15575,15580
boundary_dD3,3568,15580,15585
boundary_dD3,3569,15585,15590
boundary_dD3,3570,15590,15594
boundary_dD3,3571,15594,15599
boundary_dD3,3572,15599,15604
boundary_dD3,3573,15604,15609
boundary_dD3,3574,15609,15614
boundary_dD3,3575,15614,15619
boundary_dD3,3576,15619,15624
boundary_dD3,3577,15624,15628
boundary_dD3,3578,15628,15633
boundary_dD3,3579,15633,15638
boundary_dD3,3580,15638,15643
boundary_dD3,3581,15643,15648
boundary_dD3,3582,15648,15653
boundary_dD3,3583,15653,15658
boundary_dD3,3584,15658,15662
boundary_dD3,3585,15662,15667
boundary_dD3,3586,15667,15672
boundary_dD3,3587,15672,15677
boundary_dD3,3588,15677,15682
boundary_dD3,3589,15682,15687
boundary_dD3,3590,15687,15692
boundary_dD3,3591,15692,15696
boundary_dD3,3592,15696,15701
boundary_dD3,3593,15701,15706
boundary_dD3,3594,15706,15711
boundary_dD3,3595,15711,15716
boundary_dD3,3596,15716,15721
boundary_dD3,3597,15721,15726
boundary_dD3,3598,15726,15730
boundary_dD3,3599,15730,15735
boundary_dD3,3600,15735,15740
boundary_dD3,3601,15740,15745
boundary_dD3,3602,15745,15750
boundary_dD3,3603,15750,15755
boundary_dD3,3604,15755,15760
boundary_dD3,3605,15760,15764
boundary_dD3,3606,15764,15769
boundary_dD3,3607,15769,15774
boundary_dD3,3608,15774,15779
boundary_dD3,3609,15779,15784
boundary_dD3,3610,15784,15789
boundary_dD3,3611,15789,15794
boundary_dD3,3612,15794,15798
boundary_dD3,3613,15798,15803
boundary_dD3,3614,15803,15808
boundary_dD3,3615,15808,15813
boundary_dD3,3616,15813,15818
boundary_dD3,3617,15818,15823
boundary_dD3,3618,15823,15828
boundary_dD3,3619,15828,15832
boundary_dD3,3620,15832,15837
boundary_dD3,3621,15837,15842
boundary_dD3,3622,15842,15847
boundary_dD3,3623,15847,15852
boundary_dD3,3624,15852,15857
boundary_dD3,3625,15857,15862
boundary_dD3,3626,15862,15867
boundary_dD3,3627,15867,15871
boundary_dD3,3628,15871,15876
boundary_dD3,3629,15876,15881
boundary_dD3,3630,15881,15886
boundary_dD3,3631,15886,15891
boundary_dD3,3632,15891,15896
boundary_dD3,3633,15896,15901
boundary_dD3,3634,15901,15905
boundary_dD3,3635,15905,15910
boundary_dD3,3636,15910,15915
boundary_dD3,3637,15915,15920
boundary_dD3,3638,15920,15925
boundary_dD3,3639,15925,15930
boundary_dD3,3640,15930,15935
boundary_dD3,3641,15935,15940
boundary_dD3,3642,15940,15944
boundary_dD3,3643,15944,15949
boundary_dD3,3644,15949,15954
boundary_dD3,3645,15954,15959
boundary_dD3,3646,15959,15964
boundary_dD3,3647,15964,15969
boundary_dD3,3648,15969,15974
boundary_dD3,3649,15974,15978
boundary_dD3,3650,15978,15983
boundary_dD3,3651,15983,15988
boundary_dD3,3652,15988,15993
boundary_dD3,3653,15993,15998
boundary_dD3,3654,15998,16003
boundary_dD3,3655,16003,16008
boundary_dD3,3656,16008,16013
boundary_dD3,3657,16013,16017
boundary_dD3,3658,16017,16022
boundary_dD3,3659,16022,16027
boundary_dD3,3660,16027,16032
boundary_dD3,3661,16032,16037
boundary_dD3,3662,16037,16042
boundary_dD3,3663,16042,16047
boundary_dD3,3664,16047,16051
boundary_dD3,3665,16051,16056
boundary_dD3,3666,16056,16061
boundary_dD3,3667,16061,16066
boundary_dD3,3668,16066,16071
boundary_dD3,3669,16071,16076
boundary_dD3,3670,16076,16081
boundary_dD3,3671,16081,16086
boundary_dD3,3672,16086,16090
boundary_dD3,3673,16090,16095
boundary_dD3,3674,16095,16100
boundary_dD3,3675,16100,16105
boundary_dD3,3676,16105,16110
boundary_dD3,3677,16110,16115
boundary_dD3,3678,16115,16120
boundary_dD3,3679,16120,16125
boundary_dD3,3680,16125,16129
boundary_dD3,3681,16129,16134
boundary_dD3,3682,16134,16139
boundary_dD3,3683,16139,16144
boundary_dD3,3684,16144,16149
boundary_dD3,3685,16149,16154
boundary_dD3,3686,16154,16159
boundary_dD3,3687,16159,16163
boundary_dD3,3688,16163,16168
boundary_dD3,3689,16168,16173
boundary_dD3,3690,16173,16178
boundary_dD3,3691,16178,16183
boundary_dD3,3692,16183,16188
boundary_dD3,3693,16188,16193
boundary_dD3,3694,16193,16198
boundary_dD3,3695,16198,16202
boundary_dD3,3696,16202,16207
boundary_dD3,3697,16207,16212
boundary_dD3,3698,16212,16217
boundary_dD3,3699,16217,16222
boundary_dD3,3700,16222,16227
boundary_dD3,3701,16227,16232
boundary_dD3,3702,16232,16237
boundary_dD3,3703,16237,16241
boundary_dD3,3704,16241,16246
boundary_dD3,3705,16246,16251
boundary_dD3,3706,16251,16256
boundary_dD3,3707,16256,16261
boundary_dD3,3708,16261,16266
boundary_dD3,3709,16266,16271
boundary_dD3,3710,16271,16276
boundary_dD3,3711,16276,16280
boundary_dD3,3712,16280,16285
boundary_dD3,3713,16285,16290
boundary_dD3,3714,16290,16295
boundary_dD3,3715,16295,16300
boundary_dD3,3716,16300,16305
boundary_dD3,3717,16305,16310
boundary_dD3,3718,16310,16315
boundary_dD3,3719,16315,16319
boundary_dD3,3720,16319,16324
boundary_dD3,3721,16324,16329
boundary_dD3,3722,16329,16334
boundary_dD3,3723,16334,16339
boundary_dD3,3724,16339,16344
boundary_dD3,3725,16344,16349
boundary_dD3,3726,16349,16354
boundary_dD3,3727,16354,16358
boundary_dD3,3728,16358,16363
boundary_dD3,3729,16363,16368
boundary_dD3,3730,16368,16373
boundary_dD3,3731,16373,16378
boundary_dD3,3732,16378,16383
boundary_dD3,3733,16383,16388
boundary_dD3,3734,16388,16393
boundary_dD3,3735,16393,16398
boundary_dD3,3736,16398,16402
boundary_dD3,3737,16402,16407
boundary_dD3,3738,16407,16412
boundary_dD3,3739,16412,16417
boundary_dD3,3740,16417,16422
boundary_dD3,3741,16422,16427
boundary_dD3,3742,16427,16432
boundary_dD3,3743,16432,16437
boundary_dD3,3744,16437,16441
boundary_dD3,3745,16441,16446
boundary_dD3,3746,16446,16451
boundary_dD3,3747,16451,16456
boundary_dD3,3748,16456,16461
boundary_dD3,3749,16461,16466
boundary_dD3,3750,16466,16471
boundary_dD3,3751,16471,16476
boundary_dD3,3752,16476,16480
boundary_dD3,3753,16480,16485
boundary_dD3,3754,16485,16490
boundary_dD3,3755,16490,16495
boundary_dD3,3756,16495,16500
boundary_dD3,3757,16500,16505
boundary_dD3,3758,16505,16510
boundary_dD3,3759,16510,16515
boundary_dD3,3760,16515,16519
boundary_dD3,3761,16519,16524
boundary_dD3,3762,16524,16529
boundary_dD3,3763,16529,16534
boundary_dD3,3764,16534,16539
boundary_dD3,3765,16539,16544
boundary_dD3,3766,16544,16549
boundary_dD3,3767,16549,16554
boundary_dD3,3768,16554,16559
boundary_dD3,3769,16559,16563
boundary_dD3,3770,16563,16568
boundary_dD3,3771,16568,16573
boundary_dD3,3772,16573,16578
boundary_dD3,3773,16578,16583
boundary_dD3,3774,16583,16588
boundary_dD3,3775,16588,16593
boundary_dD3,3776,16593,16598
boundary_dD3,3777,16598,16602
boundary_dD3,3778,16602,16607
boundary_dD3,3779,16607,16612
boundary_dD3,3780,16612,16617
boundary_dD3,3781,16617,16622
boundary_dD3,3782,16622,16627
boundary_dD3,3783,16627,16632
boundary_dD3,3784,16632,16637
boundary_dD3,3785,16637,16642
boundary_dD3,3786,16642,16646
boundary_dD3,3787,16646,16651
boundary_dD3,3788,16651,16656
boundary_dD3,3789,16656,16661
boundary_dD3,3790,16661,16666
boundary_dD3,3791,16666,16671
boundary_dD3,3792,16671,16676
boundary_dD3,3793,16676,16681
boundary_dD3,3794,16681,16686
boundary_dD3,3795,16686,16690
boundary_dD3,3796,16690,16695
boundary_dD3,3797,16695,16700
boundary_dD3,3798,16700,16705
boundary_dD3,3799,16705,16710
boundary_dD3,3800,16710,16715
boundary_dD3,3801,16715,16720
boundary_dD3,3802,16720,16725
boundary_dD3,3803,16725,16730
boundary_dD3,3804,16730,16734
boundary_dD3,3805,16734,16739
boundary_dD3,3806,16739,16744
boundary_dD3,3807,16744,16749
boundary_dD3,3808,16749,16754
boundary_dD3,3809,16754,16759
boundary_dD3,3810,16759,16764
boundary_dD3,3811,16764,16769
boundary_dD3,3812,16769,16774
boundary_dD3,3813,16774,16778
boundary_dD3,3814,16778,16783
boundary_dD3,3815,16783,16788
boundary_dD3,3816,16788,16793
boundary_dD3,3817,16793,16798
boundary_dD3,3818,16798,16803
boundary_dD3,3819,16803,16808
boundary_dD3,3820,16808,16813
boundary_dD3,3821,16813,16817
boundary_dD3,3822,16817,16822
boundary_dD3,3823,16822,16827
boundary_dD3,3824,16827,16832
boundary_dD3,3825,16832,16837
boundary_dD3,3826,16837,16842
boundary_dD3,3827,16842,16847
boundary_dD3,3828,16847,16852
boundary_dD3,3829,16852,16857
boundary_dD3,3830,16857,16861
boundary_dD3,3831,16861,16866
boundary_dD3,3832,16866,16871
boundary_dD3,3833,16871,16876
boundary_dD3,3834,16876,16881
boundary_dD3,3835,16881,16886
boundary_dD3,3836,16886,16891
boundary_dD3,3837,16891,16896
boundary_dD3,3838,16896,16901
boundary_dD3,3839,16901,16906
boundary_dD3,3840,16906,16910
boundary_dD3,3841,16910,16915
boundary_dD3,3842,16915,16920
boundary_dD3,3843,16920,16925
boundary_dD3,3844,16925,16930
boundary_dD3,3845,16930,16935
boundary_dD3,3846,16935,16940
boundary_dD3,3847,16940,16945
boundary_dD3,3848,16945,16950
boundary_dD3,3849,16950,16954
boundary_dD3,3850,16954,16959
boundary_dD3,3851,16959,16964
boundary_dD3,3852,16964,16969
boundary_dD3,3853,16969,16974
boundary_dD3,3854,16974,16979
boundary_dD3,3855,16979,16984
boundary_dD3,3856,16984,16989
boundary_dD3,3857,16989,16994
boundary_dD3,3858,16994,16998
boundary_dD3,3859,16998,17003
boundary_dD3,3860,17003,17008
boundary_dD3,3861,17008,17013
boundary_dD3,3862,17013,17018
boundary_dD3,3863,17018,17023
boundary_dD3,3864,17023,17028
boundary_dD3,3865,17028,17033
boundary_dD3,3866,17033,17038
boundary_dD3,3867,17038,17043
boundary_dD3,3868,17043,17047
boundary_dD3,3869,17047,17052
boundary_dD3,3870,17052,17057
boundary_dD3,3871,17057,17062
boundary_dD3,3872,17062,17067
boundary_dD3,3873,17067,17072
boundary_dD3,3874,17072,17077
boundary_dD3,3875,17077,17082
boundary_dD3,3876,17082,17087
boundary_dD3,3877,17087,17091
boundary_dD3,3878,17091,17096
boundary_dD3,3879,17096,17101
boundary_dD3,3880,17101,17106
boundary_dD3,3881,17106,17111
boundary_dD3,3882,17111,17116
boundary_dD3,3883,17116,17121
boundary_dD3,3884,17121,17126
boundary_dD3,3885,17126,17131
boundary_dD3,3886,17131,17136
boundary_dD3,3887,17136,17140
boundary_dD3,3888,17140,17145
boundary_dD3,3889,17145,17150
boundary_dD3,3890,17150,17155
boundary_dD3,3891,17155,17160
boundary_dD3,3892,17160,17165
boundary_dD3,3893,17165,17170
boundary_dD3,3894,17170,17175
boundary_dD3,3895,17175,17180
boundary_dD3,3896,17180,17185
boundary_dD3,3897,17185,17189
boundary_dD3,3898,17189,17194
boundary_dD3,3899,17194,17199
boundary_dD3,3900,17199,17204
boundary_dD3,3901,17204,17209
boundary_dD3,3902,17209,17214
boundary_dD3,3903,17214,17219
boundary_dD3,3904,17219,17224
boundary_dD3,3905,17224,17229
boundary_dD3,3906,17229,17234
boundary_dD3,3907,17234,17238
boundary_dD3,3908,17238,17243
boundary_dD3,3909,17243,17248
boundary_dD3,3910,17248,17253
boundary_dD3,3911,17253,17258
boundary_dD3,3912,17258,17263
boundary_dD3,3913,17263,17268
boundary_dD3,3914,17268,17273
boundary_dD3,3915,17273,17278
boundary_dD3,3916,17278,17283
boundary_dD3,3917,17283,17287
boundary_dD3,3918,17287,17292
boundary_dD3,3919,17292,17297
boundary_dD3,3920,17297,17302
boundary_dD3,3921,17302,17307
boundary_dD3,3922,17307,17312
boundary_dD3,3923,17312,17317
boundary_dD3,3924,17317,17322
boundary_dD3,3925,17322,17327
boundary_dD3,3926,17327,17332
boundary_dD3,3927,17332,17336
boundary_dD3,3928,17336,17341
boundary_dD3,3929,17341,17346
boundary_dD3,3930,17346,17351
boundary_dD3,3931,17351,17356
boundary_dD3,3932,17356,17361
boundary_dD3,3933,17361,17366
boundary_dD3,3934,17366,17371
boundary_dD3,3935,17371,17376
boundary_dD3,3936,17376,17381
boundary_dD3,3937,17381,17385
boundary_dD3,3938,17385,17390
boundary_dD3,3939,17390,17395
boundary_dD3,3940,17395,17400
boundary_dD3,3941,17400,17405
boundary_dD3,3942,17405,17410
boundary_dD3,3943,17410,17415
boundary_dD3,3944,17415,17420
boundary_dD3,3945,17420,17425
boundary_dD3,3946,17425,17430
boundary_dD3,3947,17430,17435
boundary_dD3,3948,17435,17439
boundary_dD3,3949,17439,17444
boundary_dD3,3950,17444,17449
boundary_dD3,3951,17449,17454
boundary_dD3,3952,17454,17459
boundary_dD3,3953,17459,17464
boundary_dD3,3954,17464,17469
boundary_dD3,3955,17469,17474
boundary_dD3,3956,17474,17479
boundary_dD3,3957,17479,17484
boundary_dD3,3958,17484,17488
boundary_dD3,3959,17488,17493
boundary_dD3,3960,17493,17498
boundary_dD3,3961,17498,17503
boundary_dD3,3962,17503,17508
boundary_dD3,3963,17508,17513
boundary_dD3,3964,17513,17518
boundary_dD3,3965,17518,17523
boundary_dD3,3966,17523,17528
boundary_dD3,3967,17528,17533
boundary_dD3,3968,17533,17538
boundary_dD3,3969,17538,17542
boundary_dD3,3970,17542,17547
boundary_dD3,3971,17547,17552
boundary_dD3,3972,17552,17557
boundary_dD3,3973,17557,17562
boundary_dD3,3974,17562,17567
boundary_dD3,3975,17567,17572
boundary_dD3,3976,17572,17577
boundary_dD3,3977,17577,17582
boundary_dD3,3978,17582,17587
boundary_dD3,3979,17587,17592
boundary_dD3,3980,17592,17596
boundary_dD3,3981,17596,17601
boundary_dD3,3982,17601,17606
boundary_dD3,3983,17606,17611
boundary_dD3,3984,17611,17616
boundary_dD3,3985,17616,17621
boundary_dD3,3986,17621,17626
boundary_dD3,3987,17626,17631
boundary_dD3,3988,17631,17636
boundary_dD3,3989,17636,17641
boundary_dD3,3990,17641,17646
boundary_dD3,3991,17646,17650
boundary_dD3,3992,17650,17655
boundary_dD3,3993,17655,17660
boundary_dD3,3994,17660,17665
boundary_dD3,3995,17665,17670
boundary_dD3,3996,17670,17675
boundary_dD3,3997,17675,17680
boundary_dD3,3998,17680,17685
boundary_dD3,3999,17685,17690
boundary_dD3,4000,17690,17695
boundary_dD3,4001,17695,17700
boundary_dD3,4002,17700,17704
boundary_dD3,4003,17704,17709
boundary_dD3,4004,17709,17714
boundary_dD3,4005,17714,17719
boundary_dD3,4006,17719,17724
boundary_dD3,4007,17724,17729
boundary_dD3,4008,17729,17734
boundary_dD3,4009,17734,17739
boundary_dD3,4010,17739,17744
boundary_dD3,4011,17744,17749
boundary_dD3,4012,17749,17754
boundary_dD3,4013,17754,17758
boundary_dD3,4014,17758,17763
boundary_dD3,4015,17763,17768
boundary_dD3,4016,17768,17773
boundary_dD3,4017,17773,17778
boundary_dD3,4018,17778,17783
boundary_dD3,4019,17783,17788
boundary_dD3,4020,17788,17793
boundary_dD3,4021,17793,17798
boundary_dD3,4022,17798,17803
boundary_dD3,4023,17803,17808
boundary_dD3,4024,17808,17813
boundary_dD3,4025,17813,17817
boundary_dD3,4026,17817,17822
boundary_dD3,4027,17822,17827
boundary_dD3,4028,17827,17832
boundary_dD3,4029,17832,17837
boundary_dD3,4030,17837,17842
boundary_dD3,4031,17842,17847
boundary_dD3,4032,17847,17852
boundary_dD3,4033,17852,17857
boundary_dD3,4034,17857,17862
boundary_dD3,4035,17862,17867
boundary_dD3,4036,17867,17871
boundary_dD3,4037,17871,17876
boundary_dD3,4038,17876,17881
boundary_dD3,4039,17881,17886
boundary_dD3,4040,17886,17891
boundary_dD3,4041,17891,17896
boundary_dD3,4042,17896,17901
boundary_dD3,4043,17901,17906
boundary_dD3,4044,17906,17911
boundary_dD3,4045,17911,17916
boundary_dD3,4046,17916,17921
boundary_dD3,4047,17921,17926
boundary_dD3,4048,17926,17930
boundary_dD3,4049,17930,17935
boundary_dD3,4050,17935,17940
boundary_dD3,4051,17940,17945
boundary_dD3,4052,17945,17950
boundary_dD3,4053,17950,17955
boundary_dD3,4054,17955,17960
boundary_dD3,4055,17960,17965
boundary_dD3,4056,17965,17970
boundary_dD3,4057,17970,17975
boundary_dD3,4058,17975,17980
boundary_dD3,4059,17980,17985
boundary_dD3,4060,17985,17989
boundary_dD3,4061,17989,17994
boundary_dD3,4062,17994,17999
boundary_dD3,4063,17999,18004
boundary_dD3,4064,18004,18009
boundary_dD3,4065,18009,18014
boundary_dD3,4066,18014,18019
boundary_dD3,4067,18019,18024
boundary_dD3,4068,18024,18029
boundary_dD3,4069,18029,18034
boundary_dD3,4070,18034,18039
boundary_dD3,4071,18039,18044
boundary_dD3,4072,18044,18049
boundary_dD3,4073,18049,18053
boundary_dD3,4074,18053,18058
boundary_dD3,4075,18058,18063
boundary_dD3,4076,18063,18068
boundary_dD3,4077,18068,18073
boundary_dD3,4078,18073,18078
boundary_dD3,4079,18078,18083
boundary_dD3,4080,18083,18088
boundary_dD3,4081,18088,18093
boundary_dD3,4082,18093,18098
boundary_dD3,4083,18098,18103
boundary_dD3,4084,18103,18108
boundary_dD3,4085,18108,18112
boundary_dD3,4086,18112,18117
boundary_dD3,4087,18117,18122
boundary_dD3,4088,18122,18127
boundary_dD3,4089,18127,18132
boundary_dD3,4090,18132,18137
boundary_dD3,4091,18137,18142
boundary_dD3,4092,18142,18147
boundary_dD3,4093,18147,18152
boundary_dD3,4094,18152,18157
boundary_dD3,4095,18157,18162
boundary_dD3,4096,18162,18167
boundary_dD3,4097,18167,18172
boundary_dD3,4098,18172,18176
boundary_dD3,4099,18176,18181
boundary_dD3,4100,18181,18186
boundary_dD3,4101,18186,18191
boundary_dD3,4102,18191,18196
boundary_dD3,4103,18196,18201
boundary_dD3,4104,18201,18206
boundary_dD3,4105,18206,18211
boundary_dD3,4106,18211,18216
boundary_dD3,4107,18216,18221
boundary_dD3,4108,18221,18226
boundary_dD3,4109,18226,18231
boundary_dD3,4110,18231,18236
boundary_dD3,4111,18236,18240
boundary_dD3,4112,18240,18245
boundary_dD3,4113,18245,18250
boundary_dD3,4114,18250,18255
boundary_dD3,4115,18255,18260
boundary_dD3,4116,18260,18265
boundary_dD3,4117,18265,18270
boundary_dD3,4118,18270,18275
boundary_dD3,4119,18275,18280
boundary_dD3,4120,18280,18285
boundary_dD3,4121,18285,18290
boundary_dD3,4122,18290,18295
boundary_dD3,4123,18295,18300
boundary_dD3,4124,18300,18305
boundary_dD3,4125,18305,18309
boundary_dD3,4126,18309,18314
boundary_dD3,4127,18314,18319
boundary_dD3,4128,18319,18324
boundary_dD3,4129,18324,18329
boundary_dD3,4130,18329,18334
boundary_dD3,4131,18334,18339
boundary_dD3,4132,18339,18344
boundary_dD3,4133,18344,18349
boundary_dD3,4134,18349,18354
boundary_dD3,4135,18354,18359
boundary_dD3,4136,18359,18364
boundary_dD3,4137,18364,18369
boundary_dD3,4138,18369,18373
boundary_dD3,4139,18373,18378
boundary_dD3,4140,18378,18383
boundary_dD3,4141,18383,18388
boundary_dD3,4142,18388,18393
boundary_dD3,4143,18393,18398
boundary_dD3,4144,18398,18403
boundary_dD3,4145,18403,18408
boundary_dD3,4146,18408,18413
boundary_dD3,4147,18413,18418
boundary_dD3,4148,18418,18423
boundary_dD3,4149,18423,18428
boundary_dD3,4150,18428,18433
boundary_dD3,4151,18433,18438
boundary_dD3,4152,18438,18442
boundary_dD3,4153,18442,18447
boundary_dD3,4154,18447,18452
boundary_dD3,4155,18452,18457
boundary_dD3,4156,18457,18462
boundary_dD3,4157,18462,18467
boundary_dD3,4158,18467,18472
boundary_dD3,4159,18472,18477
boundary_dD3,4160,18477,18482
boundary_dD3,4161,18482,18487
boundary_dD3,4162,18487,18492
boundary_dD3,4163,18492,18497
boundary_dD3,4164,18497,18502
boundary_dD3,4165,18502,18507
boundary_dD3,4166,18507,18511
boundary_dD3,4167,18511,18516
boundary_dD3,4168,18516,18521
boundary_dD3,4169,18521,18526
boundary_dD3,4170,18526,18531
boundary_dD3,4171,18531,18536
boundary_dD3,4172,18536,18541
boundary_dD3,4173,18541,18546
boundary_dD3,4174,18546,18551
boundary_dD3,4175,18551,18556
boundary_dD3,4176,18556,18561
boundary_dD3,4177,18561,18566
boundary_dD3,4178,18566,18571
boundary_dD3,4179,18571,18576
boundary_dD3,4180,18576,18581
boundary_dD3,4181,18581,18585
boundary_dD3,4182,18585,18590
boundary_dD3,4183,18590,18595
boundary_dD3,4184,18595,18600
boundary_dD3,4185,18600,18605
boundary_dD3,4186,18605,18610
boundary_dD3,4187,18610,18615
boundary_dD3,4188,18615,18620
boundary_dD3,4189,18620,18625
boundary_dD3,4190,18625,18630
boundary_dD3,4191,18630,18635
boundary_dD3,4192,18635,18640
boundary_dD3,4193,18640,18645
boundary_dD3,4194,18645,18650
boundary_dD3,4195,18650,18655
boundary_dD3,4196,18655,18659
boundary_dD3,4197,18659,18664
boundary_dD3,4198,18664,18669
boundary_dD3,4199,18669,18674
boundary_dD3,4200,18674,18679
boundary_dD3,4201,18679,18684
boundary_dD3,4202,18684,18689
boundary_dD3,4203,18689,18694
boundary_dD3,4204,18694,18699
boundary_dD3,4205,18699,18704
boundary_dD3,4206,18704,18709
boundary_dD3,4207,18709,18714
boundary_dD3,4208,18714,18719
boundary_dD3,4209,18719,18724
boundary_dD3,4210,18724,18729
boundary_dD3,4211,18729,18733
boundary_dD3,4212,18733,18738
boundary_dD3,4213,18738,18743
boundary_dD3,4214,18743,18748
boundary_dD3,4215,18748,18753
boundary_dD3,4216,18753,18758
boundary_dD3,4217,18758,18763
boundary_dD3,4218,18763,18768
boundary_dD3,4219,18768,18773
boundary_dD3,4220,18773,18778
boundary_dD3,4221,18778,18783
boundary_dD3,4222,18783,18788
boundary_dD3,4223,18788,18793
boundary_dD3,4224,18793,18798
boundary_dD3,4225,18798,18803
boundary_dD3,4226,18803,18808
boundary_dD3,4227,18808,18812
boundary_dD3,4228,18812,18817
boundary_dD3,4229,18817,18822
boundary_dD3,4230,18822,18827
boundary_dD3,4231,18827,18832
boundary_dD3,4232,18832,18837
boundary_dD3,4233,18837,18842
boundary_dD3,4234,18842,18847
boundary_dD3,4235,18847,18852
boundary_dD3,4236,18852,18857
boundary_dD3,4237,18857,18862
boundary_dD3,4238,18862,18867
boundary_dD3,4239,18867,18872
boundary_dD3,4240,18872,18877
boundary_dD3,4241,18877,18882
boundary_dD3,4242,18882,18887
boundary_dD3,4243,18887,18891
boundary_dD3,4244,18891,18896
boundary_dD3,4245,18896,18901
boundary_dD3,4246,18901,18906
boundary_dD3,4247,18906,18911
boundary_dD3,4248,18911,18916
boundary_dD3,4249,18916,18921
boundary_dD3,4250,18921,18926
boundary_dD3,4251,18926,18931
boundary_dD3,4252,18931,18936
boundary_dD3,4253,18936,18941
boundary_dD3,4254,18941,18946
boundary_dD3,4255,18946,18951
boundary_dD3,4256,18951,18956
boundary_dD3,4257,18956,18961
boundary_dD3,4258,18961,18966
boundary_dD3,4259,18966,18971
boundary_dD3,4260,18971,18975
boundary_dD3,4261,18975,18980
boundary_dD3,4262,18980,18985
boundary_dD3,4263,18985,18990
boundary_dD3,4264,18990,18995
boundary_dD3,4265,18995,19000
boundary_dD3,4266,19000,19005
boundary_dD3,4267,19005,19010
boundary_dD3,4268,19010,19015
boundary_dD3,4269,19015,19020
boundary_dD3,4270,19020,19025
boundary_dD3,4271,19025,19030
boundary_dD3,4272,19030,19035
boundary_dD3,4273,19035,19040
boundary_dD3,4274,19040,19045
boundary_dD3,4275,19045,19050
boundary_dD3,4276,19050,19055
boundary_dD3,4277,19055,19060
boundary_dD3,4278,19060,19064
boundary_dD3,4279,19064,19069
boundary_dD3,4280,19069,19074
boundary_dD3,4281,19074,19079
boundary_dD3,4282,19079,19084
boundary_dD3,4283,19084,19089
boundary_dD3,4284,19089,19094
boundary_dD3,4285,19094,19099
boundary_dD3,4286,19099,19104
boundary_dD3,4287,19104,19109
boundary_dD3,4288,19109,19114
boundary_dD3,4289,19114,19119
boundary_dD3,4290,19119,19124
boundary_dD3,4291,19124,19129
boundary_dD3,4292,19129,19134
boundary_dD3,4293,19134,19139
boundary_dD3,4294,19139,19144
boundary_dD3,4295,19144,19149
boundary_dD3,4296,19149,19153
boundary_dD3,4297,19153,19158
boundary_dD3,4298,19158,19163
boundary_dD3,4299,19163,19168
boundary_dD3,4300,19168,19173
boundary_dD3,4301,19173,19178
boundary_dD3,4302,19178,19183
boundary_dD3,4303,19183,19188
boundary_dD3,4304,19188,19193
boundary_dD3,4305,19193,19198
boundary_dD3,4306,19198,19203
boundary_dD3,4307,19203,19208
boundary_dD3,4308,19208,19213
boundary_dD3,4309,19213,19218
boundary_dD3,4310,19218,19223
boundary_dD3,4311,19223,19228
boundary_dD3,4312,19228,19233
boundary_dD3,4313,19233,19238
boundary_dD3,4314,19238,19242
boundary_dD3,4315,19242,19247
boundary_dD3,4316,19247,19252
boundary_dD3,4317,19252,19257
boundary_dD3,4318,19257,19262
boundary_dD3,4319,19262,19267
boundary_dD3,4320,19267,19272
boundary_dD3,4321,19272,19277
boundary_dD3,4322,19277,19282
boundary_dD3,4323,19282,19287
boundary_dD3,4324,19287,19292
boundary_dD3,4325,19292,19297
boundary_dD3,4326,19297,19302
boundary_dD3,4327,19302,19307
boundary_dD3,4328,19307,19312
boundary_dD3,4329,19312,19317
boundary_dD3,4330,19317,19322
boundary_dD3,4331,19322,19327
boundary_dD3,4332,19327,19332
boundary_dD3,4333,19332,19337
boundary_dD3,4334,19337,19341
boundary_dD3,4335,19341,19346
boundary_dD3,4336,19346,19351
boundary_dD3,4337,19351,19356
boundary_dD3,4338,19356,19361
boundary_dD3,4339,19361,19366
boundary_dD3,4340,19366,19371
boundary_dD3,4341,19371,19376
boundary_dD3,4342,19376,19381
boundary_dD3,4343,19381,19386
boundary_dD3,4344,19386,19391
boundary_dD3,4345,19391,19396
boundary_dD3,4346,19396,19401
boundary_dD3,4347,19401,19406
boundary_dD3,4348,19406,19411
boundary_dD3,4349,19411,19416
boundary_dD3,4350,19416,19421
boundary_dD3,4351,19421,19426
boundary_dD3,4352,19426,19431
boundary_dD3,4353,19431,19436
boundary_dD3,4354,19436,19441
boundary_dD3,4355,19441,19445
boundary_dD3,4356,19445,19450
boundary_dD3,4357,19450,19455
boundary_dD3,4358,19455,19460
boundary_dD3,4359,19460,19465
boundary_dD3,4360,19465,19470
boundary_dD3,4361,19470,19475
boundary_dD3,4362,19475,19480
boundary_dD3,4363,19480,19485
boundary_dD3,4364,19485,19490
boundary_dD3,4365,19490,19495
boundary_dD3,4366,19495,19500
boundary_dD3,4367,19500,19505
boundary_dD3,4368,19505,19510
boundary_dD3,4369,19510,19515
boundary_dD3,4370,19515,19520
boundary_dD3,4371,19520,19525
boundary_dD3,4372,19525,19530
boundary_dD3,4373,19530,19535
boundary_dD3,4374,19535,19540
boundary_dD3,4375,19540,19545
boundary_dD3,4376,19545,19549
boundary_dD3,4377,19549,19554
boundary_dD3,4378,19554,19559
boundary_dD3,4379,19559,19564
boundary_dD3,4380,19564,19569
boundary_dD3,4381,19569,19574
boundary_dD3,4382,19574,19579
boundary_dD3,4383,19579,19584
boundary_dD3,4384,19584,19589
boundary_dD3,4385,19589,19594
boundary_dD3,4386,19594,19599
boundary_dD3,4387,19599,19604
boundary_dD3,4388,19604,19609
boundary_dD3,4389,19609,19614
boundary_dD3,4390,19614,19619
boundary_dD3,4391,19619,19624
boundary_dD3,4392,19624,19629
boundary_dD3,4393,19629,19634
boundary_dD3,4394,19634,19639
boundary_dD3,4395,19639,19644
boundary_dD3,4396,19644,19649
boundary_dD3,4397,19649,19654
boundary_dD3,4398,19654,19659
boundary_dD3,4399,19659,19663
boundary_dD3,4400,19663,19668
boundary_dD3,4401,19668,19673
boundary_dD3,4402,19673,19678
boundary_dD3,4403,19678,19683
boundary_dD3,4404,19683,19688
boundary_dD3,4405,19688,19693
boundary_dD3,4406,19693,19698
boundary_dD3,4407,19698,19703
boundary_dD3,4408,19703,19708
boundary_dD3,4409,19708,19713
boundary_dD3,4410,19713,19718
boundary_dD3,4411,19718,19723
boundary_dD3,4412,19723,19728
boundary_dD3,4413,19728,19733
boundary_dD3,4414,19733,19738
boundary_dD3,4415,19738,19743
boundary_dD3,4416,19743,19748
boundary_dD3,4417,19748,19753
boundary_dD3,4418,19753,19758
boundary_dD3,4419,19758,19763
boundary_dD3,4420,19763,19768
boundary_dD3,4421,19768,19773
boundary_dD3,4422,19773,19778
boundary_dD3,4423,19778,19782
boundary_dD3,4424,19782,19787
boundary_dD3,4425,19787,19792
boundary_dD3,4426,19792,19797
boundary_dD3,4427,19797,19802
boundary_dD3,4428,19802,19807
boundary_dD3,4429,19807,19812
boundary_dD3,4430,19812,19817
boundary_dD3,4431,19817,19822
boundary_dD3,4432,19822,19827
boundary_dD3,4433,19827,19832
boundary_dD3,4434,19832,19837
boundary_dD3,4435,19837,19842
boundary_dD3,4436,19842,19847
boundary_dD3,4437,19847,19852
boundary_dD3,4438,19852,19857
boundary_dD3,4439,19857,19862
boundary_dD3,4440,19862,19867
boundary_dD3,4441,19867,19872
boundary_dD3,4442,19872,19877
boundary_dD3,4443,19877,19882
boundary_dD3,4444,19882,19887
boundary_dD3,4445,19887,19892
boundary_dD3,4446,19892,19897
boundary_dD3,4447,19897,19902
boundary_dD3,4448,19902,19906
boundary_dD3,4449,19906,19911
boundary_dD3,4450,19911,19916
boundary_dD3,4451,19916,19921
boundary_dD3,4452,19921,19926
boundary_dD3,4453,19926,19931
boundary_dD3,4454,19931,19936
boundary_dD3,4455,19936,19941
boundary_dD3,4456,19941,19946
boundary_dD3,4457,19946,19951
boundary_dD3,4458,19951,19956
boundary_dD3,4459,19956,19961
boundary_dD3,4460,19961,19966
boundary_dD3,4461,19966,19971
boundary_dD3,4462,19971,19976
boundary_dD3,4463,19976,19981
boundary_dD3,4464,19981,19986
boundary_dD3,4465,19986,19991
boundary_dD3,4466,19991,19996
boundary_dD3,4467,19996,20001
boundary_dD3,4468,20001,20006
boundary_dD3,4469,20006,20011
boundary_dD3,4470,20011,20016
boundary_dD3,4471,20016,20021
boundary_dD3,4472,20021,20026
boundary_dD3,4473,20026,20031
boundary_dD3,4474,20031,20036
boundary_dD3,4475,20036,20041
boundary_dD3,4476,20041,20045
boundary_dD3,4477,20045,20050
boundary_dD3,4478,20050,20055
boundary_dD3,4479,20055,20060
boundary_dD3,4480,20060,20065
boundary_dD3,4481,20065,20070
boundary_dD3,4482,20070,20075
boundary_dD3,4483,20075,20080
boundary_dD3,4484,20080,20085
boundary_dD3,4485,20085,20090
boundary_dD3,4486,20090,20095
boundary_dD3,4487,20095,20100
boundary_dD3,4488,20100,20105
boundary_dD3,4489,20105,20110
boundary_dD3,4490,20110,20115
boundary_dD3,4491,20115,20120
boundary_dD3,4492,20120,20125
boundary_dD3,4493,20125,20130
boundary_dD3,4494,20130,20135
boundary_dD3,4495,20135,20140
boundary_dD3,4496,20140,20145
boundary_dD3,4497,20145,20150
boundary_dD3,4498,20150,20155
boundary_dD3,4499,20155,20160
boundary_dD3,4500,20160,20165
boundary_dD3,4501,20165,20170
boundary_dD3,4502,20170,20175
boundary_dD3,4503,20175,20180
boundary_dD3,4504,20180,20185
boundary_dD3,4505,20185,20190
boundary_dD3,4506,20190,20195
boundary_dD3,4507,20195,20199
boundary_dD3,4508,20199,20204
boundary_dD3,4509,20204,20209
boundary_dD3,4510,20209,20214
boundary_dD3,4511,20214,20219
boundary_dD3,4512,20219,20224
boundary_dD3,4513,20224,20229
boundary_dD3,4514,20229,20234
boundary_dD3,4515,20234,20239
boundary_dD3,4516,20239,20244
boundary_dD3,4517,20244,20249
boundary_dD3,4518,20249,20254
boundary_dD3,4519,20254,20259
boundary_dD3,4520,20259,20264
boundary_dD3,4521,20264,20269
boundary_dD3,4522,20269,20274
boundary_dD3,4523,20274,20279
boundary_dD3,4524,20279,20284
boundary_dD3,4525,20284,20289
boundary_dD3,4526,20289,20294
boundary_dD3,4527,20294,20299
boundary_dD3,4528,20299,20304
boundary_dD3,4529,20304,20309
boundary_dD3,4530,20309,20314
boundary_dD3,4531,20314,20319
boundary_dD3,4532,20319,20324
boundary_dD3,4533,20324,20329
boundary_dD3,4534,20329,20334
boundary_dD3,4535,20334,20339
boundary_dD3,4536,20339,20344
boundary_dD3,4537,20344,20349
boundary_dD3,4538,20349,20354
boundary_dD3,4539,20354,20359
boundary_dD3,4540,20359,20364
boundary_dD3,4541,20364,20368
boundary_dD3,4542,20368,20373
boundary_dD3,4543,20373,20378
boundary_dD3,4544,20378,20383
boundary_dD3,4545,20383,20388
boundary_dD3,4546,20388,20393
boundary_dD3,4547,20393,20398
boundary_dD3,4548,20398,20403
boundary_dD3,4549,20403,20408
boundary_dD3,4550,20408,20413
boundary_dD3,4551,20413,20418
boundary_dD3,4552,20418,20423
boundary_dD3,4553,20423,20428
boundary_dD3,4554,20428,20433
boundary_dD3,4555,20433,20438
boundary_dD3,4556,20438,20443
boundary_dD3,4557,20443,20448
boundary_dD3,4558,20448,20453
boundary_dD3,4559,20453,20458
boundary_dD3,4560,20458,20463
boundary_dD3,4561,20463,20468
boundary_dD3,4562,20468,20473
boundary_dD3,4563,20473,20478
boundary_dD3,4564,20478,20483
boundary_dD3,4565,20483,20488
boundary_dD3,4566,20488,20493
boundary_dD3,4567,20493,20498
boundary_dD3,4568,20498,20503
boundary_dD3,4569,20503,20508
boundary_dD3,4570,20508,20513
boundary_dD3,4571,20513,20518
boundary_dD3,4572,20518,20523
boundary_dD3,4573,20523,20528
boundary_dD3,4574,20528,20533
boundary_dD3,4575,20533,20538
boundary_dD3,4576,20538,20543
boundary_dD3,4577,20543,20548
boundary_dD3,4578,20548,20553
boundary_dD3,4579,20553,20558
boundary_dD3,4580,20558,20562
boundary_dD3,4581,20562,20567
boundary_dD3,4582,20567,20572
boundary_dD3,4583,20572,20577
boundary_dD3,4584,20577,20582
boundary_dD3,4585,20582,20587
boundary_dD3,4586,20587,20592
boundary_dD3,4587,20592,20597
boundary_dD3,4588,20597,20602
boundary_dD3,4589,20602,20607
boundary_dD3,4590,20607,20612
boundary_dD3,4591,20612,20617
boundary_dD3,4592,20617,20622
boundary_dD3,4593,20622,20627
boundary_dD3,4594,20627,20632
boundary_dD3,4595,20632,20637
boundary_dD3,4596,20637,20642
boundary_dD3,4597,20642,20647
boundary_dD3,4598,20647,20652
boundary_dD3,4599,20652,20657
boundary_dD3,4600,20657,20662
boundary_dD3,4601,20662,20667
boundary_dD3,4602,20667,20672
boundary_dD3,4603,20672,20677
boundary_dD3,4604,20677,20682
boundary_dD3,4605,20682,20687
boundary_dD3,4606,20687,20692
boundary_dD3,4607,20692,20697
boundary_dD3,4608,20697,20702
boundary_dD3,4609,20702,20707
boundary_dD3,4610,20707,20712
boundary_dD3,4611,20712,20717
boundary_dD3,4612,20717,20722
boundary_dD3,4613,20722,20727
boundary_dD3,4614,20727,20732
boundary_dD3,4615,20732,20737
boundary_dD3,4616,20737,20742
boundary_dD3,4617,20742,20747
boundary_dD3,4618,20747,20752
boundary_dD3,4619,20752,20757
boundary_dD3,4620,20757,20762
boundary_dD3,4621,20762,20767
boundary_dD3,4622,20767,20772
boundary_dD3,4623,20772,20777
boundary_dD3,4624,20777,20782
boundary_dD3,4625,20782,20787
boundary_dD3,4626,20787,20792
boundary_dD3,4627,20792,20797
boundary_dD3,4628,20797,20801
boundary_dD3,4629,20801,20806
boundary_dD3,4630,20806,20811
boundary_dD3,4631,20811,20816
boundary_dD3,4632,20816,20821
boundary_dD3,4633,20821,20826
boundary_dD3,4634,20826,20831
boundary_dD3,4635,20831,20836
boundary_dD3,4636,20836,20841
boundary_dD3,4637,20841,20846
boundary_dD3,4638,20846,20851
boundary_dD3,4639,20851,20856
boundary_dD3,4640,20856,20861
boundary_dD3,4641,20861,20866
boundary_dD3,4642,20866,20871
boundary_dD3,4643,20871,20876
boundary_dD3,4644,20876,20881
boundary_dD3,4645,20881,20886
boundary_dD3,4646,20886,20891
boundary_dD3,4647,20891,20896
boundary_dD3,4648,20896,20901
boundary_dD3,4649,20901,20906
boundary_dD3,4650,20906,20911
boundary_dD3,4651,20911,20916
boundary_dD3,4652,20916,20921
boundary_dD3,4653,20921,20926
boundary_dD3,4654,20926,20931
boundary_dD3,4655,20931,20936
boundary_dD3,4656,20936,20941
boundary_dD3,4657,20941,20946
boundary_dD3,4658,20946,20951
boundary_dD3,4659,20951,20956
boundary_dD3,4660,20956,20961
boundary_dD3,4661,20961,20966
boundary_dD3,4662,20966,20971
boundary_dD3,4663,20971,20976
boundary_dD3,4664,20976,20981
boundary_dD3,4665,20981,20986
boundary_dD3,4666,20986,20991
boundary_dD3,4667,20991,20996
boundary_dD3,4668,20996,21001
boundary_dD3,4669,21001,21006
boundary_dD3,4670,21006,21011
boundary_dD3,4671,21011,21016
boundary_dD3,4672,21016,21021
boundary_dD3,4673,21021,21026
boundary_dD3,4674,21026,21031
boundary_dD3,4675,21031,21036
boundary_dD3,4676,21036,21041
boundary_dD3,4677,21041,21046
boundary_dD3,4678,21046,21051
boundary_dD3,4679,21051,21056
boundary_dD3,4680,21056,21061
boundary_dD3,4681,21061,21066
boundary_dD3,4682,21066,21071
boundary_dD3,4683,21071,21076
boundary_dD3,4684,21076,21081
boundary_dD3,4685,21081,21086
boundary_dD3,4686,21086,21091
boundary_dD3,4687,21091,21096
boundary_dD3,4688,21096,21101
boundary_dD3,4689,21101,21106
boundary_dD3,4690,21106,21111
boundary_dD3,4691,21111,21116
boundary_dD3,4692,21116,21121
boundary_dD3,4693,21121,21126
boundary_dD3,4694,21126,21131
boundary_dD3,4695,21131,21136
boundary_dD3,4696,21136,21140
boundary_dD3,4697,21140,21145
boundary_dD3,4698,21145,21150
boundary_dD3,4699,21150,21155
boundary_dD3,4700,21155,21160
boundary_dD3,4701,21160,21165
boundary_dD3,4702,21165,21170
boundary_dD3,4703,21170,21175
boundary_dD3,4704,21175,21180
boundary_dD3,4705,21180,21185
boundary_dD3,4706,21185,21190
boundary_dD3,4707,21190,21195
boundary_dD3,4708,21195,21200
boundary_dD3,4709,21200,21205
boundary_dD3,4710,21205,21210
boundary_dD3,4711,21210,21215
boundary_dD3,4712,21215,21220
boundary_dD3,4713,21220,21225
boundary_dD3,4714,21225,21230
boundary_dD3,4715,21230,21235
boundary_dD3,4716,21235,21240
boundary_dD3,4717,21240,21245
boundary_dD3,4718,21245,21250
boundary_dD3,4719,21250,21255
boundary_dD3,4720,21255,21260
boundary_dD3,4721,21260,21265
boundary_dD3,4722,21265,21270
boundary_dD3,4723,21270,21275
boundary_dD3,4724,21275,21280
boundary_dD3,4725,21280,21285
boundary_dD3,4726,21285,21290
boundary_dD3,4727,21290,21295
boundary_dD3,4728,21295,21300
boundary_dD3,4729,21300,21305
boundary_dD3,4730,21305,21310
boundary_dD3,4731,21310,21315
boundary_dD3,4732,21315,21320
boundary_dD3,4733,21320,21325
boundary_dD3,4734,21325,21330
boundary_dD3,4735,21330,21335
boundary_dD3,4736,21335,21340
boundary_dD3,4737,21340,21345
boundary_dD3,4738,21345,21350
boundary_dD3,4739,21350,21355
boundary_dD3,4740,21355,21360
boundary_dD3,4741,21360,21365
boundary_dD3,4742,21365,21370
boundary_dD3,4743,21370,21375
boundary_dD3,4744,21375,21380
boundary_dD3,4745,21380,21385
boundary_dD3,4746,21385,21390
boundary_dD3,4747,21390,21395
boundary_dD3,4748,21395,21400
boundary_dD3,4749,21400,21405
boundary_dD3,4750,21405,21410
boundary_dD3,4751,21410,21415
boundary_dD3,4752,21415,21420
boundary_dD3,4753,21420,21425
boundary_dD3,4754,21425,21430
boundary_dD3,4755,21430,21435
boundary_dD3,4756,21435,21440
boundary_dD3,4757,21440,21445
boundary_dD3,4758,21445,21450
boundary_dD3,4759,21450,21455
boundary_dD3,4760,21455,21460
boundary_dD3,4761,21460,21465
boundary_dD3,4762,21465,21470
boundary_dD3,4763,21470,21475
boundary_dD3,4764,21475,21480
boundary_dD3,4765,21480,21485
boundary_dD3,4766,21485,21490
boundary_dD3,4767,21490,21495
boundary_dD3,4768,21495,21500
boundary_dD3,4769,21500,21505
boundary_dD3,4770,21505,21510
boundary_dD3,4771,21510,21515
boundary_dD3,4772,21515,21520
boundary_dD3,4773,21520,21525
boundary_dD3,4774,21525,21530
boundary_dD3,4775,21530,21535
boundary_dD3,4776,21535,21540
boundary_dD3,4777,21540,21545
boundary_dD3,4778,21545,21550
boundary_dD3,4779,21550,21555
boundary_dD3,4780,21555,21560
boundary_dD3,4781,21560,21565
boundary_dD3,4782,21565,21570
boundary_dD3,4783,21570,21575
boundary_dD3,4784,21575,21580
boundary_dD3,4785,21580,21585
boundary_dD3,4786,21585,21590
boundary_dD3,4787,21590,21595
boundary_dD3,4788,21595,21600
boundary_dD3,4789,21600,21605
boundary_dD3,4790,21605,21610
boundary_dD3,4791,21610,21615
boundary_dD3,4792,21615,21620
boundary_dD3,4793,21620,21625
boundary_dD3,4794,21625,21630
boundary_dD3,4795,21630,21635
boundary_dD3,4796,21635,21640
boundary_dD3,4797,21640,21645
boundary_dD3,4798,21645,21650
boundary_dD3,4799,21650,21655
boundary_dD3,4800,21655,21660
boundary_dD3,4801,21660,21665
boundary_dD3,4802,21665,21670
boundary_dD3,4803,21670,21675
boundary_dD3,4804,21675,21680
boundary_dD3,4805,21680,21685
boundary_dD3,4806,21685,21690
boundary_dD3,4807,21690,21695
boundary_dD3,4808,21695,21700
boundary_dD3,4809,21700,21705
boundary_dD3,4810,21705,21710
boundary_dD3,4811,21710,21715
boundary_dD3,4812,21715,21720
boundary_dD3,4813,21720,21725
boundary_dD3,4814,21725,21730
boundary_dD3,4815,21730,21735
boundary_dD3,4816,21735,21740
boundary_dD3,4817,21740,21745
boundary_dD3,4818,21745,21750
boundary_dD3,4819,21750,21755
boundary_dD3,4820,21755,21760
boundary_dD3,4821,21760,21765
boundary_dD3,4822,21765,21770
boundary_dD3,4823,21770,21775
boundary_dD3,4824,21775,21780
boundary_dD3,4825,21780,21785
boundary_dD3,4826,21785,21790
boundary_dD3,4827,21790,21795
boundary_dD3,4828,21795,21800
boundary_dD3,4829,21800,21805
boundary_dD3,4830,21805,21810
boundary_dD3,4831,21810,21815
boundary_dD3,4832,21815,21820
boundary_dD3,4833,21820,21825
boundary_dD3,4834,21825,21830
boundary_dD3,4835,21830,21835
boundary_dD3,4836,21835,21840
boundary_dD3,4837,21840,21845
boundary_dD3,4838,21845,21850
boundary_dD3,4839,21850,21855
boundary_dD3,4840,21855,21860
boundary_dD3,4841,21860,21865
boundary_dD3,4842,21865,21870
boundary_dD3,4843,21870,21875
boundary_dD3,4844,21875,21880
boundary_dD3,4845,21880,21885
boundary_dD3,4846,21885,21890
boundary_dD3,4847,21890,21895
boundary_dD3,4848,21895,21900
boundary_dD3,4849,21900,21905
boundary_dD3,4850,21905,21910
boundary_dD3,4851,21910,21915
boundary_dD3,4852,21915,21920
boundary_dD3,4853,21920,21925
boundary_dD3,4854,21925,21930
boundary_dD3,4855,21930,21935
boundary_dD3,4856,21935,21940
boundary_dD3,4857,21940,21945
boundary_dD3,4858,21945,21950
boundary_dD3,4859,21950,21955
boundary_dD3,4860,21955,21960
boundary_dD3,4861,21960,21965
boundary_dD3,4862,21965,21970
boundary_dD3,4863,21970,21975
boundary_dD3,4864,21975,21980
boundary_dD3,4865,21980,21985
boundary_dD3,4866,21985,21990
boundary_dD3,4867,21990,21995
boundary_dD3,4868,21995,22000
boundary_dD3,4869,22000,22005
boundary_dD3,4870,22005,22010
boundary_dD3,4871,22010,22015
boundary_dD3,4872,22015,22020
boundary_dD3,4873,22020,22025
boundary_dD3,4874,22025,22030
boundary_dD3,4875,22030,22035
boundary_dD3,4876,22035,22040
boundary_dD3,4877,22040,22045
boundary_dD3,4878,22045,22050
boundary_dD3,4879,22050,22055
boundary_dD3,4880,22055,22060
boundary_dD3,4881,22060,22065
boundary_dD3,4882,22065,22070
boundary_dD3,4883,22070,22075
boundary_dD3,4884,22075,22080
boundary_dD3,4885,22080,22085
boundary_dD3,4886,22085,22090
boundary_dD3,4887,22090,22095
boundary_dD3,4888,22095,22100
boundary_dD3,4889,22100,22105
boundary_dD3,4890,22105,22110
boundary_dD3,4891,22110,22115
boundary_dD3,4892,22115,22120
boundary_dD3,4893,22120,22125
boundary_dD3,4894,22125,22130
boundary_dD3,4895,22130,22135
boundary_dD3,4896,22135,22140
boundary_dD3,4897,22140,22145
boundary_dD3,4898,22145,22150
boundary_dD3,4899,22150,22155
boundary_dD3,4900,22155,22160
boundary_dD3,4901,22160,22165
boundary_dD3,4902,22165,22170
boundary_dD3,4903,22170,22175
boundary_dD3,4904,22175,22180
boundary_dD3,4905,22180,22185
boundary_dD3,4906,22185,22190
boundary_dD3,4907,22190,22195
boundary_dD3,4908,22195,22200
boundary_dD3,4909,22200,22205
boundary_dD3,4910,22205,22210
boundary_dD3,4911,22210,22215
boundary_dD3,4912,22215,22220
boundary_dD3,4913,22220,22225
boundary_dD3,4914,22225,22231
boundary_dD3,4915,22231,22236
boundary_dD3,4916,22236,22241
boundary_dD3,4917,22241,22246
boundary_dD3,4918,22246,22251
boundary_dD3,4919,22251,22256
boundary_dD3,4920,22256,22261
boundary_dD3,4921,22261,22266
boundary_dD3,4922,22266,22271
boundary_dD3,4923,22271,22276
boundary_dD3,4924,22276,22281
boundary_dD3,4925,22281,22286
boundary_dD3,4926,22286,22291
boundary_dD3,4927,22291,22296
boundary_dD3,4928,22296,22301
boundary_dD3,4929,22301,22306
boundary_dD3,4930,22306,22311
boundary_dD3,4931,22311,22316
boundary_dD3,4932,22316,22321
boundary_dD3,4933,22321,22326
boundary_dD3,4934,22326,22331
boundary_dD3,4935,22331,22336
boundary_dD3,4936,22336,22341
boundary_dD3,4937,22341,22346
boundary_dD3,4938,22346,22351
boundary_dD3,4939,22351,22356
boundary_dD3,4940,22356,22361
boundary_dD3,4941,22361,22366
boundary_dD3,4942,22366,22371
boundary_dD3,4943,22371,22376
boundary_dD3,4944,22376,22381
boundary_dD3,4945,22381,22386
boundary_dD3,4946,22386,22391
boundary_dD3,4947,22391,22396
boundary_dD3,4948,22396,22401
boundary_dD3,4949,22401,22406
boundary_dD3,4950,22406,22411
boundary_dD3,4951,22411,22416
boundary_dD3,4952,22416,22421
boundary_dD3,4953,22421,22426
boundary_dD3,4954,22426,22431
boundary_dD3,4955,22431,22436
boundary_dD3,4956,22436,22441
boundary_dD3,4957,22441,22446
boundary_dD3,4958,22446,22451
boundary_dD3,4959,22451,22456
boundary_dD3,4960,22456,22461
boundary_dD3,4961,22461,22466
boundary_dD3,4962,22466,22471
boundary_dD3,4963,22471,22476
boundary_dD3,4964,22476,22481
boundary_dD3,4965,22481,22486
boundary_dD3,4966,22486,22491
boundary_dD3,4967,22491,22496
boundary_dD3,4968,22496,22501
boundary_dD3,4969,22501,22506
boundary_dD3,4970,22506,22511
boundary_dD3,4971,22511,22516
boundary_dD3,4972,22516,22521
boundary_dD3,4973,22521,22526
boundary_dD3,4974,22526,22531
boundary_dD3,4975,22531,22536
boundary_dD3,4976,22536,22541
boundary_dD3,4977,22541,22546
boundary_dD3,4978,22546,22551
boundary_dD3,4979,22551,22556
boundary_dD3,4980,22556,22561
boundary_dD3,4981,22561,22566
boundary_dD3,4982,22566,22571
boundary_dD3,4983,22571,22576
boundary_dD3,4984,22576,22582
boundary_dD3,4985,22582,22587
boundary_dD3,4986,22587,22592
boundary_dD3,4987,22592,22597
boundary_dD3,4988,22597,22602
boundary_dD3,4989,22602,22607
boundary_dD3,4990,22607,22612
boundary_dD3,4991,22612,22617
boundary_dD3,4992,22617,22622
boundary_dD3,4993,22622,22627
boundary_dD3,4994,22627,22632
boundary_dD3,4995,22632,22637
boundary_dD3,4996,22637,22642
boundary_dD3,4997,22642,22647
boundary_dD3,4998,22647,22652
boundary_dD3,4999,22652,22657
boundary_dD3,5000,22657,22662
jump_dD2,3,3,5
jump_dD2,5,6,8
jump_dD2,6,8,10
jump_dD2,8,11,13
jump_dD2,9,13,15
jump_dD2,10,15,17
jump_dD2,11,17,19
jump_dD2,12,19,21
jump_dD2,13,21,23
jump_dD2,14,23,25
jump_dD2,15,25,27
jump_dD2,16,27,29
jump_dD2,17,29,31
jump_dD2,18,31,34
jump_dD2,19,34,36
jump_dD2,20,36,38
jump_dD2,21,38,40
jump_dD2,22,40,43
jump_dD2,23,43,45
jump_dD2,24,45,47
jump_dD2,25,47,50
jump_dD2,26,50,52
jump_dD2,27,52,55
jump_dD2,28,55,57
jump_dD2,29,57,59
jump_dD2,30,59,62
jump_dD2,31,62,64
jump_dD2,32,64,67
jump_dD2,33,67,69
jump_dD2,34,69,72
jump_dD2,35,72,74
jump_dD2,36,74,77
jump_dD2,37,77,79
jump_dD2,38,79,82
jump_dD2,39,82,85
jump_dD2,40,85,87
jump_dD2,41,87,90
jump_dD2,42,90,93
jump_dD2,43,93,95
jump_dD2,44,95,98
jump_dD2,45,98,101
jump_dD2,46,101,103
jump_dD2,47,103,106
jump_dD2,48,106,109
jump_dD2,49,109,111
jump_dD2,50,111,114
jump_dD2,51,114,117
jump_dD2,52,117,120
jump_dD2,53,120,122
jump_dD2,54,122,125
jump_dD2,55,125,128
jump_dD2,56,128,131
jump_dD2,57,131,133
jump_dD2,58,133,136
jump_dD2,59,136,139
jump_dD2,60,139,142
jump_dD2,61,142,145
jump_dD2,62,145,148
jump_dD2,63,148,150
jump_dD2,64,150,153
jump_dD2,65,153,156
jump_dD2,66,156,159
jump_dD2,67,159,162
jump_dD2,68,162,165
jump_dD2,69,165,168
jump_dD2,70,168,171
jump_dD2,71,171,173
jump_dD2,72,173,176
jump_dD2,73,176,179
jump_dD2,74,179,182
jump_dD2,75,182,185
jump_dD2,76,185,188
jump_dD2,77,188,191
jump_dD2,78,191,194
jump_dD2,79,194,197
jump_dD2,80,197,200
jump_dD2,81,200,203
jump_dD2,82,203,206
jump_dD2,83,206,209
jump_dD2,84,209,212
jump_dD2,85,212,215
jump_dD2,86,215,218
jump_dD2,87,218,221
jump_dD2,88,221,224
jump_dD2,89,224,227
jump_dD2,90,227,230
jump_dD2,91,230,233
jump_dD2,92,233,236
jump_dD2,93,236,239
jump_dD2,94,239,242
jump_dD2,95,242,245
jump_dD2,96,245,248
jump_dD2,97,248,251
jump_dD2,98,251,254
jump_dD2,99,254,257
jump_dD2,100,257,261
jump_dD2,101,261,264
jump_dD2,102,264,267
jump_dD2,103,267,270
jump_dD2,104,270,273
jump_dD2,105,273,276
jump_dD2,106,276,279
jump_dD2,107,279,282
jump_dD2,108,282,285
jump_dD2,109,285,288
jump_dD2,110,288,292
jump_dD2,111,292,295
jump_dD2,112,295,298
jump_dD2,113,298,301
jump_dD2,114,301,304
jump_dD2,115,304,307
jump_dD2,116,307,310
jump_dD2,117,310,314
jump_dD2,118,314,317
jump_dD2,119,317,320
jump_dD2,120,320,323
jump_dD2,121,323,326
jump_dD2,122,326,330
jump_dD2,123,330,333
jump_dD2,124,333,336
jump_dD2,125,336,339
jump_dD2,126,339,342
jump_dD2,127,342,345
jump_dD2,128,345,349
jump_dD2,129,349,352
jump_dD2,130,352,355
jump_dD2,131,355,358
jump_dD2,132,358,362
jump_dD2,133,362,365
jump_dD2,134,365,368
jump_dD2,135,368,371
jump_dD2,136,371,374
jump_dD2,137,374,378
jump_dD2,138,378,381
jump_dD2,139,381,384
jump_dD2,140,384,387
jump_dD2,141,387,391
jump_dD2,142,391,394
jump_dD2,143,394,397
jump_dD2,144,397,401
jump_dD2,145,401,404
jump_dD2,146,404,407
jump_dD2,147,407,410
jump_dD2,148,410,414
jump_dD2,149,414,417
jump_dD2,150,417,420
jump_dD2,151,420,424
jump_dD2,152,424,427
jump_dD2,153,427,430
jump_dD2,154,430,433
jump_dD2,155,433,437
jump_dD2,156,437,440
jump_dD2,157,440,443
jump_dD2,158,443,447
jump_dD2,159,447,450
jump_dD2,160,450,453
jump_dD2,161,453,457
jump_dD2,162,457,460
jump_dD2,163,460,463
jump_dD2,164,463,467
jump_dD2,165,467,470
jump_dD2,166,470,473
jump_dD2,167,473,477
jump_dD2,168,477,480
jump_dD2,169,480,483
jump_dD2,170,483,487
jump_dD2,171,487,490
jump_dD2,172,490,494
jump_dD2,173,494,497
jump_dD2,174,497,500
jump_dD2,175,500,504
jump_dD2,176,504,507
jump_dD2,177,507,510
jump_dD2,178,510,514
jump_dD2,179,514,517
jump_dD2,180,517,521
jump_dD2,181,521,524
jump_dD2,182,524,527
jump_dD2,183,527,531
jump_dD2,184,531,534
jump_dD2,185,534,537
jump_dD2,186,537,541
jump_dD2,187,541,544
jump_dD2,188,544,548
jump_dD2,189,548,551
jump_dD2,190,551,554
jump_dD2,191,554,558
jump_dD2,192,558,561
jump_dD2,193,561,565
jump_dD2,194,565,568
jump_dD2,195,568,572
jump_dD2,196,572,575
jump_dD2,197,575,578
jump_dD2,198,578,582
jump_dD2,199,582,585
jump_dD2,200,585,589
jump_dD2,201,589,592
jump_dD2,202,592,596
jump_dD2,203,596,599
jump_dD2,204,599,602
jump_dD2,205,602,606
jump_dD2,206,606,609
jump_dD2,207,609,613
jump_dD2,208,613,616
jump_dD2,209,616,620
jump_dD2,210,620,623
jump_dD2,211,623,627
jump_dD2,212,627,630
jump_dD2,213,630,634
jump_dD2,214,634,637
jump_dD2,215,637,640
jump_dD2,216,640,644
jump_dD2,217,644,647
jump_dD2,218,647,651
jump_dD2,219,651,654
jump_dD2,220,654,658
jump_dD2,221,658,661
jump_dD2,222,661,665
jump_dD2,223,665,668
jump_dD2,224,668,672
jump_dD2,225,672,675
jump_dD2,226,675,679
jump_dD2,227,679,682
jump_dD2,228,682,686
jump_dD2,229,686,689
jump_dD2,230,689,693
jump_dD2,231,693,696
jump_dD2,232,696,700
jump_dD2,233,700,703
jump_dD2,234,703,707
jump_dD2,235,707,710
jump_dD2,236,710,714
jump_dD2,237,714,717
jump_dD2,238,717,721
jump_dD2,239,721,724
jump_dD2,240,724,728
jump_dD2,241,728,731
jump_dD2,242,731,735
jump_dD2,243,735,739
jump_dD2,244,739,742
jump_dD2,245,742,746
jump_dD2,246,746,749
jump_dD2,247,749,753
jump_dD2,248,753,756
jump_dD2,249,756,760
jump_dD2,250,760,763
jump_dD2,251,763,767
jump_dD2,252,767,770
jump_dD2,253,770,774
jump_dD2,254,774,778
jump_dD2,255,778,781
jump_dD2,256,781,785
jump_dD2,257,785,788
jump_dD2,258,788,792
jump_dD2,259,792,795
jump_dD2,260,795,799
jump_dD2,261,799,803
jump_dD2,262,803,806
jump_dD2,263,806,810
jump_dD2,264,810,813
jump_dD2,265,813,817
jump_dD2,266,817,820
jump_dD2,267,820,824
jump_dD2,268,824,828
jump_dD2,269,828,831
jump_dD2,270,831,835
jump_dD2,271,835,838
jump_dD2,272,838,842
jump_dD2,273,842,846
jump_dD2,274,846,849
jump_dD2,275,849,853
jump_dD2,276,853,856
jump_dD2,277,856,860
jump_dD2,278,860,864
jump_dD2,279,864,867
jump_dD2,280,867,871
jump_dD2,281,871,874
jump_dD2,282,874,878
jump_dD2,283,878,882
jump_dD2,284,882,885
jump_dD2,285,885,889
jump_dD2,286,889,892
jump_dD2,287,892,896
jump_dD2,288,896,900
jump_dD2,289,900,903
jump_dD2,290,903,907
jump_dD2,291,907,911
jump_dD2,292,911,914
jump_dD2,293,914,918
jump_dD2,294,918,921
jump_dD2,295,921,925
jump_dD2,296,925,929
jump_dD2,297,929,932
jump_dD2,298,932,936
jump_dD2,299,936,940
jump_dD2,300,940,943
jump_dD2,301,943,947
jump_dD2,302,947,951
jump_dD2,303,951,954
jump_dD2,304,954,958
jump_dD2,305,958,961
jump_dD2,306,961,965
jump_dD2,307,965,969
jump_dD2,308,969,972
jump_dD2,309,972,976
jump_dD2,310,976,980
jump_dD2,311,980,983
jump_dD2,312,983,987
jump_dD2,313,987,991
jump_dD2,314,991,994
jump_dD2,315,994,998
jump_dD2,316,998,1002
jump_dD2,317,1002,1005
jump_dD2,318,1005,1009
jump_dD2,319,1009,1013
jump_dD2,320,1013,1016
jump_dD2,321,1016,1020
jump_dD2,322,1020,1024
jump_dD2,323,1024,1027
jump_dD2,324,1027,1031
jump_dD2,325,1031,1035
jump_dD2,326,1035,1038
jump_dD2,327,1038,1042
jump_dD2,328,1042,1046
jump_dD2,329,1046,1050
jump_dD2,330,1050,1053
jump_dD2,331,1053,1057
jump_dD2,332,1057,1061
jump_dD2,333,1061,1064
jump_dD2,334,1064,1068
jump_dD2,335,1068,1072
jump_dD2,336,1072,1075
jump_dD2,337,1075,1079
jump_dD2,338,1079,1083
jump_dD2,339,1083,1086
jump_dD2,340,1086,1090
jump_dD2,341,1090,1094
jump_dD2,342,1094,1098
jump_dD2,343,1098,1101
jump_dD2,344,1101,1105
jump_dD2,345,1105,1109
jump_dD2,346,1109,1112
jump_dD2,347,1112,1116
jump_dD2,348,1116,1120
jump_dD2,349,1120,1124
jump_dD2,350,1124,1127
jump_dD2,351,1127,1131
jump_dD2,352,1131,1135
jump_dD2,353,1135,1138
jump_dD2,354,1138,1142
jump_dD2,355,1142,1146
jump_dD2,356,1146,1150
jump_dD2,357,1150,1153
jump_dD2,358,1153,1157
jump_dD2,359,1157,1161
jump_dD2,360,1161,1165
jump_dD2,361,1165,1168
jump_dD2,362,1168,1172
jump_dD2,363,1172,1176
jump_dD2,364,1176,1179
jump_dD2,365,1179,1183
jump_dD2,366,1183,1187
jump_dD2,367,1187,1191
jump_dD2,368,1191,1194
jump_dD2,369,1194,1198
jump_dD2,370,1198,1202
jump_dD2,371,1202,1206
jump_dD2,372,1206,1209
jump_dD2,373,1209,1213
jump_dD2,374,1213,1217
jump_dD2,375,1217,1221
jump_dD2,376,1221,1224
jump_dD2,377,1224,1228
jump_dD2,378,1228,1232
jump_dD2,379,1232,1236
jump_dD2,380,1236,1239
jump_dD2,381,1239,1243
jump_dD2,382,1243,1247
jump_dD2,383,1247,1251
jump_dD2,384,1251,1254
jump_dD2,385,1254,1258
jump_dD2,386,1258,1262
jump_dD2,387,1262,1266
jump_dD2,388,1266,1270
jump_dD2,389,1270,1273
jump_dD2,390,1273,1277
jump_dD2,391,1277,1281
jump_dD2,392,1281,1285
jump_dD2,393,1285,1288
jump_dD2,394,1288,1292
jump_dD2,395,1292,1296
jump_dD2,396,1296,1300
jump_dD2,397,1300,1303
jump_dD2,398,1303,1307
jump_dD2,399,1307,1311
jump_dD2,400,1311,1315
jump_dD2,401,1315,1319
jump_dD2,402,1319,1322
jump_dD2,403,1322,1326
jump_dD2,404,1326,1330
jump_dD2,405,1330,1334
jump_dD2,406,1334,1338
jump_dD2,407,1338,1341
jump_dD2,408,1341,1345
jump_dD2,409,1345,1349
jump_dD2,410,1349,1353
jump_dD2,411,1353,1357
jump_dD2,412,1357,1360
jump_dD2,413,1360,1364
jump_dD2,414,1364,1368
jump_dD2,415,1368,1372
jump_dD2,416,1372,1376
jump_dD2,417,1376,1379
jump_dD2,418,1379,1383
jump_dD2,419,1383,1387
jump_dD2,420,1387,1391
jump_dD2,421,1391,1395
jump_dD2,422,1395,1398
jump_dD2,423,1398,1402
jump_dD2,424,1402,1406
jump_dD2,425,1406,1410
jump_dD2,426,1410,1414
jump_dD2,427,1414,1417
jump_dD2,428,1417,1421
jump_dD2,429,1421,1425
jump_dD2,430,1425,1429
jump_dD2,431,1429,1433
jump_dD2,432,1433,1437
jump_dD2,433,1437,1440
jump_dD2,434,1440,1444
jump_dD2,435,1444,1448
jump_dD2,436,1448,1452
jump_dD2,437,1452,1456
jump_dD2,438,1456,1459
jump_dD2,439,1459,1463
jump_dD2,440,1463,1467
jump_dD2,441,1467,1471
jump_dD2,442,1471,1475
jump_dD2,443,1475,1479
jump_dD2,444,1479,1482
jump_dD2,445,1482,1486
jump_dD2,446,1486,1490
jump_dD2,447,1490,1494
jump_dD2,448,1494,1498
jump_dD2,449,1498,1502
jump_dD2,450,1502,1506
jump_dD2,451,1506,1509
jump_dD2,452,1509,1513
jump_dD2,453,1513,1517
jump_dD2,454,1517,1521
jump_dD2,455,1521,1525
jump_dD2,456,1525,1529
jump_dD2,457,1529,1532
jump_dD2,458,1532,1536
jump_dD2,459,1536,1540
jump_dD2,460,1540,1544
jump_dD2,461,1544,1548
jump_dD2,462,1548,1552
jump_dD2,463,1552,1556
jump_dD2,464,1556,1559
jump_dD2,465,1559,1563
jump_dD2,466,1563,1567
jump_dD2,467,1567,1571
jump_dD2,468,1571,1575
jump_dD2,469,1575,1579
jump_dD2,470,1579,1583
jump_dD2,471,1583,1586
jump_dD2,472,1586,1590
jump_dD2,473,1590,1594
jump_dD2,474,1594,1598
jump_dD2,475,1598,1602
jump_dD2,476,1602,1606
jump_dD2,477,1606,1610
jump_dD2,478,1610,1614
jump_dD2,479,1614,1617
jump_dD2,480,1617,1621
jump_dD2,481,1621,1625
jump_dD2,482,1625,1629
jump_dD2,483,1629,1633
jump_dD2,484,1633,1637
jump_dD2,485,1637,1641
jump_dD2,486,1641,1645
jump_dD2,487,1645,1648
jump_dD2,488,1648,1652
jump_dD2,489,1652,1656
jump_dD2,490,1656,1660
jump_dD2,491,1660,1664
jump_dD2,492,1664,1668
jump_dD2,493,1668,1672
jump_dD2,494,1672,1676
jump_dD2,495,1676,1680
jump_dD2,496,1680,1683
jump_dD2,497,1683,1687
jump_dD2,498,1687,1691
jump_dD2,499,1691,1695
jump_dD2,500,1695,1699
jump_dD2,501,1699,1703
jump_dD2,502,1703,1707
jump_dD2,503,1707,1711
jump_dD2,504,1711,1715
jump_dD2,505,1715,1718
jump_dD2,506,1718,1722
jump_dD2,507,1722,1726
jump_dD2,508,1726,1730
jump_dD2,509,1730,1734
jump_dD2,510,1734,1738
jump_dD2,511,1738,1742
jump_dD2,512,1742,1746
jump_dD2,513,1746,1750
jump_dD2,514,1750,1754
jump_dD2,515,1754,1757
jump_dD2,516,1757,1761
jump_dD2,517,1761,1765
jump_dD2,518,1765,1769
jump_dD2,519,1769,1773
jump_dD2,520,1773,1777
jump_dD2,521,1777,1781
jump_dD2,522,1781,1785
jump_dD2,523,1785,1789
jump_dD2,524,1789,1793
jump_dD2,525,1793,1797
jump_dD2,526,1797,1801
jump_dD2,527,1801,1804
jump_dD2,528,1804,1808
jump_dD2,529,1808,1812
jump_dD2,530,1812,1816
jump_dD2,531,1816,1820
jump_dD2,532,1820,1824
jump_dD2,533,1824,1828
jump_dD2,534,1828,1832
jump_dD2,535,1832,1836
jump_dD2,536,1836,1840
jump_dD2,537,1840,1844
jump_dD2,538,1844,1848
jump_dD2,539,1848,1852
jump_dD2,540,1852,1856
jump_dD2,541,1856,1859
jump_dD2,542,1859,1863
jump_dD2,543,1863,1867
jump_dD2,544,1867,1871
jump_dD2,545,1871,1875
jump_dD2,546,1875,1879
jump_dD2,547,1879,1883
jump_dD2,548,1883,1887
jump_dD2,549,1887,1891
jump_dD2,550,1891,1895
jump_dD2,551,1895,1899
jump_dD2,552,1899,1903
jump_dD2,553,1903,1907
jump_dD2,554,1907,1911
jump_dD2,555,1911,1915
jump_dD2,556,1915,1919
jump_dD2,557,1919,1923
jump_dD2,558,1923,1926
jump_dD2,559,1926,1930
jump_dD2,560,1930,1934
jump_dD2,561,1934,1938
jump_dD2,562,1938,1942
jump_dD2,563,1942,1946
jump_dD2,564,1946,1950
jump_dD2,565,1950,1954
jump_dD2,566,1954,1958
jump_dD2,567,1958,1962
jump_dD2,568,1962,1966
jump_dD2,569,1966,1970
jump_dD2,570,1970,1974
jump_dD2,571,1974,1978
jump_dD2,572,1978,1982
jump_dD2,573,1982,1986
jump_dD2,574,1986,1990
jump_dD2,575,1990,1994
jump_dD2,576,1994,1998
jump_dD2,577,1998,2002
jump_dD2,578,2002,2006
jump_dD2,579,2006,2010
jump_dD2,580,2010,2014
jump_dD2,581,2014,2018
jump_dD2,582,2018,2022
jump_dD2,583,2022,2026
jump_dD2,584,2026,2030
jump_dD2,585,2030,2034
jump_dD2,586,2034,2037
jump_dD2,587,2037,2041
jump_dD2,588,2041,2045
jump_dD2,589,2045,2049
jump_dD2,590,2049,2053
jump_dD2,591,2053,2057
jump_dD2,592,2057,2061
jump_dD2,593,2061,2065
jump_dD2,594,2065,2069
jump_dD2,595,2069,2073
jump_dD2,596,2073,2077
jump_dD2,597,2077,2081
jump_dD2,598,2081,2085
jump_dD2,599,2085,2089
jump_dD2,600,2089,2093
jump_dD2,601,2093,2097
jump_dD2,602,2097,2101
jump_dD2,603,2101,2105
jump_dD2,604,2105,2109
jump_dD2,605,2109,2113
jump_dD2,606,2113,2117
jump_dD2,607,2117,2121
jump_dD2,608,2121,2125
jump_dD2,609,2125,2129
jump_dD2,610,2129,2133
jump_dD2,611,2133,2137
jump_dD2,612,2137,2141
jump_dD2,613,2141,2145
jump_dD2,614,2145,2149
jump_dD2,615,2149,2153
jump_dD2,616,2153,2157
jump_dD2,617,2157,2161
jump_dD2,618,2161,2165
jump_dD2,619,2165,2169
jump_dD2,620,2169,2173
jump_dD2,621,2173,2177
jump_dD2,622,2177,2181
jump_dD2,623,2181,2185
jump_dD2,624,2185,2189
jump_dD2,625,2189,2193
jump_dD2,626,2193,2197
jump_dD2,627,2197,2201
jump_dD2,628,2201,2205
jump_dD2,629,2205,2209
jump_dD2,630,2209,2213
jump_dD2,631,2213,2217
jump_dD2,632,2217,2221
jump_dD2,633,2221,2225
jump_dD2,634,2225,2229
jump_dD2,635,2229,2233
jump_dD2,636,2233,2237
jump_dD2,637,2237,2241
jump_dD2,638,2241,2245
jump_dD2,639,2245,2249
jump_dD2,640,2249,2253
jump_dD2,641,2253,2257
jump_dD2,642,2257,2261
jump_dD2,643,2261,2265
jump_dD2,644,2265,2269
jump_dD2,645,2269,2273
jump_dD2,646,2273,2277
jump_dD2,647,2277,2281
jump_dD2,648,2281,2285
jump_dD2,649,2285,2289
jump_dD2,650,2289,2293
jump_dD2,651,2293,2298
jump_dD2,652,2298,2302
jump_dD2,653,2302,2306
jump_dD2,654,2306,2310
jump_dD2,655,2310,2314
jump_dD2,656,2314,2318
jump_dD2,657,2318,2322
jump_dD2,658,2322,2326
jump_dD2,659,2326,2330
jump_dD2,660,2330,2334
jump_dD2,661,2334,2338
jump_dD2,662,2338,2342
jump_dD2,663,2342,2346
jump_dD2,664,2346,2350
jump_dD2,665,2350,2354
jump_dD2,666,2354,2358
jump_dD2,667,2358,2362
jump_dD2,668,2362,2366
jump_dD2,669,2366,2370
jump_dD2,670,2370,2374
jump_dD2,671,2374,2378
jump_dD2,672,2378,2382
jump_dD2,673,2382,2386
jump_dD2,674,2386,2390
jump_dD2,675,2390,2394
jump_dD2,676,2394,2398
jump_dD2,677,2398,2402
jump_dD2,678,2402,2406
jump_dD2,679,2406,2411
jump_dD2,680,2411,2415
jump_dD2,681,2415,2419
jump_dD2,682,2419,2423
jump_dD2,683,2423,2427
jump_dD2,684,2427,2431
jump_dD2,685,2431,2435
jump_dD2,686,2435,2439
jump_dD2,687,2439,2443
jump_dD2,688,2443,2447
jump_dD2,689,2447,2451
jump_dD2,690,2451,2455
jump_dD2,691,2455,2459
jump_dD2,692,2459,2463
jump_dD2,693,2463,2467
jump_dD2,694,2467,2471
jump_dD2,695,2471,2475
jump_dD2,696,2475,2479
jump_dD2,697,2479,2484
jump_dD2,698,2484,2488
jump_dD2,699,2488,2492
jump_dD2,700,2492,2496
jump_dD2,701,2496,2500
jump_dD2,702,2500,2504
jump_dD2,703,2504,2508
jump_dD2,704,2508,2512
jump_dD2,705,2512,2516
jump_dD2,706,2516,2520
jump_dD2,707,2520,2524
jump_dD2,708,2524,2528
jump_dD2,709,2528,2532
jump_dD2,710,2532,2536
jump_dD2,711,2536,2540
jump_dD2,712,2540,2545
jump_dD2,713,2545,2549
jump_dD2,714,2549,2553
jump_dD2,715,2553,2557
jump_dD2,716,2557,2561
jump_dD2,717,2561,2565
jump_dD2,718,2565,2569
jump_dD2,719,2569,2573
jump_dD2,720,2573,2577
jump_dD2,721,2577,2581
jump_dD2,722,2581,2585
jump_dD2,723,2585,2589
jump_dD2,724,2589,2593
jump_dD2,725,2593,2598
jump_dD2,726,2598,2602
jump_dD2,727,2602,2606
jump_dD2,728,2606,2610
jump_dD2,729,2610,2614
jump_dD2,730,2614,2618
jump_dD2,731,2618,2622
jump_dD2,732,2622,2626
jump_dD2,733,2626,2630
jump_dD2,734,2630,2634
jump_dD2,735,2634,2638
jump_dD2,736,2638,2642
jump_dD2,737,2642,2647
jump_dD2,738,2647,2651
jump_dD2,739,2651,2655
jump_dD2,740,2655,2659
jump_dD2,741,2659,2663
jump_dD2,742,2663,2667
jump_dD2,743,2667,2671
jump_dD2,744,2671,2675
jump_dD2,745,2675,2679
jump_dD2,746,2679,2683
jump_dD2,747,2683,2687
jump_dD2,748,2687,2692
jump_dD2,749,2692,2696
jump_dD2,750,2696,2700
jump_dD2,751,2700,2704
jump_dD2,752,2704,2708
jump_dD2,753,2708,2712
jump_dD2,754,2712,2716
jump_dD2,755,2716,2720
jump_dD2,756,2720,2724
jump_dD2,757,2724,2728
jump_dD2,758,2728,2732
jump_dD2,759,2732,2737
jump_dD2,760,2737,2741
jump_dD2,761,2741,2745
jump_dD2,762,2745,2749
jump_dD2,763,2749,2753
jump_dD2,764,2753,2757
jump_dD2,765,2757,2761
jump_dD2,766,2761,2765
jump_dD2,767,2765,2769
jump_dD2,768,2769,2774
jump_dD2,769,2774,2778
jump_dD2,770,2778,2782
jump_dD2,771,2782,2786
jump_dD2,772,2786,2790
jump_dD2,773,2790,2794
jump_dD2,774,2794,2798
jump_dD2,775,2798,2802
jump_dD2,776,2802,2806
jump_dD2,777,2806,2811
jump_dD2,778,2811,2815
jump_dD2,779,2815,2819
jump_dD2,780,2819,2823
jump_dD2,781,2823,2827
jump_dD2,782,2827,2831
jump_dD2,783,2831,2835
jump_dD2,784,2835,2839
jump_dD2,785,2839,2843
jump_dD2,786,2843,2848
jump_dD2,787,2848,2852
jump_dD2,788,2852,2856
jump_dD2,789,2856,2860
jump_dD2,790,2860,2864
jump_dD2,791,2864,2868
jump_dD2,792,2868,2872
jump_dD2,793,2872,2876
jump_dD2,794,2876,2881
jump_dD2,795,2881,2885
jump_dD2,796,2885,2889
jump_dD2,797,2889,2893
jump_dD2,798,2893,2897
jump_dD2,799,2897,2901
jump_dD2,800,2901,2905
jump_dD2,801,2905,2909
jump_dD2,802,2909,2914
jump_dD2,803,2914,2918
jump_dD2,804,2918,2922
jump_dD2,805,2922,2926
jump_dD2,806,2926,2930
jump_dD2,807,2930,2934
jump_dD2,808,2934,2938
jump_dD2,809,2938,2942
jump_dD2,810,2942,2947
jump_dD2,811,2947,2951
jump_dD2,812,2951,2955
jump_dD2,813,2955,2959
jump_dD2,814,2959,2963
jump_dD2,815,2963,2967
jump_dD2,816,2967,2971
jump_dD2,817,2971,2976
jump_dD2,818,2976,2980
jump_dD2,819,2980,2984
jump_dD2,820,2984,2988
jump_dD2,821,2988,2992
jump_dD2,822,2992,2996
jump_dD2,823,2996,3000
jump_dD2,824,3000,3005
jump_dD2,825,3005,3009
jump_dD2,826,3009,3013
jump_dD2,827,3013,3017
jump_dD2,828,3017,3021
jump_dD2,829,3021,3025
jump_dD2,830,3025,3029
jump_dD2,831,3029,3034
jump_dD2,832,3034,3038
jump_dD2,833,3038,3042
jump_dD2,834,3042,3046
jump_dD2,835,3046,3050
jump_dD2,836,3050,3054
jump_dD2,837,3054,3058
jump_dD2,838,3058,3063
jump_dD2,839,3063,3067
jump_dD2,840,3067,3071
jump_dD2,841,3071,3075
jump_dD2,842,3075,3079
jump_dD2,843,3079,3083
jump_dD2,844,3083,3087
jump_dD2,845,3087,3092
jump_dD2,846,3092,3096
jump_dD2,847,3096,3100
jump_dD2,848,3100,3104
jump_dD2,849,3104,3108
jump_dD2,850,3108,3112
jump_dD2,851,3112,3117
jump_dD2,852,3117,3121
jump_dD2,853,3121,3125
jump_dD2,854,3125,3129
jump_dD2,855,3129,3133
jump_dD2,856,3133,3137
jump_dD2,857,3137,3142
jump_dD2,858,3142,3146
jump_dD2,859,3146,3150
jump_dD2,860,3150,3154
jump_dD2,861,3154,3158
jump_dD2,862,3158,3162
jump_dD2,863,3162,3167
jump_dD2,864,3167,3171
jump_dD2,865,3171,3175
jump_dD2,866,3175,3179
jump_dD2,867,3179,3183
jump_dD2,868,3183,3187
jump_dD2,869,3187,3192
jump_dD2,870,3192,3196
jump_dD2,871,3196,3200
jump_dD2,872,3200,3204
jump_dD2,873,3204,3208
jump_dD2,874,3208,3212
jump_dD2,875,3212,3217
jump_dD2,876,3217,3221
jump_dD2,877,3221,3225
jump_dD2,878,3225,3229
jump_dD2,879,3229,3233
jump_dD2,880,3233,3237
jump_dD2,881,3237,3242
jump_dD2,882,3242,3246
jump_dD2,883,3246,3250
jump_dD2,884,3250,3254
jump_dD2,885,3254,3258
jump_dD2,886,3258,3262
jump_dD2,887,3262,3267
jump_dD2,888,3267,3271
jump_dD2,889,3271,3275
jump_dD2,890,3275,3279
jump_dD2,891,3279,3283
jump_dD2,892,3283,3287
jump_dD2,893,3287,3292
jump_dD2,894,3292,3296
jump_dD2,895,3296,3300
jump_dD2,896,3300,3304
jump_dD2,897,3304,3308
jump_dD2,898,3308,3313
jump_dD2,899,3313,3317
jump_dD2,900,3317,3321
jump_dD2,901,3321,3325
jump_dD2,902,3325,3329
jump_dD2,903,3329,3333
jump_dD2,904,3333,3338
jump_dD2,905,3338,3342
jump_dD2,906,3342,3346
jump_dD2,907,3346,3350
jump_dD2,908,3350,3354
jump_dD2,909,3354,3359
jump_dD2,910,3359,3363
jump_dD2,911,3363,3367
jump_dD2,912,3367,3371
jump_dD2,913,3371,3375
jump_dD2,914,3375,3380
jump_dD2,915,3380,3384
jump_dD2,916,3384,3388
jump_dD2,917,3388,3392
jump_dD2,918,3392,3396
jump_dD2,919,3396,3401
jump_dD2,920,3401,3405
jump_dD2,921,3405,3409
jump_dD2,922,3409,3413
jump_dD2,923,3413,3417
jump_dD2,924,3417,3421
jump_dD2,925,3421,3426
jump_dD2,926,3426,3430
jump_dD2,927,3430,3434
jump_dD2,928,3434,3438
jump_dD2,929,3438,3442
jump_dD2,930,3442,3447
jump_dD2,931,3447,3451
jump_dD2,932,3451,3455
jump_dD2,933,3455,3459
jump_dD2,934,3459,3463
jump_dD2,935,3463,3468
jump_dD2,936,3468,3472
jump_dD2,937,3472,3476
jump_dD2,938,3476,3480
jump_dD2,939,3480,3484
jump_dD2,940,3484,3489
jump_dD2,941,3489,3493
jump_dD2,942,3493,3497
jump_dD2,943,3497,3501
jump_dD2,944,3501,3506
jump_dD2,945,3506,3510
jump_dD2,946,3510,3514
jump_dD2,947,3514,3518
jump_dD2,948,3518,3522
jump_dD2,949,3522,3527
jump_dD2,950,3527,3531
jump_dD2,951,3531,3535
jump_dD2,952,3535,3539
jump_dD2,953,3539,3543
jump_dD2,954,3543,3548
jump_dD2,955,3548,3552
jump_dD2,956,3552,3556
jump_dD2,957,3556,3560
jump_dD2,958,3560,3564
jump_dD2,959,3564,3569
jump_dD2,960,3569,3573
jump_dD2,961,3573,3577
jump_dD2,962,3577,3581
jump_dD2,963,3581,3586
jump_dD2,964,3586,3590
jump_dD2,965,3590,3594
jump_dD2,966,3594,3598
jump_dD2,967,3598,3602
jump_dD2,968,3602,3607
jump_dD2,969,3607,3611
jump_dD2,970,3611,3615
jump_dD2,971,3615,3619
jump_dD2,972,3619,3624
jump_dD2,973,3624,3628
jump_dD2,974,3628,3632
jump_dD2,975,3632,3636
jump_dD2,976,3636,3640
jump_dD2,977,3640,3645
jump_dD2,978,3645,3649
jump_dD2,979,3649,3653
jump_dD2,980,3653,3657
jump_dD2,981,3657,3662
jump_dD2,982,3662,3666
jump_dD2,983,3666,3670
jump_dD2,984,3670,3674
jump_dD2,985,3674,3678
jump_dD2,986,3678,3683
jump_dD2,987,3683,3687
jump_dD2,988,3687,3691
jump_dD2,989,3691,3695
jump_dD2,990,3695,3700
jump_dD2,991,3700,3704
jump_dD2,992,3704,3708
jump_dD2,993,3708,3712
jump_dD2,994,3712,3717
jump_dD2,995,3717,3721
jump_dD2,996,3721,3725
jump_dD2,997,3725,3729
jump_dD2,998,3729,3733
jump_dD2,999,3733,3738
jump_dD2,1000,3738,3742
jump_dD2,1001,3742,3746
jump_dD2,1002,3746,3750
jump_dD2,1003,3750,3755
jump_dD2,1004,3755,3759
jump_dD2,1005,3759,3763
jump_dD2,1006,3763,3767
jump_dD2,1007,3767,3772
jump_dD2,1008,3772,3776
jump_dD2,1009,3776,3780
jump_dD2,1010,3780,3784
jump_dD2,1011,3784,3789
jump_dD2,1012,3789,3793
jump_dD2,1013,3793,3797
jump_dD2,1014,3797,3801
jump_dD2,1015,3801,3806
jump_dD2,1016,3806,3810
jump_dD2,1017,3810,3814
jump_dD2,1018,3814,3818
jump_dD2,1019,3818,3823
jump_dD2,1020,3823,3827
jump_dD2,1021,3827,3831
jump_dD2,1022,3831,3835
jump_dD2,1023,3835,3840
jump_dD2,1024,3840,3844
jump_dD2,1025,3844,3848
jump_dD2,1026,3848,3852
jump_dD2,1027,3852,3857
jump_dD2,1028,3857,3861
jump_dD2,1029,3861,3865
jump_dD2,1030,3865,3869
jump_dD2,1031,3869,3874
jump_dD2,1032,3874,3878
jump_dD2,1033,3878,3882
jump_dD2,1034,3882,3886
jump_dD2,1035,3886,3891
jump_dD2,1036,3891,3895
jump_dD2,1037,3895,3899
jump_dD2,1038,3899,3903
jump_dD2,1039,3903,3908
jump_dD2,1040,3908,3912
jump_dD2,1041,3912,3916
jump_dD2,1042,3916,3920
jump_dD2,1043,3920,3925
jump_dD2,1044,3925,3929
jump_dD2,1045,3929,3933
jump_dD2,1046,3933,3937
jump_dD2,1047,3937,3942
jump_dD2,1048,3942,3946
jump_dD2,1049,3946,3950
jump_dD2,1050,3950,3954
jump_dD2,1051,3954,3959
jump_dD2,1052,3959,3963
jump_dD2,1053,3963,3967
jump_dD2,1054,3967,3971
jump_dD2,1055,3971,3976
jump_dD2,1056,3976,3980
jump_dD2,1057,3980,3984
jump_dD2,1058,3984,3989
jump_dD2,1059,3989,3993
jump_dD2,1060,3993,3997
jump_dD2,1061,3997,4001
jump_dD2,1062,4001,4006
jump_dD2,1063,4006,4010
jump_dD2,1064,4010,4014
jump_dD2,1065,4014,4018
jump_dD2,1066,4018,4023
jump_dD2,1067,4023,4027
jump_dD2,1068,4027,4031
jump_dD2,1069,4031,4035
jump_dD2,1070,4035,4040
jump_dD2,1071,4040,4044
jump_dD2,1072,4044,4048
jump_dD2,1073,4048,4053
jump_dD2,1074,4053,4057
jump_dD2,1075,4057,4061
jump_dD2,1076,4061,4065
jump_dD2,1077,4065,4070
jump_dD2,1078,4070,4074
jump_dD2,1079,4074,4078
jump_dD2,1080,4078,4082
jump_dD2,1081,4082,4087
jump_dD2,1082,4087,4091
jump_dD2,1083,4091,4095
jump_dD2,1084,4095,4100
jump_dD2,1085,4100,4104
jump_dD2,1086,4104,4108
jump_dD2,1087,4108,4112
jump_dD2,1088,4112,4117
jump_dD2,1089,4117,4121
jump_dD2,1090,4121,4125
jump_dD2,1091,4125,4130
jump_dD2,1092,4130,4134
jump_dD2,1093,4134,4138
jump_dD2,1094,4138,4142
jump_dD2,1095,4142,4147
jump_dD2,1096,4147,4151
jump_dD2,1097,4151,4155
jump_dD2,1098,4155,4160
jump_dD2,1099,4160,4164
jump_dD2,1100,4164,4168
jump_dD2,1101,4168,4172
jump_dD2,1102,4172,4177
jump_dD2,1103,4177,4181
jump_dD2,1104,4181,4185
jump_dD2,1105,4185,4190
jump_dD2,1106,4190,4194
jump_dD2,1107,4194,4198
jump_dD2,1108,4198,4202
jump_dD2,1109,4202,4207
jump_dD2,1110,4207,4211
jump_dD2,1111,4211,4215
jump_dD2,1112,4215,4220
jump_dD2,1113,4220,4224
jump_dD2,1114,4224,4228
jump_dD2,1115,4228,4232
jump_dD2,1116,4232,4237
jump_dD2,1117,4237,4241
jump_dD2,1118,4241,4245
jump_dD2,1119,4245,4250
jump_dD2,1120,4250,4254
jump_dD2,1121,4254,4258
jump_dD2,1122,4258,4263
jump_dD2,1123,4263,4267
jump_dD2,1124,4267,4271
jump_dD2,1125,4271,4275
jump_dD2,1126,4275,4280
jump_dD2,1127,4280,4284
jump_dD2,1128,4284,4288
jump_dD2,1129,4288,4293
jump_dD2,1130,4293,4297
jump_dD2,1131,4297,4301
jump_dD2,1132,4301,4306
jump_dD2,1133,4306,4310
jump_dD2,1134,4310,4314
jump_dD2,1135,4314,4318
jump_dD2,1136,4318,4323
jump_dD2,1137,4323,4327
jump_dD2,1138,4327,4331
jump_dD2,1139,4331,4336
jump_dD2,1140,4336,4340
jump_dD2,1141,4340,4344
jump_dD2,1142,4344,4349
jump_dD2,1143,4349,4353
jump_dD2,1144,4353,4357
jump_dD2,1145,4357,4361
jump_dD2,1146,4361,4366
jump_dD2,1147,4366,4370
jump_dD2,1148,4370,4374
jump_dD2,1149,4374,4379
jump_dD2,1150,4379,4383
jump_dD2,1151,4383,4387
jump_dD2,1152,4387,4392
jump_dD2,1153,4392,4396
jump_dD2,1154,4396,4400
jump_dD2,1155,4400,4405
jump_dD2,1156,4405,4409
jump_dD2,1157,4409,4413
jump_dD2,1158,4413,4417
jump_dD2,1159,4417,4422
jump_dD2,1160,4422,4426
jump_dD2,1161,4426,4430
jump_dD2,1162,4430,4435
jump_dD2,1163,4435,4439
jump_dD2,1164,4439,4443
jump_dD2,1165,4443,4448
jump_dD2,1166,4448,4452
jump_dD2,1167,4452,4456
jump_dD2,1168,4456,4461
jump_dD2,1169,4461,4465
jump_dD2,1170,4465,4469
jump_dD2,1171,4469,4474
jump_dD2,1172,4474,4478
jump_dD2,1173,4478,4482
jump_dD2,1174,4482,4487
jump_dD2,1175,4487,4491
jump_dD2,1176,4491,4495
jump_dD2,1177,4495,4499
jump_dD2,1178,4499,4504
jump_dD2,1179,4504,4508
jump_dD2,1180,4508,4512
jump_dD2,1181,4512,4517
jump_dD2,1182,4517,4521
jump_dD2,1183,4521,4525
jump_dD2,1184,4525,4530
jump_dD2,1185,4530,4534
jump_dD2,1186,4534,4538
jump_dD2,1187,4538,4543
jump_dD2,1188,4543,4547
jump_dD2,1189,4547,4551
jump_dD2,1190,4551,4556
jump_dD2,1191,4556,4560
jump_dD2,1192,4560,4564
jump_dD2,1193,4564,4569
jump_dD2,1194,4569,4573
jump_dD2,1195,4573,4577
jump_dD2,1196,4577,4582
jump_dD2,1197,4582,4586
jump_dD2,1198,4586,4590
jump_dD2,1199,4590,4595
jump_dD2,1200,4595,4599
jump_dD2,1201,4599,4603
jump_dD2,1202,4603,4608
jump_dD2,1203,4608,4612
jump_dD2,1204,4612,4616
jump_dD2,1205,4616,4621
jump_dD2,1206,4621,4625
jump_dD2,1207,4625,4629
jump_dD2,1208,4629,4634
jump_dD2,1209,4634,4638
jump_dD2,1210,4638,4642
jump_dD2,1211,4642,4647
jump_dD2,1212,4647,4651
jump_dD2,1213,4651,4655
jump_dD2,1214,4655,4660
jump_dD2,1215,4660,4664
jump_dD2,1216,4664,4668
jump_dD2,1217,4668,4673
jump_dD2,1218,4673,4677
jump_dD2,1219,4677,4681
jump_dD2,1220,4681,4686
jump_dD2,1221,4686,4690
jump_dD2,1222,4690,4694
jump_dD2,1223,4694,4699
jump_dD2,1224,4699,4703
jump_dD2,1225,4703,4707
jump_dD2,1226,4707,4712
jump_dD2,1227,4712,4716
jump_dD2,1228,4716,4720
jump_dD2,1229,4720,4725
jump_dD2,1230,4725,4729
jump_dD2,1231,4729,4733
jump_dD2,1232,4733,4738
jump_dD2,1233,4738,4742
jump_dD2,1234,4742,4746
jump_dD2,1235,4746,4751
jump_dD2,1236,4751,4755
jump_dD2,1237,4755,4759
jump_dD2,1238,4759,4764
jump_dD2,1239,4764,4768
jump_dD2,1240,4768,4772
jump_dD2,1241,4772,4777
jump_dD2,1242,4777,4781
jump_dD2,1243,4781,4785
jump_dD2,1244,4785,4790
jump_dD2,1245,4790,4794
jump_dD2,1246,4794,4798
jump_dD2,1247,4798,4803
jump_dD2,1248,4803,4807
jump_dD2,1249,4807,4811
jump_dD2,1250,4811,4816
jump_dD2,1251,4816,4820
jump_dD2,1252,4820,4825
jump_dD2,1253,4825,4829
jump_dD2,1254,4829,4833
jump_dD2,1255,4833,4838
jump_dD2,1256,4838,4842
jump_dD2,1257,4842,4846
jump_dD2,1258,4846,4851
jump_dD2,1259,4851,4855
jump_dD2,1260,4855,4859
jump_dD2,1261,4859,4864
jump_dD2,1262,4864,4868
jump_dD2,1263,4868,4872
jump_dD2,1264,4872,4877
jump_dD2,1265,4877,4881
jump_dD2,1266,4881,4885
jump_dD2,1267,4885,4890
jump_dD2,1268,4890,4894
jump_dD2,1269,4894,4899
jump_dD2,1270,4899,4903
jump_dD2,1271,4903,4907
jump_dD2,1272,4907,4912
jump_dD2,1273,4912,4916
jump_dD2,1274,4916,4920
jump_dD2,1275,4920,4925
jump_dD2,1276,4925,4929
jump_dD2,1277,4929,4933
jump_dD2,1278,4933,4938
jump_dD2,1279,4938,4942
jump_dD2,1280,4942,4946
jump_dD2,1281,4946,4951
jump_dD2,1282,4951,4955
jump_dD2,1283,4955,4960
jump_dD2,1284,4960,4964
jump_dD2,1285,4964,4968
jump_dD2,1286,4968,4973
jump_dD2,1287,4973,4977
jump_dD2,1288,4977,4981
jump_dD2,1289,4981,4986
jump_dD2,1290,4986,4990
jump_dD2,1291,4990,4994
jump_dD2,1292,4994,4999
jump_dD2,1293,4999,5003
jump_dD2,1294,5003,5007
jump_dD2,1295,5007,5012
jump_dD2,1296,5012,5016
jump_dD2,1297,5016,5021
jump_dD2,1298,5021,5025
jump_dD2,1299,5025,5029
jump_dD2,1300,5029,5034
jump_dD2,1301,5034,5038
jump_dD2,1302,5038,5042
jump_dD2,1303,5042,5047
jump_dD2,1304,5047,5051
jump_dD2,1305,5051,5055
jump_dD2,1306,5055,5060
jump_dD2,1307,5060,5064
jump_dD2,1308,5064,5069
jump_dD2,1309,5069,5073
jump_dD2,1310,5073,5077
jump_dD2,1311,5077,5082
jump_dD2,1312,5082,5086
jump_dD2,1313,5086,5090
jump_dD2,1314,5090,5095
jump_dD2,1315,5095,5099
jump_dD2,1316,5099,5104
jump_dD2,1317,5104,5108
jump_dD2,1318,5108,5112
jump_dD2,1319,5112,5117
jump_dD2,1320,5117,5121
jump_dD2,1321,5121,5125
jump_dD2,1322,5125,5130
jump_dD2,1323,5130,5134
jump_dD2,1324,5134,5139
jump_dD2,1325,5139,5143
jump_dD2,1326,5143,5147
jump_dD2,1327,5147,5152
jump_dD2,1328,5152,5156
jump_dD2,1329,5156,5160
jump_dD2,1330,5160,5165
jump_dD2,1331,5165,5169
jump_dD2,1332,5169,5174
jump_dD2,1333,5174,5178
jump_dD2,1334,5178,5182
jump_dD2,1335,5182,5187
jump_dD2,1336,5187,5191
jump_dD2,1337,5191,5195
jump_dD2,1338,5195,5200
jump_dD2,1339,5200,5204
jump_dD2,1340,5204,5209
jump_dD2,1341,5209,5213
jump_dD2,1342,5213,5217
jump_dD2,1343,5217,5222
jump_dD2,1344,5222,5226
jump_dD2,1345,5226,5230
jump_dD2,1346,5230,5235
jump_dD2,1347,5235,5239
jump_dD2,1348,5239,5244
jump_dD2,1349,5244,5248
jump_dD2,1350,5248,5252
jump_dD2,1351,5252,5257
jump_dD2,1352,5257,5261
jump_dD2,1353,5261,5265
jump_dD2,1354,5265,5270
jump_dD2,1355,5270,5274
jump_dD2,1356,5274,5279
jump_dD2,1357,5279,5283
jump_dD2,1358,5283,5287
jump_dD2,1359,5287,5292
jump_dD2,1360,5292,5296
jump_dD2,1361,5296,5301
jump_dD2,1362,5301,5305
jump_dD2,1363,5305,5309
jump_dD2,1364,5309,5314
jump_dD2,1365,5314,5318
jump_dD2,1366,5318,5323
jump_dD2,1367,5323,5327
jump_dD2,1368,5327,5331
jump_dD2,1369,5331,5336
jump_dD2,1370,5336,5340
jump_dD2,1371,5340,5344
jump_dD2,1372,5344,5349
jump_dD2,1373,5349,5353
jump_dD2,1374,5353,5358
jump_dD2,1375,5358,5362
jump_dD2,1376,5362,5366
jump_dD2,1377,5366,5371
jump_dD2,1378,5371,5375
jump_dD2,1379,5375,5380
jump_dD2,1380,5380,5384
jump_dD2,1381,5384,5388
jump_dD2,1382,5388,5393
jump_dD2,1383,5393,5397
jump_dD2,1384,5397,5402
jump_dD2,1385,5402,5406
jump_dD2,1386,5406,5410
jump_dD2,1387,5410,5415
jump_dD2,1388,5415,5419
jump_dD2,1389,5419,5424
jump_dD2,1390,5424,5428
jump_dD2,1391,5428,5432
jump_dD2,1392,5432,5437
jump_dD2,1393,5437,5441
jump_dD2,1394,5441,5446
jump_dD2,1395,5446,5450
jump_dD2,1396,5450,5454
jump_dD2,1397,5454,5459
jump_dD2,1398,5459,5463
jump_dD2,1399,5463,5468
jump_dD2,1400,5468,5472
jump_dD2,1401,5472,5476
jump_dD2,1402,5476,5481
jump_dD2,1403,5481,5485
jump_dD2,1404,5485,5490
jump_dD2,1405,5490,5494
jump_dD2,1406,5494,5498
jump_dD2,1407,5498,5503
jump_dD2,1408,5503,5507
jump_dD2,1409,5507,5512
jump_dD2,1410,5512,5516
jump_dD2,1411,5516,5520
jump_dD2,1412,5520,5525
jump_dD2,1413,5525,5529
jump_dD2,1414,5529,5534
jump_dD2,1415,5534,5538
jump_dD2,1416,5538,5542
jump_dD2,1417,5542,5547
jump_dD2,1418,5547,5551
jump_dD2,1419,5551,5556
jump_dD2,1420,5556,5560
jump_dD2,1421,5560,5564
jump_dD2,1422,5564,5569
jump_dD2,1423,5569,5573
jump_dD2,1424,5573,5578
jump_dD2,1425,5578,5582
jump_dD2,1426,5582,5587
jump_dD2,1427,5587,5591
jump_dD2,1428,5591,5595
jump_dD2,1429,5595,5600
jump_dD2,1430,5600,5604
jump_dD2,1431,5604,5609
jump_dD2,1432,5609,5613
jump_dD2,1433,5613,5617
jump_dD2,1434,5617,5622
jump_dD2,1435,5622,5626
jump_dD2,1436,5626,5631
jump_dD2,1437,5631,5635
jump_dD2,1438,5635,5640
jump_dD2,1439,5640,5644
jump_dD2,1440,5644,5648
jump_dD2,1441,5648,5653
jump_dD2,1442,5653,5657
jump_dD2,1443,5657,5662
jump_dD2,1444,5662,5666
jump_dD2,1445,5666,5670
jump_dD2,1446,5670,5675
jump_dD2,1447,5675,5679
jump_dD2,1448,5679,5684
jump_dD2,1449,5684,5688
jump_dD2,1450,5688,5693
jump_dD2,1451,5693,5697
jump_dD2,1452,5697,5701
jump_dD2,1453,5701,5706
jump_dD2,1454,5706,5710
jump_dD2,1455,5710,5715
jump_dD2,1456,5715,5719
jump_dD2,1457,5719,5723
jump_dD2,1458,5723,5728
jump_dD2,1459,5728,5732
jump_dD2,1460,5732,5737
jump_dD2,1461,5737,5741
jump_dD2,1462,5741,5746
jump_dD2,1463,5746,5750
jump_dD2,1464,5750,5754
jump_dD2,1465,5754,5759
jump_dD2,1466,5759,5763
jump_dD2,1467,5763,5768
jump_dD2,1468,5768,5772
jump_dD2,1469,5772,5777
jump_dD2,1470,5777,5781
jump_dD2,1471,5781,5785
jump_dD2,1472,5785,5790
jump_dD2,1473,5790,5794
jump_dD2,1474,5794,5799
jump_dD2,1475,5799,5803
jump_dD2,1476,5803,5808
jump_dD2,1477,5808,5812
jump_dD2,1478,5812,5816
jump_dD2,1479,5816,5821
jump_dD2,1480,5821,5825
jump_dD2,1481,5825,5830
jump_dD2,1482,5830,5834
jump_dD2,1483,5834,5839
jump_dD2,1484,5839,5843
jump_dD2,1485,5843,5847
jump_dD2,1486,5847,5852
jump_dD2,1487,5852,5856
jump_dD2,1488,5856,5861
jump_dD2,1489,5861,5865
jump_dD2,1490,5865,5870
jump_dD2,1491,5870,5874
jump_dD2,1492,5874,5878
jump_dD2,1493,5878,5883
jump_dD2,1494,5883,5887
jump_dD2,1495,5887,5892
jump_dD2,1496,5892,5896
jump_dD2,1497,5896,5901
jump_dD2,1498,5901,5905
jump_dD2,1499,5905,5909
jump_dD2,1500,5909,5914
jump_dD2,1501,5914,5918
jump_dD2,1502,5918,5923
jump_dD2,1503,5923,5927
jump_dD2,1504,5927,5932
jump_dD2,1505,5932,5936
jump_dD2,1506,5936,5940
jump_dD2,1507,5940,5945
jump_dD2,1508,5945,5949
jump_dD2,1509,5949,5954
jump_dD2,1510,5954,5958
jump_dD2,1511,5958,5963
jump_dD2,1512,5963,5967
jump_dD2,1513,5967,5972
jump_dD2,1514,5972,5976
jump_dD2,1515,5976,5980
jump_dD2,1516,5980,5985
jump_dD2,1517,5985,5989
jump_dD2,1518,5989,5994
jump_dD2,1519,5994,5998
jump_dD2,1520,5998,6003
jump_dD2,1521,6003,6007
jump_dD2,1522,6007,6012
jump_dD2,1523,6012,6016
jump_dD2,1524,6016,6020
jump_dD2,1525,6020,6025
jump_dD2,1526,6025,6029
jump_dD2,1527,6029,6034
jump_dD2,1528,6034,6038
jump_dD2,1529,6038,6043
jump_dD2,1530,6043,6047
jump_dD2,1531,6047,6052
jump_dD2,1532,6052,6056
jump_dD2,1533,6056,6060
jump_dD2,1534,6060,6065
jump_dD2,1535,6065,6069
jump_dD2,1536,6069,6074
jump_dD2,1537,6074,6078
jump_dD2,1538,6078,6083
jump_dD2,1539,6083,6087
jump_dD2,1540,6087,6092
jump_dD2,1541,6092,6096
jump_dD2,1542,6096,6100
jump_dD2,1543,6100,6105
jump_dD2,1544,6105,6109
jump_dD2,1545,6109,6114
jump_dD2,1546,6114,6118
jump_dD2,1547,6118,6123
jump_dD2,1548,6123,6127
jump_dD2,1549,6127,6132
jump_dD2,1550,6132,6136
jump_dD2,1551,6136,6140
jump_dD2,1552,6140,6145
jump_dD2,1553,6145,6149
jump_dD2,1554,6149,6154
jump_dD2,1555,6154,6158
jump_dD2,1556,6158,6163
jump_dD2,1557,6163,6167
jump_dD2,1558,6167,6172
jump_dD2,1559,6172,6176
jump_dD2,1560,6176,6181
jump_dD2,1561,6181,6185
jump_dD2,1562,6185,6189
jump_dD2,1563,6189,6194
jump_dD2,1564,6194,6198
jump_dD2,1565,6198,6203
jump_dD2,1566,6203,6207
jump_dD2,1567,6207,6212
jump_dD2,1568,6212,6216
jump_dD2,1569,6216,6221
jump_dD2,1570,6221,6225
jump_dD2,1571,6225,6230
jump_dD2,1572,6230,6234
jump_dD2,1573,6234,6238
jump_dD2,1574,6238,6243
jump_dD2,1575,6243,6247
jump_dD2,1576,6247,6252
jump_dD2,1577,6252,6256
jump_dD2,1578,6256,6261
jump_dD2,1579,6261,6265
jump_dD2,1580,6265,6270
jump_dD2,1581,6270,6274
jump_dD2,1582,6274,6279
jump_dD2,1583,6279,6283
jump_dD2,1584,6283,6288
jump_dD2,1585,6288,6292
jump_dD2,1586,6292,6296
jump_dD2,1587,6296,6301
jump_dD2,1588,6301,6305
jump_dD2,1589,6305,6310
jump_dD2,1590,6310,6314
jump_dD2,1591,6314,6319
jump_dD2,1592,6319,6323
jump_dD2,1593,6323,6328
jump_dD2,1594,6328,6332
jump_dD2,1595,6332,6337
jump_dD2,1596,6337,6341
jump_dD2,1597,6341,6346
jump_dD2,1598,6346,6350
jump_dD2,1599,6350,6354
jump_dD2,1600,6354,6359
jump_dD2,1601,6359,6363
jump_dD2,1602,6363,6368
jump_dD2,1603,6368,6372
jump_dD2,1604,6372,6377
jump_dD2,1605,6377,6381
jump_dD2,1606,6381,6386
jump_dD2,1607,6386,6390
jump_dD2,1608,6390,6395
jump_dD2,1609,6395,6399
jump_dD2,1610,6399,6404
jump_dD2,1611,6404,6408
jump_dD2,1612,6408,6413
jump_dD2,1613,6413,6417
jump_dD2,1614,6417,6422
jump_dD2,1615,6422,6426
jump_dD2,1616,6426,6430
jump_dD2,1617,6430,6435
jump_dD2,1618,6435,6439
jump_dD2,1619,6439,6444
jump_dD2,1620,6444,6448
jump_dD2,1621,6448,6453
jump_dD2,1622,6453,6457
jump_dD2,1623,6457,6462
jump_dD2,1624,6462,6466
jump_dD2,1625,6466,6471
jump_dD2,1626,6471,6475
jump_dD2,1627,6475,6480
jump_dD2,1628,6480,6484
jump_dD2,1629,6484,6489
jump_dD2,1630,6489,6493
jump_dD2,1631,6493,6498
jump_dD2,1632,6498,6502
jump_dD2,1633,6502,6507
jump_dD2,1634,6507,6511
jump_dD2,1635,6511,6515
jump_dD2,1636,6515,6520
jump_dD2,1637,6520,6524
jump_dD2,1638,6524,6529
jump_dD2,1639,6529,6533
jump_dD2,1640,6533,6538
jump_dD2,1641,6538,6542
jump_dD2,1642,6542,6547
jump_dD2,1643,6547,6551
jump_dD2,1644,6551,6556
jump_dD2,1645,6556,6560
jump_dD2,1646,6560,6565
jump_dD2,1647,6565,6569
jump_dD2,1648,6569,6574
jump_dD2,1649,6574,6578
jump_dD2,1650,6578,6583
jump_dD2,1651,6583,6587
jump_dD2,1652,6587,6592
jump_dD2,1653,6592,6596
jump_dD2,1654,6596,6601
jump_dD2,1655,6601,6605
jump_dD2,1656,6605,6610
jump_dD2,1657,6610,6614
jump_dD2,1658,6614,6619
jump_dD2,1659,6619,6623
jump_dD2,1660,6623,6628
jump_dD2,1661,6628,6632
jump_dD2,1662,6632,6636
jump_dD2,1663,6636,6641
jump_dD2,1664,6641,6645
jump_dD2,1665,6645,6650
jump_dD2,1666,6650,6654
jump_dD2,1667,6654,6659
jump_dD2,1668,6659,6663
jump_dD2,1669,6663,6668
jump_dD2,1670,6668,6672
jump_dD2,1671,6672,6677
jump_dD2,1672,6677,6681
jump_dD2,1673,6681,6686
jump_dD2,1674,6686,6690
jump_dD2,1675,6690,6695
jump_dD2,1676,6695,6699
jump_dD2,1677,6699,6704
jump_dD2,1678,6704,6708
jump_dD2,1679,6708,6713
jump_dD2,1680,6713,6717
jump_dD2,1681,6717,6722
jump_dD2,1682,6722,6726
jump_dD2,1683,6726,6731
jump_dD2,1684,6731,6735
jump_dD2,1685,6735,6740
jump_dD2,1686,6740,6744
jump_dD2,1687,6744,6749
jump_dD2,1688,6749,6753
jump_dD2,1689,6753,6758
jump_dD2,1690,6758,6762
jump_dD2,1691,6762,6767
jump_dD2,1692,6767,6771
jump_dD2,1693,6771,6776
jump_dD2,1694,6776,6780
jump_dD2,1695,6780,6785
jump_dD2,1696,6785,6789
jump_dD2,1697,6789,6794
jump_dD2,1698,6794,6798
jump_dD2,1699,6798,6803
jump_dD2,1700,6803,6807
jump_dD2,1701,6807,6812
jump_dD2,1702,6812,6816
jump_dD2,1703,6816,6821
jump_dD2,1704,6821,6825
jump_dD2,1705,6825,6830
jump_dD2,1706,6830,6834
jump_dD2,1707,6834,6839
jump_dD2,1708,6839,6843
jump_dD2,1709,6843,6848
jump_dD2,1710,6848,6852
jump_dD2,1711,6852,6857
jump_dD2,1712,6857,6861
jump_dD2,1713,6861,6866
jump_dD2,1714,6866,6870
jump_dD2,1715,6870,6875
jump_dD2,1716,6875,6879
jump_dD2,1717,6879,6884
jump_dD2,1718,6884,6888
jump_dD2,1719,6888,6893
jump_dD2,1720,6893,6897
jump_dD2,1721,6897,6902
jump_dD2,1722,6902,6906
jump_dD2,1723,6906,6911
jump_dD2,1724,6911,6915
jump_dD2,1725,6915,6920
jump_dD2,1726,6920,6924
jump_dD2,1727,6924,6929
jump_dD2,1728,6929,6933
jump_dD2,1729,6933,6938
jump_dD2,1730,6938,6942
jump_dD2,1731,6942,6947
jump_dD2,1732,6947,6951
jump_dD2,1733,6951,6956
jump_dD2,1734,6956,6960
jump_dD2,1735,6960,6965
jump_dD2,1736,6965,6969
jump_dD2,1737,6969,6974
jump_dD2,1738,6974,6978
jump_dD2,1739,6978,6983
jump_dD2,1740,6983,6987
jump_dD2,1741,6987,6992
jump_dD2,1742,6992,6996
jump_dD2,1743,6996,7001
jump_dD2,1744,7001,7005
jump_dD2,1745,7005,7010
jump_dD2,1746,7010,7014
jump_dD2,1747,7014,7019
jump_dD2,1748,7019,7023
jump_dD2,1749,7023,7028
jump_dD2,1750,7028,7032
jump_dD2,1751,7032,7037
jump_dD2,1752,7037,7041
jump_dD2,1753,7041,7046
jump_dD2,1754,7046,7051
jump_dD2,1755,7051,7055
jump_dD2,1756,7055,7060
jump_dD2,1757,7060,7064
jump_dD2,1758,7064,7069
jump_dD2,1759,7069,7073
jump_dD2,1760,7073,7078
jump_dD2,1761,7078,7082
jump_dD2,1762,7082,7087
jump_dD2,1763,7087,7091
jump_dD2,1764,7091,7096
jump_dD2,1765,7096,7100
jump_dD2,1766,7100,7105
jump_dD2,1767,7105,7109
jump_dD2,1768,7109,7114
jump_dD2,1769,7114,7118
jump_dD2,1770,7118,7123
jump_dD2,1771,7123,7127
jump_dD2,1772,7127,7132
jump_dD2,1773,7132,7136
jump_dD2,1774,7136,7141
jump_dD2,1775,7141,7145
jump_dD2,1776,7145,7150
jump_dD2,1777,7150,7154
jump_dD2,1778,7154,7159
jump_dD2,1779,7159,7163
jump_dD2,1780,7163,7168
jump_dD2,1781,7168,7172
jump_dD2,1782,7172,7177
jump_dD2,1783,7177,7181
jump_dD2,1784,7181,7186
jump_dD2,1785,7186,7191
jump_dD2,1786,7191,7195
jump_dD2,1787,7195,7200
jump_dD2,1788,7200,7204
jump_dD2,1789,7204,7209
jump_dD2,1790,7209,7213
jump_dD2,1791,7213,7218
jump_dD2,1792,7218,7222
jump_dD2,1793,7222,7227
jump_dD2,1794,7227,7231
jump_dD2,1795,7231,7236
jump_dD2,1796,7236,7240
jump_dD2,1797,7240,7245
jump_dD2,1798,7245,7249
jump_dD2,1799,7249,7254
jump_dD2,1800,7254,7258
jump_dD2,1801,7258,7263
jump_dD2,1802,7263,7267
jump_dD2,1803,7267,7272
jump_dD2,1804,7272,7276
jump_dD2,1805,7276,7281
jump_dD2,1806,7281,7285
jump_dD2,1807,7285,7290
jump_dD2,1808,7290,7295
jump_dD2,1809,7295,7299
jump_dD2,1810,7299,7304
jump_dD2,1811,7304,7308
jump_dD2,1812,7308,7313
jump_dD2,1813,7313,7317
jump_dD2,1814,7317,7322
jump_dD2,1815,7322,7326
jump_dD2,1816,7326,7331
jump_dD2,1817,7331,7335
jump_dD2,1818,7335,7340
jump_dD2,1819,7340,7344
jump_dD2,1820,7344,7349
jump_dD2,1821,7349,7353
jump_dD2,1822,7353,7358
jump_dD2,1823,7358,7362
jump_dD2,1824,7362,7367
jump_dD2,1825,7367,7372
jump_dD2,1826,7372,7376
jump_dD2,1827,7376,7381
jump_dD2,1828,7381,7385
jump_dD2,1829,7385,7390
jump_dD2,1830,7390,7394
jump_dD2,1831,7394,7399
jump_dD2,1832,7399,7403
jump_dD2,1833,7403,7408
jump_dD2,1834,7408,7412
jump_dD2,1835,7412,7417
jump_dD2,1836,7417,7421
jump_dD2,1837,7421,7426
jump_dD2,1838,7426,7430
jump_dD2,1839,7430,7435
jump_dD2,1840,7435,7440
jump_dD2,1841,7440,7444
jump_dD2,1842,7444,7449
jump_dD2,1843,7449,7453
jump_dD2,1844,7453,7458
jump_dD2,1845,7458,7462
jump_dD2,1846,7462,7467
jump_dD2,1847,7467,7471
jump_dD2,1848,7471,7476
jump_dD2,1849,7476,7480
jump_dD2,1850,7480,7485
jump_dD2,1851,7485,7489
jump_dD2,1852,7489,7494
jump_dD2,1853,7494,7498
jump_dD2,1854,7498,7503
jump_dD2,1855,7503,7508
jump_dD2,1856,7508,7512
jump_dD2,1857,7512,7517
jump_dD2,1858,7517,7521
jump_dD2,1859,7521,7526
jump_dD2,1860,7526,7530
jump_dD2,1861,7530,7535
jump_dD2,1862,7535,7539
jump_dD2,1863,7539,7544
jump_dD2,1864,7544,7548
jump_dD2,1865,7548,7553
jump_dD2,1866,7553,7558
jump_dD2,1867,7558,7562
jump_dD2,1868,7562,7567
jump_dD2,1869,7567,7571
jump_dD2,1870,7571,7576
jump_dD2,1871,7576,7580
jump_dD2,1872,7580,7585
jump_dD2,1873,7585,7589
jump_dD2,1874,7589,7594
jump_dD2,1875,7594,7598
jump_dD2,1876,7598,7603
jump_dD2,1877,7603,7607
jump_dD2,1878,7607,7612
jump_dD2,1879,7612,7617
jump_dD2,1880,7617,7621
jump_dD2,1881,7621,7626
jump_dD2,1882,7626,7630
jump_dD2,1883,7630,7635
jump_dD2,1884,7635,7639
jump_dD2,1885,7639,7644
jump_dD2,1886,7644,7648
jump_dD2,1887,7648,7653
jump_dD2,1888,7653,7657
jump_dD2,1889,7657,7662
jump_dD2,1890,7662,7667
jump_dD2,1891,7667,7671
jump_dD2,1892,7671,7676
jump_dD2,1893,7676,7680
jump_dD2,1894,7680,7685
jump_dD2,1895,7685,7689
jump_dD2,1896,7689,7694
jump_dD2,1897,7694,7698
jump_dD2,1898,7698,7703
jump_dD2,1899,7703,7707
jump_dD2,1900,7707,7712
jump_dD2,1901,7712,7717
jump_dD2,1902,7717,7721
jump_dD2,1903,7721,7726
jump_dD2,1904,7726,7730
jump_dD2,1905,7730,7735
jump_dD2,1906,7735,7739
jump_dD2,1907,7739,7744
jump_dD2,1908,7744,7748
jump_dD2,1909,7748,7753
jump_dD2,1910,7753,7758
jump_dD2,1911,7758,7762
jump_dD2,1912,7762,7767
jump_dD2,1913,7767,7771
jump_dD2,1914,7771,7776
jump_dD2,1915,7776,7780
jump_dD2,1916,7780,7785
jump_dD2,1917,7785,7789
jump_dD2,1918,7789,7794
jump_dD2,1919,7794,7799
jump_dD2,1920,7799,7803
jump_dD2,1921,7803,7808
jump_dD2,1922,7808,7812
jump_dD2,1923,7812,7817
jump_dD2,1924,7817,7821
jump_dD2,1925,7821,7826
jump_dD2,1926,7826,7830
jump_dD2,1927,7830,7835
jump_dD2,1928,7835,7840
jump_dD2,1929,7840,7844
jump_dD2,1930,7844,7849
jump_dD2,1931,7849,7853
jump_dD2,1932,7853,7858
jump_dD2,1933,7858,7862
jump_dD2,1934,7862,7867
jump_dD2,1935,7867,7871
jump_dD2,1936,7871,7876
jump_dD2,1937,7876,7881
jump_dD2,1938,7881,7885
jump_dD2,1939,7885,7890
jump_dD2,1940,7890,7894
jump_dD2,1941,7894,7899
jump_dD2,1942,7899,7903
jump_dD2,1943,7903,7908
jump_dD2,1944,7908,7912
jump_dD2,1945,7912,7917
jump_dD2,1946,7917,7922
jump_dD2,1947,7922,7926
jump_dD2,1948,7926,7931
jump_dD2,1949,7931,7935
jump_dD2,1950,7935,7940
jump_dD2,1951,7940,7944
jump_dD2,1952,7944,7949
jump_dD2,1953,7949,7954
jump_dD2,1954,7954,7958
jump_dD2,1955,7958,7963
jump_dD2,1956,7963,7967
jump_dD2,1957,7967,7972
jump_dD2,1958,7972,7976
jump_dD2,1959,7976,7981
jump_dD2,1960,7981,7986
jump_dD2,1961,7986,7990
jump_dD2,1962,7990,7995
jump_dD2,1963,7995,7999
jump_dD2,1964,7999,8004
jump_dD2,1965,8004,8008
jump_dD2,1966,8008,8013
jump_dD2,1967,8013,8017
jump_dD2,1968,8017,8022
jump_dD2,1969,8022,8027
jump_dD2,1970,8027,8031
jump_dD2,1971,8031,8036
jump_dD2,1972,8036,8040
jump_dD2,1973,8040,8045
jump_dD2,1974,8045,8049
jump_dD2,1975,8049,8054
jump_dD2,1976,8054,8059
jump_dD2,1977,8059,8063
jump_dD2,1978,8063,8068
jump_dD2,1979,8068,8072
jump_dD2,1980,8072,8077
jump_dD2,1981,8077,8081
jump_dD2,1982,8081,8086
jump_dD2,1983,8086,8091
jump_dD2,1984,8091,8095
jump_dD2,1985,8095,8100
jump_dD2,1986,8100,8104
jump_dD2,1987,8104,8109
jump_dD2,1988,8109,8113
jump_dD2,1989,8113,8118
jump_dD2,1990,8118,8123
jump_dD2,1991,8123,8127
jump_dD2,1992,8127,8132
jump_dD2,1993,8132,8136
jump_dD2,1994,8136,8141
jump_dD2,1995,8141,8145
jump_dD2,1996,8145,8150
jump_dD2,1997,8150,8155
jump_dD2,1998,8155,8159
jump_dD2,1999,8159,8164
jump_dD2,2000,8164,8168
jump_dD2,2001,8168,8173
jump_dD2,2002,8173,8177
jump_dD2,2003,8177,8182
jump_dD2,2004,8182,8187
jump_dD2,2005,8187,8191
jump_dD2,2006,8191,8196
jump_dD2,2007,8196,8200
jump_dD2,2008,8200,8205
jump_dD2,2009,8205,8210
jump_dD2,2010,8210,8214
jump_dD2,2011,8214,8219
jump_dD2,2012,8219,8223
jump_dD2,2013,8223,8228
jump_dD2,2014,8228,8232
jump_dD2,2015,8232,8237
jump_dD2,2016,8237,8242
jump_dD2,2017,8242,8246
jump_dD2,2018,8246,8251
jump_dD2,2019,8251,8255
jump_dD2,2020,8255,8260
jump_dD2,2021,8260,8264
jump_dD2,2022,8264,8269
jump_dD2,2023,8269,8274
jump_dD2,2024,8274,8278
jump_dD2,2025,8278,8283
jump_dD2,2026,8283,8287
jump_dD2,2027,8287,8292
jump_dD2,2028,8292,8297
jump_dD2,2029,8297,8301
jump_dD2,2030,8301,8306
jump_dD2,2031,8306,8310
jump_dD2,2032,8310,8315
jump_dD2,2033,8315,8319
jump_dD2,2034,8319,8324
jump_dD2,2035,8324,8329
jump_dD2,2036,8329,8333
jump_dD2,2037,8333,8338
jump_dD2,2038,8338,8342
jump_dD2,2039,8342,8347
jump_dD2,2040,8347,8352
jump_dD2,2041,8352,8356
jump_dD2,2042,8356,8361
jump_dD2,2043,8361,8365
jump_dD2,2044,8365,8370
jump_dD2,2045,8370,8375
jump_dD2,2046,8375,8379
jump_dD2,2047,8379,8384
jump_dD2,2048,8384,8388
jump_dD2,2049,8388,8393
jump_dD2,2050,8393,8397
jump_dD2,2051,8397,8402
jump_dD2,2052,8402,8407
jump_dD2,2053,8407,8411
jump_dD2,2054,8411,8416
jump_dD2,2055,8416,8420
jump_dD2,2056,8420,8425
jump_dD2,2057,8425,8430
jump_dD2,2058,8430,8434
jump_dD2,2059,8434,8439
jump_dD2,2060,8439,8443
jump_dD2,2061,8443,8448
jump_dD2,2062,8448,8453
jump_dD2,2063,8453,8457
jump_dD2,2064,8457,8462
jump_dD2,2065,8462,8466
jump_dD2,2066,8466,8471
jump_dD2,2067,8471,8475
jump_dD2,2068,8475,8480
jump_dD2,2069,8480,8485
jump_dD2,2070,8485,8489
jump_dD2,2071,8489,8494
jump_dD2,2072,8494,8498
jump_dD2,2073,8498,8503
jump_dD2,2074,8503,8508
jump_dD2,2075,8508,8512
jump_dD2,2076,8512,8517
jump_dD2,2077,8517,8521
jump_dD2,2078,8521,8526
jump_dD2,2079,8526,8531
jump_dD2,2080,8531,8535
jump_dD2,2081,8535,8540
jump_dD2,2082,8540,8544
jump_dD2,2083,8544,8549
jump_dD2,2084,8549,8554
jump_dD2,2085,8554,8558
jump_dD2,2086,8558,8563
jump_dD2,2087,8563,8567
jump_dD2,2088,8567,8572
jump_dD2,2089,8572,8577
jump_dD2,2090,8577,8581
jump_dD2,2091,8581,8586
jump_dD2,2092,8586,8590
jump_dD2,2093,8590,8595
jump_dD2,2094,8595,8600
jump_dD2,2095,8600,8604
jump_dD2,2096,8604,8609
jump_dD2,2097,8609,8613
jump_dD2,2098,8613,8618
jump_dD2,2099,8618,8623
jump_dD2,2100,8623,8627
jump_dD2,2101,8627,8632
jump_dD2,2102,8632,8636
jump_dD2,2103,8636,8641
jump_dD2,2104,8641,8646
jump_dD2,2105,8646,8650
jump_dD2,2106,8650,8655
jump_dD2,2107,8655,8659
jump_dD2,2108,8659,8664
jump_dD2,2109,8664,8669
jump_dD2,2110,8669,8673
jump_dD2,2111,8673,8678
jump_dD2,2112,8678,8682
jump_dD2,2113,8682,8687
jump_dD2,2114,8687,8692
jump_dD2,2115,8692,8696
jump_dD2,2116,8696,8701
jump_dD2,2117,8701,8705
jump_dD2,2118,8705,8710
jump_dD2,2119,8710,8715
jump_dD2,2120,8715,8719
jump_dD2,2121,8719,8724
jump_dD2,2122,8724,8728
jump_dD2,2123,8728,8733
jump_dD2,2124,8733,8738
jump_dD2,2125,8738,8742
jump_dD2,2126,8742,8747
jump_dD2,2127,8747,8751
jump_dD2,2128,8751,8756
jump_dD2,2129,8756,8761
jump_dD2,2130,8761,8765
jump_dD2,2131,8765,8770
jump_dD2,2132,8770,8774
jump_dD2,2133,8774,8779
jump_dD2,2134,8779,8784
jump_dD2,2135,8784,8788
jump_dD2,2136,8788,8793
jump_dD2,2137,8793,8798
jump_dD2,2138,8798,8802
jump_dD2,2139,8802,8807
jump_dD2,2140,8807,8811
jump_dD2,2141,8811,8816
jump_dD2,2142,8816,8821
jump_dD2,2143,8821,8825
jump_dD2,2144,8825,8830
jump_dD2,2145,8830,8834
jump_dD2,2146,8834,8839
jump_dD2,2147,8839,8844
jump_dD2,2148,8844,8848
jump_dD2,2149,8848,8853
jump_dD2,2150,8853,8857
jump_dD2,2151,8857,8862
jump_dD2,2152,8862,8867
jump_dD2,2153,8867,8871
jump_dD2,2154,8871,8876
jump_dD2,2155,8876,8881
jump_dD2,2156,8881,8885
jump_dD2,2157,8885,8890
jump_dD2,2158,8890,8894
jump_dD2,2159,8894,8899
jump_dD2,2160,8899,8904
jump_dD2,2161,8904,8908
jump_dD2,2162,8908,8913
jump_dD2,2163,8913,8917
jump_dD2,2164,8917,8922
jump_dD2,2165,8922,8927
jump_dD2,2166,8927,8931
jump_dD2,2167,8931,8936
jump_dD2,2168,8936,8941
jump_dD2,2169,8941,8945
jump_dD2,2170,8945,8950
jump_dD2,2171,8950,8954
jump_dD2,2172,8954,8959
jump_dD2,2173,8959,8964
jump_dD2,2174,8964,8968
jump_dD2,2175,8968,8973
jump_dD2,2176,8973,8977
jump_dD2,2177,8977,8982
jump_dD2,2178,8982,8987
jump_dD2,2179,8987,8991
jump_dD2,2180,8991,8996
jump_dD2,2181,8996,9001
jump_dD2,2182,9001,9005
jump_dD2,2183,9005,9010
jump_dD2,2184,9010,9014
jump_dD2,2185,9014,9019
jump_dD2,2186,9019,9024
jump_dD2,2187,9024,9028
jump_dD2,2188,9028,9033
jump_dD2,2189,9033,9038
jump_dD2,2190,9038,9042
jump_dD2,2191,9042,9047
jump_dD2,2192,9047,9051
jump_dD2,2193,9051,9056
jump_dD2,2194,9056,9061
jump_dD2,2195,9061,9065
jump_dD2,2196,9065,9070
jump_dD2,2197,9070,9074
jump_dD2,2198,9074,9079
jump_dD2,2199,9079,9084
jump_dD2,2200,9084,9088
jump_dD2,2201,9088,9093
jump_dD2,2202,9093,9098
jump_dD2,2203,9098,9102
jump_dD2,2204,9102,9107
jump_dD2,2205,9107,9111
jump_dD2,2206,9111,9116
jump_dD2,2207,9116,9121
jump_dD2,2208,9121,9125
jump_dD2,2209,9125,9130
jump_dD2,2210,9130,9135
jump_dD2,2211,9135,9139
jump_dD2,2212,9139,9144
jump_dD2,2213,9144,9148
jump_dD2,2214,9148,9153
jump_dD2,2215,9153,9158
jump_dD2,2216,9158,9162
jump_dD2,2217,9162,9167
jump_dD2,2218,9167,9172
jump_dD2,2219,9172,9176
jump_dD2,2220,9176,9181
jump_dD2,2221,9181,9185
jump_dD2,2222,9185,9190
jump_dD2,2223,9190,9195
jump_dD2,2224,9195,9199
jump_dD2,2225,9199,9204
jump_dD2,2226,9204,9209
jump_dD2,2227,9209,9213
jump_dD2,2228,9213,9218
jump_dD2,2229,9218,9223
jump_dD2,2230,9223,9227
jump_dD2,2231,9227,9232
jump_dD2,2232,9232,9236
jump_dD2,2233,9236,9241
jump_dD2,2234,9241,9246
jump_dD2,2235,9246,9250
jump_dD2,2236,9250,9255
jump_dD2,2237,9255,9260
jump_dD2,2238,9260,9264
jump_dD2,2239,9264,9269
jump_dD2,2240,9269,9273
jump_dD2,2241,9273,9278
jump_dD2,2242,9278,9283
jump_dD2,2243,9283,9287
jump_dD2,2244,9287,9292
jump_dD2,2245,9292,9297
jump_dD2,2246,9297,9301
jump_dD2,2247,9301,9306
jump_dD2,2248,9306,9310
jump_dD2,2249,9310,9315
jump_dD2,2250,9315,9320
jump_dD2,2251,9320,9324
jump_dD2,2252,9324,9329
jump_dD2,2253,9329,9334
jump_dD2,2254,9334,9338
jump_dD2,2255,9338,9343
jump_dD2,2256,9343,9348
jump_dD2,2257,9348,9352
jump_dD2,2258,9352,9357
jump_dD2,2259,9357,9361
jump_dD2,2260,9361,9366
jump_dD2,2261,9366,9371
jump_dD2,2262,9371,9375
jump_dD2,2263,9375,9380
jump_dD2,2264,9380,9385
jump_dD2,2265,9385,9389
jump_dD2,2266,9389,9394
jump_dD2,2267,9394,9399
jump_dD2,2268,9399,9403
jump_dD2,2269,9403,9408
jump_dD2,2270,9408,9412
jump_dD2,2271,9412,9417
jump_dD2,2272,9417,9422
jump_dD2,2273,9422,9426
jump_dD2,2274,9426,9431
jump_dD2,2275,9431,9436
jump_dD2,2276,9436,9440
jump_dD2,2277,9440,9445
jump_dD2,2278,9445,9450
jump_dD2,2279,9450,9454
jump_dD2,2280,9454,9459
jump_dD2,2281,9459,9463
jump_dD2,2282,9463,9468
jump_dD2,2283,9468,9473
jump_dD2,2284,9473,9477
jump_dD2,2285,9477,9482
jump_dD2,2286,9482,9487
jump_dD2,2287,9487,9491
jump_dD2,2288,9491,9496
jump_dD2,2289,9496,9501
jump_dD2,2290,9501,9505
jump_dD2,2291,9505,9510
jump_dD2,2292,9510,9515
jump_dD2,2293,9515,9519
jump_dD2,2294,9519,9524
jump_dD2,2295,9524,9528
jump_dD2,2296,9528,9533
jump_dD2,2297,9533,9538
jump_dD2,2298,9538,9542
jump_dD2,2299,9542,9547
jump_dD2,2300,9547,9552
jump_dD2,2301,9552,9556
jump_dD2,2302,9556,9561
jump_dD2,2303,9561,9566
jump_dD2,2304,9566,9570
jump_dD2,2305,9570,9575
jump_dD2,2306,9575,9580
jump_dD2,2307,9580,9584
jump_dD2,2308,9584,9589
jump_dD2,2309,9589,9593
jump_dD2,2310,9593,9598
jump_dD2,2311,9598,9603
jump_dD2,2312,9603,9607
jump_dD2,2313,9607,9612
jump_dD2,2314,9612,9617
jump_dD2,2315,9617,9621
jump_dD2,2316,9621,9626
jump_dD2,2317,9626,9631
jump_dD2,2318,9631,9635
jump_dD2,2319,9635,9640
jump_dD2,2320,9640,9645
jump_dD2,2321,9645,9649
jump_dD2,2322,9649,9654
jump_dD2,2323,9654,9659
jump_dD2,2324,9659,9663
jump_dD2,2325,9663,9668
jump_dD2,2326,9668,9673
jump_dD2,2327,9673,9677
jump_dD2,2328,9677,9682
jump_dD2,2329,9682,9686
jump_dD2,2330,9686,9691
jump_dD2,2331,9691,9696
jump_dD2,2332,9696,9700
jump_dD2,2333,9700,9705
jump_dD2,2334,9705,9710
jump_dD2,2335,9710,9714
jump_dD2,2336,9714,9719
jump_dD2,2337,9719,9724
jump_dD2,2338,9724,9728
jump_dD2,2339,9728,9733
jump_dD2,2340,9733,9738
jump_dD2,2341,9738,9742
jump_dD2,2342,9742,9747
jump_dD2,2343,9747,9752
jump_dD2,2344,9752,9756
jump_dD2,2345,9756,9761
jump_dD2,2346,9761,9766
jump_dD2,2347,9766,9770
jump_dD2,2348,9770,9775
jump_dD2,2349,9775,9779
jump_dD2,2350,9779,9784
jump_dD2,2351,9784,9789
jump_dD2,2352,9789,9793
jump_dD2,2353,9793,9798
jump_dD2,2354,9798,9803
jump_dD2,2355,9803,9807
jump_dD2,2356,9807,9812
jump_dD2,2357,9812,9817
jump_dD2,2358,9817,9821
jump_dD2,2359,9821,9826
jump_dD2,2360,9826,9831
jump_dD2,2361,9831,9835
jump_dD2,2362,9835,9840
jump_dD2,2363,9840,9845
jump_dD2,2364,9845,9849
jump_dD2,2365,9849,9854
jump_dD2,2366,9854,9859
jump_dD2,2367,9859,9863
jump_dD2,2368,9863,9868
jump_dD2,2369,9868,9873
jump_dD2,2370,9873,9877
jump_dD2,2371,9877,9882
jump_dD2,2372,9882,9887
jump_dD2,2373,9887,9891
jump_dD2,2374,9891,9896
jump_dD2,2375,9896,9901
jump_dD2,2376,9901,9905
jump_dD2,2377,9905,9910
jump_dD2,2378,9910,9915
jump_dD2,2379,9915,9919
jump_dD2,2380,9919,9924
jump_dD2,2381,9924,9929
jump_dD2,2382,9929,9933
jump_dD2,2383,9933,9938
jump_dD2,2384,9938,9943
jump_dD2,2385,9943,9947
jump_dD2,2386,9947,9952
jump_dD2,2387,9952,9956
jump_dD2,2388,9956,9961
jump_dD2,2389,9961,9966
jump_dD2,2390,9966,9970
jump_dD2,2391,9970,9975
jump_dD2,2392,9975,9980
jump_dD2,2393,9980,9984
jump_dD2,2394,9984,9989
jump_dD2,2395,9989,9994
jump_dD2,2396,9994,9998
jump_dD2,2397,9998,10003
jump_dD2,2398,10003,10008
jump_dD2,2399,10008,10012
jump_dD2,2400,10012,10017
jump_dD2,2401,10017,10022
jump_dD2,2402,10022,10026
jump_dD2,2403,10026,10031
jump_dD2,2404,10031,10036
jump_dD2,2405,10036,10040
jump_dD2,2406,10040,10045
jump_dD2,2407,10045,10050
jump_dD2,2408,10050,10054
jump_dD2,2409,10054,10059
jump_dD2,2410,10059,10064
jump_dD2,2411,10064,10068
jump_dD2,2412,10068,10073
jump_dD2,2413,10073,10078
jump_dD2,2414,10078,10082
jump_dD2,2415,10082,10087
jump_dD2,2416,10087,10092
jump_dD2,2417,10092,10096
jump_dD2,2418,10096,10101
jump_dD2,2419,10101,10106
jump_dD2,2420,10106,10110
jump_dD2,2421,10110,10115
jump_dD2,2422,10115,10120
jump_dD2,2423,10120,10124
jump_dD2,2424,10124,10129
jump_dD2,2425,10129,10134
jump_dD2,2426,10134,10138
jump_dD2,2427,10138,10143
jump_dD2,2428,10143,10148
jump_dD2,2429,10148,10152
jump_dD2,2430,10152,10157
jump_dD2,2431,10157,10162
jump_dD2,2432,10162,10166
jump_dD2,2433,10166,10171
jump_dD2,2434,10171,10176
jump_dD2,2435,10176,10180
jump_dD2,2436,10180,10185
jump_dD2,2437,10185,10190
jump_dD2,2438,10190,10195
jump_dD2,2439,10195,10199
jump_dD2,2440,10199,10204
jump_dD2,2441,10204,10209
jump_dD2,2442,10209,10213
jump_dD2,2443,10213,10218
jump_dD2,2444,10218,10223
jump_dD2,2445,10223,10227
jump_dD2,2446,10227,10232
jump_dD2,2447,10232,10237
jump_dD2,2448,10237,10241
jump_dD2,2449,10241,10246
jump_dD2,2450,10246,10251
jump_dD2,2451,10251,10255
jump_dD2,2452,10255,10260
jump_dD2,2453,10260,10265
jump_dD2,2454,10265,10269
jump_dD2,2455,10269,10274
jump_dD2,2456,10274,10279
jump_dD2,2457,10279,10283
jump_dD2,2458,10283,10288
jump_dD2,2459,10288,10293
jump_dD2,2460,10293,10297
jump_dD2,2461,10297,10302
jump_dD2,2462,10302,10307
jump_dD2,2463,10307,10311
jump_dD2,2464,10311,10316
jump_dD2,2465,10316,10321
jump_dD2,2466,10321,10325
jump_dD2,2467,10325,10330
jump_dD2,2468,10330,10335
jump_dD2,2469,10335,10339
jump_dD2,2470,10339,10344
jump_dD2,2471,10344,10349
jump_dD2,2472,10349,10353
jump_dD2,2473,10353,10358
jump_dD2,2474,10358,10363
jump_dD2,2475,10363,10368
jump_dD2,2476,10368,10372
jump_dD2,2477,10372,10377
jump_dD2,2478,10377,10382
jump_dD2,2479,10382,10386
jump_dD2,2480,10386,10391
jump_dD2,2481,10391,10396
jump_dD2,2482,10396,10400
jump_dD2,2483,10400,10405
jump_dD2,2484,10405,10410
jump_dD2,2485,10410,10414
jump_dD2,2486,10414,10419
jump_dD2,2487,10419,10424
jump_dD2,2488,10424,10428
jump_dD2,2489,10428,10433
jump_dD2,2490,10433,10438
jump_dD2,2491,10438,10442
jump_dD2,2492,10442,10447
jump_dD2,2493,10447,10452
jump_dD2,2494,10452,10456
jump_dD2,2495,10456,10461
jump_dD2,2496,10461,10466
jump_dD2,2497,10466,10471
jump_dD2,2498,10471,10475
jump_dD2,2499,10475,10480
jump_dD2,2500,10480,10485
jump_dD2,2501,10485,10489
jump_dD2,2502,10489,10494
jump_dD2,2503,10494,10499
jump_dD2,2504,10499,10503
jump_dD2,2505,10503,10508
jump_dD2,2506,10508,10513
jump_dD2,2507,10513,10517
jump_dD2,2508,10517,10522
jump_dD2,2509,10522,10527
jump_dD2,2510,10527,10531
jump_dD2,2511,10531,10536
jump_dD2,2512,10536,10541
jump_dD2,2513,10541,10546
jump_dD2,2514,10546,10550
jump_dD2,2515,10550,10555
jump_dD2,2516,10555,10560
jump_dD2,2517,10560,10564
jump_dD2,2518,10564,10569
jump_dD2,2519,10569,10574
jump_dD2,2520,10574,10578
jump_dD2,2521,10578,10583
jump_dD2,2522,10583,10588
jump_dD2,2523,10588,10592
jump_dD2,2524,10592,10597
jump_dD2,2525,10597,10602
jump_dD2,2526,10602,10606
jump_dD2,2527,10606,10611
jump_dD2,2528,10611,10616
jump_dD2,2529,10616,10621
jump_dD2,2530,10621,10625
jump_dD2,2531,10625,10630
jump_dD2,2532,10630,10635
jump_dD2,2533,10635,10639
jump_dD2,2534,10639,10644
jump_dD2,2535,10644,10649
jump_dD2,2536,10649,10653
jump_dD2,2537,10653,10658
jump_dD2,2538,10658,10663
jump_dD2,2539,10663,10667
jump_dD2,2540,10667,10672
jump_dD2,2541,10672,10677
jump_dD2,2542,10677,10682
jump_dD2,2543,10682,10686
jump_dD2,2544,10686,10691
jump_dD2,2545,10691,10696
jump_dD2,2546,10696,10700
jump_dD2,2547,10700,10705
jump_dD2,2548,10705,10710
jump_dD2,2549,10710,10714
jump_dD2,2550,10714,10719
jump_dD2,2551,10719,10724
jump_dD2,2552,10724,10728
jump_dD2,2553,10728,10733
jump_dD2,2554,10733,10738
jump_dD2,2555,10738,10743
jump_dD2,2556,10743,10747
jump_dD2,2557,10747,10752
jump_dD2,2558,10752,10757
jump_dD2,2559,10757,10761
jump_dD2,2560,10761,10766
jump_dD2,2561,10766,10771
jump_dD2,2562,10771,10775
jump_dD2,2563,10775,10780
jump_dD2,2564,10780,10785
jump_dD2,2565,10785,10789
jump_dD2,2566,10789,10794
jump_dD2,2567,10794,10799
jump_dD2,2568,10799,10804
jump_dD2,2569,10804,10808
jump_dD2,2570,10808,10813
jump_dD2,2571,10813,10818
jump_dD2,2572,10818,10822
jump_dD2,2573,10822,10827
jump_dD2,2574,10827,10832
jump_dD2,2575,10832,10836
jump_dD2,2576,10836,10841
jump_dD2,2577,10841,10846
jump_dD2,2578,10846,10851
jump_dD2,2579,10851,10855
jump_dD2,2580,10855,10860
jump_dD2,2581,10860,10865
jump_dD2,2582,10865,10869
jump_dD2,2583,10869,10874
jump_dD2,2584,10874,10879
jump_dD2,2585,10879,10883
jump_dD2,2586,10883,10888
jump_dD2,2587,10888,10893
jump_dD2,2588,10893,10898
jump_dD2,2589,10898,10902
jump_dD2,2590,10902,10907
jump_dD2,2591,10907,10912
jump_dD2,2592,10912,10916
jump_dD2,2593,10916,10921
jump_dD2,2594,10921,10926
jump_dD2,2595,10926,10930
jump_dD2,2596,10930,10935
jump_dD2,2597,10935,10940
jump_dD2,2598,10940,10945
jump_dD2,2599,10945,10949
jump_dD2,2600,10949,10954
jump_dD2,2601,10954,10959
jump_dD2,2602,10959,10963
jump_dD2,2603,10963,10968
jump_dD2,2604,10968,10973
jump_dD2,2605,10973,10978
jump_dD2,2606,10978,10982
jump_dD2,2607,10982,10987
jump_dD2,2608,10987,10992
jump_dD2,2609,10992,10996
jump_dD2,2610,10996,11001
jump_dD2,2611,11001,11006
jump_dD2,2612,11006,11010
jump_dD2,2613,11010,11015
jump_dD2,2614,11015,11020
jump_dD2,2615,11020,11025
jump_dD2,2616,11025,11029
jump_dD2,2617,11029,11034
jump_dD2,2618,11034,11039
jump_dD2,2619,11039,11043
jump_dD2,2620,11043,11048
jump_dD2,2621,11048,11053
jump_dD2,2622,11053,11058
jump_dD2,2623,11058,11062
jump_dD2,2624,11062,11067
jump_dD2,2625,11067,11072
jump_dD2,2626,11072,11076
jump_dD2,2627,11076,11081
jump_dD2,2628,11081,11086
jump_dD2,2629,11086,11090
jump_dD2,2630,11090,11095
jump_dD2,2631,11095,11100
jump_dD2,2632,11100,11105
jump_dD2,2633,11105,11109
jump_dD2,2634,11109,11114
jump_dD2,2635,11114,11119
jump_dD2,2636,11119,11123
jump_dD2,2637,11123,11128
jump_dD2,2638,11128,11133
jump_dD2,2639,11133,11138
jump_dD2,2640,11138,11142
jump_dD2,2641,11142,11147
jump_dD2,2642,11147,11152
jump_dD2,2643,11152,11156
jump_dD2,2644,11156,11161
jump_dD2,2645,11161,11166
jump_dD2,2646,11166,11171
jump_dD2,2647,11171,11175
jump_dD2,2648,11175,11180
jump_dD2,2649,11180,11185
jump_dD2,2650,11185,11189
jump_dD2,2651,11189,11194
jump_dD2,2652,11194,11199
jump_dD2,2653,11199,11204
jump_dD2,2654,11204,11208
jump_dD2,2655,11208,11213
jump_dD2,2656,11213,11218
jump_dD2,2657,11218,11222
jump_dD2,2658,11222,11227
jump_dD2,2659,11227,11232
jump_dD2,2660,11232,11237
jump_dD2,2661,11237,11241
jump_dD2,2662,11241,11246
jump_dD2,2663,11246,11251
jump_dD2,2664,11251,11255
jump_dD2,2665,11255,11260
jump_dD2,2666,11260,11265
jump_dD2,2667,11265,11270
jump_dD2,2668,11270,11274
jump_dD2,2669,11274,11279
jump_dD2,2670,11279,11284
jump_dD2,2671,11284,11288
jump_dD2,2672,11288,11293
jump_dD2,2673,11293,11298
jump_dD2,2674,11298,11303
jump_dD2,2675,11303,11307
jump_dD2,2676,11307,11312
jump_dD2,2677,11312,11317
jump_dD2,2678,11317,11321
jump_dD2,2679,11321,11326
jump_dD2,2680,11326,11331
jump_dD2,2681,11331,11336
jump_dD2,2682,11336,11340
jump_dD2,2683,11340,11345
jump_dD2,2684,11345,11350
jump_dD2,2685,11350,11354
jump_dD2,2686,11354,11359
jump_dD2,2687,11359,11364
jump_dD2,2688,11364,11369
jump_dD2,2689,11369,11373
jump_dD2,2690,11373,11378
jump_dD2,2691,11378,11383
jump_dD2,2692,11383,11387
jump_dD2,2693,11387,11392
jump_dD2,2694,11392,11397
jump_dD2,2695,11397,11402
jump_dD2,2696,11402,11406
jump_dD2,2697,11406,11411
jump_dD2,2698,11411,11416
jump_dD2,2699,11416,11421
jump_dD2,2700,11421,11425
jump_dD2,2701,11425,11430
jump_dD2,2702,11430,11435
jump_dD2,2703,11435,11439
jump_dD2,2704,11439,11444
jump_dD2,2705,11444,11449
jump_dD2,2706,11449,11454
jump_dD2,2707,11454,11458
jump_dD2,2708,11458,11463
jump_dD2,2709,11463,11468
jump_dD2,2710,11468,11472
jump_dD2,2711,11472,11477
jump_dD2,2712,11477,11482
jump_dD2,2713,11482,11487
jump_dD2,2714,11487,11491
jump_dD2,2715,11491,11496
jump_dD2,2716,11496,11501
jump_dD2,2717,11501,11506
jump_dD2,2718,11506,11510
jump_dD2,2719,11510,11515
jump_dD2,2720,11515,11520
jump_dD2,2721,11520,11524
jump_dD2,2722,11524,11529
jump_dD2,2723,11529,11534
jump_dD2,2724,11534,11539
jump_dD2,2725,11539,11543
jump_dD2,2726,11543,11548
jump_dD2,2727,11548,11553
jump_dD2,2728,11553,11558
jump_dD2,2729,11558,11562
jump_dD2,2730,11562,11567
jump_dD2,2731,11567,11572
jump_dD2,2732,11572,11576
jump_dD2,2733,11576,11581
jump_dD2,2734,11581,11586
jump_dD2,2735,11586,11591
jump_dD2,2736,11591,11595
jump_dD2,2737,11595,11600
jump_dD2,2738,11600,11605
jump_dD2,2739,11605,11610
jump_dD2,2740,11610,11614
jump_dD2,2741,11614,11619
jump_dD2,2742,11619,11624
jump_dD2,2743,11624,11628
jump_dD2,2744,11628,11633
jump_dD2,2745,11633,11638
jump_dD2,2746,11638,11643
jump_dD2,2747,11643,11647
jump_dD2,2748,11647,11652
jump_dD2,2749,11652,11657
jump_dD2,2750,11657,11662
jump_dD2,2751,11662,11666
jump_dD2,2752,11666,11671
jump_dD2,2753,11671,11676
jump_dD2,2754,11676,11680
jump_dD2,2755,11680,11685
jump_dD2,2756,11685,11690
jump_dD2,2757,11690,11695
jump_dD2,2758,11695,11699
jump_dD2,2759,11699,11704
jump_dD2,2760,11704,11709
jump_dD2,2761,11709,11714
jump_dD2,2762,11714,11718
jump_dD2,2763,11718,11723
jump_dD2,2764,11723,11728
jump_dD2,2765,11728,11733
jump_dD2,2766,11733,11737
jump_dD2,2767,11737,11742
jump_dD2,2768,11742,11747
jump_dD2,2769,11747,11751
jump_dD2,2770,11751,11756
jump_dD2,2771,11756,11761
jump_dD2,2772,11761,11766
jump_dD2,2773,11766,11770
jump_dD2,2774,11770,11775
jump_dD2,2775,11775,11780
jump_dD2,2776,11780,11785
jump_dD2,2777,11785,11789
jump_dD2,2778,11789,11794
jump_dD2,2779,11794,11799
jump_dD2,2780,11799,11804
jump_dD2,2781,11804,11808
jump_dD2,2782,11808,11813
jump_dD2,2783,11813,11818
jump_dD2,2784,11818,11823
jump_dD2,2785,11823,11827
jump_dD2,2786,11827,11832
jump_dD2,2787,11832,11837
jump_dD2,2788,11837,11841
jump_dD2,2789,11841,11846
jump_dD2,2790,11846,11851
jump_dD2,2791,11851,11856
jump_dD2,2792,11856,11860
jump_dD2,2793,11860,11865
jump_dD2,2794,11865,11870
jump_dD2,2795,11870,11875
jump_dD2,2796,11875,11879
jump_dD2,2797,11879,11884
jump_dD2,2798,11884,11889
jump_dD2,2799,11889,11894
jump_dD2,2800,11894,11898
jump_dD2,2801,11898,11903
jump_dD2,2802,11903,11908
jump_dD2,2803,11908,11913
jump_dD2,2804,11913,11917
jump_dD2,2805,11917,11922
jump_dD2,2806,11922,11927
jump_dD2,2807,11927,11932
jump_dD2,2808,11932,11936
jump_dD2,2809,11936,11941
jump_dD2,2810,11941,11946
jump_dD2,2811,11946,11950
jump_dD2,2812,11950,11955
jump_dD2,2813,11955,11960
jump_dD2,2814,11960,11965
jump_dD2,2815,11965,11969
jump_dD2,2816,11969,11974
jump_dD2,2817,11974,11979
jump_dD2,2818,11979,11984
jump_dD2,2819,11984,11988
jump_dD2,2820,11988,11993
jump_dD2,2821,11993,11998
jump_dD2,2822,11998,12003
jump_dD2,2823,12003,12007
jump_dD2,2824,12007,12012
jump_dD2,2825,12012,12017
jump_dD2,2826,12017,12022
jump_dD2,2827,12022,12026
jump_dD2,2828,12026,12031
jump_dD2,2829,12031,12036
jump_dD2,2830,12036,12041
jump_dD2,2831,12041,12045
jump_dD2,2832,12045,12050
jump_dD2,2833,12050,12055
jump_dD2,2834,12055,12060
jump_dD2,2835,12060,12064
jump_dD2,2836,12064,12069
jump_dD2,2837,12069,12074
jump_dD2,2838,12074,12079
jump_dD2,2839,12079,12083
jump_dD2,2840,12083,12088
jump_dD2,2841,12088,12093
jump_dD2,2842,12093,12098
jump_dD2,2843,12098,12102
jump_dD2,2844,12102,12107
jump_dD2,2845,12107,12112
jump_dD2,2846,12112,12117
jump_dD2,2847,12117,12121
jump_dD2,2848,12121,12126
jump_dD2,2849,12126,12131
jump_dD2,2850,12131,12136
jump_dD2,2851,12136,12140
jump_dD2,2852,12140,12145
jump_dD2,2853,12145,12150
jump_dD2,2854,12150,12155
jump_dD2,2855,12155,12159
jump_dD2,2856,12159,12164
jump_dD2,2857,12164,12169
jump_dD2,2858,12169,12174
jump_dD2,2859,12174,12178
jump_dD2,2860,12178,12183
jump_dD2,2861,12183,12188
jump_dD2,2862,12188,12193
jump_dD2,2863,12193,12197
jump_dD2,2864,12197,12202
jump_dD2,2865,12202,12207
jump_dD2,2866,12207,12212
jump_dD2,2867,12212,12216
jump_dD2,2868,12216,12221
jump_dD2,2869,12221,12226
jump_dD2,2870,12226,12231
jump_dD2,2871,12231,12235
jump_dD2,2872,12235,12240
jump_dD2,2873,12240,12245
jump_dD2,2874,12245,12250
jump_dD2,2875,12250,12254
jump_dD2,2876,12254,12259
jump_dD2,2877,12259,12264
jump_dD2,2878,12264,12269
jump_dD2,2879,12269,12273
jump_dD2,2880,12273,12278
jump_dD2,2881,12278,12283
jump_dD2,2882,12283,12288
jump_dD2,2883,12288,12292
jump_dD2,2884,12292,12297
jump_dD2,2885,12297,12302
jump_dD2,2886,12302,12307
jump_dD2,2887,12307,12311
jump_dD2,2888,12311,12316
jump_dD2,2889,12316,12321
jump_dD2,2890,12321,12326
jump_dD2,2891,12326,12330
jump_dD2,2892,12330,12335
jump_dD2,2893,12335,12340
jump_dD2,2894,12340,12345
jump_dD2,2895,12345,12349
jump_dD2,2896,12349,12354
jump_dD2,2897,12354,12359
jump_dD2,2898,12359,12364
jump_dD2,2899,12364,12368
jump_dD2,2900,12368,12373
jump_dD2,2901,12373,12378
jump_dD2,2902,12378,12383
jump_dD2,2903,12383,12387
jump_dD2,2904,12387,12392
jump_dD2,2905,12392,12397
jump_dD2,2906,12397,12402
jump_dD2,2907,12402,12406
jump_dD2,2908,12406,12411
jump_dD2,2909,12411,12416
jump_dD2,2910,12416,12421
jump_dD2,2911,12421,12425
jump_dD2,2912,12425,12430
jump_dD2,2913,12430,12435
jump_dD2,2914,12435,12440
jump_dD2,2915,12440,12444
jump_dD2,2916,12444,12449
jump_dD2,2917,12449,12454
jump_dD2,2918,12454,12459
jump_dD2,2919,12459,12464
jump_dD2,2920,12464,12468
jump_dD2,2921,12468,12473
jump_dD2,2922,12473,12478
jump_dD2,2923,12478,12483
jump_dD2,2924,12483,12487
jump_dD2,2925,12487,12492
jump_dD2,2926,12492,12497
jump_dD2,2927,12497,12502
jump_dD2,2928,12502,12506
jump_dD2,2929,12506,12511
jump_dD2,2930,12511,12516
jump_dD2,2931,12516,12521
jump_dD2,2932,12521,12525
jump_dD2,2933,12525,12530
jump_dD2,2934,12530,12535
jump_dD2,2935,12535,12540
jump_dD2,2936,12540,12544
jump_dD2,2937,12544,12549
jump_dD2,2938,12549,12554
jump_dD2,2939,12554,12559
jump_dD2,2940,12559,12563
jump_dD2,2941,12563,12568
jump_dD2,2942,12568,12573
jump_dD2,2943,12573,12578
jump_dD2,2944,12578,12583
jump_dD2,2945,12583,12587
jump_dD2,2946,12587,12592
jump_dD2,2947,12592,12597
jump_dD2,2948,12597,12602
jump_dD2,2949,12602,12606
jump_dD2,2950,12606,12611
jump_dD2,2951,12611,12616
jump_dD2,2952,12616,12621
jump_dD2,2953,12621,12625
jump_dD2,2954,12625,12630
jump_dD2,2955,12630,12635
jump_dD2,2956,12635,12640
jump_dD2,2957,12640,12644
jump_dD2,2958,12644,12649
jump_dD2,2959,12649,12654
jump_dD2,2960,12654,12659
jump_dD2,2961,12659,12664
jump_dD2,2962,12664,12668
jump_dD2,2963,12668,12673
jump_dD2,2964,12673,12678
jump_dD2,2965,12678,12683
jump_dD2,2966,12683,12687
jump_dD2,2967,12687,12692
jump_dD2,2968,12692,12697
jump_dD2,2969,12697,12702
jump_dD2,2970,12702,12706
jump_dD2,2971,12706,12711
jump_dD2,2972,12711,12716
jump_dD2,2973,12716,12721
jump_dD2,2974,12721,12726
jump_dD2,2975,12726,12730
jump_dD2,2976,12730,12735
jump_dD2,2977,12735,12740
jump_dD2,2978,12740,12745
jump_dD2,2979,12745,12749
jump_dD2,2980,12749,12754
jump_dD2,2981,12754,12759
jump_dD2,2982,12759,12764
jump_dD2,2983,12764,12768
jump_dD2,2984,12768,12773
jump_dD2,2985,12773,12778
jump_dD2,2986,12778,12783
jump_dD2,2987,12783,12787
jump_dD2,2988,12787,12792
jump_dD2,2989,12792,12797
jump_dD2,2990,12797,12802
jump_dD2,2991,12802,12807
jump_dD2,2992,12807,12811
jump_dD2,2993,12811,12816
jump_dD2,2994,12816,12821
jump_dD2,2995,12821,12826
jump_dD2,2996,12826,12830
jump_dD2,2997,12830,12835
jump_dD2,2998,12835,12840
jump_dD2,2999,12840,12845
jump_dD2,3000,12845,12850
jump_dD2,3001,12850,12854
jump_dD2,3002,12854,12859
jump_dD2,3003,12859,12864
jump_dD2,3004,12864,12869
jump_dD2,3005,12869,12873
jump_dD2,3006,12873,12878
jump_dD2,3007,12878,12883
jump_dD2,3008,12883,12888
jump_dD2,3009,12888,12892
jump_dD2,3010,12892,12897
jump_dD2,3011,12897,12902
jump_dD2,3012,12902,12907
jump_dD2,3013,12907,12912
jump_dD2,3014,12912,12916
jump_dD2,3015,12916,12921
jump_dD2,3016,12921,12926
jump_dD2,3017,12926,12931
jump_dD2,3018,12931,12935
jump_dD2,3019,12935,12940
jump_dD2,3020,12940,12945
jump_dD2,3021,12945,12950
jump_dD2,3022,12950,12955
jump_dD2,3023,12955,12959
jump_dD2,3024,12959,12964
jump_dD2,3025,12964,12969
jump_dD2,3026,12969,12974
jump_dD2,3027,12974,12978
jump_dD2,3028,12978,12983
jump_dD2,3029,12983,12988
jump_dD2,3030,12988,12993
jump_dD2,3031,12993,12998
jump_dD2,3032,12998,13002
jump_dD2,3033,13002,13007
jump_dD2,3034,13007,13012
jump_dD2,3035,13012,13017
jump_dD2,3036,13017,13021
jump_dD2,3037,13021,13026
jump_dD2,3038,13026,13031
jump_dD2,3039,13031,13036
jump_dD2,3040,13036,13041
jump_dD2,3041,13041,13045
jump_dD2,3042,13045,13050
jump_dD2,3043,13050,13055
jump_dD2,3044,13055,13060
jump_dD2,3045,13060,13064
jump_dD2,3046,13064,13069
jump_dD2,3047,13069,13074
jump_dD2,3048,13074,13079
jump_dD2,3049,13079,13084
jump_dD2,3050,13084,13088
jump_dD2,3051,13088,13093
jump_dD2,3052,13093,13098
jump_dD2,3053,13098,13103
jump_dD2,3054,13103,13107
jump_dD2,3055,13107,13112
jump_dD2,3056,13112,13117
jump_dD2,3057,13117,13122
jump_dD2,3058,13122,13127
jump_dD2,3059,13127,13131
jump_dD2,3060,13131,13136
jump_dD2,3061,13136,13141
jump_dD2,3062,13141,13146
jump_dD2,3063,13146,13150
jump_dD2,3064,13150,13155
jump_dD2,3065,13155,13160
jump_dD2,3066,13160,13165
jump_dD2,3067,13165,13170
jump_dD2,3068,13170,13174
jump_dD2,3069,13174,13179
jump_dD2,3070,13179,13184
jump_dD2,3071,13184,13189
jump_dD2,3072,13189,13193
jump_dD2,3073,13193,13198
jump_dD2,3074,13198,13203
jump_dD2,3075,13203,13208
jump_dD2,3076,13208,13213
jump_dD2,3077,13213,13217
jump_dD2,3078,13217,13222
jump_dD2,3079,13222,13227
jump_dD2,3080,13227,13232
jump_dD2,3081,13232,13237
jump_dD2,3082,13237,13241
jump_dD2,3083,13241,13246
jump_dD2,3084,13246,13251
jump_dD2,3085,13251,13256
jump_dD2,3086,13256,13260
jump_dD2,3087,13260,13265
jump_dD2,3088,13265,13270
jump_dD2,3089,13270,13275
jump_dD2,3090,13275,13280
jump_dD2,3091,13280,13284
jump_dD2,3092,13284,13289
jump_dD2,3093,13289,13294
jump_dD2,3094,13294,13299
jump_dD2,3095,13299,13304
jump_dD2,3096,13304,13308
jump_dD2,3097,13308,13313
jump_dD2,3098,13313,13318
jump_dD2,3099,13318,13323
jump_dD2,3100,13323,13327
jump_dD2,3101,13327,13332
jump_dD2,3102,13332,13337
jump_dD2,3103,13337,13342
jump_dD2,3104,13342,13347
jump_dD2,3105,13347,13351
jump_dD2,3106,13351,13356
jump_dD2,3107,13356,13361
jump_dD2,3108,13361,13366
jump_dD2,3109,13366,13371
jump_dD2,3110,13371,13375
jump_dD2,3111,13375,13380
jump_dD2,3112,13380,13385
jump_dD2,3113,13385,13390
jump_dD2,3114,13390,13395
jump_dD2,3115,13395,13399
jump_dD2,3116,13399,13404
jump_dD2,3117,13404,13409
jump_dD2,3118,13409,13414
jump_dD2,3119,13414,13418
jump_dD2,3120,13418,13423
jump_dD2,3121,13423,13428
jump_dD2,3122,13428,13433
jump_dD2,3123,13433,13438
jump_dD2,3124,13438,13442
jump_dD2,3125,13442,13447
jump_dD2,3126,13447,13452
jump_dD2,3127,13452,13457
jump_dD2,3128,13457,13462
jump_dD2,3129,13462,13466
jump_dD2,3130,13466,13471
jump_dD2,3131,13471,13476
jump_dD2,3132,13476,13481
jump_dD2,3133,13481,13486
jump_dD2,3134,13486,13490
jump_dD2,3135,13490,13495
jump_dD2,3136,13495,13500
jump_dD2,3137,13500,13505
jump_dD2,3138,13505,13510
jump_dD2,3139,13510,13514
jump_dD2,3140,13514,13519
jump_dD2,3141,13519,13524
jump_dD2,3142,13524,13529
jump_dD2,3143,13529,13534
jump_dD2,3144,13534,13538
jump_dD2,3145,13538,13543
jump_dD2,3146,13543,13548
jump_dD2,3147,13548,13553
jump_dD2,3148,13553,13558
jump_dD2,3149,13558,13562
jump_dD2,3150,13562,13567
jump_dD2,3151,13567,13572
jump_dD2,3152,13572,13577
jump_dD2,3153,13577,13581
jump_dD2,3154,13581,13586
jump_dD2,3155,13586,13591
jump_dD2,3156,13591,13596
jump_dD2,3157,13596,13601
jump_dD2,3158,13601,13605
jump_dD2,3159,13605,13610
jump_dD2,3160,13610,13615
jump_dD2,3161,13615,13620
jump_dD2,3162,13620,13625
jump_dD2,3163,13625,13629
jump_dD2,3164,13629,13634
jump_dD2,3165,13634,13639
jump_dD2,3166,13639,13644
jump_dD2,3167,13644,13649
jump_dD2,3168,13649,13653
jump_dD2,3169,13653,13658
jump_dD2,3170,13658,13663
jump_dD2,3171,13663,13668
jump_dD2,3172,13668,13673
jump_dD2,3173,13673,13677
jump_dD2,3174,13677,13682
jump_dD2,3175,13682,13687
jump_dD2,3176,13687,13692
jump_dD2,3177,13692,13697
jump_dD2,3178,13697,13701
jump_dD2,3179,13701,13706
jump_dD2,3180,13706,13711
jump_dD2,3181,13711,13716
jump_dD2,3182,13716,13721
jump_dD2,3183,13721,13725
jump_dD2,3184,13725,13730
jump_dD2,3185,13730,13735
jump_dD2,3186,13735,13740
jump_dD2,3187,13740,13745
jump_dD2,3188,13745,13749
jump_dD2,3189,13749,13754
jump_dD2,3190,13754,13759
jump_dD2,3191,13759,13764
jump_dD2,3192,13764,13769
jump_dD2,3193,13769,13773
jump_dD2,3194,13773,13778
jump_dD2,3195,13778,13783
jump_dD2,3196,13783,13788
jump_dD2,3197,13788,13793
jump_dD2,3198,13793,13797
jump_dD2,3199,13797,13802
jump_dD2,3200,13802,13807
jump_dD2,3201,13807,13812
jump_dD2,3202,13812,13817
jump_dD2,3203,13817,13822
jump_dD2,3204,13822,13826
jump_dD2,3205,13826,13831
jump_dD2,3206,13831,13836
jump_dD2,3207,13836,13841
jump_dD2,3208,13841,13846
jump_dD2,3209,13846,13850
jump_dD2,3210,13850,13855
jump_dD2,3211,13855,13860
jump_dD2,3212,13860,13865
jump_dD2,3213,13865,13870
jump_dD2,3214,13870,13874
jump_dD2,3215,13874,13879
jump_dD2,3216,13879,13884
jump_dD2,3217,13884,13889
jump_dD2,3218,13889,13894
jump_dD2,3219,13894,13898
jump_dD2,3220,13898,13903
jump_dD2,3221,13903,13908
jump_dD2,3222,13908,13913
jump_dD2,3223,13913,13918
jump_dD2,3224,13918,13922
jump_dD2,3225,13922,13927
jump_dD2,3226,13927,13932
jump_dD2,3227,13932,13937
jump_dD2,3228,13937,13942
jump_dD2,3229,13942,13946
jump_dD2,3230,13946,13951
jump_dD2,3231,13951,13956
jump_dD2,3232,13956,13961
jump_dD2,3233,13961,13966
jump_dD2,3234,13966,13971
jump_dD2,3235,13971,13975
jump_dD2,3236,13975,13980
jump_dD2,3237,13980,13985
jump_dD2,3238,13985,13990
jump_dD2,3239,13990,13995
jump_dD2,3240,13995,13999
jump_dD2,3241,13999,14004
jump_dD2,3242,14004,14009
jump_dD2,3243,14009,14014
jump_dD2,3244,14014,14019
jump_dD2,3245,14019,14023
jump_dD2,3246,14023,14028
jump_dD2,3247,14028,14033
jump_dD2,3248,14033,14038
jump_dD2,3249,14038,14043
jump_dD2,3250,14043,14047
jump_dD2,3251,14047,14052
jump_dD2,3252,14052,14057
jump_dD2,3253,14057,14062
jump_dD2,3254,14062,14067
jump_dD2,3255,14067,14072
jump_dD2,3256,14072,14076
jump_dD2,3257,14076,14081
jump_dD2,3258,14081,14086
jump_dD2,3259,14086,14091
jump_dD2,3260,14091,14096
jump_dD2,3261,14096,14100
jump_dD2,3262,14100,14105
jump_dD2,3263,14105,14110
jump_dD2,3264,14110,14115
jump_dD2,3265,14115,14120
jump_dD2,3266,14120,14124
jump_dD2,3267,14124,14129
jump_dD2,3268,14129,14134
jump_dD2,3269,14134,14139
jump_dD2,3270,14139,14144
jump_dD2,3271,14144,14149
jump_dD2,3272,14149,14153
jump_dD2,3273,14153,14158
jump_dD2,3274,14158,14163
jump_dD2,3275,14163,14168
jump_dD2,3276,14168,14173
jump_dD2,3277,14173,14177
jump_dD2,3278,14177,14182
jump_dD2,3279,14182,14187
jump_dD2,3280,14187,14192
jump_dD2,3281,14192,14197
jump_dD2,3282,14197,14202
jump_dD2,3283,14202,14206
jump_dD2,3284,14206,14211
jump_dD2,3285,14211,14216
jump_dD2,3286,14216,14221
jump_dD2,3287,14221,14226
jump_dD2,3288,14226,14230
jump_dD2,3289,14230,14235
jump_dD2,3290,14235,14240
jump_dD2,3291,14240,14245
jump_dD2,3292,14245,14250
jump_dD2,3293,14250,14255
jump_dD2,3294,14255,14259
jump_dD2,3295,14259,14264
jump_dD2,3296,14264,14269
jump_dD2,3297,14269,14274
jump_dD2,3298,14274,14279
jump_dD2,3299,14279,14283
jump_dD2,3300,14283,14288
jump_dD2,3301,14288,14293
jump_dD2,3302,14293,14298
jump_dD2,3303,14298,14303
jump_dD2,3304,14303,14308
jump_dD2,3305,14308,14312
jump_dD2,3306,14312,14317
jump_dD2,3307,14317,14322
jump_dD2,3308,14322,14327
jump_dD2,3309,14327,14332
jump_dD2,3310,14332,14336
jump_dD2,3311,14336,14341
jump_dD2,3312,14341,14346
jump_dD2,3313,14346,14351
jump_dD2,3314,14351,14356
jump_dD2,3315,14356,14361
jump_dD2,3316,14361,14365
jump_dD2,3317,14365,14370
jump_dD2,3318,14370,14375
jump_dD2,3319,14375,14380
jump_dD2,3320,14380,14385
jump_dD2,3321,14385,14389
jump_dD2,3322,14389,14394
jump_dD2,3323,14394,14399
jump_dD2,3324,14399,14404
jump_dD2,3325,14404,14409
jump_dD2,3326,14409,14414
jump_dD2,3327,14414,14418
jump_dD2,3328,14418,14423
jump_dD2,3329,14423,14428
jump_dD2,3330,14428,14433
jump_dD2,3331,14433,14438
jump_dD2,3332,14438,14443
jump_dD2,3333,14443,14447
jump_dD2,3334,14447,14452
jump_dD2,3335,14452,14457
jump_dD2,3336,14457,14462
jump_dD2,3337,14462,14467
jump_dD2,3338,14467,14471
jump_dD2,3339,14471,14476
jump_dD2,3340,14476,14481
jump_dD2,3341,14481,14486
jump_dD2,3342,14486,14491
jump_dD2,3343,14491,14496
jump_dD2,3344,14496,14500
jump_dD2,3345,14500,14505
jump_dD2,3346,14505,14510
jump_dD2,3347,14510,14515
jump_dD2,3348,14515,14520
jump_dD2,3349,14520,14525
jump_dD2,3350,14525,14529
jump_dD2,3351,14529,14534
jump_dD2,3352,14534,14539
jump_dD2,3353,14539,14544
jump_dD2,3354,14544,14549
jump_dD2,3355,14549,14553
jump_dD2,3356,14553,14558
jump_dD2,3357,14558,14563
jump_dD2,3358,14563,14568
jump_dD2,3359,14568,14573
jump_dD2,3360,14573,14578
jump_dD2,3361,14578,14582
jump_dD2,3362,14582,14587
jump_dD2,3363,14587,14592
jump_dD2,3364,14592,14597
jump_dD2,3365,14597,14602
jump_dD2,3366,14602,14607
jump_dD2,3367,14607,14611
jump_dD2,3368,14611,14616
jump_dD2,3369,14616,14621
jump_dD2,3370,14621,14626
jump_dD2,3371,14626,14631
jump_dD2,3372,14631,14636
jump_dD2,3373,14636,14640
jump_dD2,3374,14640,14645
jump_dD2,3375,14645,14650
jump_dD2,3376,14650,14655
jump_dD2,3377,14655,14660
jump_dD2,3378,14660,14665
jump_dD2,3379,14665,14669
jump_dD2,3380,14669,14674
jump_dD2,3381,14674,14679
jump_dD2,3382,14679,14684
jump_dD2,3383,14684,14689
jump_dD2,3384,14689,14694
jump_dD2,3385,14694,14698
jump_dD2,3386,14698,14703
jump_dD2,3387,14703,14708
jump_dD2,3388,14708,14713
jump_dD2,3389,14713,14718
jump_dD2,3390,14718,14722
jump_dD2,3391,14722,14727
jump_dD2,3392,14727,14732
jump_dD2,3393,14732,14737
jump_dD2,3394,14737,14742
jump_dD2,3395,14742,14747
jump_dD2,3396,14747,14751
jump_dD2,3397,14751,14756
jump_dD2,3398,14756,14761
jump_dD2,3399,14761,14766
jump_dD2,3400,14766,14771
jump_dD2,3401,14771,14776
jump_dD2,3402,14776,14780
jump_dD2,3403,14780,14785
jump_dD2,3404,14785,14790
jump_dD2,3405,14790,14795
jump_dD2,3406,14795,14800
jump_dD2,3407,14800,14805
jump_dD2,3408,14805,14809
jump_dD2,3409,14809,14814
jump_dD2,3410,14814,14819
jump_dD2,3411,14819,14824
jump_dD2,3412,14824,14829
jump_dD2,3413,14829,14834
jump_dD2,3414,14834,14838
jump_dD2,3415,14838,14843
jump_dD2,3416,14843,14848
jump_dD2,3417,14848,14853
jump_dD2,3418,14853,14858
jump_dD2,3419,14858,14863
jump_dD2,3420,14863,14867
jump_dD2,3421,14867,14872
jump_dD2,3422,14872,14877
jump_dD2,3423,14877,14882
jump_dD2,3424,14882,14887
jump_dD2,3425,14887,14892
jump_dD2,3426,14892,14897
jump_dD2,3427,14897,14901
jump_dD2,3428,14901,14906
jump_dD2,3429,14906,14911
jump_dD2,3430,14911,14916
jump_dD2,3431,14916,14921
jump_dD2,3432,14921,14926
jump_dD2,3433,14926,14930
jump_dD2,3434,14930,14935
jump_dD2,3435,14935,14940
jump_dD2,3436,14940,14945
jump_dD2,3437,14945,14950
jump_dD2,3438,14950,14955
jump_dD2,3439,14955,14959
jump_dD2,3440,14959,14964
jump_dD2,3441,14964,14969
jump_dD2,3442,14969,14974
jump_dD2,3443,14974,14979
jump_dD2,3444,14979,14984
jump_dD2,3445,14984,14988
jump_dD2,3446,14988,14993
jump_dD2,3447,14993,14998
jump_dD2,3448,14998,15003
jump_dD2,3449,15003,15008
jump_dD2,3450,15008,15013
jump_dD2,3451,15013,15017
jump_dD2,3452,15017,15022
jump_dD2,3453,15022,15027
jump_dD2,3454,15027,15032
jump_dD2,3455,15032,15037
jump_dD2,3456,15037,15042
jump_dD2,3457,15042,15046
jump_dD2,3458,15046,15051
jump_dD2,3459,15051,15056
jump_dD2,3460,15056,15061
jump_dD2,3461,15061,15066
jump_dD2,3462,15066,15071
jump_dD2,3463,15071,15076
jump_dD2,3464,15076,15080
jump_dD2,3465,15080,15085
jump_dD2,3466,15085,15090
jump_dD2,3467,15090,15095
jump_dD2,3468,15095,15100
jump_dD2,3469,15100,15105
jump_dD2,3470,15105,15109
jump_dD2,3471,15109,15114
jump_dD2,3472,15114,15119
jump_dD2,3473,15119,15124
jump_dD2,3474,15124,15129
jump_dD2,3475,15129,15134
jump_dD2,3476,15134,15138
jump_dD2,3477,15138,15143
jump_dD2,3478,15143,15148
jump_dD2,3479,15148,15153
jump_dD2,3480,15153,15158
jump_dD2,3481,15158,15163
jump_dD2,3482,15163,15168
jump_dD2,3483,15168,15172
jump_dD2,3484,15172,15177
jump_dD2,3485,15177,15182
jump_dD2,3486,15182,15187
jump_dD2,3487,15187,15192
jump_dD2,3488,15192,15197
jump_dD2,3489,15197,15201
jump_dD2,3490,15201,15206
jump_dD2,3491,15206,15211
jump_dD2,3492,15211,15216
jump_dD2,3493,15216,15221
jump_dD2,3494,15221,15226
jump_dD2,3495,15226,15231
jump_dD2,3496,15231,15235
jump_dD2,3497,15235,15240
jump_dD2,3498,15240,15245
jump_dD2,3499,15245,15250
jump_dD2,3500,15250,15255
jump_dD2,3501,15255,15260
jump_dD2,3502,15260,15264
jump_dD2,3503,15264,15269
jump_dD2,3504,15269,15274
jump_dD2,3505,15274,15279
jump_dD2,3506,15279,15284
jump_dD2,3507,15284,15289
jump_dD2,3508,15289,15294
jump_dD2,3509,15294,15298
jump_dD2,3510,15298,15303
jump_dD2,3511,15303,15308
jump_dD2,3512,15308,15313
jump_dD2,3513,15313,15318
jump_dD2,3514,15318,15323
jump_dD2,3515,15323,15327
jump_dD2,3516,15327,15332
jump_dD2,3517,15332,15337
jump_dD2,3518,15337,15342
jump_dD2,3519,15342,15347
jump_dD2,3520,15347,15352
jump_dD2,3521,15352,15357
jump_dD2,3522,15357,15361
jump_dD2,3523,15361,15366
jump_dD2,3524,15366,15371
jump_dD2,3525,15371,15376
jump_dD2,3526,15376,15381
jump_dD2,3527,15381,15386
jump_dD2,3528,15386,15391
jump_dD2,3529,15391,15395
jump_dD2,3530,15395,15400
jump_dD2,3531,15400,15405
jump_dD2,3532,15405,15410
jump_dD2,3533,15410,15415
jump_dD2,3534,15415,15420
jump_dD2,3535,15420,15424
jump_dD2,3536,15424,15429
jump_dD2,3537,15429,15434
jump_dD2,3538,15434,15439
jump_dD2,3539,15439,15444
jump_dD2,3540,15444,15449
jump_dD2,3541,15449,15454
jump_dD2,3542,15454,15458
jump_dD2,3543,15458,15463
jump_dD2,3544,15463,15468
jump_dD2,3545,15468,15473
jump_dD2,3546,15473,15478
jump_dD2,3547,15478,15483
jump_dD2,3548,15483,15488
jump_dD2,3549,15488,15492
jump_dD2,3550,15492,15497
jump_dD2,3551,15497,15502
jump_dD2,3552,15502,15507
jump_dD2,3553,15507,15512
jump_dD2,3554,15512,15517
jump_dD2,3555,15517,15522
jump_dD2,3556,15522,15526
jump_dD2,3557,15526,15531
jump_dD2,3558,15531,15536
jump_dD2,3559,15536,15541
jump_dD2,3560,15541,15546
jump_dD2,3561,15546,15551
jump_dD2,3562,15551,15556
jump_dD2,3563,15556,15560
jump_dD2,3564,15560,15565
jump_dD2,3565,15565,15570
jump_dD2,3566,15570,15575
jump_dD2,3567,15575,15580
jump_dD2,3568,15580,15585
jump_dD2,3569,15585,15590
jump_dD2,3570,15590,15594
jump_dD2,3571,15594,15599
jump_dD2,3572,15599,15604
jump_dD2,3573,15604,15609
jump_dD2,3574,15609,15614
jump_dD2,3575,15614,15619
jump_dD2,3576,15619,15624
jump_dD2,3577,15624,15628
jump_dD2,3578,15628,15633
jump_dD2,3579,15633,15638
jump_dD2,3580,15638,15643
jump_dD2,3581,15643,15648
jump_dD2,3582,15648,15653
jump_dD2,3583,15653,15658
jump_dD2,3584,15658,15662
jump_dD2,3585,15662,15667
jump_dD2,3586,15667,15672
jump_dD2,3587,15672,15677
jump_dD2,3588,15677,15682
jump_dD2,3589,15682,15687
jump_dD2,3590,15687,15692
jump_dD2,3591,15692,15696
jump_dD2,3592,15696,15701
jump_dD2,3593,15701,15706
jump_dD2,3594,15706,15711
jump_dD2,3595,15711,15716
jump_dD2,3596,15716,15721
jump_dD2,3597,15721,15726
jump_dD2,3598,15726,15730
jump_dD2,3599,15730,15735
jump_dD2,3600,15735,15740
jump_dD2,3601,15740,15745
jump_dD2,3602,15745,15750
jump_dD2,3603,15750,15755
jump_dD2,3604,15755,15760
jump_dD2,3605,15760,15764
jump_dD2,3606,15764,15769
jump_dD2,3607,15769,15774
jump_dD2,3608,15774,15779
jump_dD2,3609,15779,15784
jump_dD2,3610,15784,15789
jump_dD2,3611,15789,15794
jump_dD2,3612,15794,15798
jump_dD2,3613,15798,15803
jump_dD2,3614,15803,15808
jump_dD2,3615,15808,15813
jump_dD2,3616,15813,15818
jump_dD2,3617,15818,15823
jump_dD2,3618,15823,15828
jump_dD2,3619,15828,15832
jump_dD2,3620,15832,15837
jump_dD2,3621,15837,15842
jump_dD2,3622,15842,15847
jump_dD2,3623,15847,15852
jump_dD2,3624,15852,15857
jump_dD2,3625,15857,15862
jump_dD2,3626,15862,15867
jump_dD2,3627,15867,15871
jump_dD2,3628,15871,15876
jump_dD2,3629,15876,15881
jump_dD2,3630,15881,15886
jump_dD2,3631,15886,15891
jump_dD2,3632,15891,15896
jump_dD2,3633,15896,15901
jump_dD2,3634,15901,15905
jump_dD2,3635,15905,15910
jump_dD2,3636,15910,15915
jump_dD2,3637,15915,15920
jump_dD2,3638,15920,15925
jump_dD2,3639,15925,15930
jump_dD2,3640,15930,15935
jump_dD2,3641,15935,15940
jump_dD2,3642,15940,15944
jump_dD2,3643,15944,15949
jump_dD2,3644,15949,15954
jump_dD2,3645,15954,15959
jump_dD2,3646,15959,15964
jump_dD2,3647,15964,15969
jump_dD2,3648,15969,15974
jump_dD2,3649,15974,15978
jump_dD2,3650,15978,15983
jump_dD2,3651,15983,15988
jump_dD2,3652,15988,15993
jump_dD2,3653,15993,15998
jump_dD2,3654,15998,16003
jump_dD2,3655,16003,16008
jump_dD2,3656,16008,16013
jump_dD2,3657,16013,16017
jump_dD2,3658,16017,16022
jump_dD2,3659,16022,16027
jump_dD2,3660,16027,16032
jump_dD2,3661,16032,16037
jump_dD2,3662,16037,16042
jump_dD2,3663,16042,16047
jump_dD2,3664,16047,16051
jump_dD2,3665,16051,16056
jump_dD2,3666,16056,16061
jump_dD2,3667,16061,16066
jump_dD2,3668,16066,16071
jump_dD2,3669,16071,16076
jump_dD2,3670,16076,16081
jump_dD2,3671,16081,16086
jump_dD2,3672,16086,16090
jump_dD2,3673,16090,16095
jump_dD2,3674,16095,16100
jump_dD2,3675,16100,16105
jump_dD2,3676,16105,16110
jump_dD2,3677,16110,16115
jump_dD2,3678,16115,16120
jump_dD2,3679,16120,16125
jump_dD2,3680,16125,16129
jump_dD2,3681,16129,16134
jump_dD2,3682,16134,16139
jump_dD2,3683,16139,16144
jump_dD2,3684,16144,16149
jump_dD2,3685,16149,16154
jump_dD2,3686,16154,16159
jump_dD2,3687,16159,16163
jump_dD2,3688,16163,16168
jump_dD2,3689,16168,16173
jump_dD2,3690,16173,16178
jump_dD2,3691,16178,16183
jump_dD2,3692,16183,16188
jump_dD2,3693,16188,16193
jump_dD2,3694,16193,16198
jump_dD2,3695,16198,16202
jump_dD2,3696,16202,16207
jump_dD2,3697,16207,16212
jump_dD2,3698,16212,16217
jump_dD2,3699,16217,16222
jump_dD2,3700,16222,16227
jump_dD2,3701,16227,16232
jump_dD2,3702,16232,16237
jump_dD2,3703,16237,16241
jump_dD2,3704,16241,16246
jump_dD2,3705,16246,16251
jump_dD2,3706,16251,16256
jump_dD2,3707,16256,16261
jump_dD2,3708,16261,16266
jump_dD2,3709,16266,16271
jump_dD2,3710,16271,16276
jump_dD2,3711,16276,16280
jump_dD2,3712,16280,16285
jump_dD2,3713,16285,16290
jump_dD2,3714,16290,16295
jump_dD2,3715,16295,16300
jump_dD2,3716,16300,16305
jump_dD2,3717,16305,16310
jump_dD2,3718,16310,16315
jump_dD2,3719,16315,16319
jump_dD2,3720,16319,16324
jump_dD2,3721,16324,16329
jump_dD2,3722,16329,16334
jump_dD2,3723,16334,16339
jump_dD2,3724,16339,16344
jump_dD2,3725,16344,16349
jump_dD2,3726,16349,16354
jump_dD2,3727,16354,16358
jump_dD2,3728,16358,16363
jump_dD2,3729,16363,16368
jump_dD2,3730,16368,16373
jump_dD2,3731,16373,16378
jump_dD2,3732,16378,16383
jump_dD2,3733,16383,16388
jump_dD2,3734,16388,16393
jump_dD2,3735,16393,16398
jump_dD2,3736,16398,16402
jump_dD2,3737,16402,16407
jump_dD2,3738,16407,16412
jump_dD2,3739,16412,16417
jump_dD2,3740,16417,16422
jump_dD2,3741,16422,16427
jump_dD2,3742,16427,16432
jump_dD2,3743,16432,16437
jump_dD2,3744,16437,16441
jump_dD2,3745,16441,16446
jump_dD2,3746,16446,16451
jump_dD2,3747,16451,16456
jump_dD2,3748,16456,16461
jump_dD2,3749,16461,16466
jump_dD2,3750,16466,16471
jump_dD2,3751,16471,16476
jump_dD2,3752,16476,16480
jump_dD2,3753,16480,16485
jump_dD2,3754,16485,16490
jump_dD2,3755,16490,16495
jump_dD2,3756,16495,16500
jump_dD2,3757,16500,16505
jump_dD2,3758,16505,16510
jump_dD2,3759,16510,16515
jump_dD2,3760,16515,16519
jump_dD2,3761,16519,16524
jump_dD2,3762,16524,16529
jump_dD2,3763,16529,16534
jump_dD2,3764,16534,16539
jump_dD2,3765,16539,16544
jump_dD2,3766,16544,16549
jump_dD2,3767,16549,16554
jump_dD2,3768,16554,16559
jump_dD2,3769,16559,16563
jump_dD2,3770,16563,16568
jump_dD2,3771,16568,16573
jump_dD2,3772,16573,16578
jump_dD2,3773,16578,16583
jump_dD2,3774,16583,16588
jump_dD2,3775,16588,16593
jump_dD2,3776,16593,16598
jump_dD2,3777,16598,16602
jump_dD2,3778,16602,16607
jump_dD2,3779,16607,16612
jump_dD2,3780,16612,16617
jump_dD2,3781,16617,16622
jump_dD2,3782,16622,16627
jump_dD2,3783,16627,16632
jump_dD2,3784,16632,16637
jump_dD2,3785,16637,16642
jump_dD2,3786,16642,16646
jump_dD2,3787,16646,16651
jump_dD2,3788,16651,16656
jump_dD2,3789,16656,16661
jump_dD2,3790,16661,16666
jump_dD2,3791,16666,16671
jump_dD2,3792,16671,16676
jump_dD2,3793,16676,16681
jump_dD2,3794,16681,16686
jump_dD2,3795,16686,16690
jump_dD2,3796,16690,16695
jump_dD2,3797,16695,16700
jump_dD2,3798,16700,16705
jump_dD2,3799,16705,16710
jump_dD2,3800,16710,16715
jump_dD2,3801,16715,16720
jump_dD2,3802,16720,16725
jump_dD2,3803,16725,16730
jump_dD2,3804,16730,16734
jump_dD2,3805,16734,16739
jump_dD2,3806,16739,16744
jump_dD2,3807,16744,16749
jump_dD2,3808,16749,16754
jump_dD2,3809,16754,16759
jump_dD2,3810,16759,16764
jump_dD2,3811,16764,16769
jump_dD2,3812,16769,16774
jump_dD2,3813,16774,16778
jump_dD2,3814,16778,16783
jump_dD2,3815,16783,16788
jump_dD2,3816,16788,16793
jump_dD2,3817,16793,16798
jump_dD2,3818,16798,16803
jump_dD2,3819,16803,16808
jump_dD2,3820,16808,16813
jump_dD2,3821,16813,16817
jump_dD2,3822,16817,16822
jump_dD2,3823,16822,16827
jump_dD2,3824,16827,16832
jump_dD2,3825,16832,16837
jump_dD2,3826,16837,16842
jump_dD2,3827,16842,16847
jump_dD2,3828,16847,16852
jump_dD2,3829,16852,16857
jump_dD2,3830,16857,16861
jump_dD2,3831,16861,16866
jump_dD2,3832,16866,16871
jump_dD2,3833,16871,16876
jump_dD2,3834,16876,16881
jump_dD2,3835,16881,16886
jump_dD2,3836,16886,16891
jump_dD2,3837,16891,16896
jump_dD2,3838,16896,16901
jump_dD2,3839,16901,16906
jump_dD2,3840,16906,16910
jump_dD2,3841,16910,16915
jump_dD2,3842,16915,16920
jump_dD2,3843,16920,16925
jump_dD2,3844,16925,16930
jump_dD2,3845,16930,16935
jump_dD2,3846,16935,16940
jump_dD2,3847,16940,16945
jump_dD2,3848,16945,16950
jump_dD2,3849,16950,16954
jump_dD2,3850,16954,16959
jump_dD2,3851,16959,16964
jump_dD2,3852,16964,16969
jump_dD2,3853,16969,16974
jump_dD2,3854,16974,16979
jump_dD2,3855,16979,16984
jump_dD2,3856,16984,16989
jump_dD2,3857,16989,16994
jump_dD2,3858,16994,16998
jump_dD2,3859,16998,17003
jump_dD2,3860,17003,17008
jump_dD2,3861,17008,17013
jump_dD2,3862,17013,17018
jump_dD2,3863,17018,17023
jump_dD2,3864,17023,17028
jump_dD2,3865,17028,17033
jump_dD2,3866,17033,17038
jump_dD2,3867,17038,17043
jump_dD2,3868,17043,17047
jump_dD2,3869,17047,17052
jump_dD2,3870,17052,17057
jump_dD2,3871,17057,17062
jump_dD2,3872,17062,17067
jump_dD2,3873,17067,17072
jump_dD2,3874,17072,17077
jump_dD2,3875,17077,17082
jump_dD2,3876,17082,17087
jump_dD2,3877,17087,17091
jump_dD2,3878,17091,17096
jump_dD2,3879,17096,17101
jump_dD2,3880,17101,17106
jump_dD2,3881,17106,17111
jump_dD2,3882,17111,17116
jump_dD2,3883,17116,17121
jump_dD2,3884,17121,17126
jump_dD2,3885,17126,17131
jump_dD2,3886,17131,17136
jump_dD2,3887,17136,17140
jump_dD2,3888,17140,17145
jump_dD2,3889,17145,17150
jump_dD2,3890,17150,17155
jump_dD2,3891,17155,17160
jump_dD2,3892,17160,17165
jump_dD2,3893,17165,17170
jump_dD2,3894,17170,17175
jump_dD2,3895,17175,17180
jump_dD2,3896,17180,17185
jump_dD2,3897,17185,17189
jump_dD2,3898,17189,17194
jump_dD2,3899,17194,17199
jump_dD2,3900,17199,17204
jump_dD2,3901,17204,17209
jump_dD2,3902,17209,17214
jump_dD2,3903,17214,17219
jump_dD2,3904,17219,17224
jump_dD2,3905,17224,17229
jump_dD2,3906,17229,17234
jump_dD2,3907,17234,17238
jump_dD2,3908,17238,17243
jump_dD2,3909,17243,17248
jump_dD2,3910,17248,17253
jump_dD2,3911,17253,17258
jump_dD2,3912,17258,17263
jump_dD2,3913,17263,17268
jump_dD2,3914,17268,17273
jump_dD2,3915,17273,17278
jump_dD2,3916,17278,17283
jump_dD2,3917,17283,17287
jump_dD2,3918,17287,17292
jump_dD2,3919,17292,17297
jump_dD2,3920,17297,17302
jump_dD2,3921,17302,17307
jump_dD2,3922,17307,17312
jump_dD2,3923,17312,17317
jump_dD2,3924,17317,17322
jump_dD2,3925,17322,17327
jump_dD2,3926,17327,17332
jump_dD2,3927,17332,17336
jump_dD2,3928,17336,17341
jump_dD2,3929,17341,17346
jump_dD2,3930,17346,17351
jump_dD2,3931,17351,17356
jump_dD2,3932,17356,17361
jump_dD2,3933,17361,17366
jump_dD2,3934,17366,17371
jump_dD2,3935,17371,17376
jump_dD2,3936,17376,17381
jump_dD2,3937,17381,17385
jump_dD2,3938,17385,17390
jump_dD2,3939,17390,17395
jump_dD2,3940,17395,17400
jump_dD2,3941,17400,17405
jump_dD2,3942,17405,17410
jump_dD2,3943,17410,17415
jump_dD2,3944,17415,17420
jump_dD2,3945,17420,17425
jump_dD2,3946,17425,17430
jump_dD2,3947,17430,17435
jump_dD2,3948,17435,17439
jump_dD2,3949,17439,17444
jump_dD2,3950,17444,17449
jump_dD2,3951,17449,17454
jump_dD2,3952,17454,17459
jump_dD2,3953,17459,17464
jump_dD2,3954,17464,17469
jump_dD2,3955,17469,17474
jump_dD2,3956,17474,17479
jump_dD2,3957,17479,17484
jump_dD2,3958,17484,17488
jump_dD2,3959,17488,17493
jump_dD2,3960,17493,17498
jump_dD2,3961,17498,17503
jump_dD2,3962,17503,17508
jump_dD2,3963,17508,17513
jump_dD2,3964,17513,17518
jump_dD2,3965,17518,17523
jump_dD2,3966,17523,17528
jump_dD2,3967,17528,17533
jump_dD2,3968,17533,17538
jump_dD2,3969,17538,17542
jump_dD2,3970,17542,17547
jump_dD2,3971,17547,17552
jump_dD2,3972,17552,17557
jump_dD2,3973,17557,17562
jump_dD2,3974,17562,17567
jump_dD2,3975,17567,17572
jump_dD2,3976,17572,17577
jump_dD2,3977,17577,17582
jump_dD2,3978,17582,17587
jump_dD2,3979,17587,17592
jump_dD2,3980,17592,17596
jump_dD2,3981,17596,17601
jump_dD2,3982,17601,17606
jump_dD2,3983,17606,17611
jump_dD2,3984,17611,17616
jump_dD2,3985,17616,17621
jump_dD2,3986,17621,17626
jump_dD2,3987,17626,17631
jump_dD2,3988,17631,17636
jump_dD2,3989,17636,17641
jump_dD2,3990,17641,17646
jump_dD2,3991,17646,17650
jump_dD2,3992,17650,17655
jump_dD2,3993,17655,17660
jump_dD2,3994,17660,17665
jump_dD2,3995,17665,17670
jump_dD2,3996,17670,17675
jump_dD2,3997,17675,17680
jump_dD2,3998,17680,17685
jump_dD2,3999,17685,17690
jump_dD2,4000,17690,17695
jump_dD2,4001,17695,17700
jump_dD2,4002,17700,17704
jump_dD2,4003,17704,17709
jump_dD2,4004,17709,17714
jump_dD2,4005,17714,17719
jump_dD2,4006,17719,17724
jump_dD2,4007,17724,17729
jump_dD2,4008,17729,17734
jump_dD2,4009,17734,17739
jump_dD2,4010,17739,17744
jump_dD2,4011,17744,17749
jump_dD2,4012,17749,17754
jump_dD2,4013,17754,17758
jump_dD2,4014,17758,17763
jump_dD2,4015,17763,17768
jump_dD2,4016,17768,17773
jump_dD2,4017,17773,17778
jump_dD2,4018,17778,17783
jump_dD2,4019,17783,17788
jump_dD2,4020,17788,17793
jump_dD2,4021,17793,17798
jump_dD2,4022,17798,17803
jump_dD2,4023,17803,17808
jump_dD2,4024,17808,17813
jump_dD2,4025,17813,17817
jump_dD2,4026,17817,17822
jump_dD2,4027,17822,17827
jump_dD2,4028,17827,17832
jump_dD2,4029,17832,17837
jump_dD2,4030,17837,17842
jump_dD2,4031,17842,17847
jump_dD2,4032,17847,17852
jump_dD2,4033,17852,17857
jump_dD2,4034,17857,17862
jump_dD2,4035,17862,17867
jump_dD2,4036,17867,17871
jump_dD2,4037,17871,17876
jump_dD2,4038,17876,17881
jump_dD2,4039,17881,17886
jump_dD2,4040,17886,17891
jump_dD2,4041,17891,17896
jump_dD2,4042,17896,17901
jump_dD2,4043,17901,17906
jump_dD2,4044,17906,17911
jump_dD2,4045,17911,17916
jump_dD2,4046,17916,17921
jump_dD2,4047,17921,17926
jump_dD2,4048,17926,17930
jump_dD2,4049,17930,17935
jump_dD2,4050,17935,17940
jump_dD2,4051,17940,17945
jump_dD2,4052,17945,17950
jump_dD2,4053,17950,17955
jump_dD2,4054,17955,17960
jump_dD2,4055,17960,17965
jump_dD2,4056,17965,17970
jump_dD2,4057,17970,17975
jump_dD2,4058,17975,17980
jump_dD2,4059,17980,17985
jump_dD2,4060,17985,17989
jump_dD2,4061,17989,17994
jump_dD2,4062,17994,17999
jump_dD2,4063,17999,18004
jump_dD2,4064,18004,18009
jump_dD2,4065,18009,18014
jump_dD2,4066,18014,18019
jump_dD2,4067,18019,18024
jump_dD2,4068,18024,18029
jump_dD2,4069,18029,18034
jump_dD2,4070,18034,18039
jump_dD2,4071,18039,18044
jump_dD2,4072,18044,18049
jump_dD2,4073,18049,18053
jump_dD2,4074,18053,18058
jump_dD2,4075,18058,18063
jump_dD2,4076,18063,18068
jump_dD2,4077,18068,18073
jump_dD2,4078,18073,18078
jump_dD2,4079,18078,18083
jump_dD2,4080,18083,18088
jump_dD2,4081,18088,18093
jump_dD2,4082,18093,18098
jump_dD2,4083,18098,18103
jump_dD2,4084,18103,18108
jump_dD2,4085,18108,18112
jump_dD2,4086,18112,18117
jump_dD2,4087,18117,18122
jump_dD2,4088,18122,18127
jump_dD2,4089,18127,18132
jump_dD2,4090,18132,18137
jump_dD2,4091,18137,18142
jump_dD2,4092,18142,18147
jump_dD2,4093,18147,18152
jump_dD2,4094,18152,18157
jump_dD2,4095,18157,18162
jump_dD2,4096,18162,18167
jump_dD2,4097,18167,18172
jump_dD2,4098,18172,18176
jump_dD2,4099,18176,18181
jump_dD2,4100,18181,18186
jump_dD2,4101,18186,18191
jump_dD2,4102,18191,18196
jump_dD2,4103,18196,18201
jump_dD2,4104,18201,18206
jump_dD2,4105,18206,18211
jump_dD2,4106,18211,18216
jump_dD2,4107,18216,18221
jump_dD2,4108,18221,18226
jump_dD2,4109,18226,18231
jump_dD2,4110,18231,18236
jump_dD2,4111,18236,18240
jump_dD2,4112,18240,18245
jump_dD2,4113,18245,18250
jump_dD2,4114,18250,18255
jump_dD2,4115,18255,18260
jump_dD2,4116,18260,18265
jump_dD2,4117,18265,18270
jump_dD2,4118,18270,18275
jump_dD2,4119,18275,18280
jump_dD2,4120,18280,18285
jump_dD2,4121,18285,18290
jump_dD2,4122,18290,18295
jump_dD2,4123,18295,18300
jump_dD2,4124,18300,18305
jump_dD2,4125,18305,18309
jump_dD2,4126,18309,18314
jump_dD2,4127,18314,18319
jump_dD2,4128,18319,18324
jump_dD2,4129,18324,18329
jump_dD2,4130,18329,18334
jump_dD2,4131,18334,18339
jump_dD2,4132,18339,18344
jump_dD2,4133,18344,18349
jump_dD2,4134,18349,18354
jump_dD2,4135,18354,18359
jump_dD2,4136,18359,18364
jump_dD2,4137,18364,18369
jump_dD2,4138,18369,18373
jump_dD2,4139,18373,18378
jump_dD2,4140,18378,18383
jump_dD2,4141,18383,18388
jump_dD2,4142,18388,18393
jump_dD2,4143,18393,18398
jump_dD2,4144,18398,18403
jump_dD2,4145,18403,18408
jump_dD2,4146,18408,18413
jump_dD2,4147,18413,18418
jump_dD2,4148,18418,18423
jump_dD2,4149,18423,18428
jump_dD2,4150,18428,18433
jump_dD2,4151,18433,18438
jump_dD2,4152,18438,18442
jump_dD2,4153,18442,18447
jump_dD2,4154,18447,18452
jump_dD2,4155,18452,18457
jump_dD2,4156,18457,18462
jump_dD2,4157,18462,18467
jump_dD2,4158,18467,18472
jump_dD2,4159,18472,18477
jump_dD2,4160,18477,18482
jump_dD2,4161,18482,18487
jump_dD2,4162,18487,18492
jump_dD2,4163,18492,18497
jump_dD2,4164,18497,18502
jump_dD2,4165,18502,18507
jump_dD2,4166,18507,18511
jump_dD2,4167,18511,18516
jump_dD2,4168,18516,18521
jump_dD2,4169,18521,18526
jump_dD2,4170,18526,18531
jump_dD2,4171,18531,18536
jump_dD2,4172,18536,18541
jump_dD2,4173,18541,18546
jump_dD2,4174,18546,18551
jump_dD2,4175,18551,18556
jump_dD2,4176,18556,18561
jump_dD2,4177,18561,18566
jump_dD2,4178,18566,18571
jump_dD2,4179,18571,18576
jump_dD2,4180,18576,18581
jump_dD2,4181,18581,18585
jump_dD2,4182,18585,18590
jump_dD2,4183,18590,18595
jump_dD2,4184,18595,18600
jump_dD2,4185,18600,18605
jump_dD2,4186,18605,18610
jump_dD2,4187,18610,18615
jump_dD2,4188,18615,18620
jump_dD2,4189,18620,18625
jump_dD2,4190,18625,18630
jump_dD2,4191,18630,18635
jump_dD2,4192,18635,18640
jump_dD2,4193,18640,18645
jump_dD2,4194,18645,18650
jump_dD2,4195,18650,18655
jump_dD2,4196,18655,18659
jump_dD2,4197,18659,18664
jump_dD2,4198,18664,18669
jump_dD2,4199,18669,18674
jump_dD2,4200,18674,18679
jump_dD2,4201,18679,18684
jump_dD2,4202,18684,18689
jump_dD2,4203,18689,18694
jump_dD2,4204,18694,18699
jump_dD2,4205,18699,18704
jump_dD2,4206,18704,18709
jump_dD2,4207,18709,18714
jump_dD2,4208,18714,18719
jump_dD2,4209,18719,18724
jump_dD2,4210,18724,18729
jump_dD2,4211,18729,18733
jump_dD2,4212,18733,18738
jump_dD2,4213,18738,18743
jump_dD2,4214,18743,18748
jump_dD2,4215,18748,18753
jump_dD2,4216,18753,18758
jump_dD2,4217,18758,18763
jump_dD2,4218,18763,18768
jump_dD2,4219,18768,18773
jump_dD2,4220,18773,18778
jump_dD2,4221,18778,18783
jump_dD2,4222,18783,18788
jump_dD2,4223,18788,18793
jump_dD2,4224,18793,18798
jump_dD2,4225,18798,18803
jump_dD2,4226,18803,18808
jump_dD2,4227,18808,18812
jump_dD2,4228,18812,18817
jump_dD2,4229,18817,18822
jump_dD2,4230,18822,18827
jump_dD2,4231,18827,18832
jump_dD2,4232,18832,18837
jump_dD2,4233,18837,18842
jump_dD2,4234,18842,18847
jump_dD2,4235,18847,18852
jump_dD2,4236,18852,18857
jump_dD2,4237,18857,18862
jump_dD2,4238,18862,18867
jump_dD2,4239,18867,18872
jump_dD2,4240,18872,18877
jump_dD2,4241,18877,18882
jump_dD2,4242,18882,18887
jump_dD2,4243,18887,18891
jump_dD2,4244,18891,18896
jump_dD2,4245,18896,18901
jump_dD2,4246,18901,18906
jump_dD2,4247,18906,18911
jump_dD2,4248,18911,18916
jump_dD2,4249,18916,18921
jump_dD2,4250,18921,18926
jump_dD2,4251,18926,18931
jump_dD2,4252,18931,18936
jump_dD2,4253,18936,18941
jump_dD2,4254,18941,18946
jump_dD2,4255,18946,18951
jump_dD2,4256,18951,18956
jump_dD2,4257,18956,18961
jump_dD2,4258,18961,18966
jump_dD2,4259,18966,18971
jump_dD2,4260,18971,18975
jump_dD2,4261,18975,18980
jump_dD2,4262,18980,18985
jump_dD2,4263,18985,18990
jump_dD2,4264,18990,18995
jump_dD2,4265,18995,19000
jump_dD2,4266,19000,19005
jump_dD2,4267,19005,19010
jump_dD2,4268,19010,19015
jump_dD2,4269,19015,19020
jump_dD2,4270,19020,19025
jump_dD2,4271,19025,19030
jump_dD2,4272,19030,19035
jump_dD2,4273,19035,19040
jump_dD2,4274,19040,19045
jump_dD2,4275,19045,19050
jump_dD2,4276,19050,19055
jump_dD2,4277,19055,19060
jump_dD2,4278,19060,19064
jump_dD2,4279,19064,19069
jump_dD2,4280,19069,19074
jump_dD2,4281,19074,19079
jump_dD2,4282,19079,19084
jump_dD2,4283,19084,19089
jump_dD2,4284,19089,19094
jump_dD2,4285,19094,19099
jump_dD2,4286,19099,19104
jump_dD2,4287,19104,19109
jump_dD2,4288,19109,19114
jump_dD2,4289,19114,19119
jump_dD2,4290,19119,19124
jump_dD2,4291,19124,19129
jump_dD2,4292,19129,19134
jump_dD2,4293,19134,19139
jump_dD2,4294,19139,19144
jump_dD2,4295,19144,19149
jump_dD2,4296,19149,19153
jump_dD2,4297,19153,19158
jump_dD2,4298,19158,19163
jump_dD2,4299,19163,19168
jump_dD2,4300,19168,19173
jump_dD2,4301,19173,19178
jump_dD2,4302,19178,19183
jump_dD2,4303,19183,19188
jump_dD2,4304,19188,19193
jump_dD2,4305,19193,19198
jump_dD2,4306,19198,19203
jump_dD2,4307,19203,19208
jump_dD2,4308,19208,19213
jump_dD2,4309,19213,19218
jump_dD2,4310,19218,19223
jump_dD2,4311,19223,19228
jump_dD2,4312,19228,19233
jump_dD2,4313,19233,19238
jump_dD2,4314,19238,19242
jump_dD2,4315,19242,19247
jump_dD2,4316,19247,19252
jump_dD2,4317,19252,19257
jump_dD2,4318,19257,19262
jump_dD2,4319,19262,19267
jump_dD2,4320,19267,19272
jump_dD2,4321,19272,19277
jump_dD2,4322,19277,19282
jump_dD2,4323,19282,19287
jump_dD2,4324,19287,19292
jump_dD2,4325,19292,19297
jump_dD2,4326,19297,19302
jump_dD2,4327,19302,19307
jump_dD2,4328,19307,19312
jump_dD2,4329,19312,19317
jump_dD2,4330,19317,19322
jump_dD2,4331,19322,19327
jump_dD2,4332,19327,19332
jump_dD2,4333,19332,19337
jump_dD2,4334,19337,19341
jump_dD2,4335,19341,19346
jump_dD2,4336,19346,19351
jump_dD2,4337,19351,19356
jump_dD2,4338,19356,19361
jump_dD2,4339,19361,19366
jump_dD2,4340,19366,19371
jump_dD2,4341,19371,19376
jump_dD2,4342,19376,19381
jump_dD2,4343,19381,19386
jump_dD2,4344,19386,19391
jump_dD2,4345,19391,19396
jump_dD2,4346,19396,19401
jump_dD2,4347,19401,19406
jump_dD2,4348,19406,19411
jump_dD2,4349,19411,19416
jump_dD2,4350,19416,19421
jump_dD2,4351,19421,19426
jump_dD2,4352,19426,19431
jump_dD2,4353,19431,19436
jump_dD2,4354,19436,19441
jump_dD2,4355,19441,19445
jump_dD2,4356,19445,19450
jump_dD2,4357,19450,19455
jump_dD2,4358,19455,19460
jump_dD2,4359,19460,19465
jump_dD2,4360,19465,19470
jump_dD2,4361,19470,19475
jump_dD2,4362,19475,19480
jump_dD2,4363,19480,19485
jump_dD2,4364,19485,19490
jump_dD2,4365,19490,19495
jump_dD2,4366,19495,19500
jump_dD2,4367,19500,19505
jump_dD2,4368,19505,19510
jump_dD2,4369,19510,19515
jump_dD2,4370,19515,19520
jump_dD2,4371,19520,19525
jump_dD2,4372,19525,19530
jump_dD2,4373,19530,19535
jump_dD2,4374,19535,19540
jump_dD2,4375,19540,19545
jump_dD2,4376,19545,19549
jump_dD2,4377,19549,19554
jump_dD2,4378,19554,19559
jump_dD2,4379,19559,19564
jump_dD2,4380,19564,19569
jump_dD2,4381,19569,19574
jump_dD2,4382,19574,19579
jump_dD2,4383,19579,19584
jump_dD2,4384,19584,19589
jump_dD2,4385,19589,19594
jump_dD2,4386,19594,19599
jump_dD2,4387,19599,19604
jump_dD2,4388,19604,19609
jump_dD2,4389,19609,19614
jump_dD2,4390,19614,19619
jump_dD2,4391,19619,19624
jump_dD2,4392,19624,19629
jump_dD2,4393,19629,19634
jump_dD2,4394,19634,19639
jump_dD2,4395,19639,19644
jump_dD2,4396,19644,19649
jump_dD2,4397,19649,19654
jump_dD2,4398,19654,19659
jump_dD2,4399,19659,19663
jump_dD2,4400,19663,19668
jump_dD2,4401,19668,19673
jump_dD2,4402,19673,19678
jump_dD2,4403,19678,19683
jump_dD2,4404,19683,19688
jump_dD2,4405,19688,19693
jump_dD2,4406,19693,19698
jump_dD2,4407,19698,19703
jump_dD2,4408,19703,19708
jump_dD2,4409,19708,19713
jump_dD2,4410,19713,19718
jump_dD2,4411,19718,19723
jump_dD2,4412,19723,19728
jump_dD2,4413,19728,19733
jump_dD2,4414,19733,19738
jump_dD2,4415,19738,19743
jump_dD2,4416,19743,19748
jump_dD2,4417,19748,19753
jump_dD2,4418,19753,19758
jump_dD2,4419,19758,19763
jump_dD2,4420,19763,19768
jump_dD2,4421,19768,19773
jump_dD2,4422,19773,19778
jump_dD2,4423,19778,19782
jump_dD2,4424,19782,19787
jump_dD2,4425,19787,19792
jump_dD2,4426,19792,19797
jump_dD2,4427,19797,19802
jump_dD2,4428,19802,19807
jump_dD2,4429,19807,19812
jump_dD2,4430,19812,19817
jump_dD2,4431,19817,19822
jump_dD2,4432,19822,19827
jump_dD2,4433,19827,19832
jump_dD2,4434,19832,19837
jump_dD2,4435,19837,19842
jump_dD2,4436,19842,19847
jump_dD2,4437,19847,19852
jump_dD2,4438,19852,19857
jump_dD2,4439,19857,19862
jump_dD2,4440,19862,19867
jump_dD2,4441,19867,19872
jump_dD2,4442,19872,19877
jump_dD2,4443,19877,19882
jump_dD2,4444,19882,19887
jump_dD2,4445,19887,19892
jump_dD2,4446,19892,19897
jump_dD2,4447,19897,19902
jump_dD2,4448,19902,19906
jump_dD2,4449,19906,19911
jump_dD2,4450,19911,19916
jump_dD2,4451,19916,19921
jump_dD2,4452,19921,19926
jump_dD2,4453,19926,19931
jump_dD2,4454,19931,19936
jump_dD2,4455,19936,19941
jump_dD2,4456,19941,19946
jump_dD2,4457,19946,19951
jump_dD2,4458,19951,19956
jump_dD2,4459,19956,19961
jump_dD2,4460,19961,19966
jump_dD2,4461,19966,19971
jump_dD2,4462,19971,19976
jump_dD2,4463,19976,19981
jump_dD2,4464,19981,19986
jump_dD2,4465,19986,19991
jump_dD2,4466,19991,19996
jump_dD2,4467,19996,20001
jump_dD2,4468,20001,20006
jump_dD2,4469,20006,20011
jump_dD2,4470,20011,20016
jump_dD2,4471,20016,20021
jump_dD2,4472,20021,20026
jump_dD2,4473,20026,20031
jump_dD2,4474,20031,20036
jump_dD2,4475,20036,20041
jump_dD2,4476,20041,20045
jump_dD2,4477,20045,20050
jump_dD2,4478,20050,20055
jump_dD2,4479,20055,20060
jump_dD2,4480,20060,20065
jump_dD2,4481,20065,20070
jump_dD2,4482,20070,20075
jump_dD2,4483,20075,20080
jump_dD2,4484,20080,20085
jump_dD2,4485,20085,20090
jump_dD2,4486,20090,20095
jump_dD2,4487,20095,20100
jump_dD2,4488,20100,20105
jump_dD2,4489,20105,20110
jump_dD2,4490,20110,20115
jump_dD2,4491,20115,20120
jump_dD2,4492,20120,20125
jump_dD2,4493,20125,20130
jump_dD2,4494,20130,20135
jump_dD2,4495,20135,20140
jump_dD2,4496,20140,20145
jump_dD2,4497,20145,20150
jump_dD2,4498,20150,20155
jump_dD2,4499,20155,20160
jump_dD2,4500,20160,20165
jump_dD2,4501,20165,20170
jump_dD2,4502,20170,20175
jump_dD2,4503,20175,20180
jump_dD2,4504,20180,20185
jump_dD2,4505,20185,20190
jump_dD2,4506,20190,20195
jump_dD2,4507,20195,20199
jump_dD2,4508,20199,20204
jump_dD2,4509,20204,20209
jump_dD2,4510,20209,20214
jump_dD2,4511,20214,20219
jump_dD2,4512,20219,20224
jump_dD2,4513,20224,20229
jump_dD2,4514,20229,20234
jump_dD2,4515,20234,20239
jump_dD2,4516,20239,20244
jump_dD2,4517,20244,20249
jump_dD2,4518,20249,20254
jump_dD2,4519,20254,20259
jump_dD2,4520,20259,20264
jump_dD2,4521,20264,20269
jump_dD2,4522,20269,20274
jump_dD2,4523,20274,20279
jump_dD2,4524,20279,20284
jump_dD2,4525,20284,20289
jump_dD2,4526,20289,20294
jump_dD2,4527,20294,20299
jump_dD2,4528,20299,20304
jump_dD2,4529,20304,20309
jump_dD2,4530,20309,20314
jump_dD2,4531,20314,20319
jump_dD2,4532,20319,20324
jump_dD2,4533,20324,20329
jump_dD2,4534,20329,20334
jump_dD2,4535,20334,20339
jump_dD2,4536,20339,20344
jump_dD2,4537,20344,20349
jump_dD2,4538,20349,20354
jump_dD2,4539,20354,20359
jump_dD2,4540,20359,20364
jump_dD2,4541,20364,20368
jump_dD2,4542,20368,20373
jump_dD2,4543,20373,20378
jump_dD2,4544,20378,20383
jump_dD2,4545,20383,20388
jump_dD2,4546,20388,20393
jump_dD2,4547,20393,20398
jump_dD2,4548,20398,20403
jump_dD2,4549,20403,20408
jump_dD2,4550,20408,20413
jump_dD2,4551,20413,20418
jump_dD2,4552,20418,20423
jump_dD2,4553,20423,20428
jump_dD2,4554,20428,20433
jump_dD2,4555,20433,20438
jump_dD2,4556,20438,20443
jump_dD2,4557,20443,20448
jump_dD2,4558,20448,20453
jump_dD2,4559,20453,20458
jump_dD2,4560,20458,20463
jump_dD2,4561,20463,20468
jump_dD2,4562,20468,20473
jump_dD2,4563,20473,20478
jump_dD2,4564,20478,20483
jump_dD2,4565,20483,20488
jump_dD2,4566,20488,20493
jump_dD2,4567,20493,20498
jump_dD2,4568,20498,20503
jump_dD2,4569,20503,20508
jump_dD2,4570,20508,20513
jump_dD2,4571,20513,20518
jump_dD2,4572,20518,20523
jump_dD2,4573,20523,20528
jump_dD2,4574,20528,20533
jump_dD2,4575,20533,20538
jump_dD2,4576,20538,20543
jump_dD2,4577,20543,20548
jump_dD2,4578,20548,20553
jump_dD2,4579,20553,20558
jump_dD2,4580,20558,20562
jump_dD2,4581,20562,20567
jump_dD2,4582,20567,20572
jump_dD2,4583,20572,20577
jump_dD2,4584,20577,20582
jump_dD2,4585,20582,20587
jump_dD2,4586,20587,20592
jump_dD2,4587,20592,20597
jump_dD2,4588,20597,20602
jump_dD2,4589,20602,20607
jump_dD2,4590,20607,20612
jump_dD2,4591,20612,20617
jump_dD2,4592,20617,20622
jump_dD2,4593,20622,20627
jump_dD2,4594,20627,20632
jump_dD2,4595,20632,20637
jump_dD2,4596,20637,20642
jump_dD2,4597,20642,20647
jump_dD2,4598,20647,20652
jump_dD2,4599,20652,20657
jump_dD2,4600,20657,20662
jump_dD2,4601,20662,20667
jump_dD2,4602,20667,20672
jump_dD2,4603,20672,20677
jump_dD2,4604,20677,20682
jump_dD2,4605,20682,20687
jump_dD2,4606,20687,20692
jump_dD2,4607,20692,20697
jump_dD2,4608,20697,20702
jump_dD2,4609,20702,20707
jump_dD2,4610,20707,20712
jump_dD2,4611,20712,20717
jump_dD2,4612,20717,20722
jump_dD2,4613,20722,20727
jump_dD2,4614,20727,20732
jump_dD2,4615,20732,20737
jump_dD2,4616,20737,20742
jump_dD2,4617,20742,20747
jump_dD2,4618,20747,20752
jump_dD2,4619,20752,20757
jump_dD2,4620,20757,20762
jump_dD2,4621,20762,20767
jump_dD2,4622,20767,20772
jump_dD2,4623,20772,20777
jump_dD2,4624,20777,20782
jump_dD2,4625,20782,20787
jump_dD2,4626,20787,20792
jump_dD2,4627,20792,20797
jump_dD2,4628,20797,20801
jump_dD2,4629,20801,20806
jump_dD2,4630,20806,20811
jump_dD2,4631,20811,20816
jump_dD2,4632,20816,20821
jump_dD2,4633,20821,20826
jump_dD2,4634,20826,20831
jump_dD2,4635,20831,20836
jump_dD2,4636,20836,20841
jump_dD2,4637,20841,20846
jump_dD2,4638,20846,20851
jump_dD2,4639,20851,20856
jump_dD2,4640,20856,20861
jump_dD2,4641,20861,20866
jump_dD2,4642,20866,20871
jump_dD2,4643,20871,20876
jump_dD2,4644,20876,20881
jump_dD2,4645,20881,20886
jump_dD2,4646,20886,20891
jump_dD2,4647,20891,20896
jump_dD2,4648,20896,20901
jump_dD2,4649,20901,20906
jump_dD2,4650,20906,20911
jump_dD2,4651,20911,20916
jump_dD2,4652,20916,20921
jump_dD2,4653,20921,20926
jump_dD2,4654,20926,20931
jump_dD2,4655,20931,20936
jump_dD2,4656,20936,20941
jump_dD2,4657,20941,20946
jump_dD2,4658,20946,20951
jump_dD2,4659,20951,20956
jump_dD2,4660,20956,20961
jump_dD2,4661,20961,20966
jump_dD2,4662,20966,20971
jump_dD2,4663,20971,20976
jump_dD2,4664,20976,20981
jump_dD2,4665,20981,20986
jump_dD2,4666,20986,20991
jump_dD2,4667,20991,20996
jump_dD2,4668,20996,21001
jump_dD2,4669,21001,21006
jump_dD2,4670,21006,21011
jump_dD2,4671,21011,21016
jump_dD2,4672,21016,21021
jump_dD2,4673,21021,21026
jump_dD2,4674,21026,21031
jump_dD2,4675,21031,21036
jump_dD2,4676,21036,21041
jump_dD2,4677,21041,21046
jump_dD2,4678,21046,21051
jump_dD2,4679,21051,21056
jump_dD2,4680,21056,21061
jump_dD2,4681,21061,21066
jump_dD2,4682,21066,21071
jump_dD2,4683,21071,21076
jump_dD2,4684,21076,21081
jump_dD2,4685,21081,21086
jump_dD2,4686,21086,21091
jump_dD2,4687,21091,21096
jump_dD2,4688,21096,21101
jump_dD2,4689,21101,21106
jump_dD2,4690,21106,21111
jump_dD2,4691,21111,21116
jump_dD2,4692,21116,21121
jump_dD2,4693,21121,21126
jump_dD2,4694,21126,21131
jump_dD2,4695,21131,21136
jump_dD2,4696,21136,21140
jump_dD2,4697,21140,21145
jump_dD2,4698,21145,21150
jump_dD2,4699,21150,21155
jump_dD2,4700,21155,21160
jump_dD2,4701,21160,21165
jump_dD2,4702,21165,21170
jump_dD2,4703,21170,21175
jump_dD2,4704,21175,21180
jump_dD2,4705,21180,21185
jump_dD2,4706,21185,21190
jump_dD2,4707,21190,21195
jump_dD2,4708,21195,21200
jump_dD2,4709,21200,21205
jump_dD2,4710,21205,21210
jump_dD2,4711,21210,21215
jump_dD2,4712,21215,21220
jump_dD2,4713,21220,21225
jump_dD2,4714,21225,21230
jump_dD2,4715,21230,21235
jump_dD2,4716,21235,21240
jump_dD2,4717,21240,21245
jump_dD2,4718,21245,21250
jump_dD2,4719,21250,21255
jump_dD2,4720,21255,21260
jump_dD2,4721,21260,21265
jump_dD2,4722,21265,21270
jump_dD2,4723,21270,21275
jump_dD2,4724,21275,21280
jump_dD2,4725,21280,21285
jump_dD2,4726,21285,21290
jump_dD2,4727,21290,21295
jump_dD2,4728,21295,21300
jump_dD2,4729,21300,21305
jump_dD2,4730,21305,21310
jump_dD2,4731,21310,21315
jump_dD2,4732,21315,21320
jump_dD2,4733,21320,21325
jump_dD2,4734,21325,21330
jump_dD2,4735,21330,21335
jump_dD2,4736,21335,21340
jump_dD2,4737,21340,21345
jump_dD2,4738,21345,21350
jump_dD2,4739,21350,21355
jump_dD2,4740,21355,21360
jump_dD2,4741,21360,21365
jump_dD2,4742,21365,21370
jump_dD2,4743,21370,21375
jump_dD2,4744,21375,21380
jump_dD2,4745,21380,21385
jump_dD2,4746,21385,21390
jump_dD2,4747,21390,21395
jump_dD2,4748,21395,21400
jump_dD2,4749,21400,21405
jump_dD2,4750,21405,21410
jump_dD2,4751,21410,21415
jump_dD2,4752,21415,21420
jump_dD2,4753,21420,21425
jump_dD2,4754,21425,21430
jump_dD2,4755,21430,21435
jump_dD2,4756,21435,21440
jump_dD2,4757,21440,21445
jump_dD2,4758,21445,21450
jump_dD2,4759,21450,21455
jump_dD2,4760,21455,21460
jump_dD2,4761,21460,21465
jump_dD2,4762,21465,21470
jump_dD2,4763,21470,21475
jump_dD2,4764,21475,21480
jump_dD2,4765,21480,21485
jump_dD2,4766,21485,21490
jump_dD2,4767,21490,21495
jump_dD2,4768,21495,21500
jump_dD2,4769,21500,21505
jump_dD2,4770,21505,21510
jump_dD2,4771,21510,21515
jump_dD2,4772,21515,21520
jump_dD2,4773,21520,21525
jump_dD2,4774,21525,21530
jump_dD2,4775,21530,21535
jump_dD2,4776,21535,21540
jump_dD2,4777,21540,21545
jump_dD2,4778,21545,21550
jump_dD2,4779,21550,21555
jump_dD2,4780,21555,21560
jump_dD2,4781,21560,21565
jump_dD2,4782,21565,21570
jump_dD2,4783,21570,21575
jump_dD2,4784,21575,21580
jump_dD2,4785,21580,21585
jump_dD2,4786,21585,21590
jump_dD2,4787,21590,21595
jump_dD2,4788,21595,21600
jump_dD2,4789,21600,21605
jump_dD2,4790,21605,21610
jump_dD2,4791,21610,21615
jump_dD2,4792,21615,21620
jump_dD2,4793,21620,21625
jump_dD2,4794,21625,21630
jump_dD2,4795,21630,21635
jump_dD2,4796,21635,21640
jump_dD2,4797,21640,21645
jump_dD2,4798,21645,21650
jump_dD2,4799,21650,21655
jump_dD2,4800,21655,21660
jump_dD2,4801,21660,21665
jump_dD2,4802,21665,21670
jump_dD2,4803,21670,21675
jump_dD2,4804,21675,21680
jump_dD2,4805,21680,21685
jump_dD2,4806,21685,21690
jump_dD2,4807,21690,21695
jump_dD2,4808,21695,21700
jump_dD2,4809,21700,21705
jump_dD2,4810,21705,21710
jump_dD2,4811,21710,21715
jump_dD2,4812,21715,21720
jump_dD2,4813,21720,21725
jump_dD2,4814,21725,21730
jump_dD2,4815,21730,21735
jump_dD2,4816,21735,21740
jump_dD2,4817,21740,21745
jump_dD2,4818,21745,21750
jump_dD2,4819,21750,21755
jump_dD2,4820,21755,21760
jump_dD2,4821,21760,21765
jump_dD2,4822,21765,21770
jump_dD2,4823,21770,21775
jump_dD2,4824,21775,21780
jump_dD2,4825,21780,21785
jump_dD2,4826,21785,21790
jump_dD2,4827,21790,21795
jump_dD2,4828,21795,21800
jump_dD2,4829,21800,21805
jump_dD2,4830,21805,21810
jump_dD2,4831,21810,21815
jump_dD2,4832,21815,21820
jump_dD2,4833,21820,21825
jump_dD2,4834,21825,21830
jump_dD2,4835,21830,21835
jump_dD2,4836,21835,21840
jump_dD2,4837,21840,21845
jump_dD2,4838,21845,21850
jump_dD2,4839,21850,21855
jump_dD2,4840,21855,21860
jump_dD2,4841,21860,21865
jump_dD2,4842,21865,21870
jump_dD2,4843,21870,21875
jump_dD2,4844,21875,21880
jump_dD2,4845,21880,21885
jump_dD2,4846,21885,21890
jump_dD2,4847,21890,21895
jump_dD2,4848,21895,21900
jump_dD2,4849,21900,21905
jump_dD2,4850,21905,21910
jump_dD2,4851,21910,21915
jump_dD2,4852,21915,21920
jump_dD2,4853,21920,21925
jump_dD2,4854,21925,21930
jump_dD2,4855,21930,21935
jump_dD2,4856,21935,21940
jump_dD2,4857,21940,21945
jump_dD2,4858,21945,21950
jump_dD2,4859,21950,21955
jump_dD2,4860,21955,21960
jump_dD2,4861,21960,21965
jump_dD2,4862,21965,21970
jump_dD2,4863,21970,21975
jump_dD2,4864,21975,21980
jump_dD2,4865,21980,21985
jump_dD2,4866,21985,21990
jump_dD2,4867,21990,21995
jump_dD2,4868,21995,22000
jump_dD2,4869,22000,22005
jump_dD2,4870,22005,22010
jump_dD2,4871,22010,22015
jump_dD2,4872,22015,22020
jump_dD2,4873,22020,22025
jump_dD2,4874,22025,22030
jump_dD2,4875,22030,22035
jump_dD2,4876,22035,22040
jump_dD2,4877,22040,22045
jump_dD2,4878,22045,22050
jump_dD2,4879,22050,22055
jump_dD2,4880,22055,22060
jump_dD2,4881,22060,22065
jump_dD2,4882,22065,22070
jump_dD2,4883,22070,22075
jump_dD2,4884,22075,22080
jump_dD2,4885,22080,22085
jump_dD2,4886,22085,22090
jump_dD2,4887,22090,22095
jump_dD2,4888,22095,22100
jump_dD2,4889,22100,22105
jump_dD2,4890,22105,22110
jump_dD2,4891,22110,22115
jump_dD2,4892,22115,22120
jump_dD2,4893,22120,22125
jump_dD2,4894,22125,22130
jump_dD2,4895,22130,22135
jump_dD2,4896,22135,22140
jump_dD2,4897,22140,22145
jump_dD2,4898,22145,22150
jump_dD2,4899,22150,22155
jump_dD2,4900,22155,22160
jump_dD2,4901,22160,22165
jump_dD2,4902,22165,22170
jump_dD2,4903,22170,22175
jump_dD2,4904,22175,22180
jump_dD2,4905,22180,22185
jump_dD2,4906,22185,22190
jump_dD2,4907,22190,22195
jump_dD2,4908,22195,22200
jump_dD2,4909,22200,22205
jump_dD2,4910,22205,22210
jump_dD2,4911,22210,22215
jump_dD2,4912,22215,22220
jump_dD2,4913,22220,22225
jump_dD2,4914,22225,22231
jump_dD2,4915,22231,22236
jump_dD2,4916,22236,22241
jump_dD2,4917,22241,22246
jump_dD2,4918,22246,22251
jump_dD2,4919,22251,22256
jump_dD2,4920,22256,22261
jump_dD2,4921,22261,22266
jump_dD2,4922,22266,22271
jump_dD2,4923,22271,22276
jump_dD2,4924,22276,22281
jump_dD2,4925,22281,22286
jump_dD2,4926,22286,22291
jump_dD2,4927,22291,22296
jump_dD2,4928,22296,22301
jump_dD2,4929,22301,22306
jump_dD2,4930,22306,22311
jump_dD2,4931,22311,22316
jump_dD2,4932,22316,22321
jump_dD2,4933,22321,22326
jump_dD2,4934,22326,22331
jump_dD2,4935,22331,22336
jump_dD2,4936,22336,22341
jump_dD2,4937,22341,22346
jump_dD2,4938,22346,22351
jump_dD2,4939,22351,22356
jump_dD2,4940,22356,22361
jump_dD2,4941,22361,22366
jump_dD2,4942,22366,22371
jump_dD2,4943,22371,22376
jump_dD2,4944,22376,22381
jump_dD2,4945,22381,22386
jump_dD2,4946,22386,22391
jump_dD2,4947,22391,22396
jump_dD2,4948,22396,22401
jump_dD2,4949,22401,22406
jump_dD2,4950,22406,22411
jump_dD2,4951,22411,22416
jump_dD2,4952,22416,22421
jump_dD2,4953,22421,22426
jump_dD2,4954,22426,22431
jump_dD2,4955,22431,22436
jump_dD2,4956,22436,22441
jump_dD2,4957,22441,22446
jump_dD2,4958,22446,22451
jump_dD2,4959,22451,22456
jump_dD2,4960,22456,22461
jump_dD2,4961,22461,22466
jump_dD2,4962,22466,22471
jump_dD2,4963,22471,22476
jump_dD2,4964,22476,22481
jump_dD2,4965,22481,22486
jump_dD2,4966,22486,22491
jump_dD2,4967,22491,22496
jump_dD2,4968,22496,22501
jump_dD2,4969,22501,22506
jump_dD2,4970,22506,22511
jump_dD2,4971,22511,22516
jump_dD2,4972,22516,22521
jump_dD2,4973,22521,22526
jump_dD2,4974,22526,22531
jump_dD2,4975,22531,22536
jump_dD2,4976,22536,22541
jump_dD2,4977,22541,22546
jump_dD2,4978,22546,22551
jump_dD2,4979,22551,22556
jump_dD2,4980,22556,22561
jump_dD2,4981,22561,22566
jump_dD2,4982,22566,22571
jump_dD2,4983,22571,22576
jump_dD2,4984,22576,22582
jump_dD2,4985,22582,22587
jump_dD2,4986,22587,22592
jump_dD2,4987,22592,22597
jump_dD2,4988,22597,22602
jump_dD2,4989,22602,22607
jump_dD2,4990,22607,22612
jump_dD2,4991,22612,22617
jump_dD2,4992,22617,22622
jump_dD2,4993,22622,22627
jump_dD2,4994,22627,22632
jump_dD2,4995,22632,22637
jump_dD2,4996,22637,22642
jump_dD2,4997,22642,22647
jump_dD2,4998,22647,22652
jump_dD2,4999,22652,22657
jump_dD2,5000,22657,22662
